日期,PM2.5,PM10,NO2,SO2,CO,O3
2014-01-01,91,214.0,38.0,38,1.76,20
2014-01-02,77,154.0,28.0,38,1.6,21
2014-01-03,69,141.0,33.0,38,1.53,20
2014-01-04,91,164.0,37.0,38,1.58,20
2014-01-05,87,162.0,35.0,38,1.74,18
2014-01-06,62,134.0,26.0,38,1.3,36
2014-01-07,15,56.0,26.0,22,1.26,38
2014-01-08,23,55.0,35.0,28,1.47,35
2014-01-09,53,116.0,51.0,38,2.29,25
2014-01-10,55,118.0,47.0,37,1.69,26
2014-01-11,40,94.0,37.0,30,1.49,28
2014-01-12,50,113.0,45.0,38,1.94,22
2014-01-13,74,150.0,52.0,38,2.35,21
2014-01-14,74,147.0,48.0,38,2.21,24
2014-01-15,91,148.0,51.0,38,2.27,26
2014-01-16,83,160.0,61.0,38,2.11,55
2014-01-17,91,199.0,53.0,38,1.99,21
2014-01-18,91,190.0,47.0,37,1.98,32
2014-01-19,51,214.5,27.0,27,1.3,45
2014-01-20,86,168.0,50.0,38,2.36,24
2014-01-21,87,135.0,55.0,38,2.28,26
2014-01-22,91,142.0,68.0,38,2.79,27
2014-01-24,36,99.0,31.0,28,1.14,37
2014-01-25,49,82.0,45.0,37,1.54,33
2014-01-26,74,113.0,55.0,38,2.62,22
2014-01-27,66,103.0,41.0,31,2.18,33
2014-01-28,51,75.0,46.0,37,1.6,37
2014-01-29,85,155.0,58.0,38,2.04,41
2014-01-30,71,128.0,54.0,38,1.93,45
2014-01-31,91,158.0,56.0,38,2.28,41
2014-02-01,78,106.0,52.0,38,2.05,43
2014-02-02,85,129.0,46.0,38,2.25,38
2014-02-03,22,94.0,19.0,22,0.76,49
2014-02-04,37,86.0,25.0,30,1.06,36
2014-02-05,38,93.0,15.0,23,0.82,29
2014-02-06,46,103.0,14.0,20,0.78,34
2014-02-07,61,160.0,21.0,23,1.26,35
2014-02-08,66,123.0,15.0,23,0.74,45
2014-02-09,31,46.0,12.0,15,0.58,51
2014-02-10,58,72.0,24.0,19,1.15,40
2014-02-11,64,86.0,24.0,20,1.05,41
2014-02-12,49,70.0,19.0,15,0.75,47
2014-02-13,74,94.0,30.0,20,1.37,39
2014-02-14,88,111.0,45.0,30,1.55,44
2014-02-15,77,102.0,45.0,38,1.83,34
2014-02-16,68,83.0,37.0,29,1.61,35
2014-02-17,74,89.0,45.0,38,1.48,47
2014-02-18,66,101.0,52.0,38,2.26,36
2014-02-19,53,98.0,69.0,38,2.07,31
2014-02-20,72,138.0,71.0,38,2.73,26
2014-02-21,65,109.0,64.0,38,1.62,53
2014-02-22,74,120.0,55.0,33,1.87,45
2014-02-23,74,123.0,51.0,33,1.91,35
2014-02-24,63,103.0,44.0,26,1.47,36
2014-02-25,66,135.0,41.0,23,1.56,38
2014-02-26,91,184.0,21.0,15,0.56,64
2014-02-27,40,135.0,56.0,25,1.34,27
2014-02-28,32,133.0,26.0,20,0.72,57
2014-03-01,41,136.0,42.0,29,1.19,53
2014-03-02,40,118.0,37.0,22,0.85,53
2014-03-03,42,123.0,34.0,18,1.03,47
2014-03-04,29,121.0,39.0,20,0.82,50
2014-03-05,38,147.0,40.0,25,0.78,66
2014-03-06,41,124.0,44.0,34,0.96,86
2014-03-07,47,102.0,34.0,24,1.06,92
2014-03-08,62,146.0,56.0,30,1.45,97
2014-03-09,69,164.0,73.0,38,1.95,38
2014-03-10,64,148.0,60.0,35,1.65,31
2014-03-11,33,131.0,26.0,21,0.78,45
2014-03-12,27,120.0,18.0,18,0.47,55
2014-03-13,44,137.0,56.0,31,1.01,34
2014-03-14,64,189.0,75.0,38,1.76,30
2014-03-15,79,204.0,87.0,38,2.23,33
2014-03-16,66,172.0,64.0,38,1.72,40
2014-03-17,46,163.0,42.0,24,0.96,41
2014-03-18,66,208.0,56.0,35,1.41,49
2014-03-19,65,214.5,33.0,29,0.63,62
2014-03-20,28,110.0,32.0,23,0.61,40
2014-03-21,37,125.0,46.0,22,1.07,39
2014-03-22,30,80.0,30.0,14,1.02,29
2014-03-23,38,86.0,43.0,21,1.5,28
2014-03-25,77,201.0,64.0,38,1.88,18
2014-03-26,69,214.5,59.0,36,1.73,25
2014-03-27,63,193.0,30.0,17,0.87,30
2014-03-28,52,149.0,40.0,23,0.95,28
2014-03-29,67,169.0,65.0,36,1.41,24
2014-03-30,45,89.0,31.0,19,0.9,28
2014-03-31,58,116.0,51.0,24,1.81,25
2014-04-01,51,128.0,50.0,36,1.51,37
2014-04-02,31,74.0,29.0,30,0.79,63
2014-04-03,34,86.0,36.0,30,1.0,44
2014-04-04,54,125.0,59.0,38,1.38,41
2014-04-05,45,112.0,53.0,31,1.46,37
2014-04-06,41,96.0,52.0,23,1.11,36
2014-04-07,65,167.0,73.0,38,1.68,44
2014-04-08,65,186.0,68.0,35,1.5,49
2014-04-09,48,77.0,33.0,21,1.15,48
2014-04-10,58,167.0,61.0,31,1.34,35
2014-04-11,52,106.0,37.0,18,1.02,44
2014-04-12,46,103.0,50.0,23,1.36,32
2014-04-13,43,110.0,56.0,28,1.31,37
2014-04-14,30,81.0,39.0,24,1.28,42
2014-04-15,35,67.0,56.0,27,1.58,31
2014-04-16,24,45.0,26.0,20,1.09,45
2014-04-17,38,77.0,28.0,25,1.02,36
2014-04-18,28,42.0,29.0,17,1.0,33
2014-04-19,28,44.0,34.0,17,1.06,38
2014-04-20,40,57.0,39.0,19,1.17,27
2014-04-21,22,45.0,41.0,14,1.17,34
2014-04-22,47,112.0,67.0,26,1.92,43
2014-04-23,57,141.0,64.0,28,1.67,33
2014-04-24,91,214.5,37.0,19,1.07,32
2014-04-25,91,214.5,41.0,18,1.23,36
2014-04-26,91,214.5,56.0,35,1.72,26
2014-04-27,80,214.5,51.0,37,1.66,37
2014-04-28,62,212.0,55.0,31,1.22,45
2014-04-29,80,214.5,80.0,38,1.76,43
2014-04-30,91,214.5,72.0,38,1.79,40
2014-05-01,45,134.0,22.0,12,0.8,60
2014-05-02,44,151.0,51.0,20,1.28,43
2014-05-03,56,188.0,61.0,24,1.15,36
2014-05-04,35,134.0,53.0,23,1.24,42
2014-05-05,37,115.0,67.0,36,1.6,45
2014-05-06,56,165.0,78.0,38,1.77,39
2014-05-07,58,163.0,73.0,38,1.75,49
2014-05-08,54,158.0,70.0,35,1.49,59
2014-05-09,91,214.5,21.0,11,0.93,59
2014-05-10,41,91.0,25.0,10,1.11,55
2014-05-11,47,82.0,60.0,29,2.03,61
2014-05-12,49,110.0,62.0,38,1.67,58
2014-05-13,49,132.0,37.0,23,1.07,76
2014-05-14,33,90.0,24.0,16,0.81,77
2014-05-15,33,83.0,57.0,34,1.42,53
2014-05-16,38,117.0,67.0,38,1.48,57
2014-05-17,43,104.0,67.0,38,1.22,44
2014-05-18,61,165.0,50.0,33,1.33,46
2014-05-19,30,63.0,44.0,21,1.14,58
2014-05-20,60,149.0,72.0,38,1.52,56
2014-05-21,34,85.0,36.0,29,1.03,51
2014-05-22,30,80.0,31.0,16,1.08,51
2014-05-23,43,96.0,33.0,21,1.18,48
2014-05-24,91,214.5,33.0,10,0.95,51
2014-05-25,91,214.5,43.0,20,0.91,59
2014-05-26,74,199.0,56.0,29,1.52,65
2014-05-27,55,111.0,56.0,27,1.29,61
2014-05-28,61,134.0,68.0,34,1.56,46
2014-05-29,53,122.0,46.0,35,1.59,53
2014-05-30,33,83.0,36.0,17,1.15,49
2014-05-31,41,84.0,37.0,27,1.51,64
2014-06-01,55,101.0,26.0,27,1.67,60
2014-06-02,62,86.0,16.0,16,1.33,64
2014-06-03,61,90.0,16.0,15,1.21,45
2014-06-04,51,97.0,28.0,18,1.36,47
2014-06-05,42,108.0,26.0,17,1.55,53
2014-06-06,37,93.0,15.0,11,1.25,74
2014-06-07,53,131.0,44.0,31,1.44,45
2014-06-08,40,96.0,24.0,17,0.73,67
2014-06-09,34,76.0,26.0,15,0.8,54
2014-06-10,44,79.0,34.0,21,1.12,46
2014-06-11,56,106.0,37.0,19,1.01,52
2014-06-12,45,74.0,29.0,19,1.02,66
2014-06-13,59,72.0,28.0,11,1.02,53
2014-06-14,85,126.0,35.0,27,1.36,66
2014-06-15,52,109.0,32.0,26,1.49,71
2014-06-16,36,96.0,28.0,24,0.99,72
2014-06-17,50,132.0,33.0,34,1.28,61
2014-06-18,48,92.0,16.0,15,0.76,50
2014-06-19,40,60.0,21.0,7,0.81,45
2014-06-20,45,95.0,37.0,20,1.24,33
2014-06-21,53,122.0,37.0,16,1.31,51
2014-06-22,41,113.0,37.0,16,1.22,39
2014-06-23,40,83.0,25.0,12,0.95,47
2014-06-24,37,66.0,21.0,6,0.85,40
2014-06-25,79,117.0,41.0,10,1.15,43
2014-06-26,63,112.0,48.0,28,1.84,45
2014-06-27,61,141.0,28.0,11,0.84,48
2014-06-28,41,56.0,30.0,6,0.81,41
2014-06-29,42,80.0,38.0,14,1.47,40
2014-06-30,54,86.0,48.0,15,0.91,39
2014-07-01,53,92.0,43.0,21,1.22,51
2014-07-02,57,113.0,48.0,23,1.26,53
2014-07-03,38,65.0,37.0,8,0.84,56
2014-07-04,53,111.0,54.0,21,1.29,56
2014-07-05,44,102.0,42.0,16,1.04,57
2014-07-06,42,84.0,26.0,9,0.78,52
2014-07-07,68,161.0,25.0,9,0.76,53
2014-07-08,42,58.0,22.0,6,0.9,39
2014-07-09,32,39.0,22.0,6,0.85,43
2014-07-10,39,64.0,27.0,9,0.9,40
2014-07-11,48,118.0,49.0,14,0.96,31
2014-07-12,48,130.0,36.0,12,0.63,41
2014-07-13,41,82.0,52.0,12,1.11,35
2014-07-14,43,94.0,54.0,18,1.5,45
2014-07-15,43,93.0,41.0,21,0.78,68
2014-07-16,36,83.0,43.0,16,0.87,54
2014-07-17,39,87.0,41.0,14,0.81,52
2014-07-18,36,69.0,31.0,8,0.8,43
2014-07-19,40,60.0,31.0,10,0.92,45
2014-07-20,29,50.0,31.0,9,0.82,23
2014-07-21,38,73.0,25.0,9,0.79,33
2014-07-22,37,51.0,35.0,5,0.99,24
2014-07-23,44,63.0,45.0,7,1.42,38
2014-07-24,60,95.0,52.0,16,1.75,44
2014-07-25,54,135.0,54.0,16,1.22,50
2014-07-26,45,112.0,52.0,17,1.13,45
2014-07-27,36,68.0,34.0,11,1.19,54
2014-07-28,38,92.0,39.0,15,1.22,44
2014-07-29,44,108.0,36.0,16,0.92,48
2014-07-30,50,109.0,40.0,17,1.31,40
2014-07-31,47,95.0,36.0,10,0.72,30
2014-08-01,41,91.0,36.0,15,0.94,41
2014-08-02,70,157.0,39.0,17,0.8,34
2014-08-03,44,92.0,26.0,16,0.78,38
2014-08-04,34,51.0,28.0,10,0.86,31
2014-08-05,62,81.0,36.0,12,0.99,27
2014-08-06,26,36.0,27.0,11,0.78,46
2014-08-07,43,88.0,41.0,18,1.15,51
2014-08-09,47,108.0,51.0,15,1.23,52
2014-08-10,50,126.0,56.0,16,1.29,29
2014-08-11,37,58.0,29.0,11,0.71,48
2014-08-12,35,54.0,42.0,14,0.74,52
2014-08-13,33,70.0,44.0,19,0.75,46
2014-08-14,36,84.0,48.0,19,0.91,63
2014-08-15,49,116.0,64.0,23,1.23,59
2014-08-16,42,102.0,46.0,16,0.84,62
2014-08-17,33,77.0,25.0,18,0.68,61
2014-08-18,49,116.0,40.0,24,1.19,44
2014-08-19,39,104.0,31.0,16,0.86,62
2014-08-20,44,91.0,31.0,17,1.09,48
2014-08-21,67,104.0,38.0,14,1.61,30
2014-08-23,53,99.0,39.0,9,1.08,33
2014-08-24,40,81.0,42.0,20,1.45,47
2014-08-25,46,107.0,46.0,21,1.28,40
2014-08-26,45,82.0,42.0,26,1.36,58
2014-08-27,49,129.0,33.0,24,1.38,52
2014-08-28,31,70.0,18.0,12,0.82,49
2014-08-29,34,63.0,16.0,8,0.72,43
2014-08-30,32,53.0,15.0,7,0.64,48
2014-08-31,43,93.0,28.0,19,1.11,32
2014-09-01,36,76.0,23.0,9,0.79,39
2014-09-02,36,80.0,26.0,13,0.94,41
2014-09-03,46,120.0,33.0,20,1.17,51
2014-09-04,48,119.0,28.0,18,1.03,49
2014-09-05,38,86.0,21.0,13,0.78,42
2014-09-06,42,67.0,19.0,12,0.82,36
2014-09-07,43,70.0,26.0,18,1.01,44
2014-09-08,76,126.0,34.0,17,1.18,21
2014-09-09,90,126.0,33.0,14,1.38,35
2014-09-10,34,75.0,28.0,13,1.07,26
2014-09-11,30,40.0,19.0,11,0.98,31
2014-09-12,50,90.0,39.0,23,1.83,24
2014-09-13,77,186.0,25.0,15,1.07,27
2014-09-14,37,61.0,17.0,9,0.71,36
2014-09-15,29,49.0,22.0,11,0.88,41
2014-09-16,23,39.0,23.0,9,0.93,37
2014-09-17,36,71.0,37.0,12,1.02,45
2014-09-18,54,108.0,43.0,20,1.37,44
2014-09-19,47,107.0,49.0,23,1.25,45
2014-09-20,34,98.0,42.0,20,1.25,39
2014-09-21,27,54.0,27.0,13,1.15,27
2014-09-22,25,40.0,23.0,8,0.85,41
2014-09-23,43,66.0,42.0,12,1.45,42
2014-09-24,58,119.0,49.0,21,1.67,54
2014-09-25,35,85.0,36.0,13,1.08,47
2014-09-26,47,100.0,38.0,22,1.27,37
2014-09-27,62,126.0,39.0,23,1.43,33
2014-09-28,50,83.0,31.0,13,1.24,49
2014-09-29,56,128.0,37.0,21,1.35,44
2014-09-30,33,76.0,19.0,14,1.06,39
2014-10-01,36,78.0,17.0,10,0.93,40
2014-10-02,59,144.0,28.0,16,1.19,44
2014-10-03,51,132.0,22.0,17,0.96,51
2014-10-04,29,73.0,16.0,11,0.79,50
2014-10-05,43,101.0,33.0,25,1.42,40
2014-10-06,39,91.0,27.0,21,1.16,43
2014-10-07,49,93.0,34.0,24,1.11,37
2014-10-08,59,101.0,31.0,24,1.21,41
2014-10-09,33,64.0,22.0,10,0.9,41
2014-10-10,45,91.0,20.0,15,0.93,41
2014-10-11,12,22.0,13.0,9,0.68,53
2014-10-12,28,39.0,25.0,13,1.05,41
2014-10-13,50,80.0,35.0,17,1.42,43
2014-10-14,79,134.0,44.0,25,1.88,42
2014-10-15,59,127.0,40.0,22,1.17,28
2014-10-16,55,98.0,36.0,17,1.44,22
2014-10-17,91,136.0,53.0,20,1.75,28
2014-10-18,91,132.0,46.0,24,1.44,37
2014-10-19,47,98.0,41.0,24,1.14,42
2014-10-20,49,97.0,38.0,19,1.16,33
2014-10-21,40,73.0,48.0,16,1.25,41
2014-10-22,59,120.0,48.0,23,1.48,38
2014-10-23,71,132.0,52.0,30,1.72,31
2014-10-24,70,126.0,60.0,33,1.91,34
2014-10-25,55,105.0,48.0,30,1.69,27
2014-10-26,63,103.0,46.0,26,1.62,36
2014-10-27,46,78.0,35.0,17,1.25,34
2014-10-28,21,45.0,34.0,11,1.06,35
2014-10-29,46,85.0,36.0,18,1.49,37
2014-10-30,25,41.0,32.0,13,0.96,35
2014-10-31,22,37.0,31.0,11,0.87,41
2014-11-01,26,46.0,34.0,11,0.72,52
2014-11-02,58,115.0,66.0,22,1.64,30
2014-11-03,91,166.0,90.5,33,2.33,41
2014-11-04,79,129.0,83.0,31,2.5,13
2014-11-05,83,135.0,83.0,36,2.75,21
2014-11-06,91,150.0,76.0,32,2.76,7
2014-11-07,75,122.0,67.0,33,2.09,21
2014-11-08,77,119.0,68.0,27,2.26,10
2014-11-09,44,70.0,45.0,20,1.32,16
2014-11-10,41,106.0,28.0,16,0.8,43
2014-11-11,44,110.0,42.0,15,1.17,35
2014-11-12,31,82.0,32.0,20,0.97,36
2014-11-13,84,159.0,65.0,34,2.33,18
2014-11-14,71,140.0,42.0,30,1.92,18
2014-11-15,40,109.0,25.0,20,1.12,35
2014-11-16,73,161.0,46.0,29,2.14,20
2014-11-17,87,170.0,53.0,36,2.59,18
2014-11-18,91,167.0,48.0,38,2.82,18
2014-11-19,86,156.0,60.0,37,2.0,21
2014-11-20,75,155.0,54.0,29,1.79,18
2014-11-21,79,132.0,66.0,38,2.08,17
2014-11-22,72,115.0,45.0,37,1.79,28
2014-11-23,54,99.0,48.0,30,1.55,32
2014-11-24,72,100.0,46.0,21,1.65,22
2014-11-25,91,172.0,68.0,29,3.08,10
2014-11-26,65,110.0,34.0,22,1.95,29
2014-11-27,23,41.0,28.0,11,0.85,40
2014-11-28,75,118.0,57.0,18,2.14,16
2014-11-29,59,91.0,40.0,19,1.9,29
2014-11-30,21,60.0,25.0,12,0.84,52
2014-12-01,79,156.0,66.0,34,2.73,19
2014-12-02,82,164.0,57.0,29,2.83,12
2014-12-03,30,88.0,34.0,24,1.15,46
2014-12-04,69,143.0,63.0,38,2.63,32
2014-12-05,91,204.0,78.0,38,4.25,27
2014-12-06,63,104.0,43.0,23,1.79,27
2014-12-07,71,165.0,58.0,38,2.53,15
2014-12-08,91,145.0,63.0,31,2.91,15
2014-12-09,33,82.0,25.0,15,0.95,32
2014-12-10,54,159.0,44.0,24,1.41,22
2014-12-11,36,139.0,23.0,14,0.79,51
2014-12-12,54,136.0,49.0,20,1.65,19
2014-12-13,91,181.0,68.0,36,2.49,12
2014-12-14,84,197.0,56.0,38,2.06,25
2014-12-15,40,143.0,27.0,16,0.72,53
2014-12-16,65,120.0,68.0,38,2.14,14
2014-12-17,91,159.0,69.0,38,3.41,16
2014-12-18,91,212.0,82.0,38,3.15,28
2014-12-19,84,134.0,54.0,38,2.11,20
2014-12-20,49,95.0,35.0,34,1.39,31
2014-12-21,42,75.0,40.0,33,1.63,27
2014-12-22,91,155.0,59.0,38,3.05,16
2014-12-23,91,163.0,60.0,38,2.87,18
2014-12-24,79,118.0,52.0,38,2.13,22
2014-12-25,88,136.0,60.0,38,2.42,20
2014-12-26,91,165.0,56.0,38,2.51,18
2014-12-27,91,189.0,62.0,38,2.83,17
2014-12-28,91,214.5,71.0,38,3.29,20
2014-12-29,91,173.0,66.0,38,3.0,23
2014-12-30,81,136.0,50.0,38,2.38,23
2014-12-31,34,85.0,37.0,35,1.7,16
2015-01-01,91,164.0,57.0,38,2.91,20
2015-01-02,91,179.0,59.0,38,3.21,21
2015-01-03,91,212.0,74.0,38,3.69,18
2015-01-04,56,111.0,37.0,30,1.45,37
2015-01-05,17,52.0,31.0,25,1.17,39
2015-01-06,34,66.0,41.0,33,1.81,23
2015-01-07,46,79.0,40.0,28,1.8,19
2015-01-08,64,115.0,55.0,38,2.67,18
2015-01-09,88,138.0,69.0,38,3.41,17
2015-01-10,81,133.0,69.0,38,3.62,20
2015-01-11,87,149.0,73.0,38,4.21,19
2015-01-12,91,161.0,80.0,38,4.03,20
2015-01-13,69,108.0,46.0,34,2.64,25
2015-01-14,70,111.0,50.0,31,2.23,23
2015-01-15,31,75.0,33.0,22,1.37,49
2015-01-16,68,132.0,73.0,38,3.09,28
2015-01-17,57,114.0,48.0,29,2.21,41
2015-01-18,50,101.0,62.0,33,2.85,37
2015-01-19,63,118.0,67.0,38,3.48,32
2015-01-20,64,120.0,57.0,38,2.76,38
2015-01-21,53,124.0,86.0,38,3.61,35
2015-01-22,79,146.0,84.0,38,3.69,26
2015-01-23,88,152.0,75.0,38,3.1,29
2015-01-24,45,120.0,39.0,28,1.89,50
2015-01-25,73,137.0,63.0,38,2.97,32
2015-01-26,33,103.0,25.0,23,1.56,58
2015-01-27,31,72.0,33.0,27,1.78,46
2015-01-28,38,87.0,26.0,22,1.55,43
2015-01-29,32,104.0,28.0,20,1.8,49
2015-01-30,38,77.0,37.0,18,1.99,36
2015-01-31,61,73.0,36.0,23,2.41,42
2015-02-01,66,81.0,39.0,19,2.51,40
2015-02-02,59,75.0,39.0,24,2.29,47
2015-02-03,67,98.0,41.0,30,2.39,45
2015-02-04,42,52.0,20.0,16,1.66,70
2015-02-05,58,76.0,43.0,22,2.21,44
2015-02-06,65,96.0,36.0,28,2.1,45
2015-02-07,42,91.0,37.0,19,1.87,53
2015-02-08,55,116.0,52.0,24,2.22,48
2015-02-09,68,131.0,63.0,35,2.64,42
2015-02-10,68,120.0,56.0,35,2.49,42
2015-02-11,54,111.0,69.0,38,2.66,39
2015-02-12,58,114.0,75.0,38,3.14,38
2015-02-13,53,103.0,64.0,38,2.99,36
2015-02-14,80,214.5,42.0,32,2.51,46
2015-02-15,29,103.0,24.0,15,1.42,63
2015-02-16,45,103.0,49.0,34,2.29,51
2015-02-17,48,100.0,46.0,38,2.58,53
2015-02-18,65,120.0,39.0,38,2.31,59
2015-02-19,91,138.0,30.0,30,2.0,57
2015-02-20,35,102.0,15.0,15,1.08,73
2015-02-21,27,84.0,16.0,13,1.15,62
2015-02-22,30,81.0,26.0,19,1.44,63
2015-02-23,37,98.0,22.0,16,1.39,66
2015-02-24,29,57.0,28.0,10,1.58,40
2015-02-25,57,208.0,26.0,9,1.43,47
2015-02-26,38,97.0,31.0,12,1.45,51
2015-02-27,43,160.0,17.0,16,1.14,63
2015-02-28,18,45.0,20.0,15,1.17,58
2015-03-01,46,83.0,37.0,30,2.2,65
2015-03-02,61,214.5,31.0,23,1.59,48
2015-03-03,76,214.5,24.0,11,1.34,58
2015-03-04,52,175.0,26.0,17,1.49,43
2015-03-05,59,123.0,34.0,25,1.84,36
2015-03-06,57,112.0,40.0,22,1.91,39
2015-03-07,42,96.0,31.0,20,1.55,50
2015-03-08,35,123.0,20.0,12,1.05,87
2015-03-09,47,186.0,17.0,16,0.95,64
2015-03-10,42,132.0,26.0,25,1.18,48
2015-03-11,52,146.0,47.0,29,1.55,49
2015-03-12,71,199.0,61.0,35,1.56,72
2015-03-13,42,162.0,35.0,16,0.87,56
2015-03-14,54,214.5,40.0,13,0.95,52
2015-03-15,67,214.5,63.0,26,1.59,36
2015-03-16,59,199.0,48.0,19,1.18,39
2015-03-17,73,214.5,63.0,31,1.9,29
2015-03-18,46,150.0,39.0,25,1.6,49
2015-03-19,32,81.0,25.0,10,0.92,68
2015-03-20,35,112.0,36.0,18,0.9,56
2015-03-21,60,171.0,56.0,22,1.34,49
2015-03-22,64,163.0,64.0,24,1.54,26
2015-03-23,47,93.0,37.0,10,1.04,58
2015-03-24,34,65.0,38.0,7,0.81,64
2015-03-25,37,95.0,53.0,13,1.17,48
2015-03-26,40,105.0,56.0,13,1.06,52
2015-03-27,47,150.0,54.0,13,0.94,47
2015-03-28,51,179.0,64.0,15,0.93,31
2015-03-29,55,119.0,66.0,14,1.1,44
2015-03-30,38,102.0,44.0,13,0.91,61
2015-03-31,48,143.0,52.0,13,0.91,54
2015-04-01,62,146.0,39.0,14,0.83,42
2015-04-02,90,214.5,54.0,20,1.0,45
2015-04-03,53,172.0,29.0,5,0.78,46
2015-04-04,55,178.0,39.0,16,0.88,32
2015-04-05,22,81.0,30.0,19,0.68,73
2015-04-06,25,46.0,31.0,8,0.77,63
2015-04-07,23,50.0,34.0,8,1.01,63
2015-04-08,26,53.0,30.0,8,0.96,59
2015-04-09,30,60.0,29.0,9,0.8,67
2015-04-10,43,106.0,46.0,19,1.1,53
2015-04-11,33,133.0,33.0,8,0.64,71
2015-04-12,40,175.0,30.0,14,0.5,65
2015-04-13,35,140.0,60.0,32,1.04,40
2015-04-14,42,159.0,56.0,25,1.06,42
2015-04-15,66,214.5,57.0,34,1.16,66
2015-04-16,90,214.5,41.0,21,0.85,74
2015-04-17,72,214.5,43.0,23,1.14,66
2015-04-18,40,129.0,20.0,6,0.64,75
2015-04-19,22,65.0,30.0,10,0.7,98
2015-04-20,26,60.0,36.0,8,0.71,67
2015-04-21,30,63.0,43.0,9,0.89,60
2015-04-22,49,126.0,62.0,27,0.97,59
2015-04-23,31,87.0,53.0,20,0.97,53
2015-04-24,52,140.0,61.0,35,1.1,53
2015-04-25,40,85.0,48.0,17,0.86,65
2015-04-26,37,88.0,54.0,18,0.88,54
2015-04-27,53,120.0,63.0,26,1.08,70
2015-04-28,50,111.0,51.0,25,1.02,60
2015-04-29,42,93.0,48.0,17,0.91,70
2015-04-30,57,133.0,35.0,9,0.69,51
2015-05-01,38,68.0,36.0,7,0.83,66
2015-05-02,34,83.0,39.0,16,0.78,61
2015-05-03,22,40.0,21.0,6,0.52,89
2015-05-04,30,76.0,39.0,10,0.78,75
2015-05-05,35,84.0,49.0,16,0.93,50
2015-05-06,60,170.0,45.0,11,0.92,59
2015-05-07,56,147.0,43.0,19,0.82,52
2015-05-08,43,113.0,38.0,19,0.8,75
2015-05-09,36,87.0,49.0,19,1.11,53
2015-05-10,60,185.0,26.0,5,0.91,57
2015-05-11,37,105.0,41.0,11,0.75,53
2015-05-12,44,152.0,72.0,21,1.2,43
2015-05-13,49,150.0,58.0,18,1.01,61
2015-05-14,50,164.0,56.0,11,0.86,47
2015-05-15,54,165.0,51.0,19,0.84,53
2015-05-16,47,132.0,51.0,16,0.68,56
2015-05-17,51,134.0,52.0,14,0.9,63
2015-05-18,91,214.5,50.0,19,0.79,55
2015-05-19,64,189.0,43.0,14,0.69,57
2015-05-20,25,53.0,32.0,7,0.55,59
2015-05-21,32,52.0,32.0,7,0.74,77
2015-05-22,47,98.0,48.0,10,0.76,55
2015-05-23,31,71.0,41.0,13,0.78,66
2015-05-24,33,96.0,48.0,17,0.92,53
2015-05-25,23,77.0,32.0,7,0.71,51
2015-05-26,33,98.0,47.0,13,1.11,51
2015-05-27,88,214.5,53.0,11,0.88,34
2015-05-28,22,48.0,27.0,6,0.74,43
2015-05-29,27,72.0,42.0,7,0.78,46
2015-05-30,30,77.0,53.0,13,0.71,50
2015-05-31,34,116.0,57.0,17,0.76,40
2015-06-01,79,214.5,41.0,5,0.55,48
2015-06-02,47,177.0,45.0,11,0.66,42
2015-06-03,26,89.0,37.0,7,0.53,47
2015-06-04,17,52.0,29.0,7,0.46,80
2015-06-05,39,127.0,57.0,22,0.79,73
2015-06-06,32,107.0,41.0,15,0.67,65
2015-06-07,35,109.0,36.0,13,0.52,60
2015-06-08,37,111.0,54.0,17,0.97,62
2015-06-09,55,162.0,61.0,36,1.0,59
2015-06-10,66,203.0,26.0,6,0.49,73
2015-06-11,41,144.0,44.0,16,0.76,70
2015-06-12,27,89.0,48.0,15,0.81,60
2015-06-13,30,93.0,49.0,21,1.06,58
2015-06-14,25,87.0,36.0,7,0.71,76
2015-06-15,28,85.0,36.0,7,0.7,74
2015-06-16,31,93.0,45.0,9,0.69,62
2015-06-17,38,110.0,57.0,14,0.87,50
2015-06-18,33,99.0,51.0,8,0.8,70
2015-06-19,32,75.0,22.0,10,0.59,94
2015-06-20,38,66.0,30.0,4,0.64,73
2015-06-21,45,95.0,51.0,13,0.95,68
2015-06-22,37,88.0,52.0,9,0.92,37
2015-06-23,36,63.0,37.0,6,0.8,68
2015-06-24,37,76.0,44.0,7,0.95,45
2015-06-25,48,87.0,47.0,7,1.0,64
2015-06-26,29,81.0,41.0,9,0.83,54
2015-06-27,17,51.0,22.0,5,0.72,44
2015-06-28,37,98.0,32.0,6,0.86,34
2015-06-29,76,214.5,60.0,8,0.99,33
2015-06-30,53,144.0,42.0,5,0.77,47
2015-07-01,44,104.0,45.0,8,0.76,36
2015-07-02,45,71.0,37.0,5,0.92,27
2015-07-03,63,88.0,48.0,8,1.02,31
2015-07-04,88,122.0,61.0,10,1.34,21
2015-07-05,47,67.0,43.0,8,0.85,38
2015-07-06,48,109.0,61.0,18,1.19,43
2015-07-07,38,103.0,46.0,11,0.88,40
2015-07-08,39,69.0,30.0,7,0.67,36
2015-07-09,33,45.0,32.0,7,0.73,56
2015-07-10,38,93.0,47.0,13,1.08,39
2015-07-11,36,80.0,29.0,5,0.98,44
2015-07-12,53,105.0,29.0,5,0.87,44
2015-07-13,41,99.0,37.0,11,1.0,59
2015-07-14,40,79.0,44.0,7,1.11,46
2015-07-15,38,93.0,48.0,9,1.24,46
2015-07-16,39,95.0,41.0,10,0.97,46
2015-07-17,46,92.0,51.0,12,1.3,51
2015-07-18,37,93.0,54.0,13,1.25,69
2015-07-19,40,129.0,58.0,21,1.31,70
2015-07-20,30,87.0,38.0,15,1.06,91
2015-07-21,32,78.0,43.0,13,1.05,74
2015-07-22,37,82.0,45.0,17,1.33,68
2015-07-23,25,53.0,38.0,7,0.98,80
2015-07-24,42,107.0,60.0,18,1.61,57
2015-07-25,45,126.0,62.0,16,1.58,62
2015-07-26,43,104.0,51.0,16,1.42,60
2015-07-27,43,94.0,47.0,14,1.27,63
2015-07-28,42,81.0,39.0,9,1.25,60
2015-07-29,47,91.0,42.0,14,1.14,48
2015-07-30,51,89.0,44.0,14,1.06,55
2015-07-31,48,83.0,35.0,8,0.88,59
2015-08-01,51,96.0,45.0,15,1.1,49
2015-08-02,35,82.0,33.0,10,0.82,65
2015-08-03,41,60.0,28.0,6,0.73,52
2015-08-04,36,61.0,38.0,7,0.81,51
2015-08-05,35,81.0,47.0,23,1.14,68
2015-08-06,31,77.0,47.0,17,0.96,72
2015-08-07,25,74.0,35.0,8,0.68,65
2015-08-08,24,43.0,27.0,8,0.71,66
2015-08-09,19,36.0,29.0,6,0.74,55
2015-08-10,26,56.0,41.0,14,0.88,72
2015-08-11,27,75.0,46.0,11,0.96,51
2015-08-12,29,74.0,34.0,16,0.96,67
2015-08-13,46,136.0,20.0,8,0.56,69
2015-08-14,29,69.0,46.0,9,0.96,62
2015-08-15,33,102.0,53.0,14,1.07,52
2015-08-16,62,214.5,35.0,9,0.77,47
2015-08-17,56,177.0,30.0,12,0.86,60
2015-08-18,43,89.0,33.0,8,0.82,44
2015-08-19,36,83.0,49.0,16,1.12,44
2015-08-20,36,100.0,50.0,14,1.18,47
2015-08-21,24,68.0,40.0,11,0.95,62
2015-08-22,37,117.0,49.0,17,1.18,54
2015-08-23,30,72.0,43.0,15,1.15,56
2015-08-24,32,90.0,48.0,17,1.26,59
2015-08-25,34,107.0,58.0,14,1.2,48
2015-08-26,32,91.0,42.0,10,1.03,54
2015-08-27,28,68.0,36.0,6,0.94,56
2015-08-28,33,82.0,44.0,10,1.1,54
2015-08-29,38,102.0,59.0,14,1.08,53
2015-08-30,37,102.0,51.0,11,1.07,59
2015-08-31,28,69.0,25.0,14,0.81,65
2015-09-01,28,64.0,30.0,10,1.17,68
2015-09-02,29,54.0,29.0,5,0.86,55
2015-09-03,33,45.0,37.0,5,0.95,31
2015-09-04,26,43.0,37.0,9,0.99,48
2015-09-05,33,94.0,49.0,13,1.15,44
2015-09-06,32,91.0,47.0,18,1.06,49
2015-09-07,27,65.0,30.0,9,0.76,56
2015-09-08,29,36.0,23.0,9,0.88,51
2015-09-09,20,24.0,27.0,7,0.87,52
2015-09-10,18,31.0,30.0,9,0.76,42
2015-09-11,26,59.0,52.0,10,0.89,27
2015-09-12,28,65.0,45.0,12,1.5,38
2015-09-13,27,70.0,49.0,15,0.95,66
2015-09-14,38,99.0,59.0,17,1.08,45
2015-09-15,26,67.0,33.0,10,0.91,39
2015-09-16,35,71.0,31.0,10,0.82,36
2015-09-17,39,99.0,48.0,18,1.11,26
2015-09-18,40,100.0,48.0,12,1.28,33
2015-09-19,41,101.0,45.0,11,1.25,9
2015-09-20,25,59.0,23.0,8,0.95,55
2015-09-21,42,117.0,27.0,22,1.21,35
2015-09-22,28,61.0,29.0,11,0.82,56
2015-09-23,53,115.0,62.0,13,1.32,13
2015-09-24,53,79.0,44.0,11,1.12,40
2015-09-25,49,163.0,53.0,13,0.99,49
2015-09-26,57,140.0,72.0,18,1.36,49
2015-09-27,33,67.0,37.0,12,0.84,39
2015-09-28,30,59.0,36.0,10,0.85,46
2015-09-29,46,71.0,51.0,12,1.1,39
2015-09-30,40,114.0,36.0,20,0.91,27
2015-10-01,40,170.0,51.0,16,1.0,34
2015-10-02,39,115.0,50.0,18,0.97,44
2015-10-03,39,142.0,58.0,17,0.94,38
2015-10-04,43,122.0,61.0,17,1.08,49
2015-10-05,35,110.0,42.0,16,1.06,45
2015-10-06,29,80.0,41.0,15,1.1,34
2015-10-07,47,140.0,38.0,19,0.94,42
2015-10-08,27,87.0,28.0,11,0.78,54
2015-10-09,36,102.0,53.0,16,1.11,45
2015-10-10,34,106.0,60.0,18,0.93,39
2015-10-11,33,103.0,62.0,17,1.01,34
2015-10-12,42,115.0,64.0,20,1.12,46
2015-10-13,41,83.0,54.0,13,0.99,53
2015-10-14,42,110.0,73.0,22,1.29,43
2015-10-15,60,145.0,76.0,24,1.62,39
2015-10-16,48,108.0,21.0,14,1.03,46
2015-10-17,23,75.0,21.0,10,0.74,48
2015-10-18,45,108.0,39.0,14,1.32,58
2015-10-19,61,157.0,52.0,21,1.78,30
2015-10-20,58,146.0,44.0,21,1.46,32
2015-10-21,24,64.0,11.0,11,0.57,44
2015-10-22,24,48.0,28.0,8,0.95,32
2015-10-23,45,79.0,42.0,11,1.1,30
2015-10-24,35,57.0,30.0,8,1.06,34
2015-10-25,29,51.0,27.0,8,0.95,33
2015-10-26,20,47.0,23.0,9,0.73,46
2015-10-27,49,88.0,46.0,16,1.07,32
2015-10-28,68,115.0,50.0,23,1.35,22
2015-10-29,25,64.0,42.0,25,0.82,38
2015-10-30,31,70.0,30.0,23,0.79,41
2015-10-31,40,57.0,45.0,18,1.18,42
2015-11-01,71,131.0,88.0,34,2.14,32
2015-11-02,51,102.0,50.0,22,1.61,27
2015-11-03,37,74.0,30.0,16,1.39,44
2015-11-04,24,95.0,28.0,22,0.95,39
2015-11-05,35,96.0,37.0,20,1.18,21
2015-11-06,32,48.0,22.0,23,0.9,33
2015-11-07,38,87.0,28.0,11,1.09,36
2015-11-08,64,132.0,52.0,19,1.89,23
2015-11-09,83,143.0,77.0,22,2.22,32
2015-11-10,68,116.0,63.0,23,1.86,26
2015-11-11,56,92.0,59.0,21,1.59,19
2015-11-12,47,78.0,58.0,17,1.8,25
2015-11-13,61,128.0,78.0,29,2.3,24
2015-11-14,39,95.0,39.0,24,1.57,23
2015-11-15,44,146.0,48.0,29,1.34,43
2015-11-16,41,144.0,48.0,25,1.44,29
2015-11-17,40,101.0,40.0,23,1.1,31
2015-11-18,69,110.0,45.0,19,1.38,25
2015-11-19,63,114.0,44.0,35,1.42,18
2015-11-20,76,145.0,77.0,31,2.23,20
2015-11-21,84,142.0,80.0,33,2.23,27
2015-11-22,65,113.0,51.0,25,1.58,32
2015-11-23,28,79.0,32.0,29,0.85,31
2015-11-24,23,45.0,29.0,20,0.77,35
2015-11-25,40,84.0,53.0,25,1.59,17
2015-11-26,85,169.0,87.0,30,2.3,24
2015-11-27,91,192.0,90.0,30,2.42,23
2015-11-28,89,175.0,90.0,35,2.39,22
2015-11-29,91,200.0,90.5,36,2.72,24
2015-11-30,91,214.5,90.5,38,3.01,31
2015-12-01,64,158.0,62.0,24,1.82,32
2015-12-02,32,123.0,46.0,21,1.19,34
2015-12-03,35,100.0,61.0,29,1.43,21
2015-12-04,56,141.0,70.0,37,2.12,17
2015-12-05,91,190.0,69.0,38,3.01,13
2015-12-06,91,186.0,79.0,38,2.75,29
2015-12-07,91,195.0,90.0,38,2.98,16
2015-12-08,87,164.0,80.0,38,2.69,17
2015-12-09,83,145.0,81.0,36,2.43,20
2015-12-10,77,136.0,85.0,33,2.22,28
2015-12-11,91,160.0,90.5,32,2.77,25
2015-12-12,40,58.0,28.0,13,1.08,34
2015-12-13,24,34.0,28.0,16,0.85,48
2015-12-14,43,71.0,51.0,21,1.3,32
2015-12-15,40,73.0,37.0,27,1.34,29
2015-12-16,42,81.0,45.0,24,1.48,25
2015-12-17,72,121.0,48.0,29,1.77,21
2015-12-18,72,122.0,75.0,31,1.95,25
2015-12-19,77,126.0,75.0,31,2.12,24
2015-12-20,91,149.0,87.0,30,2.22,23
2015-12-21,91,157.0,90.5,30,2.44,26
2015-12-22,89,132.0,81.0,27,1.97,27
2015-12-23,85,130.0,74.0,36,2.05,21
2015-12-24,70,113.0,66.0,33,2.04,24
2015-12-25,90,149.0,77.0,38,2.69,24
2015-12-26,91,171.0,90.5,38,3.26,15
2015-12-27,48,90.0,25.0,38,2.78,19
2015-12-28,60,117.0,40.0,38,2.86,20
2015-12-29,82,134.0,51.0,38,3.07,26
2015-12-30,91,173.0,59.0,38,3.11,26
2015-12-31,91,174.0,68.0,38,3.29,23
2016-01-01,91,178.0,90.5,38,3.64,29
2016-01-02,74,118.0,83.0,38,3.34,29
2016-01-03,69,125.0,75.0,38,2.99,24
2016-01-04,73,134.0,69.0,38,2.51,29
2016-01-05,38,83.0,59.0,32,1.58,30
2016-01-06,55,103.0,57.0,33,1.86,26
2016-01-07,54,98.0,62.0,38,1.96,31
2016-01-08,81,132.0,76.0,38,2.44,30
2016-01-09,91,146.0,76.0,34,2.55,28
2016-01-10,76,118.0,56.0,35,1.87,32
2016-01-11,45,82.0,35.0,21,1.24,41
2016-01-12,39,79.0,35.0,24,1.13,36
2016-01-13,59,105.0,55.0,31,1.53,34
2016-01-14,60,110.0,72.0,31,1.77,29
2016-01-15,91,166.0,90.5,38,2.67,31
2016-01-16,88,151.0,79.0,38,2.23,35
2016-01-17,50,197.0,60.0,23,1.46,34
2016-01-18,41,99.0,56.0,29,1.42,37
2016-01-19,54,135.0,52.0,34,1.65,33
2016-01-20,29,73.0,50.0,25,1.29,32
2016-01-21,40,107.0,43.0,31,1.51,35
2016-01-22,12,38.0,15.0,14,0.68,57
2016-01-23,20,61.0,31.0,16,0.9,47
2016-01-24,23,53.0,42.0,24,1.11,43
2016-01-25,60,102.0,62.0,34,1.92,32
2016-01-26,66,113.0,58.0,38,2.12,31
2016-01-27,82,127.0,46.0,38,2.3,33
2016-01-28,75,116.0,55.0,37,2.1,36
2016-01-29,91,139.0,62.0,38,2.39,42
2016-01-30,86,129.0,38.0,38,1.68,38
2016-01-31,35,78.0,25.0,28,1.01,51
2016-02-01,48,86.0,37.0,34,1.37,45
2016-02-02,75,124.0,56.0,34,1.97,34
2016-02-03,74,116.0,49.0,34,1.7,39
2016-02-04,59,114.0,42.0,25,1.33,52
2016-02-05,38,98.0,33.0,18,1.05,43
2016-02-06,45,87.0,52.0,23,1.44,36
2016-02-07,75,128.0,70.0,38,2.11,43
2016-02-08,91,153.0,67.0,38,2.25,45
2016-02-09,77,122.0,67.0,37,2.3,43
2016-02-10,84,127.0,72.0,37,2.48,48
2016-02-11,78,137.0,50.0,29,2.0,52
2016-02-12,28,117.0,12.0,11,0.58,65
2016-02-13,15,54.0,16.0,14,0.62,61
2016-02-14,31,61.0,31.0,20,0.96,46
2016-02-15,41,70.0,38.0,20,1.08,52
2016-02-16,56,89.0,49.0,23,1.3,50
2016-02-17,68,109.0,59.0,27,1.61,46
2016-02-18,73,214.5,44.0,26,1.17,44
2016-02-19,81,214.5,23.0,11,0.64,67
2016-02-20,88,214.5,42.0,16,1.01,52
2016-02-21,62,214.5,48.0,25,1.21,38
2016-02-22,59,205.0,38.0,22,1.1,47
2016-02-23,57,182.0,38.0,16,0.91,59
2016-02-24,45,113.0,39.0,15,1.02,62
2016-02-25,40,89.0,42.0,16,1.04,55
2016-02-26,46,90.0,60.0,20,1.49,49
2016-02-27,47,103.0,48.0,20,1.32,51
2016-02-28,77,214.5,41.0,14,0.99,40
2016-02-29,35,92.0,61.0,23,1.53,51
2016-03-01,32,82.0,38.0,19,1.21,59
2016-03-02,26,71.0,46.0,15,1.42,51
2016-03-03,33,72.0,58.0,27,1.63,64
2016-03-04,54,214.5,32.0,11,0.93,57
2016-03-05,41,206.0,38.0,13,0.97,55
2016-03-06,61,214.5,49.0,21,1.3,54
2016-03-07,66,214.5,46.0,19,1.21,64
2016-03-08,53,214.5,41.0,20,1.2,63
2016-03-09,58,214.5,16.0,17,0.82,64
2016-03-10,42,90.0,30.0,12,1.07,59
2016-03-11,53,124.0,43.0,16,1.3,62
2016-03-12,82,214.5,32.0,12,1.03,55
2016-03-13,41,109.0,39.0,11,1.05,61
2016-03-14,49,121.0,46.0,15,1.17,60
2016-03-15,42,114.0,50.0,14,1.0,67
2016-03-16,42,92.0,37.0,13,1.02,66
2016-03-17,47,154.0,46.0,10,0.96,60
2016-03-18,68,210.0,71.0,19,1.49,62
2016-03-19,54,154.0,41.0,10,1.05,75
2016-03-20,67,171.0,46.0,12,1.32,66
2016-03-21,30,48.0,33.0,9,1.41,64
2016-03-22,57,125.0,39.0,10,1.17,64
2016-03-23,41,82.0,28.0,7,0.91,72
2016-03-24,26,54.0,36.0,6,0.86,67
2016-03-25,33,69.0,44.0,9,0.93,56
2016-03-26,25,84.0,49.0,8,0.91,64
2016-03-27,32,96.0,58.0,10,1.05,60
2016-03-28,36,129.0,50.0,10,0.99,65
2016-03-29,35,118.0,51.0,10,0.98,61
2016-03-30,39,116.0,62.0,11,1.12,64
2016-03-31,44,140.0,74.0,14,1.32,71
2016-04-01,59,214.5,32.0,8,0.75,78
2016-04-02,27,114.0,25.0,15,0.76,71
2016-04-03,34,153.0,36.0,15,1.0,76
2016-04-04,38,125.0,40.0,13,1.07,75
2016-04-05,36,82.0,38.0,10,0.98,79
2016-04-06,33,79.0,35.0,5,0.92,65
2016-04-07,32,102.0,37.0,8,0.95,80
2016-04-08,24,92.0,37.0,7,1.01,67
2016-04-09,25,61.0,42.0,7,1.02,69
2016-04-10,40,117.0,62.0,14,0.96,73
2016-04-11,41,125.0,48.0,13,0.91,77
2016-04-12,34,124.0,32.0,9,0.67,74
2016-04-13,37,118.0,40.0,7,0.83,65
2016-04-14,30,89.0,45.0,9,0.79,77
2016-04-15,25,86.0,20.0,4,0.58,85
2016-04-16,22,48.0,21.0,3,0.58,84
2016-04-17,19,51.0,30.0,3,0.6,94
2016-04-18,40,118.0,66.0,12,1.12,83
2016-04-19,31,102.0,39.0,7,0.76,73
2016-04-20,34,125.0,46.0,10,0.84,72
2016-04-21,31,102.0,48.0,12,0.89,83
2016-04-22,33,114.0,50.0,9,0.85,67
2016-04-23,26,47.0,35.0,4,0.76,81
2016-04-24,38,89.0,52.0,7,0.97,96
2016-04-25,34,106.0,33.0,5,0.87,84
2016-04-26,30,71.0,30.0,4,0.63,95
2016-04-27,41,87.0,54.0,9,0.9,98
2016-04-28,49,132.0,63.0,15,0.94,94
2016-04-29,49,137.0,56.0,15,0.97,88
2016-04-30,44,115.0,43.0,9,0.8,91
2016-05-01,74,214.5,33.0,11,0.67,82
2016-05-02,24,50.0,24.0,4,0.57,130
2016-05-03,50,131.0,61.0,11,0.96,97
2016-05-04,66,190.0,49.0,16,0.95,103
2016-05-05,52,147.0,23.0,9,0.6,95
2016-05-06,47,144.0,17.0,13,0.66,75
2016-05-07,49,109.0,37.0,8,0.77,70
2016-05-08,64,172.0,47.0,16,0.87,69
2016-05-09,35,90.0,26.0,8,0.66,94
2016-05-10,48,117.0,59.0,12,0.98,92
2016-05-11,91,214.5,53.0,18,1.03,87
2016-05-12,32,105.0,18.0,6,0.5,133
2016-05-13,33,132.0,36.0,10,0.72,95
2016-05-14,32,71.0,27.0,4,0.63,88
2016-05-15,60,161.0,53.0,11,0.69,77
2016-05-16,39,81.0,59.0,11,0.89,77
2016-05-17,44,78.0,27.0,6,0.74,87
2016-05-18,41,73.0,47.0,9,0.85,84
2016-05-19,28,62.0,31.0,9,0.73,105
2016-05-20,75,184.0,14.0,11,0.56,82
2016-05-21,24,37.0,20.0,5,0.66,62
2016-05-22,19,26.0,18.0,7,0.59,62
2016-05-23,21,33.0,29.0,5,0.73,89
2016-05-24,39,92.0,30.0,14,0.79,82
2016-05-25,21,43.0,18.0,4,0.51,78
2016-05-26,24,44.0,28.0,4,0.6,82
2016-05-27,31,72.0,35.0,7,0.73,101
2016-05-28,52,118.0,60.0,15,1.12,68
2016-05-29,43,96.0,50.0,12,0.96,94
2016-05-30,32,76.0,35.0,7,0.82,92
2016-05-31,39,82.0,33.0,8,0.81,82
2016-06-01,49,93.0,48.0,9,0.89,62
2016-06-02,42,86.0,44.0,10,0.78,68
2016-06-03,39,100.0,52.0,13,0.78,87
2016-06-04,22,52.0,32.0,7,0.62,66
2016-06-05,31,84.0,50.0,11,0.83,85
2016-06-06,35,95.0,55.0,13,0.84,67
2016-06-07,28,55.0,32.0,8,0.78,89
2016-06-08,19,40.0,24.0,5,0.7,86
2016-06-09,25,57.0,38.0,9,0.71,62
2016-06-10,29,70.0,42.0,9,0.84,72
2016-06-11,48,125.0,43.0,12,0.8,57
2016-06-12,31,69.0,48.0,7,0.81,75
2016-06-13,30,93.0,50.0,8,0.82,71
2016-06-14,49,166.0,24.0,7,0.56,49
2016-06-15,27,61.0,21.0,10,0.62,50
2016-06-16,30,83.0,47.0,10,0.97,81
2016-06-17,35,105.0,55.0,14,0.95,66
2016-06-18,53,138.0,77.0,21,1.31,59
2016-06-19,40,99.0,48.0,12,0.97,79
2016-06-20,33,72.0,39.0,7,0.81,56
2016-06-21,43,85.0,41.0,8,0.95,82
2016-06-22,50,104.0,58.0,21,1.08,79
2016-06-23,32,53.0,25.0,8,0.79,74
2016-06-24,46,94.0,58.0,7,1.06,55
2016-06-25,30,67.0,40.0,6,0.84,86
2016-06-26,36,81.0,28.0,4,0.8,88
2016-06-27,59,168.0,42.0,9,0.9,81
2016-06-28,35,101.0,71.0,8,1.07,59
2016-06-29,44,125.0,58.0,17,1.11,94
2016-06-30,27,80.0,44.0,8,0.9,73
2016-07-01,33,100.0,46.0,11,0.9,83
2016-07-02,37,99.0,53.0,12,0.84,105
2016-07-03,26,90.0,41.0,10,0.87,112
2016-07-04,33,96.0,36.0,8,0.94,99
2016-07-05,31,79.0,19.0,4,0.75,80
2016-07-06,24,60.0,21.0,4,0.76,68
2016-07-07,20,55.0,21.0,4,0.81,63
2016-07-08,20,55.0,23.0,5,0.7,56
2016-07-09,36,92.0,26.0,4,0.93,45
2016-07-10,35,61.0,19.0,5,0.77,44
2016-07-11,20,30.0,21.0,4,0.75,57
2016-07-12,31,56.0,34.0,5,0.94,81
2016-07-13,24,60.0,38.0,4,0.84,63
2016-07-14,30,68.0,42.0,5,0.92,64
2016-07-15,28,83.0,45.0,9,1.01,87
2016-07-16,24,76.0,39.0,8,0.84,72
2016-07-17,34,111.0,51.0,11,0.98,74
2016-07-18,22,39.0,24.0,4,0.86,82
2016-07-19,33,71.0,42.0,7,1.0,88
2016-07-20,32,81.0,44.0,7,1.0,89
2016-07-21,48,136.0,46.0,9,0.97,73
2016-07-22,51,112.0,33.0,5,0.97,93
2016-07-23,23,64.0,33.0,5,0.94,91
2016-07-24,18,36.0,14.0,4,0.76,98
2016-07-25,31,73.0,39.0,6,0.91,60
2016-07-26,30,75.0,38.0,5,0.96,90
2016-07-27,32,94.0,43.0,9,0.93,93
2016-07-28,28,82.0,49.0,10,1.02,96
2016-07-29,31,91.0,42.0,9,1.19,91
2016-07-30,26,61.0,22.0,4,0.89,85
2016-07-31,20,54.0,17.0,5,0.87,89
2016-08-01,19,56.0,18.0,4,0.86,89
2016-08-02,19,61.0,21.0,4,0.93,78
2016-08-03,23,64.0,20.0,3,0.77,83
2016-08-04,28,68.0,21.0,5,0.67,88
2016-08-05,27,82.0,32.0,6,0.76,90
2016-08-06,37,101.0,43.0,10,0.94,95
2016-08-07,39,112.0,51.0,11,0.98,103
2016-08-08,25,75.0,26.0,4,0.99,115
2016-08-09,26,71.0,19.0,4,0.97,102
2016-08-10,39,147.0,19.0,5,0.85,89
2016-08-11,23,66.0,23.0,6,1.01,87
2016-08-12,32,91.0,23.0,6,0.93,84
2016-08-13,27,78.0,22.0,7,0.97,86
2016-08-14,32,74.0,18.0,6,0.85,83
2016-08-15,33,56.0,35.0,3,0.88,77
2016-08-16,46,98.0,52.0,4,1.22,82
2016-08-17,32,76.0,31.0,4,1.18,82
2016-08-18,22,49.0,15.0,9,0.81,72
2016-08-19,17,38.0,17.0,8,0.86,80
2016-08-20,24,55.0,21.0,10,0.92,74
2016-08-21,46,96.0,29.0,9,1.11,89
2016-08-22,41,76.0,20.0,5,1.15,83
2016-08-23,18,32.0,21.0,4,0.76,55
2016-08-24,23,42.0,25.0,4,0.95,49
2016-08-25,16,30.0,14.0,3,0.98,78
2016-08-26,22,53.0,31.0,8,0.91,67
2016-08-27,29,78.0,44.0,6,1.04,57
2016-08-28,31,87.0,46.0,6,0.99,83
2016-08-29,30,59.0,30.0,4,0.96,67
2016-08-30,32,77.0,50.0,5,0.98,72
2016-08-31,43,119.0,64.0,9,1.17,54
2016-09-01,42,106.0,58.0,9,1.16,72
2016-09-02,38,115.0,56.0,12,1.06,53
2016-09-03,40,96.0,49.0,6,0.94,66
2016-09-04,45,120.0,56.0,8,1.07,67
2016-09-05,37,104.0,52.0,11,0.93,60
2016-09-06,23,44.0,35.0,5,0.83,88
2016-09-07,38,103.0,67.0,10,1.15,67
2016-09-08,39,105.0,56.0,10,1.09,70
2016-09-09,24,52.0,34.0,5,0.82,92
2016-09-10,37,94.0,52.0,8,1.02,56
2016-09-11,36,91.0,46.0,12,0.96,71
2016-09-12,26,47.0,36.0,4,0.82,79
2016-09-13,34,79.0,49.0,6,1.04,65
2016-09-14,43,87.0,45.0,6,1.06,63
2016-09-15,39,77.0,48.0,6,1.11,70
2016-09-16,37,84.0,41.0,6,0.97,76
2016-09-17,29,59.0,25.0,6,0.88,85
2016-09-18,34,58.0,35.0,4,0.87,61
2016-09-19,44,95.0,49.0,7,1.01,56
2016-09-20,37,91.0,54.0,8,1.04,68
2016-09-21,36,102.0,60.0,8,1.18,56
2016-09-22,40,122.0,59.0,9,1.3,45
2016-09-23,45,113.0,63.0,11,1.29,49
2016-09-24,41,108.0,58.0,12,1.25,51
2016-09-25,29,80.0,50.0,7,1.19,61
2016-09-26,35,107.0,36.0,8,1.06,64
2016-09-27,32,86.0,22.0,5,0.79,63
2016-09-28,39,83.0,42.0,7,1.16,57
2016-09-29,41,95.0,55.0,10,1.08,44
2016-09-30,42,106.0,65.0,14,1.31,59
2016-10-01,38,105.0,51.0,12,1.23,56
2016-10-02,36,127.0,66.0,14,1.27,58
2016-10-03,68,214.5,43.0,18,1.18,70
2016-10-04,32,111.0,22.0,5,0.71,73
2016-10-05,35,106.0,41.0,10,0.92,51
2016-10-06,29,62.0,32.0,14,0.91,49
2016-10-07,25,75.0,26.0,17,0.52,65
2016-10-08,38,116.0,54.0,12,0.97,48
2016-10-09,37,67.0,38.0,7,0.95,66
2016-10-10,43,87.0,54.0,12,1.17,38
2016-10-11,66,126.0,69.0,13,1.3,26
2016-10-12,53,110.0,59.0,17,1.21,35
2016-10-13,46,109.0,53.0,14,1.14,49
2016-10-14,33,70.0,44.0,10,0.91,35
2016-10-15,51,106.0,56.0,13,1.3,46
2016-10-16,35,102.0,45.0,10,0.81,53
2016-10-17,49,119.0,61.0,14,1.52,43
2016-10-18,50,140.0,62.0,18,1.44,44
2016-10-19,45,115.0,49.0,15,1.18,32
2016-10-20,52,160.0,31.0,15,1.05,49
2016-10-21,49,173.0,19.0,13,0.56,77
2016-10-22,28,51.0,31.0,9,0.79,50
2016-10-23,56,100.0,51.0,13,1.14,22
2016-10-24,34,56.0,34.0,11,0.8,47
2016-10-25,38,81.0,46.0,15,1.01,36
2016-10-26,47,97.0,55.0,15,1.04,40
2016-10-27,30,58.0,20.0,11,0.52,63
2016-10-28,20,36.0,26.0,12,0.61,58
2016-10-29,39,71.0,41.0,10,0.97,42
2016-10-30,49,101.0,37.0,15,1.19,43
2016-10-31,51,141.0,62.0,18,1.38,35
2016-11-01,63,156.0,65.0,22,1.68,31
2016-11-02,76,174.0,85.0,28,2.02,35
2016-11-03,91,209.0,90.5,29,2.4,44
2016-11-04,91,212.0,90.5,27,2.4,34
2016-11-05,91,206.0,90.5,30,2.31,30
2016-11-06,51,151.0,47.0,22,0.96,57
2016-11-07,54,191.0,31.0,14,0.74,64
2016-11-08,68,192.0,65.0,25,1.35,34
2016-11-09,71,191.0,73.0,29,1.67,37
2016-11-10,91,214.5,88.0,32,1.9,47
2016-11-11,91,214.5,78.0,33,2.03,31
2016-11-12,90,214.5,83.0,38,2.09,36
2016-11-13,91,214.5,90.5,38,2.24,30
2016-11-14,66,184.0,80.0,38,1.77,39
2016-11-15,91,205.0,90.5,38,2.48,43
2016-11-16,91,214.5,90.5,38,2.6,42
2016-11-17,91,214.5,90.5,38,2.9,33
2016-11-18,91,214.5,87.0,32,2.25,53
2016-11-19,79,214.5,57.0,22,1.22,44
2016-11-20,89,214.5,90.0,38,2.24,32
2016-11-21,44,153.0,33.0,24,0.65,51
2016-11-22,32,88.0,29.0,18,0.77,46
2016-11-23,47,112.0,47.0,35,1.27,32
2016-11-24,62,139.0,53.0,38,1.42,33
2016-11-25,62,188.0,48.0,38,1.11,37
2016-11-26,91,214.5,75.0,38,2.01,31
2016-11-27,91,214.5,86.0,38,2.51,32
2016-11-28,76,181.0,55.0,38,1.72,40
2016-11-29,49,143.0,50.0,29,1.14,49
2016-11-30,79,189.0,84.0,38,2.22,37
2016-12-01,91,201.0,90.5,38,2.55,33
2016-12-02,91,198.0,90.5,34,2.55,29
2016-12-03,91,214.5,90.5,38,2.79,31
2016-12-04,91,214.5,90.5,38,3.19,37
2016-12-05,54,146.0,59.0,25,1.33,44
2016-12-06,70,173.0,88.0,38,2.43,32
2016-12-07,91,189.0,90.5,38,2.75,34
2016-12-08,91,213.0,90.5,38,2.92,28
2016-12-09,91,193.0,90.5,38,2.69,27
2016-12-10,91,191.0,90.5,38,2.63,40
2016-12-11,91,214.0,90.5,29,2.81,37
2016-12-12,74,167.0,66.0,24,1.62,29
2016-12-13,83,182.0,75.0,29,2.08,29
2016-12-14,73,155.0,78.0,30,2.03,23
2016-12-15,69,146.0,77.0,33,2.03,25
2016-12-16,91,174.0,90.5,34,2.53,30
2016-12-17,91,195.0,90.5,38,2.71,26
2016-12-18,91,214.0,90.5,38,3.18,34
2016-12-19,91,207.0,90.5,38,2.93,29
2016-12-20,91,214.5,73.0,37,2.31,39
2016-12-21,67,214.5,52.0,23,1.27,39
2016-12-22,75,214.5,77.0,38,2.44,16
2016-12-23,91,214.5,90.5,38,2.78,31
2016-12-24,85,167.0,81.0,38,2.4,42
2016-12-25,45,132.0,37.0,22,1.0,49
2016-12-26,34,97.0,33.0,20,0.9,55
2016-12-27,68,139.0,81.0,34,2.09,44
2016-12-28,61,126.0,70.0,35,2.02,34
2016-12-29,50,111.0,74.0,38,1.94,24
2016-12-30,84,151.0,85.0,38,2.53,29
2016-12-31,91,160.0,90.5,38,2.82,24
2017-01-01,68,126.0,73.0,38,2.18,22
2017-01-02,91,157.0,86.0,38,2.62,30
2017-01-03,91,178.0,90.5,38,3.08,29
2017-01-04,91,210.0,90.5,38,3.53,31
2017-01-05,91,201.0,90.5,38,3.15,34
2017-01-06,51,116.0,53.0,33,1.26,45
2017-01-07,47,91.0,65.0,31,1.61,36
2017-01-08,44,84.0,52.0,31,1.32,42
2017-01-09,31,56.0,41.0,28,0.97,50
2017-01-10,25,47.0,28.0,20,0.75,65
2017-01-11,52,91.0,61.0,31,1.55,28
2017-01-12,86,142.0,78.0,36,2.14,32
2017-01-13,91,163.0,84.0,38,2.17,33
2017-01-14,87,149.0,74.0,38,1.89,43
2017-01-15,55,119.0,56.0,38,1.27,53
2017-01-16,39,107.0,50.0,34,0.98,50
2017-01-17,39,83.0,45.0,30,1.0,52
2017-01-18,59,113.0,55.0,36,1.3,50
2017-01-19,74,214.5,40.0,23,0.89,65
2017-01-20,71,214.5,63.0,38,1.67,35
2017-01-21,60,145.0,70.0,38,1.97,38
2017-01-22,54,118.0,70.0,38,1.93,40
2017-01-23,78,147.0,83.0,38,2.51,37
2017-01-24,91,167.0,90.5,38,2.79,39
2017-01-25,91,214.5,77.0,38,2.39,45
2017-01-26,91,214.5,28.0,15,0.68,58
2017-01-27,63,214.5,49.0,27,1.4,44
2017-01-28,56,214.5,30.0,28,0.9,56
2017-01-29,35,152.0,27.0,18,0.8,66
2017-01-30,37,133.0,31.0,28,1.04,56
2017-01-31,39,120.0,37.0,27,1.11,52
2017-02-01,46,109.0,46.0,32,1.44,43
2017-02-02,63,115.0,45.0,19,1.67,50
2017-02-03,66,121.0,51.0,27,1.66,46
2017-02-04,59,121.0,68.0,29,1.84,49
2017-02-05,83,150.0,85.0,36,2.31,51
2017-02-06,62,144.0,38.0,30,1.4,46
2017-02-07,30,121.0,19.0,14,0.6,76
2017-02-08,33,71.0,29.0,14,0.76,68
2017-02-09,61,100.0,46.0,15,1.23,55
2017-02-10,30,58.0,34.0,24,0.83,70
2017-02-11,59,104.0,64.0,27,1.64,55
2017-02-12,91,152.0,81.0,28,2.15,49
2017-02-13,81,139.0,71.0,32,1.91,65
2017-02-14,61,114.0,72.0,25,1.92,52
2017-02-15,68,148.0,68.0,27,2.06,61
2017-02-16,50,211.0,42.0,23,1.36,54
2017-02-17,50,179.0,49.0,22,1.35,53
2017-02-18,66,181.0,72.0,31,2.08,53
2017-02-19,76,186.0,75.0,34,2.24,53
2017-02-20,62,214.5,41.0,21,1.4,65
2017-02-21,70,214.5,25.0,22,0.73,63
2017-02-22,52,182.0,32.0,23,0.78,66
2017-02-23,52,124.0,49.0,17,1.21,62
2017-02-24,64,121.0,51.0,16,1.3,71
2017-02-25,37,74.0,43.0,19,1.01,75
2017-02-26,46,90.0,50.0,24,1.22,77
2017-02-27,53,105.0,53.0,25,1.33,78
2017-02-28,34,125.0,33.0,16,0.81,90
2017-03-01,50,214.5,42.0,11,0.82,78
2017-03-02,42,146.0,54.0,22,1.22,67
2017-03-03,46,150.0,57.0,23,1.26,67
2017-03-04,44,104.0,52.0,20,1.12,62
2017-03-05,30,62.0,35.0,12,0.75,81
2017-03-06,39,83.0,49.0,16,1.11,69
2017-03-07,30,64.0,40.0,17,0.79,88
2017-03-08,43,90.0,58.0,21,1.16,72
2017-03-09,43,88.0,50.0,25,1.09,66
2017-03-10,44,77.0,40.0,14,1.08,58
2017-03-11,45,72.0,35.0,15,0.82,88
2017-03-12,43,64.0,33.0,12,0.83,76
2017-03-13,43,66.0,32.0,15,0.83,81
2017-03-14,48,67.0,44.0,11,1.04,73
2017-03-15,56,89.0,53.0,12,1.23,79
2017-03-16,79,131.0,59.0,15,1.41,85
2017-03-17,45,82.0,34.0,10,0.93,76
2017-03-18,59,107.0,55.0,14,1.46,60
2017-03-19,46,71.0,39.0,8,1.27,76
2017-03-20,48,113.0,51.0,14,1.3,65
2017-03-21,41,91.0,47.0,11,1.17,65
2017-03-22,46,91.0,50.0,12,1.28,50
2017-03-23,40,83.0,29.0,8,0.68,70
2017-03-24,45,129.0,33.0,11,0.71,64
2017-03-25,32,129.0,25.0,9,0.58,83
2017-03-26,43,162.0,54.0,13,0.96,67
2017-03-27,54,179.0,56.0,18,1.19,71
2017-03-28,84,214.5,41.0,12,0.83,64
2017-03-29,58,198.0,45.0,16,0.96,64
2017-03-30,28,67.0,29.0,9,0.65,83
2017-03-31,28,67.0,33.0,15,0.7,83
2017-04-01,34,100.0,55.0,13,0.85,66
2017-04-02,40,106.0,50.0,11,0.9,62
2017-04-03,45,83.0,46.0,8,0.94,54
2017-04-04,60,103.0,47.0,10,1.07,70
2017-04-05,55,138.0,66.0,14,1.07,72
2017-04-06,48,141.0,38.0,8,0.79,76
2017-04-07,66,206.0,31.0,12,0.71,70
2017-04-08,32,50.0,23.0,6,0.62,56
2017-04-09,39,58.0,31.0,6,0.68,49
2017-04-10,39,54.0,30.0,7,0.58,61
2017-04-11,37,67.0,46.0,8,0.78,57
2017-04-12,42,112.0,45.0,10,0.89,60
2017-04-13,47,119.0,54.0,13,0.83,70
2017-04-14,49,162.0,51.0,14,0.84,72
2017-04-15,34,71.0,34.0,5,0.58,81
2017-04-16,45,111.0,40.0,9,0.62,57
2017-04-17,91,214.5,45.0,11,0.75,69
2017-04-18,91,214.5,40.0,7,0.65,71
2017-04-19,32,85.0,21.0,5,0.43,92
2017-04-20,44,134.0,37.0,8,0.61,66
2017-04-21,57,214.5,47.0,8,0.67,67
2017-04-22,42,154.0,51.0,11,0.75,77
2017-04-23,35,120.0,56.0,13,0.79,86
2017-04-23,35,120.0,56.0,13,0.79,86
2017-04-24,40,144.0,50.0,11,0.66,82
2017-04-25,30,67.0,19.0,6,0.49,106
2017-04-26,28,61.0,33.0,5,0.52,73
2017-04-27,36,87.0,46.0,7,0.65,75
2017-04-28,39,111.0,52.0,14,0.76,78
2017-04-29,41,110.0,54.0,16,0.79,88
2017-04-30,37,88.0,28.0,10,0.59,112
2017-05-01,41,119.0,52.0,14,0.8,95
2017-05-02,52,106.0,26.0,5,0.57,91
2017-05-03,69,214.5,28.0,5,0.45,79
2017-05-04,91,214.5,36.0,9,0.56,78
2017-05-05,91,214.5,28.0,7,0.37,81
2017-05-06,88,214.5,46.0,10,0.67,69
2017-05-07,47,109.0,32.0,5,0.57,82
2017-05-08,42,102.0,46.0,12,0.69,91
2017-05-09,47,157.0,43.0,10,0.63,83
2017-05-10,61,187.0,55.0,10,0.7,51
2017-05-11,30,81.0,39.0,9,0.59,82
2017-05-12,37,120.0,55.0,11,0.81,81
2017-05-13,47,159.0,61.0,19,0.82,72
2017-05-14,27,57.0,22.0,4,0.52,111
2017-05-15,27,63.0,36.0,9,0.58,79
2017-05-16,35,86.0,45.0,10,0.65,74
2017-05-17,39,101.0,50.0,12,0.73,79
2017-05-18,30,65.0,38.0,9,0.61,87
2017-05-19,38,108.0,52.0,11,0.7,94
2017-05-20,39,89.0,32.0,6,0.57,88
2017-05-20,39,89.0,32.0,6,0.57,88
2017-05-21,53,164.0,23.0,9,0.45,91
2017-05-22,68,162.0,21.0,4,0.5,80
2017-05-23,36,86.0,23.0,5,0.47,96
2017-05-24,37,85.0,31.0,11,0.56,97
2017-05-25,35,86.0,38.0,9,0.67,81
2017-05-26,37,95.0,48.0,7,0.63,90
2017-05-27,35,102.0,54.0,9,0.69,84
2017-05-28,33,92.0,46.0,9,0.65,104
2017-05-29,58,161.0,38.0,9,0.65,127
2017-05-30,62,207.0,52.0,13,0.77,106
2017-05-31,62,177.0,50.0,13,0.8,82
2017-06-01,43,102.0,36.0,6,0.61,110
2017-06-02,47,123.0,46.0,8,0.63,81
2017-06-03,46,72.0,36.0,8,0.72,88
2017-06-04,37,50.0,29.0,7,0.69,80
2017-06-05,29,51.0,39.0,5,0.71,76
2017-06-06,30,53.0,39.0,6,0.78,75
2017-06-07,32,70.0,36.0,10,0.73,86
2017-06-08,30,61.0,39.0,9,0.71,79
2017-06-09,26,45.0,30.0,5,0.63,89
2017-06-10,41,100.0,44.0,8,0.73,74
2017-06-11,36,106.0,43.0,7,0.69,76
2017-06-12,34,93.0,48.0,9,0.77,76
2017-06-13,29,67.0,37.0,5,0.66,80
2017-06-14,29,63.0,32.0,6,0.67,65
2017-06-15,34,69.0,30.0,11,0.81,84
2017-06-16,37,81.0,44.0,10,0.82,99
2017-06-17,39,94.0,50.0,10,0.73,91
2017-06-18,38,84.0,43.0,9,0.72,92
2017-06-19,41,115.0,53.0,10,0.77,74
2017-06-20,32,74.0,42.0,7,0.71,79
2017-06-21,26,56.0,35.0,5,0.69,82
2017-06-22,32,91.0,43.0,13,0.69,95
2017-06-23,35,125.0,25.0,8,0.46,86
2017-06-24,30,93.0,46.0,12,0.67,77
2017-06-25,32,101.0,49.0,11,0.67,93
2017-06-26,28,90.0,47.0,9,0.71,105
2017-06-27,31,83.0,39.0,7,0.74,105
2017-06-28,36,84.0,33.0,8,0.76,108
2017-06-29,33,80.0,44.0,6,0.76,96
2017-06-30,26,72.0,42.0,7,0.7,100
2017-07-01,24,63.0,38.0,6,0.67,108
2017-07-02,28,95.0,28.0,6,0.59,94
2017-07-03,19,43.0,25.0,8,0.61,100
2017-07-04,32,89.0,50.0,11,0.82,79
2017-07-05,23,49.0,35.0,6,0.66,65
2017-07-06,29,73.0,46.0,15,0.75,79
2017-07-07,30,83.0,56.0,14,0.77,81
2017-07-08,34,110.0,53.0,16,0.76,73
2017-07-09,21,67.0,30.0,8,0.62,99
2017-07-10,24,82.0,41.0,6,0.65,100
2017-07-11,28,93.0,47.0,8,0.73,112
2017-07-12,30,96.0,52.0,14,0.8,100
2017-07-13,35,82.0,36.0,5,0.72,111
2017-07-14,30,93.0,39.0,7,0.72,96
2017-07-15,24,76.0,38.0,6,0.68,101
2017-07-16,26,69.0,35.0,5,0.56,103
2017-07-17,25,56.0,28.0,5,0.61,113
2017-07-18,28,68.0,36.0,8,0.67,108
2017-07-19,29,83.0,41.0,8,0.74,98
2017-07-20,68,213.0,18.0,7,0.61,100
2017-07-21,24,68.0,26.0,6,0.58,95
2017-07-22,32,104.0,15.0,8,0.46,91
2017-07-23,19,57.0,17.0,12,0.53,78
2017-07-24,19,52.0,16.0,10,0.5,95
2017-07-25,31,60.0,27.0,5,0.61,87
2017-07-26,26,48.0,20.0,7,0.58,68
2017-07-27,11,23.0,20.0,4,0.49,82
2017-07-28,18,35.0,25.0,5,0.66,87
2017-07-29,26,66.0,40.0,9,0.73,77
2017-07-30,31,82.0,45.0,9,0.76,89
2017-07-31,23,83.0,34.0,5,0.61,100
2017-08-01,37,115.0,21.0,6,0.52,86
2017-08-02,34,78.0,40.0,8,0.75,92
2017-08-03,28,108.0,43.0,13,0.65,78
2017-08-04,24,60.0,26.0,4,0.6,110
2017-08-05,23,61.0,39.0,6,0.71,59
2017-08-06,21,54.0,36.0,5,0.75,50
2017-08-07,21,47.0,29.0,7,0.62,85
2017-08-08,25,67.0,42.0,7,0.62,62
2017-08-09,20,64.0,41.0,8,0.88,73
2017-08-10,28,93.0,47.0,17,1.0,82
2017-08-11,24,82.0,43.0,9,0.76,79
2017-08-12,20,59.0,30.0,11,0.65,80
2017-08-13,22,47.0,29.0,5,0.7,80
2017-08-14,26,83.0,46.0,9,0.68,74
2017-08-15,25,78.0,44.0,7,0.64,75
2017-08-16,25,85.0,44.0,8,0.6,68
2017-08-17,20,58.0,32.0,5,0.64,63
2017-08-18,22,62.0,35.0,7,0.72,59
2017-08-19,22,62.0,27.0,6,0.64,59
2017-08-20,17,33.0,21.0,3,0.43,74
2017-08-21,26,49.0,36.0,5,0.79,47
2017-08-22,15,25.0,23.0,4,0.58,82
2017-08-23,27,37.0,26.0,5,0.6,65
2017-08-24,37,66.0,45.0,9,0.81,31
2017-08-25,31,44.0,35.0,8,0.67,29
2017-08-26,22,36.0,29.0,5,0.62,60
2017-08-27,29,56.0,41.0,8,0.68,36
2017-08-28,28,46.0,38.0,6,0.55,47
2017-08-29,22,41.0,33.0,6,0.6,57
2017-08-30,34,77.0,44.0,7,0.8,47
2017-08-31,51,112.0,49.0,10,0.88,72
2017-09-01,26,65.0,36.0,7,0.56,65
2017-09-02,34,91.0,50.0,9,0.65,58
2017-09-03,30,92.0,46.0,9,0.61,66
2017-09-04,25,67.0,31.0,8,0.42,60
2017-09-05,26,66.0,38.0,6,0.44,55
2017-09-06,31,84.0,45.0,12,0.74,59
2017-09-07,37,109.0,54.0,14,0.79,61
2017-09-08,26,56.0,50.0,6,0.5,32
2017-09-09,26,68.0,30.0,5,0.3,58
2017-09-10,32,100.0,49.0,12,0.63,59
2017-09-11,40,122.0,59.0,20,0.9,73
2017-09-12,30,94.0,40.0,8,0.7,53
2017-09-13,32,84.0,34.0,6,0.59,52
2017-09-14,39,83.0,41.0,9,0.81,49
2017-09-15,40,86.0,41.0,8,0.62,58
2017-09-16,26,58.0,35.0,7,0.61,82
2017-09-17,39,92.0,43.0,13,0.78,72
2017-09-18,39,73.0,46.0,11,0.73,40
2017-09-19,37,60.0,45.0,6,0.65,49
2017-09-20,43,89.0,53.0,10,0.9,54
2017-09-21,38,88.0,50.0,10,0.79,53
2017-09-22,39,96.0,51.0,20,0.94,52
2017-09-23,31,74.0,42.0,9,0.73,36
2017-09-24,40,96.0,47.0,10,0.86,47
2017-09-25,50,134.0,43.0,12,0.84,58
2017-09-26,39,87.0,29.0,5,0.52,60
2017-09-27,36,82.0,39.0,9,0.63,70
2017-09-28,37,110.0,55.0,15,0.73,67
2017-09-29,33,100.0,51.0,15,0.71,49
2017-09-30,36,97.0,45.0,13,0.79,60
2017-10-01,53,157.0,47.0,12,0.7,83
2017-10-02,50,178.0,17.0,6,0.33,75
2017-10-03,32,61.0,31.0,5,0.57,65
2017-10-05,35,68.0,36.0,9,0.77,45
2017-10-06,29,55.0,29.0,8,0.75,30
2017-10-07,28,64.0,32.0,9,0.77,54
2017-10-08,29,68.0,16.0,5,0.47,73
2017-10-09,19,30.0,21.0,4,0.42,60
2017-10-10,39,54.0,35.0,9,0.74,45
2017-10-11,57,83.0,40.0,16,0.98,40
2017-10-12,46,91.0,50.0,12,0.96,37
2017-10-13,51,99.0,55.0,18,1.2,21
2017-10-14,51,83.0,51.0,12,1.08,37
2017-10-15,69,129.0,66.0,17,1.51,28
2017-10-16,38,72.0,42.0,8,0.95,30
2017-10-17,25,38.0,33.0,6,0.93,39
2017-10-18,38,69.0,46.0,10,0.98,48
2017-10-19,43,89.0,55.0,11,1.15,37
2017-10-20,44,92.0,46.0,12,1.06,33
2017-10-21,39,107.0,49.0,12,0.97,36
2017-10-22,48,129.0,61.0,20,1.67,31
2017-10-23,37,94.0,49.0,12,1.44,38
2017-10-24,34,66.0,44.0,11,1.14,18
2017-10-25,39,69.0,45.0,13,1.13,29
2017-10-26,50,111.0,66.0,16,1.47,40
2017-10-27,54,131.0,53.0,16,1.5,54
2017-10-28,26,86.0,33.0,12,0.62,59
2017-10-29,41,114.0,44.0,14,0.85,39
2017-10-30,52,129.0,60.0,19,1.73,26
2017-10-31,56,137.0,69.0,24,1.79,25
2017-11-01,65,151.0,80.0,29,2.1,35
2017-11-02,57,143.0,72.0,27,1.94,39
2017-11-03,59,192.0,70.0,30,2.03,35
2017-11-04,68,184.0,75.0,36,2.17,32
2017-11-05,73,158.0,78.0,27,2.14,39
2017-11-06,55,132.0,56.0,25,1.54,42
2017-11-07,50,119.0,67.0,25,1.37,43
2017-11-08,62,153.0,81.0,33,2.13,26
2017-11-09,45,165.0,40.0,16,0.81,46
2017-11-10,41,134.0,47.0,18,1.1,35
2017-11-11,61,143.0,58.0,26,1.84,35
2017-11-12,39,100.0,45.0,19,1.17,48
2017-11-13,38,97.0,52.0,22,1.21,46
2017-11-14,47,116.0,67.0,26,1.42,34
2017-11-15,61,147.0,74.0,32,2.04,24
2017-11-16,82,176.0,78.0,34,2.34,29
2017-11-17,59,121.0,52.0,30,1.37,29
2017-11-18,44,108.0,52.0,36,1.37,22
2017-11-19,37,98.0,38.0,38,0.99,37
2017-11-20,45,124.0,66.0,30,1.43,22
2017-11-21,39,97.0,48.0,33,1.3,38
2017-11-22,39,103.0,62.0,28,1.18,40
2017-11-23,49,128.0,77.0,38,1.59,32
2017-11-24,66,159.0,81.0,38,2.48,22
2017-11-25,70,164.0,80.0,38,2.72,24
2017-11-26,82,183.0,90.5,38,2.9,29
2017-11-27,81,168.0,81.0,38,2.45,25
2017-11-28,55,133.0,67.0,38,1.69,27
2017-11-29,52,138.0,69.0,38,1.8,27
2017-11-30,47,123.0,82.0,38,1.85,32
2017-12-01,75,167.0,90.5,38,2.48,27
2017-12-02,91,190.0,90.5,38,2.71,25
2017-12-03,79,152.0,82.0,38,2.13,33
2017-12-04,41,93.0,65.0,34,1.42,36
2017-12-05,40,101.0,71.0,32,1.79,27
2017-12-06,56,120.0,66.0,38,2.05,25
2017-12-07,41,92.0,56.0,38,1.5,30
2017-12-08,43,100.0,64.0,38,1.93,21
2017-12-09,57,139.0,68.0,38,2.11,28
2017-12-10,59,144.0,83.0,38,2.2,29
2017-12-11,82,175.0,90.5,38,2.9,26
2017-12-12,75,163.0,82.0,38,2.7,27
2017-12-13,88,175.0,81.0,38,2.48,31
2017-12-14,50,124.0,52.0,34,1.43,34
2017-12-15,34,85.0,38.0,29,0.92,50
2017-12-16,30,66.0,45.0,25,1.03,42
2017-12-17,64,131.0,75.0,38,2.42,24
2017-12-18,60,121.0,70.0,38,2.37,22
2017-12-19,73,142.0,84.0,38,2.84,31
2017-12-20,91,185.0,90.5,38,3.68,25
2017-12-21,91,214.5,90.5,38,4.12,26
2017-12-22,91,197.0,90.5,38,3.53,23
2017-12-23,50,141.0,64.0,38,1.78,34
2017-12-24,63,178.0,85.0,38,2.56,25
2017-12-25,76,167.0,90.5,38,2.91,26
2017-12-26,88,177.0,90.5,38,3.65,23
2017-12-27,91,208.0,90.5,38,3.93,29
2017-12-28,91,214.5,77.0,38,2.51,32
2017-12-29,91,214.5,43.0,13,0.96,44
2017-12-30,91,214.5,65.0,22,1.93,23
2017-12-31,91,214.5,79.0,38,2.61,26
2018-01-01,91,214.5,90.0,38,2.74,40
2018-01-02,37,125.0,35.0,20,0.78,51
2018-01-03,65,115.0,46.0,25,1.32,35
2018-01-04,91,130.0,60.0,20,2.01,23
2018-01-05,82,112.0,46.0,14,1.82,24
2018-01-06,67,95.0,28.0,16,1.22,52
2018-01-07,38,87.0,21.0,17,0.67,68
2018-01-08,50,114.0,59.0,28,1.66,40
2018-01-09,73,142.0,81.0,38,2.5,31
2018-01-10,79,151.0,90.5,38,2.83,30
2018-01-11,85,151.0,90.0,38,2.88,28
2018-01-12,91,172.0,90.5,38,3.4,24
2018-01-13,91,187.0,83.0,38,2.96,37
2018-01-14,82,173.0,74.0,38,2.49,30
2018-01-15,73,144.0,53.0,29,1.6,40
2018-01-16,67,165.0,84.0,38,2.63,36
2018-01-17,42,169.0,38.0,19,0.83,53
2018-01-18,60,146.0,75.0,38,2.1,22
2018-01-19,79,170.0,78.0,38,2.65,30
2018-01-20,61,128.0,72.0,38,1.95,28
2018-01-21,49,119.0,61.0,38,1.69,31
2018-01-22,53,135.0,62.0,38,1.85,39
2018-01-23,57,136.0,62.0,38,1.78,38
2018-01-24,62,128.0,56.0,32,1.56,29
2018-01-25,73,129.0,46.0,29,1.38,40
2018-01-26,91,135.0,59.0,35,2.13,37
2018-01-27,78,113.0,32.0,28,1.28,56
2018-01-28,38,92.0,24.0,19,0.73,56
2018-01-29,56,110.0,43.0,24,1.32,39
2018-01-30,41,98.0,25.0,28,0.72,56
2018-01-31,60,169.0,62.0,30,1.91,33
2018-02-01,53,131.0,50.0,32,1.6,45
2018-02-02,35,97.0,38.0,17,1.03,55
2018-02-03,53,115.0,50.0,27,1.62,42
2018-02-04,56,114.0,59.0,29,1.63,41
2018-02-05,77,140.0,70.0,38,2.19,40
2018-02-06,71,127.0,70.0,38,1.95,42
2018-02-07,61,134.0,72.0,38,1.87,34
2018-02-08,60,128.0,62.0,33,2.02,36
2018-02-09,91,214.5,21.0,12,0.67,73
2018-02-10,32,111.0,26.0,11,0.72,68
2018-02-11,51,130.0,53.0,38,1.58,45
2018-02-12,53,119.0,67.0,38,1.99,40
2018-02-13,78,147.0,86.0,38,2.83,38
2018-02-14,62,127.0,66.0,36,1.94,40
2018-02-15,47,98.0,58.0,38,1.79,43
2018-02-16,71,139.0,65.0,38,2.1,50
2018-02-17,39,115.0,25.0,20,0.76,78
2018-02-18,32,75.0,22.0,23,0.8,68
2018-02-19,43,90.0,30.0,21,1.1,64
2018-02-20,35,75.0,18.0,21,0.67,79
2018-02-21,34,51.0,29.0,20,0.93,65
2018-02-22,47,78.0,60.0,31,1.55,52
2018-02-23,39,98.0,44.0,26,1.21,48
2018-02-24,50,203.0,49.0,27,1.3,50
2018-02-25,53,138.0,69.0,36,1.9,58
2018-02-26,53,118.0,64.0,38,1.64,46
2018-02-27,60,104.0,60.0,18,1.62,44
2018-02-28,49,93.0,55.0,32,1.7,60
2018-03-01,32,76.0,56.0,30,1.26,56
2018-03-02,57,119.0,78.0,38,2.13,46
2018-03-03,47,136.0,48.0,31,1.44,53
2018-03-04,34,80.0,33.0,12,0.78,70
2018-03-05,35,65.0,41.0,14,0.98,57
2018-03-06,47,80.0,51.0,19,1.28,50
2018-03-07,53,187.0,42.0,18,0.91,56
2018-03-08,42,128.0,61.0,22,1.29,50
2018-03-09,46,115.0,69.0,31,1.71,48
2018-03-10,47,108.0,71.0,26,1.49,61
2018-03-11,55,120.0,74.0,34,1.7,59
2018-03-12,57,132.0,78.0,29,1.63,63
2018-03-13,49,115.0,74.0,30,1.5,52
2018-03-14,44,109.0,76.0,36,1.49,63
2018-03-15,58,214.5,50.0,19,0.97,59
2018-03-16,66,214.5,51.0,22,1.11,80
2018-03-17,89,214.5,25.0,16,0.66,85
2018-03-18,72,214.5,30.0,16,0.66,74
2018-03-19,73,214.5,47.0,18,1.17,57
2018-03-20,71,214.5,32.0,7,0.84,68
2018-03-21,61,214.5,46.0,13,0.89,67
2018-03-22,43,141.0,64.0,22,1.33,46
2018-03-23,34,101.0,53.0,17,0.92,59
2018-03-24,32,103.0,55.0,18,1.03,66
2018-03-25,44,123.0,59.0,22,1.13,75
2018-03-26,61,214.5,70.0,24,1.35,53
2018-03-27,58,195.0,70.0,28,1.52,60
2018-03-28,52,154.0,67.0,31,1.33,66
2018-03-29,44,183.0,55.0,16,1.09,68
2018-03-30,68,214.5,25.0,7,0.54,73
2018-03-31,63,214.5,37.0,12,0.88,57
2018-04-01,56,194.0,58.0,16,1.19,61
2018-04-02,52,163.0,63.0,24,1.4,83
2018-04-03,66,214.5,25.0,9,0.54,74
2018-04-04,91,214.5,38.0,16,0.66,59
2018-04-05,78,214.5,14.0,5,0.58,83
2018-04-05,78,214.5,14.0,5,0.58,83
2018-04-06,50,214.5,23.0,7,0.6,79
2018-04-07,43,142.0,60.0,20,1.21,56
2018-04-08,48,149.0,69.0,25,1.42,59
2018-04-09,74,214.5,53.0,23,1.2,66
2018-04-10,91,214.5,45.0,11,0.82,52
2018-04-11,64,214.5,58.0,22,1.11,56
2018-04-12,64,182.0,54.0,10,0.89,44
2018-04-13,44,137.0,19.0,5,0.4,82
2018-04-14,47,133.0,42.0,7,0.74,77
2018-04-15,52,124.0,61.0,15,1.0,69
2018-04-16,48,120.0,69.0,16,1.19,73
2018-04-17,46,129.0,78.0,26,1.28,81
2018-04-18,47,142.0,63.0,24,1.08,85
2018-04-19,49,102.0,35.0,7,0.63,108
2018-04-20,64,148.0,37.0,5,0.7,102
2018-04-21,45,127.0,55.0,11,0.8,60
2018-04-22,36,104.0,44.0,15,0.79,69
2018-04-23,33,70.0,19.0,4,0.51,71
2018-04-24,23,35.0,27.0,5,0.52,74
2018-04-25,40,75.0,46.0,12,0.66,64
2018-04-26,35,96.0,39.0,12,0.63,76
2018-04-27,43,109.0,49.0,15,0.84,78
2018-04-28,40,104.0,56.0,11,0.8,77
2018-04-29,39,117.0,49.0,9,0.83,76
2018-04-30,28,54.0,23.0,4,0.45,96
2018-05-01,37,97.0,33.0,10,0.51,82
2018-05-02,39,136.0,45.0,12,0.69,86
2018-05-03,38,116.0,50.0,12,0.78,86
2018-05-04,51,166.0,28.0,5,0.64,91
2018-05-05,31,84.0,19.0,4,0.36,106
2018-05-06,27,59.0,37.0,5,0.64,84
2018-05-07,28,74.0,40.0,9,0.7,115
2018-05-08,26,65.0,33.0,4,0.55,78
2018-05-09,41,120.0,23.0,4,0.56,75
2018-05-10,25,44.0,27.0,4,0.6,65
2018-05-11,35,80.0,43.0,10,0.73,91
2018-05-12,43,132.0,54.0,16,0.87,93
2018-05-13,55,182.0,65.0,21,1.09,71
2018-05-14,42,113.0,50.0,14,0.88,94
2018-05-15,44,129.0,37.0,10,0.7,87
2018-05-16,75,214.5,24.0,6,0.43,79
2018-05-17,46,142.0,31.0,10,0.52,73
2018-05-18,55,174.0,30.0,9,0.58,97
2018-05-19,63,150.0,23.0,5,0.51,97
2018-05-20,32,77.0,38.0,10,0.6,71
2018-05-21,38,89.0,27.0,6,0.46,86
2018-05-22,22,59.0,33.0,11,0.58,92
2018-05-23,23,73.0,43.0,12,0.65,84
2018-05-24,28,76.0,38.0,10,0.65,76
2018-05-25,58,214.5,28.0,13,0.58,98
2018-05-26,68,214.5,27.0,6,0.56,116
2018-05-27,57,195.0,54.0,15,0.82,74
2018-05-28,41,136.0,58.0,22,0.84,84
2018-05-29,30,100.0,52.0,16,0.58,72
2018-05-30,31,95.0,51.0,20,0.66,91
2018-05-31,25,82.0,35.0,8,0.49,91
2018-06-01,31,79.0,34.0,8,0.6,112
2018-06-02,35,130.0,37.0,14,0.95,90
2018-06-03,34,82.0,20.0,5,0.5,100
2018-06-04,26,69.0,47.0,13,0.89,70
2018-06-05,34,95.0,61.0,21,1.0,99
2018-06-06,39,110.0,46.0,13,0.74,66
2018-06-07,37,83.0,44.0,14,0.64,67
2018-06-08,24,45.0,30.0,8,0.59,87
2018-06-09,23,54.0,38.0,16,0.77,104
2018-06-10,24,62.0,40.0,14,0.65,109
2018-06-11,27,72.0,47.0,16,0.78,112
2018-06-12,31,95.0,48.0,22,0.81,115
2018-06-13,27,82.0,41.0,10,0.64,105
2018-06-14,29,89.0,50.0,19,0.68,113
2018-06-15,27,60.0,25.0,6,0.61,99
2018-06-16,28,63.0,32.0,10,0.69,98
2018-06-17,38,104.0,62.0,24,1.11,75
2018-06-18,36,75.0,55.0,13,0.96,81
2018-06-19,35,77.0,51.0,14,0.98,82
2018-06-20,29,70.0,45.0,12,0.79,110
2018-06-21,27,59.0,36.0,9,0.77,101
2018-06-22,32,87.0,49.0,15,0.75,105
2018-06-23,26,71.0,35.0,9,0.52,111
2018-06-24,31,92.0,18.0,7,0.5,102
2018-06-25,30,60.0,41.0,10,0.86,83
2018-06-26,27,66.0,39.0,10,0.73,77
2018-06-27,18,45.0,28.0,8,0.58,73
2018-06-28,19,45.0,31.0,8,0.65,91
2018-06-29,22,62.0,34.0,11,0.63,88
2018-06-30,20,55.0,37.0,10,0.74,86
2018-07-01,21,41.0,26.0,6,0.58,69
2018-07-02,21,40.0,32.0,5,0.65,70
2018-07-03,30,54.0,44.0,13,0.88,52
2018-07-04,19,38.0,32.0,9,0.77,88
2018-07-05,24,60.0,44.0,11,0.9,65
2018-07-06,23,52.0,34.0,10,0.79,75
2018-07-07,28,58.0,40.0,11,0.87,64
2018-07-08,24,38.0,37.0,8,0.69,56
2018-07-09,28,45.0,33.0,8,0.71,102
2018-07-10,19,44.0,39.0,8,0.78,46
2018-07-11,29,68.0,40.0,9,0.76,90
2018-07-12,34,87.0,46.0,20,0.8,98
2018-07-13,26,82.0,43.0,15,0.79,91
2018-07-14,20,53.0,29.0,17,0.54,61
2018-07-15,73,214.5,25.0,7,0.55,91
2018-07-16,37,96.0,48.0,8,0.81,97
2018-07-17,27,86.0,46.0,11,0.71,71
2018-07-18,19,43.0,22.0,6,0.56,62
2018-07-19,27,50.0,25.0,8,0.66,100
2018-07-20,24,40.0,26.0,5,0.52,74
2018-07-21,22,52.0,41.0,7,0.9,84
2018-07-22,28,69.0,45.0,11,0.84,85
2018-07-23,19,35.0,33.0,6,0.58,87
2018-07-24,32,68.0,50.0,7,0.88,98
2018-07-25,27,79.0,47.0,11,0.87,90
2018-07-26,30,69.0,31.0,6,0.67,76
2018-07-27,31,65.0,29.0,5,0.63,72
2018-07-28,20,45.0,22.0,4,0.58,71
2018-07-29,27,81.0,19.0,5,0.61,77
2018-07-30,20,53.0,23.0,4,0.6,77
2018-07-31,21,48.0,28.0,5,0.7,83
2018-08-01,18,49.0,29.0,4,0.61,66
2018-08-02,19,38.0,28.0,5,0.6,46
2018-08-03,15,30.0,24.0,4,0.64,37
2018-08-04,27,58.0,37.0,5,0.88,81
2018-08-05,31,80.0,41.0,9,0.83,116
2018-08-06,32,92.0,22.0,7,0.55,87
2018-08-07,20,38.0,23.0,9,0.62,76
2018-08-08,20,38.0,29.0,4,0.9,88
2018-08-09,23,54.0,33.0,7,0.78,94
2018-08-10,24,44.0,29.0,4,0.65,96
2018-08-11,29,68.0,38.0,10,0.89,93
2018-08-12,31,77.0,48.0,12,0.88,63
2018-08-13,30,51.0,32.0,5,0.72,97
2018-08-14,27,54.0,30.0,8,0.79,74
2018-08-15,28,59.0,25.0,4,0.64,72
2018-08-16,21,51.0,25.0,7,0.56,79
2018-08-17,22,58.0,32.0,11,0.69,86
2018-08-18,34,81.0,38.0,20,0.83,99
2018-08-19,39,86.0,42.0,14,1.01,104
2018-08-20,28,71.0,33.0,12,0.77,78
2018-08-21,20,29.0,22.0,5,0.68,93
2018-08-22,25,52.0,35.0,6,0.76,99
2018-08-23,28,66.0,41.0,10,0.71,105
2018-08-25,26,49.0,28.0,7,0.71,88
2018-08-27,31,52.0,28.0,4,0.8,78
2018-08-29,39,80.0,26.0,5,0.87,88
2018-08-31,35,53.0,30.0,6,0.98,54
2018-09-02,18,40.0,28.0,8,0.64,63
2018-09-03,27,61.0,37.0,7,0.67,101
2018-09-04,20,46.0,42.0,8,0.66,39
2018-09-05,23,43.0,41.0,7,0.7,57
2018-09-06,21,57.0,34.0,10,0.49,48
2018-09-07,21,60.0,36.0,10,0.52,42
2018-09-08,19,64.0,39.0,11,0.82,48
2018-09-09,20,44.0,28.0,5,0.51,53
2018-09-10,27,59.0,40.0,8,0.84,50
2018-09-11,24,55.0,35.0,6,0.64,51
2018-09-12,23,55.0,38.0,15,0.59,78
2018-09-13,21,41.0,34.0,9,0.55,66
2018-09-14,24,62.0,32.0,8,0.53,48
2018-09-15,16,24.0,22.0,6,0.51,55
2018-09-16,22,36.0,28.0,6,0.56,51
2018-09-17,16,33.0,30.0,6,0.54,44
2018-09-18,18,31.0,31.0,6,0.77,39
2018-09-19,21,42.0,41.0,6,0.81,64
2018-09-20,27,65.0,46.0,15,0.92,58
2018-09-21,28,75.0,42.0,13,0.73,60
2018-09-22,28,82.0,48.0,13,0.79,71
2018-09-23,25,68.0,43.0,16,0.68,54
2018-09-24,17,41.0,28.0,5,0.62,45
2018-09-25,16,30.0,26.0,7,0.69,58
2018-09-26,17,36.0,33.0,7,0.69,53
2018-09-27,24,54.0,26.0,6,0.44,57
2018-09-28,28,77.0,43.0,9,0.82,40
2018-09-29,30,81.0,52.0,15,0.85,56
2018-09-30,27,77.0,45.0,20,0.84,42
2018-10-01,25,59.0,39.0,8,0.72,57
2018-10-02,26,66.0,46.0,16,0.72,58
2018-10-03,33,74.0,50.0,19,0.84,58
2018-10-04,30,68.0,49.0,15,0.71,55
2018-10-05,23,61.0,32.0,9,0.48,48
2018-10-06,20,64.0,22.0,11,0.43,66
2018-10-07,26,64.0,33.0,11,0.65,59
2018-10-08,24,45.0,32.0,9,0.49,63
2018-10-09,26,77.0,46.0,17,0.73,40
2018-10-10,29,82.0,54.0,20,0.91,46
2018-10-11,32,86.0,61.0,18,0.92,53
2018-10-12,35,77.0,47.0,11,0.8,44
2018-10-13,35,66.0,47.0,10,0.77,23
2018-10-14,36,64.0,44.0,13,0.86,44
2018-10-15,38,74.0,52.0,19,0.97,49
2018-10-16,32,68.0,45.0,13,0.85,42
2018-10-17,24,45.0,38.0,7,0.79,32
2018-10-18,25,46.0,34.0,7,0.72,32
2018-10-19,17,24.0,25.0,4,0.59,45
2018-10-20,28,45.0,37.0,8,0.86,24
2018-10-21,36,88.0,32.0,7,0.79,32
2018-10-22,55,182.0,33.0,10,0.46,49
2018-10-23,54,157.0,56.0,14,0.97,34
2018-10-24,44,107.0,44.0,11,0.85,31
2018-10-25,25,86.0,37.0,11,0.52,53
2018-10-26,37,111.0,57.0,15,0.85,41
2018-10-27,43,109.0,64.0,21,0.99,43
2018-10-28,38,90.0,63.0,23,0.95,61
2018-10-29,41,103.0,65.0,24,1.02,37
2018-10-30,39,107.0,65.0,27,1.02,44
2018-10-31,43,115.0,78.0,28,1.35,36
2018-11-01,50,119.0,80.0,26,1.54,28
2018-11-02,47,94.0,51.0,19,1.13,40
2018-11-03,23,64.0,19.0,13,0.33,63
2018-11-04,24,37.0,26.0,8,0.58,45
2018-11-05,26,38.0,36.0,6,0.69,40
2018-11-06,34,48.0,38.0,8,0.76,36
2018-11-07,34,51.0,39.0,7,0.83,45
2018-11-08,48,91.0,63.0,15,1.53,41
2018-11-09,52,104.0,62.0,25,1.53,39
2018-11-10,29,70.0,35.0,12,0.71,60
2018-11-11,65,129.0,71.0,23,1.72,33
2018-11-12,79,146.0,82.0,25,2.13,36
2018-11-13,78,140.0,85.0,22,1.74,32
2018-11-14,36,111.0,32.0,9,0.57,47
2018-11-15,23,49.0,27.0,20,0.45,48
2018-11-16,26,52.0,33.0,15,0.58,39
2018-11-17,40,66.0,45.0,18,0.95,31
2018-11-18,45,80.0,51.0,20,1.21,30
2018-11-19,53,103.0,60.0,27,1.52,28
2018-11-20,38,78.0,42.0,23,0.89,42
2018-11-21,30,73.0,45.0,17,0.84,47
2018-11-22,59,124.0,73.0,33,1.66,30
2018-11-23,56,116.0,71.0,29,1.9,28
2018-11-24,57,115.0,69.0,38,1.77,28
2018-11-25,74,140.0,83.0,32,2.18,28
2018-11-26,91,214.5,37.0,14,0.58,36
2018-11-27,91,214.5,55.0,24,1.41,22
2018-11-28,91,214.5,81.0,33,2.09,26
2018-11-29,80,214.5,82.0,36,2.06,27
2018-11-30,54,145.0,65.0,29,1.67,27
2018-12-01,56,126.0,71.0,28,1.8,33
2018-12-02,75,214.5,35.0,15,0.82,40
2018-12-03,62,214.5,30.0,14,0.69,40
2018-12-04,44,164.0,37.0,14,0.83,40
2018-12-05,42,148.0,38.0,16,0.88,36
2018-12-06,26,88.0,23.0,11,0.59,48
2018-12-07,29,71.0,34.0,18,0.78,32
2018-12-08,29,70.0,32.0,27,0.88,25
2018-12-09,48,89.0,39.0,16,1.31,19
2018-12-10,45,86.0,31.0,18,0.89,40
2018-12-11,42,125.0,44.0,17,0.97,35
2018-12-12,66,143.0,62.0,26,1.86,22
2018-12-13,74,144.0,65.0,35,1.92,21
2018-12-14,61,112.0,47.0,26,1.54,22
2018-12-15,56,104.0,55.0,25,1.62,21
2018-12-16,68,122.0,65.0,33,2.05,23
2018-12-17,77,141.0,80.0,38,2.53,28
2018-12-18,82,145.0,86.0,38,2.81,21
2018-12-19,72,131.0,81.0,38,2.49,24
2018-12-20,50,100.0,56.0,25,1.53,34
2018-12-21,31,78.0,59.0,38,1.25,28
2018-12-28,27,77.0,27.0,20,0.77,35
2018-12-29,48,91.0,46.0,25,1.33,26
2018-12-30,69,106.0,50.0,21,1.75,24
2018-12-31,65,100.0,48.0,26,1.35,32
2019-01-01,82,118.0,64.0,22,2.14,31
2019-01-02,91,137.0,73.0,26,2.61,24
2019-01-03,52,81.0,49.0,31,1.43,29
2019-01-04,52,91.0,57.0,29,1.32,32
2019-01-05,68,115.0,70.0,36,2.08,24
2019-01-06,59,100.0,51.0,26,1.53,35
2019-01-07,31,71.0,39.0,23,0.84,45
2019-01-08,39,83.0,45.0,22,1.19,36
2019-01-09,55,100.0,51.0,26,1.53,30
2019-01-10,40,88.0,41.0,18,0.95,42
2019-01-11,77,137.0,73.0,31,2.3,26
2019-01-12,58,133.0,73.0,32,1.79,34
2019-01-13,61,120.0,80.0,37,2.13,30
2019-01-14,35,72.0,45.0,20,1.02,42
2019-01-15,21,49.0,35.0,14,0.67,48
2019-01-16,37,71.0,49.0,25,1.3,29
2019-01-17,46,87.0,54.0,27,1.57,32
2019-01-18,26,61.0,35.0,18,0.69,49
2019-01-19,34,74.0,46.0,23,1.05,34
2019-01-20,27,54.0,34.0,20,0.76,41
2019-01-21,52,82.0,58.0,20,1.33,34
2019-01-22,58,98.0,72.0,25,2.04,33
2019-01-23,54,96.0,71.0,30,2.06,30
2019-01-24,44,82.0,55.0,22,1.24,33
2019-01-25,42,82.0,59.0,21,1.25,38
2019-01-26,38,81.0,47.0,24,1.2,44
2019-01-27,23,52.0,30.0,16,0.59,58
2019-01-28,30,62.0,43.0,38,0.94,37
2019-01-29,29,57.0,45.0,26,1.04,38
2019-01-30,25,65.0,24.0,14,0.64,53
2019-01-31,30,84.0,32.0,10,0.67,49
2019-02-01,53,121.0,63.0,20,1.75,38
2019-02-02,29,102.0,34.0,20,0.69,51
2019-02-03,25,71.0,31.0,15,0.74,53
2019-02-04,38,86.0,45.0,25,1.21,51
2019-02-05,40,82.0,40.0,32,1.3,52
2019-02-06,24,51.0,30.0,20,0.81,57
2019-02-07,23,75.0,25.0,21,0.66,58
2019-02-08,31,125.0,17.0,18,0.52,61
2019-02-09,24,74.0,18.0,14,0.56,56
2019-02-10,30,83.0,24.0,15,0.71,52
2019-02-11,38,93.0,39.0,21,1.08,47
2019-02-12,37,101.0,45.0,20,1.08,51
2019-02-13,45,132.0,51.0,23,1.34,48
2019-02-14,35,174.0,19.0,8,0.43,64
2019-02-15,31,108.0,30.0,17,0.77,50
2019-02-16,31,80.0,26.0,27,0.73,55
2019-02-17,31,64.0,25.0,29,0.72,57
2019-02-18,37,70.0,31.0,15,0.9,62
2019-02-19,55,108.0,53.0,22,1.23,46
2019-02-20,39,77.0,39.0,13,1.08,46
2019-02-21,34,66.0,38.0,14,0.99,63
2019-02-22,45,79.0,46.0,15,1.21,43
2019-02-23,42,78.0,47.0,15,1.14,43
2019-02-24,38,62.0,28.0,13,0.76,67
2019-02-25,38,72.0,30.0,12,0.75,58
2019-02-26,43,88.0,33.0,15,0.82,54
2019-02-27,37,60.0,42.0,8,0.95,46
2019-02-28,38,60.0,47.0,10,1.18,38
2019-03-01,34,54.0,48.0,8,1.08,31
2019-03-02,39,68.0,46.0,11,1.23,46
2019-03-03,43,79.0,59.0,13,1.33,50
2019-03-04,37,76.0,48.0,17,1.02,54
2019-03-05,37,73.0,45.0,19,0.85,71
2019-03-06,40,77.0,56.0,14,1.08,57
2019-03-07,31,53.0,38.0,8,0.87,61
2019-03-08,27,57.0,33.0,10,0.83,61
2019-03-09,34,70.0,33.0,10,0.73,70
2019-03-10,27,74.0,29.0,9,0.53,77
2019-03-11,22,64.0,31.0,14,0.57,69
2019-03-12,29,83.0,49.0,17,0.96,61
2019-03-13,24,61.0,34.0,20,0.61,65
2019-03-14,34,76.0,50.0,16,1.14,56
2019-03-15,33,81.0,59.0,18,0.96,61
2019-03-16,34,85.0,51.0,16,0.94,58
2019-03-17,32,70.0,38.0,15,0.76,69
2019-03-18,38,86.0,51.0,15,0.93,68
2019-03-19,31,85.0,41.0,18,0.81,66
2019-03-20,33,133.0,21.0,8,0.38,76
2019-03-21,30,116.0,26.0,11,0.48,70
2019-03-22,28,89.0,35.0,18,0.56,60
2019-03-23,33,94.0,52.0,13,0.78,63
2019-03-24,33,99.0,40.0,12,0.68,74
2019-03-25,36,109.0,51.0,17,0.85,72
2019-03-26,39,119.0,48.0,22,0.8,66
2019-03-27,46,175.0,46.0,13,0.81,62
2019-03-28,55,214.5,40.0,10,0.62,64
2019-03-29,29,116.0,26.0,10,0.5,71
2019-03-30,31,109.0,39.0,11,0.65,67
2019-03-31,32,92.0,52.0,18,0.87,67
2019-04-01,36,121.0,53.0,19,0.85,70
2019-04-02,24,72.0,39.0,11,0.57,87
2019-04-03,32,89.0,56.0,16,0.72,73
2019-04-04,28,81.0,40.0,10,0.63,91
2019-04-05,31,95.0,57.0,19,0.88,65
2019-04-06,42,164.0,48.0,17,0.78,67
2019-04-07,38,141.0,42.0,15,0.81,74
2019-04-08,28,84.0,24.0,7,0.56,87
2019-04-09,18,40.0,21.0,9,0.5,77
2019-04-10,16,46.0,17.0,11,0.44,89
2019-04-11,19,59.0,33.0,14,0.47,76
2019-04-12,21,55.0,25.0,6,0.53,90
2019-04-13,22,46.0,24.0,6,0.44,73
2019-04-14,24,58.0,39.0,8,0.65,68
2019-04-15,25,67.0,49.0,12,0.6,53
2019-04-16,31,81.0,62.0,12,1.02,68
2019-04-17,30,90.0,66.0,15,0.95,84
2019-04-18,23,68.0,43.0,10,0.78,65
2019-04-19,37,123.0,39.0,11,0.63,64
2019-04-20,35,92.0,27.0,5,0.5,76
2019-04-21,30,83.0,50.0,14,0.86,71
2019-04-22,27,80.0,49.0,9,0.67,78
2019-04-23,27,70.0,55.0,13,0.7,87
2019-04-24,36,142.0,26.0,5,0.44,79
2019-04-25,31,94.0,38.0,15,0.56,82
2019-04-26,37,122.0,45.0,9,0.62,76
2019-04-27,37,84.0,19.0,6,0.48,93
2019-04-28,29,62.0,29.0,8,0.5,82
2019-04-29,23,55.0,24.0,9,0.46,66
2019-04-30,17,39.0,27.0,5,0.52,68
2019-05-01,25,65.0,36.0,6,0.55,61
2019-05-02,23,62.0,38.0,7,0.58,57
2019-05-03,18,41.0,24.0,8,0.64,84
2019-05-04,22,56.0,40.0,8,0.62,70
2019-05-05,18,36.0,19.0,4,0.52,81
2019-05-06,14,29.0,23.0,4,0.55,84
2019-05-07,13,26.0,24.0,5,0.65,82
2019-05-08,15,30.0,17.0,7,0.42,81
2019-05-09,16,37.0,31.0,5,0.51,63
2019-05-10,19,43.0,32.0,8,0.54,70
2019-05-11,19,42.0,30.0,5,0.5,76
2019-05-12,91,214.5,18.0,4,0.42,78
2019-05-13,91,214.5,39.0,7,0.64,55
2019-05-14,28,81.0,30.0,5,0.53,83
2019-05-15,49,168.0,33.0,4,0.53,71
2019-05-16,32,106.0,34.0,6,0.7,73
2019-05-17,25,75.0,35.0,10,0.74,72
2019-05-18,36,123.0,20.0,5,0.5,83
2019-05-19,36,120.0,16.0,5,0.42,88
2019-05-20,25,84.0,39.0,7,0.58,61
2019-05-21,23,76.0,42.0,12,0.67,67
2019-05-22,21,71.0,45.0,13,0.66,72
2019-05-23,23,68.0,49.0,15,0.7,68
2019-05-24,20,61.0,45.0,9,0.59,71
2019-05-25,37,122.0,40.0,11,0.61,63
2019-05-26,28,99.0,21.0,6,0.36,81
2019-05-27,17,37.0,18.0,4,0.53,84
2019-05-28,22,53.0,30.0,7,0.66,66
2019-05-29,20,52.0,36.0,10,0.49,71
2019-05-30,16,47.0,34.0,7,0.53,91
2019-05-31,25,72.0,49.0,14,0.8,56
2019-06-01,26,71.0,40.0,9,0.72,64
2019-06-02,19,56.0,33.0,7,0.51,86
2019-06-03,16,47.0,32.0,8,0.48,90
2019-06-04,21,55.0,35.0,8,0.5,63
2019-06-05,18,42.0,32.0,8,0.57,71
2019-06-06,18,48.0,33.0,10,0.51,75
2019-06-07,21,57.0,31.0,17,0.49,72
2019-06-08,20,53.0,29.0,18,0.5,78
2019-06-09,17,47.0,31.0,7,0.47,80
2019-06-10,19,47.0,35.0,9,0.59,75
2019-06-11,19,43.0,29.0,5,0.44,66
2019-06-14,34,61.0,20.0,4,0.38,70
2019-06-15,21,48.0,24.0,6,0.48,77
2019-06-17,22,60.0,52.0,15,0.86,71
2019-06-18,21,54.0,52.0,13,0.69,55
2019-06-19,15,31.0,30.0,7,0.58,88
2019-06-20,13,33.0,32.0,12,0.7,62
2019-06-25,16,46.0,27.0,7,0.58,78
2019-06-26,13,35.0,23.0,5,0.45,64
2019-06-27,10,23.0,22.0,4,0.52,75
2019-06-28,13,36.0,35.0,5,0.6,76
2019-06-29,22,70.0,52.0,15,0.75,44
2019-06-30,17,51.0,38.0,10,0.55,58
2019-07-01,22,63.0,42.0,11,0.7,70
2019-07-02,18,54.0,38.0,8,0.57,60
2019-07-03,20,50.0,35.0,11,0.63,69
2019-07-04,16,41.0,36.0,8,0.62,87
2019-07-05,25,95.0,39.0,10,0.63,74
2019-07-06,22,84.0,38.0,8,0.64,74
2019-07-07,17,56.0,23.0,4,0.46,88
2019-07-12,18,41.0,42.0,7,0.66,113
2019-07-13,20,49.0,41.0,14,0.77,124
2019-07-14,20,55.0,43.0,9,0.7,78
2019-07-15,17,32.0,38.0,5,0.66,84
2019-07-16,17,46.0,47.0,7,0.89,83
2019-07-17,19,50.0,47.0,10,0.97,88
2019-07-18,20,54.0,49.0,9,0.68,64
2019-07-19,12,24.0,28.0,5,0.5,93
2019-07-20,14,43.0,46.0,8,0.8,82
2019-07-21,13,36.0,43.0,6,0.58,59
2019-07-22,17,56.0,41.0,7,0.79,88
2019-07-23,21,68.0,45.0,15,0.85,83
2019-07-24,18,53.0,36.0,5,0.59,76
2019-07-25,17,52.0,52.0,11,0.86,56
2019-07-26,16,58.0,43.0,11,0.72,77
2019-08-06,16,49.0,38.0,7,0.78,81
2019-08-07,21,60.0,40.0,10,0.77,78
2019-08-08,17,45.0,23.0,5,0.45,80
2019-08-09,15,41.0,31.0,6,0.61,76
2019-08-10,17,47.0,38.0,9,0.74,79
2019-08-11,18,56.0,39.0,12,0.82,82
2019-08-21,16,38.0,31.0,6,0.57,51
2019-08-22,19,40.0,23.0,23,0.6,64
2019-08-23,15,34.0,32.0,8,0.71,51
2019-08-24,15,37.0,46.0,6,0.72,47
2019-08-25,15,49.0,38.0,8,0.89,56
2019-08-26,13,28.0,27.0,5,0.63,83
2019-08-27,18,53.0,42.0,9,0.88,77
2019-08-28,20,39.0,34.0,10,0.76,66
2019-09-01,22,54.0,40.0,14,0.8,68
2019-09-02,17,41.0,30.0,6,0.67,61
2019-09-03,15,33.0,23.0,5,0.59,55
2019-09-04,22,50.0,32.0,7,0.83,61
2019-09-05,21,49.0,34.0,8,0.7,62
2019-09-06,19,49.0,33.0,8,0.77,56
2019-09-07,24,67.0,33.0,11,0.74,69
2019-09-08,29,77.0,28.0,13,0.81,70
2019-09-09,12,23.0,16.0,8,0.48,91
2019-09-10,19,46.0,43.0,8,0.8,50
2019-09-11,21,48.0,41.0,11,0.85,71
2019-09-12,12,27.0,23.0,8,0.56,49
2019-09-13,16,32.0,28.0,14,0.54,49
2019-09-14,19,43.0,32.0,9,0.66,56
2019-09-15,19,46.0,42.0,7,0.69,52
2019-09-16,25,66.0,46.0,15,1.13,37
2019-09-17,16,32.0,32.0,6,0.63,57
2019-09-18,16,33.0,30.0,6,0.49,58
2019-09-19,23,48.0,40.0,8,0.82,38
2019-09-20,29,62.0,46.0,9,0.6,58
2019-09-21,31,85.0,59.0,16,0.95,42
2019-09-22,29,77.0,59.0,17,0.88,51
2019-09-23,27,69.0,52.0,20,0.92,48
2019-09-24,30,69.0,52.0,16,0.88,50
2019-09-25,31,77.0,63.0,18,1.17,55
2019-09-26,33,87.0,64.0,17,1.08,47
2019-09-27,33,87.0,66.0,18,1.09,44
2019-09-28,31,81.0,57.0,21,0.9,53
2019-09-29,27,77.0,56.0,14,1.01,53
2019-09-30,28,70.0,43.0,10,0.82,47
2019-10-01,30,61.0,36.0,8,0.73,64
2019-10-02,20,42.0,30.0,7,0.68,50
2019-10-03,21,59.0,29.0,12,0.58,47
2019-10-04,22,46.0,23.0,5,0.6,51
2019-10-05,25,48.0,33.0,8,0.73,26
2019-10-06,17,28.0,19.0,9,0.52,49
2019-10-07,26,49.0,36.0,12,1.2,30
2019-10-08,27,52.0,43.0,9,0.68,27
2019-10-09,25,54.0,42.0,11,0.82,28
2019-10-10,29,71.0,55.0,12,0.95,26
2019-10-11,36,89.0,65.0,19,1.13,17
2019-10-12,31,73.0,49.0,19,0.83,48
2019-10-13,33,75.0,57.0,18,0.93,25
2019-10-14,30,61.0,40.0,12,0.75,43
2019-10-15,24,41.0,27.0,17,0.64,38
2019-10-16,26,44.0,39.0,6,0.7,46
2019-10-17,40,88.0,67.0,14,1.1,38
2019-10-18,44,103.0,64.0,19,1.57,29
2019-10-19,33,83.0,35.0,11,0.7,39
2019-10-20,35,112.0,53.0,14,0.95,38
2019-10-21,40,102.0,57.0,20,1.08,21
2019-10-22,40,76.0,60.0,22,1.07,35
2019-10-23,40,78.0,44.0,14,0.88,34
2019-10-24,25,57.0,28.0,5,0.61,42
2019-10-25,36,72.0,40.0,10,1.03,27
2019-10-26,34,76.0,55.0,12,1.04,28
2019-10-27,44,97.0,59.0,19,1.35,22
2019-10-28,56,132.0,77.0,27,1.84,31
2019-10-29,56,130.0,72.0,28,1.78,23
2019-10-30,52,142.0,76.0,28,1.76,18
2019-10-31,49,123.0,65.0,38,1.5,13
2019-10-31,49,123.0,65.0,38,1.5,13
2019-11-01,44,95.0,61.0,21,1.4,24
2019-11-02,51,120.0,75.0,27,1.81,26
2019-11-03,53,125.0,77.0,27,1.82,26
2019-11-04,47,102.0,67.0,20,1.49,22
2019-11-05,50,81.0,63.0,22,1.6,7
2019-11-06,48,75.0,57.0,9,1.13,21
2019-11-07,50,99.0,68.0,16,1.52,21
2019-11-08,39,77.0,53.0,14,1.2,26
2019-11-09,32,68.0,35.0,14,0.63,56
2019-11-10,46,103.0,71.0,23,1.62,17
2019-11-11,50,111.0,71.0,29,1.44,29
2019-11-12,31,74.0,49.0,21,0.87,33
2019-11-13,31,79.0,52.0,14,1.06,37
2019-11-14,55,155.0,81.0,25,2.08,26
2019-11-15,60,144.0,84.0,38,1.7,20
2019-11-16,53,144.0,65.0,35,1.38,31
2019-11-17,55,186.0,31.0,7,0.52,53
2019-11-18,58,148.0,69.0,27,1.23,15
2019-11-19,79,183.0,88.0,28,1.8,16
2019-11-20,52,115.0,72.0,20,1.34,25
2019-11-21,66,141.0,76.0,21,1.78,13
2019-11-22,46,93.0,46.0,18,1.19,29
2019-11-23,33,90.0,48.0,23,0.84,31
2019-11-24,30,60.0,33.0,16,0.72,45
2019-11-25,47,93.0,58.0,20,1.4,18
2019-11-26,40,75.0,44.0,14,1.15,28
2019-11-27,38,91.0,43.0,17,0.98,42
2019-11-28,47,87.0,48.0,17,1.31,23
2019-11-29,36,80.0,32.0,13,0.76,37
2019-11-30,28,57.0,32.0,9,0.61,47
2019-12-01,40,62.0,47.0,11,0.86,38
2019-12-02,57,98.0,60.0,16,1.47,27
2019-12-03,80,134.0,74.0,22,1.83,24
2019-12-04,84,148.0,83.0,36,2.15,17
2019-12-05,91,168.0,90.5,32,2.5,16
2019-12-06,91,173.0,90.5,38,2.75,20
2019-12-07,77,145.0,85.0,38,2.33,17
2019-12-08,91,178.0,90.5,38,2.68,18
2019-12-09,91,182.0,90.5,38,2.96,24
2019-12-10,88,164.0,87.0,38,2.85,21
2019-12-11,80,154.0,90.0,38,2.56,18
2019-12-12,82,154.0,88.0,38,2.34,17
2019-12-13,86,162.0,90.5,38,2.71,18
2019-12-14,91,159.0,90.5,38,2.37,22
2019-12-15,75,129.0,68.0,38,1.79,20
2019-12-16,35,71.0,34.0,18,0.73,53
2019-12-17,26,46.0,29.0,23,0.65,63
2019-12-18,37,70.0,54.0,20,1.22,37
2019-12-19,36,68.0,51.0,26,1.26,44
2019-12-20,69,125.0,84.0,34,1.99,22
2019-12-21,80,148.0,90.5,38,2.67,20
2019-12-22,65,126.0,84.0,38,2.5,18
2019-12-23,77,148.0,87.0,38,3.0,16
2019-12-24,57,129.0,67.0,33,1.9,20
2019-12-25,30,75.0,32.0,14,0.78,43
2019-12-26,37,95.0,59.0,29,1.65,21
2019-12-27,66,134.0,75.0,38,2.6,15
2019-12-28,69,137.0,90.5,38,2.88,19
2019-12-29,42,89.0,62.0,38,1.83,21
2019-12-30,44,95.0,74.0,38,1.86,19
2019-12-31,68,133.0,90.5,38,2.63,16
2020-01-01,73,124.0,90.5,38,2.3,19
2020-01-02,64,107.0,76.0,27,2.11,12
2020-01-03,91,159.0,90.5,30,3.1,13
2020-01-04,91,157.0,90.5,38,2.72,18
2020-01-05,44,84.0,58.0,17,1.18,31
2020-01-06,34,54.0,45.0,10,0.85,54
2020-01-07,53,78.0,54.0,25,1.42,31
2020-01-08,81,121.0,81.0,26,1.92,21
2020-01-09,59,87.0,41.0,22,1.03,55
2020-01-10,50,61.0,38.0,19,0.97,64
2020-01-11,61,83.0,65.0,15,1.39,44
2020-01-12,48,72.0,68.0,23,1.53,31
2020-01-13,40,66.0,60.0,20,1.12,38
2020-01-14,55,87.0,61.0,17,1.62,29
2020-01-15,55,78.0,47.0,18,1.23,33
2020-01-16,78,113.0,72.0,20,1.88,25
2020-01-17,91,132.0,82.0,22,2.25,22
2020-01-18,47,75.0,54.0,18,1.23,40
2020-01-19,42,73.0,69.0,28,1.56,28
2020-01-20,58,93.0,75.0,29,2.19,25
2020-01-21,75,112.0,88.0,29,2.25,31
2020-01-22,67,100.0,73.0,27,1.81,32
2020-01-23,43,65.0,50.0,21,1.16,47
2020-01-24,36,56.0,37.0,16,0.87,62
2020-01-25,76,101.0,46.0,24,1.58,49
2020-01-26,58,73.0,42.0,15,1.26,44
2020-01-27,67,88.0,46.0,20,1.6,42
2020-01-28,71,97.0,50.0,28,1.79,47
2020-01-29,66,93.0,59.0,27,1.88,46
2020-01-30,56,81.0,62.0,28,1.72,51
2020-01-31,52,75.0,57.0,27,1.52,58
2020-02-01,40,54.0,26.0,16,0.85,78
2020-02-02,32,48.0,37.0,18,1.22,54
2020-02-03,40,63.0,54.0,23,1.45,50
2020-02-04,42,67.0,54.0,29,1.58,52
2020-02-05,47,70.0,47.0,24,1.31,46
2020-02-06,49,71.0,47.0,26,1.75,45
2020-02-07,44,63.0,41.0,19,1.35,56
2020-02-08,40,64.0,39.0,19,1.04,65
2020-02-09,52,80.0,53.0,25,1.51,52
2020-02-10,58,87.0,63.0,27,1.69,46
2020-02-11,45,72.0,59.0,25,1.49,58
2020-02-12,35,65.0,62.0,27,1.55,50
2020-02-13,40,158.0,39.0,20,1.14,49
2020-02-14,34,154.0,10.0,8,0.37,77
2020-02-15,20,56.0,20.0,9,0.53,71
2020-02-16,32,67.0,39.0,20,1.05,57
2020-02-17,40,78.0,56.0,25,1.26,50
2020-02-18,37,77.0,44.0,19,1.08,53
2020-02-19,43,102.0,57.0,24,1.36,46
2020-02-20,54,214.5,18.0,9,0.45,72
2020-02-21,40,155.0,37.0,14,0.9,57
2020-02-22,48,125.0,60.0,22,1.2,49
2020-02-23,57,129.0,77.0,26,1.54,42
2020-02-24,46,101.0,58.0,19,1.41,44
2020-02-25,41,111.0,59.0,28,1.12,49
2020-02-26,41,107.0,52.0,26,1.08,66
2020-02-27,36,86.0,31.0,12,0.79,77
2020-02-28,29,55.0,45.0,11,0.88,37
2020-02-29,27,84.0,38.0,13,0.88,56
2020-03-01,19,66.0,17.0,10,0.52,84
2020-03-02,25,68.0,37.0,14,0.75,59
2020-03-03,23,59.0,44.0,15,0.75,68
2020-03-04,36,82.0,63.0,22,1.19,50
2020-03-05,34,74.0,53.0,20,1.08,56
2020-03-06,30,65.0,42.0,12,1.09,52
2020-03-07,39,92.0,65.0,23,1.28,58
2020-03-08,28,88.0,18.0,6,0.46,80
2020-03-09,36,109.0,21.0,11,0.53,73
2020-03-10,41,109.0,60.0,21,1.29,46
2020-03-11,42,100.0,62.0,24,1.15,58
2020-03-12,40,139.0,33.0,9,0.63,66
2020-03-13,48,172.0,27.0,8,0.62,81
2020-03-14,45,129.0,46.0,14,0.9,66
2020-03-15,38,94.0,61.0,13,1.08,35
2020-03-16,37,63.0,39.0,7,0.75,61
2020-03-17,44,96.0,67.0,14,1.26,57
2020-03-18,44,106.0,65.0,19,1.21,55
2020-03-19,46,155.0,64.0,21,1.3,52
2020-03-20,44,135.0,55.0,16,1.05,60
2020-03-21,35,91.0,41.0,8,0.82,83
2020-03-22,41,114.0,55.0,17,1.15,67
2020-03-23,35,103.0,40.0,11,0.83,76
2020-03-24,39,107.0,55.0,17,0.87,64
2020-03-25,62,214.5,51.0,16,0.79,54
2020-03-26,42,121.0,20.0,5,0.6,72
2020-03-27,28,63.0,37.0,7,0.78,60
2020-03-28,30,68.0,43.0,9,0.79,49
2020-03-29,38,108.0,40.0,10,0.75,60
2020-03-30,40,118.0,54.0,13,0.93,46
2020-03-31,39,129.0,37.0,11,0.7,72
2020-04-01,34,64.0,20.0,5,0.58,68
2020-04-02,31,54.0,29.0,11,0.66,57
2020-04-03,33,52.0,33.0,6,0.81,62
2020-04-04,32,55.0,44.0,8,1.0,54
2020-04-05,35,78.0,51.0,11,1.09,69
2020-04-06,36,74.0,38.0,16,0.78,86
2020-04-07,32,62.0,34.0,8,0.68,85
2020-04-08,32,86.0,51.0,11,1.13,63
2020-04-09,32,102.0,59.0,14,0.85,61
2020-04-10,60,214.5,34.0,12,0.48,67
2020-04-11,31,97.0,28.0,14,0.44,78
2020-04-12,30,91.0,51.0,13,0.83,67
2020-04-13,40,125.0,53.0,12,0.78,69
2020-04-14,47,160.0,59.0,16,1.0,57
2020-04-15,53,202.0,56.0,21,0.85,70
2020-04-16,27,93.0,21.0,10,0.4,83
2020-04-17,30,120.0,42.0,13,0.58,66
2020-04-18,39,113.0,27.0,10,0.78,94
2020-04-19,44,146.0,46.0,14,0.73,74
2020-04-20,42,152.0,19.0,11,0.44,79
2020-04-21,28,72.0,22.0,5,0.41,84
2020-04-22,29,72.0,42.0,11,0.71,72
2020-04-23,26,79.0,32.0,11,0.42,95
2020-04-24,25,68.0,36.0,11,0.53,92
2020-04-25,28,88.0,54.0,18,0.67,65
2020-04-26,35,103.0,61.0,25,1.01,63
2020-04-27,37,107.0,68.0,24,0.98,66
2020-04-28,37,113.0,66.0,26,0.91,69
2020-04-29,36,110.0,63.0,18,0.8,68
2020-04-30,34,120.0,65.0,20,0.95,71
2020-05-01,36,112.0,73.0,20,0.97,80
2020-05-02,38,107.0,77.0,22,1.01,86
2020-05-03,54,214.5,54.0,12,0.73,73
2020-05-04,46,149.0,23.0,8,0.62,106
2020-05-05,35,113.0,50.0,12,0.7,86
2020-05-06,26,48.0,26.0,11,0.55,100
2020-05-07,30,56.0,27.0,5,0.48,66
2020-05-08,27,76.0,16.0,6,0.29,81
2020-05-09,22,51.0,26.0,5,0.49,88
2020-05-10,38,116.0,45.0,14,0.68,65
2020-05-11,34,94.0,33.0,5,0.47,74
2020-05-12,28,87.0,50.0,14,0.77,70
2020-05-13,25,75.0,32.0,8,0.64,82
2020-05-14,33,103.0,50.0,12,0.69,72
2020-05-15,33,89.0,39.0,13,0.6,78
2020-05-16,21,52.0,38.0,7,0.45,83
2020-05-17,30,114.0,45.0,16,0.73,74
2020-05-18,34,113.0,34.0,10,0.61,80
2020-05-19,32,101.0,52.0,14,0.73,74
2020-05-20,31,90.0,59.0,19,0.95,70
2020-05-21,28,77.0,51.0,13,0.78,81
2020-05-22,32,104.0,49.0,17,0.68,73
2020-05-23,25,45.0,27.0,5,0.49,79
2020-05-24,22,40.0,35.0,8,0.48,59
2020-05-25,22,51.0,35.0,9,0.71,71
2020-05-26,17,27.0,28.0,6,0.5,64
2020-05-27,19,34.0,34.0,5,0.59,76
2020-05-28,20,55.0,42.0,10,0.86,74
2020-05-29,27,82.0,41.0,14,0.68,77
2020-05-30,30,61.0,31.0,5,0.56,82
2020-05-31,29,81.0,48.0,14,0.87,85
2020-06-01,23,59.0,34.0,8,0.6,85
2020-06-02,24,70.0,48.0,12,0.89,79
2020-06-03,26,70.0,47.0,15,0.94,91
2020-06-04,25,68.0,48.0,13,0.65,75
2020-06-05,24,67.0,52.0,12,0.96,88
2020-06-06,31,92.0,72.0,18,0.83,53
2020-06-07,37,101.0,33.0,8,0.53,84
2020-06-08,22,44.0,19.0,5,0.5,88
2020-06-09,27,76.0,35.0,11,0.63,98
2020-06-10,32,95.0,33.0,9,0.6,89
2020-06-11,24,43.0,17.0,6,0.48,115
2020-06-12,24,51.0,24.0,10,0.55,112
2020-06-13,29,63.0,25.0,5,0.5,79
2020-06-14,25,61.0,37.0,11,0.88,70
2020-06-15,26,57.0,24.0,13,0.69,92
2020-06-16,22,42.0,31.0,5,0.71,78
2020-06-17,20,37.0,37.0,7,0.65,84
2020-06-18,25,68.0,51.0,12,0.99,87
2020-06-19,20,54.0,35.0,8,0.58,97
2020-06-20,23,50.0,25.0,8,0.59,109
2020-06-21,24,54.0,21.0,8,0.59,84
2020-06-22,19,34.0,23.0,5,0.54,93
2020-06-23,22,60.0,47.0,7,0.69,77
2020-06-24,26,73.0,56.0,14,0.87,77
2020-06-25,33,91.0,50.0,17,0.83,63
2020-06-26,18,34.0,22.0,6,0.47,111
2020-06-27,19,55.0,41.0,11,0.9,78
2020-06-28,35,105.0,22.0,8,0.58,114
2020-06-29,21,68.0,41.0,9,0.63,77
2020-06-30,23,69.0,45.0,14,0.75,71
2020-07-01,17,34.0,26.0,7,0.54,90
2020-07-02,24,71.0,40.0,16,0.77,91
2020-07-03,30,74.0,38.0,7,0.52,70
2020-07-04,29,68.0,43.0,8,0.66,92
2020-07-05,30,91.0,58.0,16,0.78,85
2020-07-06,25,68.0,46.0,14,0.63,91
2020-07-07,18,46.0,41.0,8,0.66,102
2020-07-08,18,43.0,27.0,10,0.44,103
2020-07-09,19,45.0,28.0,10,0.49,87
2020-07-10,18,37.0,23.0,6,0.55,103
2020-07-11,13,27.0,31.0,6,0.55,61
2020-07-12,15,33.0,36.0,6,0.66,90
2020-07-13,19,56.0,52.0,12,0.91,51
2020-07-14,14,28.0,29.0,7,0.61,69
2020-07-15,10,33.0,32.0,9,0.88,76
2020-07-16,15,40.0,34.0,11,0.76,59
2020-07-17,18,43.0,31.0,11,0.68,88
2020-07-18,14,24.0,22.0,5,0.44,91
2020-07-19,18,39.0,39.0,11,0.73,91
2020-07-20,17,52.0,44.0,12,0.72,80
2020-07-21,16,40.0,26.0,8,0.49,85
2020-07-22,16,37.0,26.0,8,0.81,83
2020-07-23,16,39.0,26.0,6,0.53,50
2020-07-24,23,50.0,30.0,6,0.73,58
2020-07-25,14,44.0,30.0,6,0.53,74
2020-07-26,27,86.0,51.0,11,0.88,75
2020-07-27,24,85.0,56.0,16,0.97,84
2020-07-28,18,52.0,38.0,8,0.63,76
2020-07-29,18,52.0,27.0,7,0.72,84
2020-07-30,19,53.0,28.0,9,0.8,99
2020-07-31,26,78.0,43.0,15,0.73,89
2020-08-01,16,42.0,27.0,7,0.53,108
2020-08-02,21,62.0,38.0,16,0.91,87
2020-08-03,16,45.0,28.0,9,0.68,92
2020-08-04,19,37.0,28.0,11,0.83,78
2020-08-05,14,28.0,19.0,9,0.72,79
2020-08-06,16,36.0,31.0,10,0.79,62
2020-08-07,20,61.0,52.0,13,1.18,61
2020-08-08,17,51.0,38.0,7,0.8,80
2020-08-09,18,57.0,47.0,15,1.24,73
2020-08-10,25,77.0,53.0,20,1.08,75
2020-08-11,16,33.0,29.0,8,0.95,64
2020-08-12,19,48.0,23.0,6,0.73,81
2020-08-13,15,51.0,44.0,14,1.0,64
2020-08-14,12,33.0,40.0,7,0.59,43
2020-08-15,17,44.0,50.0,9,0.8,58
2020-08-16,20,67.0,36.0,7,0.55,61
2020-08-17,13,30.0,28.0,6,0.53,84
2020-08-18,14,42.0,42.0,10,0.89,60
2020-08-19,16,45.0,39.0,11,0.65,75
2020-08-20,14,43.0,32.0,8,0.57,58
2020-08-21,12,30.0,20.0,6,0.5,62
2020-08-22,15,41.0,33.0,10,0.81,43
2020-08-23,12,22.0,29.0,5,0.5,69
2020-08-24,17,43.0,43.0,9,1.03,69
2020-08-25,17,55.0,54.0,8,0.76,86
2020-08-26,25,79.0,63.0,15,1.14,80
2020-08-27,33,116.0,48.0,17,0.94,62
2020-08-28,29,98.0,39.0,10,0.69,68
2020-08-29,17,47.0,25.0,6,0.55,64
2020-08-30,10,19.0,24.0,4,0.64,59
2020-08-31,15,39.0,37.0,9,1.03,62
2020-09-01,14,43.0,38.0,15,0.69,46
2020-09-02,18,57.0,44.0,14,0.84,61
2020-09-03,22,78.0,64.0,16,0.98,40
2020-09-04,25,75.0,55.0,16,1.01,61
2020-09-05,23,54.0,53.0,12,0.77,33
2020-09-06,22,68.0,54.0,14,1.08,52
2020-09-07,21,72.0,46.0,13,0.72,60
2020-09-08,21,62.0,47.0,8,0.58,52
2020-09-09,21,44.0,36.0,9,0.58,58
2020-09-10,22,57.0,44.0,13,1.0,52
2020-09-11,21,51.0,43.0,9,0.62,62
2020-09-12,22,60.0,44.0,11,0.75,40
2020-09-13,16,39.0,41.0,7,0.6,37
2020-09-14,18,35.0,30.0,5,0.57,64
2020-09-15,18,39.0,32.0,7,0.55,72
2020-09-16,22,62.0,54.0,12,0.93,32
2020-09-17,17,38.0,39.0,7,0.53,70
2020-09-18,25,77.0,51.0,13,0.87,49
2020-09-19,18,50.0,33.0,7,0.54,43
2020-09-20,17,35.0,30.0,6,0.55,44
2020-09-21,15,25.0,36.0,6,0.71,32
2020-09-22,18,35.0,35.0,10,0.68,52
2020-09-23,26,64.0,53.0,10,0.86,43
2020-09-24,31,91.0,57.0,9,0.88,13
2020-09-25,24,69.0,42.0,8,0.78,33
2020-09-26,18,53.0,33.0,8,0.68,42
2020-09-27,12,34.0,26.0,6,0.49,51
2020-09-28,11,26.0,23.0,7,0.51,55
2020-09-29,17,56.0,42.0,9,0.66,56
2020-09-30,18,38.0,28.0,7,0.56,48
2020-10-01,19,44.0,23.0,8,0.48,68
2020-10-02,22,53.0,27.0,8,0.48,69
2020-10-03,20,59.0,45.0,10,0.53,49
2020-10-04,18,56.0,35.0,12,0.47,41
2020-10-05,22,54.0,30.0,12,0.51,53
2020-10-06,25,59.0,46.0,11,0.78,33
2020-10-07,25,63.0,40.0,9,0.71,35
2020-10-08,19,51.0,32.0,8,0.61,48
2020-10-09,28,77.0,54.0,9,0.67,39
2020-10-10,26,76.0,37.0,8,0.6,66
2020-10-11,29,102.0,18.0,8,0.28,73
2020-10-12,26,76.0,33.0,11,0.44,58
2020-10-13,23,64.0,26.0,9,0.45,64
2020-10-14,19,44.0,33.0,9,0.51,56
2020-10-15,27,73.0,42.0,15,0.7,52
2020-10-16,21,62.0,38.0,9,0.62,65
2020-10-17,31,89.0,50.0,20,0.84,47
2020-10-18,23,54.0,37.0,8,0.5,67
2020-10-19,37,86.0,58.0,17,1.03,38
2020-10-20,43,130.0,78.0,26,1.09,25
2020-10-21,52,139.0,78.0,24,1.4,28
2020-10-22,51,141.0,84.0,25,1.55,25
2020-10-23,43,120.0,66.0,19,1.1,38
2020-10-24,39,91.0,64.0,10,1.08,31
2020-10-25,36,96.0,56.0,15,0.99,40
2020-10-26,25,62.0,43.0,16,0.6,54
2020-10-27,30,38.0,39.0,5,0.69,44
2020-10-28,34,50.0,45.0,7,0.9,41
2020-10-29,49,92.0,65.0,14,1.45,24
2020-10-30,32,68.0,36.0,9,0.7,47
2020-10-31,32,107.0,39.0,13,0.56,60
2020-11-01,24,67.0,41.0,18,0.6,52
2020-11-02,36,100.0,63.0,14,1.0,35
2020-11-03,47,119.0,75.0,26,1.43,20
2020-11-04,46,112.0,76.0,24,1.32,16
2020-11-05,49,100.0,45.0,12,0.82,47
2020-11-06,52,186.0,53.0,14,0.9,48
2020-11-07,52,148.0,78.0,25,1.55,25
2020-11-08,51,124.0,70.0,29,1.48,19
2020-11-09,63,130.0,79.0,18,1.9,24
2020-11-10,70,149.0,89.0,27,2.16,21
2020-11-11,74,149.0,90.5,30,1.95,24
2020-11-12,69,134.0,87.0,28,1.89,23
2020-11-13,80,147.0,90.5,31,2.03,22
2020-11-14,82,144.0,90.5,22,1.97,26
2020-11-15,91,151.0,90.5,18,1.98,25
2020-11-16,81,140.0,80.0,18,1.64,30
2020-11-17,35,111.0,31.0,14,0.69,75
2020-11-18,39,104.0,52.0,11,0.92,43
2020-11-19,48,118.0,77.0,22,1.51,23
2020-11-20,48,108.0,54.0,21,1.3,21
2020-11-21,21,32.0,20.0,7,0.51,56
2020-11-22,29,49.0,41.0,12,0.79,35
2020-11-23,43,77.0,59.0,16,1.48,20
2020-11-24,46,73.0,44.0,12,1.34,28
2020-11-25,53,81.0,43.0,15,1.0,37
2020-11-26,63,105.0,58.0,22,1.49,23
2020-11-27,37,75.0,58.0,25,1.13,22
2020-11-28,65,121.0,70.0,19,1.58,28
2020-11-29,43,81.0,57.0,24,1.08,35
2020-11-30,43,86.0,55.0,26,1.23,33
2020-12-01,58,89.0,40.0,20,1.04,37
2020-12-02,35,51.0,28.0,16,0.78,58
2020-12-03,36,60.0,40.0,14,0.96,41
2020-12-04,51,93.0,64.0,17,1.37,17
2020-12-05,64,109.0,64.0,20,1.55,17
2020-12-06,58,96.0,57.0,22,1.39,18
2020-12-07,53,97.0,68.0,19,1.42,19
2020-12-08,56,93.0,66.0,19,1.48,22
2020-12-09,33,55.0,37.0,11,0.84,52
2020-12-10,46,95.0,73.0,21,1.52,20
2020-12-11,43,90.0,66.0,31,1.5,25
2020-12-12,36,78.0,51.0,21,1.27,36
2020-12-13,27,65.0,24.0,13,0.72,49
2020-12-14,43,101.0,60.0,23,1.46,18
2020-12-15,57,110.0,65.0,23,1.73,19
2020-12-16,40,84.0,60.0,21,1.36,23
2020-12-17,26,45.0,34.0,16,0.74,55
2020-12-18,35,69.0,61.0,18,1.38,25
2020-12-19,36,75.0,63.0,20,1.25,27
2020-12-20,63,118.0,75.0,31,2.02,16
2020-12-21,81,144.0,88.0,38,2.65,14
2020-12-22,65,169.0,70.0,32,2.39,20
2020-12-23,41,125.0,72.0,27,1.88,26
2020-12-24,46,117.0,74.0,35,2.11,17
2020-12-25,64,140.0,81.0,38,2.72,12
2020-12-26,77,161.0,90.0,38,3.09,15
2020-12-27,90,176.0,90.5,38,3.27,14
2020-12-28,49,111.0,54.0,23,1.94,34
2020-12-29,20,44.0,24.0,8,0.92,56
2020-12-30,26,57.0,38.0,17,1.24,41
2020-12-31,45,98.0,61.0,27,1.97,15
2021-01-01,60,122.0,74.0,36,2.35,13
2021-01-02,60,116.0,67.0,36,2.13,21
2021-01-03,37,81.0,56.0,25,1.36,30
2021-01-04,35,78.0,46.0,21,1.09,36
2021-01-05,29,55.0,39.0,23,0.95,36
2021-01-06,23,51.0,30.0,16,0.87,48
2021-01-07,29,71.0,51.0,23,1.18,25
2021-01-08,52,112.0,73.0,30,2.05,13
2021-01-09,51,100.0,60.0,36,1.82,19
2021-01-10,30,67.0,36.0,23,0.98,41
2021-01-11,44,111.0,68.0,21,1.6,22
2021-01-12,66,157.0,90.5,38,3.2,13
2021-01-13,61,136.0,89.0,38,2.78,15
2021-01-14,49,178.0,64.0,24,2.28,25
2021-01-15,31,111.0,43.0,22,1.23,34
2021-01-16,25,55.0,30.0,18,0.82,45
2021-01-17,49,107.0,69.0,25,1.96,17
2021-01-18,63,150.0,85.0,28,3.0,14
2021-01-19,47,111.0,76.0,31,2.15,23
2021-01-20,57,127.0,87.0,38,2.23,17
2021-01-21,63,128.0,83.0,38,2.33,19
2021-01-22,55,118.0,86.0,38,2.43,16
2021-01-23,61,121.0,88.0,38,2.42,12
2021-01-24,64,135.0,64.0,30,1.84,22
2021-01-25,67,167.0,55.0,11,1.25,38
2021-01-26,51,157.0,57.0,15,1.16,29
2021-01-27,48,137.0,51.0,21,1.23,30
2021-01-28,49,188.0,63.0,25,1.34,27
2021-01-29,46,116.0,60.0,25,1.35,25
2021-01-30,37,78.0,63.0,24,1.5,25
2021-01-31,42,79.0,64.0,26,1.54,31
2021-02-01,41,80.0,62.0,28,1.45,33
2021-02-02,45,98.0,69.0,25,1.7,28
2021-02-03,38,81.0,59.0,23,1.6,30
2021-02-04,35,78.0,63.0,25,1.48,27
2021-02-05,38,88.0,63.0,24,1.53,32
2021-02-06,38,77.0,58.0,26,1.53,33
2021-02-07,38,73.0,63.0,30,1.54,32
2021-02-08,47,85.0,66.0,31,1.75,32
2021-02-09,52,90.0,71.0,29,1.84,34
2021-02-10,59,97.0,75.0,32,1.86,39
2021-02-11,60,114.0,61.0,23,1.68,40
2021-02-12,60,120.0,38.0,28,1.05,49
2021-02-13,20,58.0,22.0,10,0.56,66
2021-02-14,27,68.0,29.0,23,0.91,49
2021-02-15,22,49.0,26.0,16,0.66,63
2021-02-16,24,44.0,38.0,18,1.18,52
2021-02-17,28,49.0,49.0,27,1.24,35
2021-02-18,27,53.0,46.0,21,1.08,45
2021-02-19,31,59.0,52.0,24,1.31,41
2021-02-20,29,61.0,54.0,22,1.43,34
2021-02-21,31,75.0,57.0,25,1.56,34
2021-02-22,37,84.0,63.0,23,1.38,29
2021-02-23,44,111.0,52.0,26,1.23,51
2021-02-24,39,103.0,24.0,14,0.71,93
2021-02-25,49,79.0,29.0,12,0.9,81
2021-02-26,37,58.0,33.0,8,0.87,53
2021-02-27,35,126.0,20.0,8,0.66,50
2021-02-28,26,83.0,17.0,12,0.54,67
2021-03-01,26,63.0,36.0,10,0.71,55
2021-03-02,42,98.0,57.0,21,1.1,33
2021-03-03,40,92.0,62.0,22,1.15,37
2021-03-04,36,87.0,63.0,24,1.13,34
2021-03-05,35,87.0,46.0,18,1.02,44
2021-03-06,33,84.0,52.0,15,0.82,48
2021-03-07,40,94.0,53.0,18,1.0,45
2021-03-08,31,65.0,53.0,14,1.12,43
2021-03-09,34,72.0,51.0,15,0.94,50
2021-03-10,26,57.0,42.0,8,0.78,65
2021-03-11,35,75.0,61.0,15,1.18,43
2021-03-12,34,87.0,55.0,23,1.2,44
2021-03-13,44,106.0,76.0,23,1.3,38
2021-03-14,91,214.5,49.0,10,0.83,54
2021-03-15,74,214.5,76.0,24,1.31,37
2021-03-16,91,214.5,27.0,6,0.63,38
2021-03-17,91,214.5,28.0,11,0.68,26
2021-03-18,91,214.5,39.0,20,0.85,13
2021-03-19,91,214.5,19.0,5,0.5,49
2021-03-20,58,214.5,20.0,7,0.44,63
2021-03-21,41,194.0,29.0,6,0.55,60
2021-03-22,51,194.0,56.0,12,0.96,40
2021-03-23,46,155.0,59.0,15,1.09,47
2021-03-24,57,214.5,61.0,13,0.95,44
2021-03-25,57,214.5,44.0,12,0.84,56
2021-03-26,53,214.5,28.0,7,0.57,80
2021-03-27,48,181.0,52.0,18,0.99,54
2021-03-28,59,214.5,47.0,13,0.95,50
2021-03-29,91,214.5,43.0,13,0.82,47
2021-03-30,75,214.5,41.0,11,0.85,50
2021-03-31,40,99.0,24.0,7,0.65,62
2021-04-01,20,29.0,22.0,6,0.54,63
2021-04-02,17,20.0,27.0,6,0.58,54
2021-04-03,21,29.0,23.0,6,0.59,55
2021-04-04,19,30.0,31.0,5,0.73,51
2021-04-05,29,64.0,48.0,8,1.01,45
2021-04-06,40,152.0,29.0,7,0.51,76
2021-04-07,25,61.0,38.0,7,0.63,61
2021-04-08,32,64.0,39.0,7,0.73,61
2021-04-09,26,45.0,26.0,8,0.63,76
2021-04-10,21,33.0,25.0,9,0.6,59
2021-04-11,29,42.0,28.0,7,0.61,82
2021-04-12,28,87.0,32.0,8,0.57,70
2021-04-13,34,94.0,28.0,8,0.5,60
2021-04-14,28,77.0,34.0,14,0.62,64
2021-04-15,33,127.0,27.0,7,0.49,84
2021-04-16,34,132.0,41.0,10,0.6,59
2021-04-17,31,110.0,49.0,16,0.66,50
2021-04-18,32,109.0,46.0,16,0.76,61
2021-04-19,21,44.0,20.0,7,0.54,80
2021-04-20,36,76.0,41.0,9,0.83,79
2021-04-21,33,77.0,42.0,10,0.77,69
2021-04-22,24,57.0,38.0,7,0.6,45
2021-04-23,24,47.0,36.0,9,0.73,41
2021-04-24,20,42.0,17.0,5,0.46,68
2021-04-25,42,107.0,28.0,8,0.48,53
2021-04-26,91,214.5,32.0,7,0.52,41
2021-04-27,84,214.5,37.0,7,0.53,46
2021-04-28,26,54.0,35.0,8,0.58,60
2021-04-29,29,88.0,52.0,14,0.84,44
2021-04-30,53,184.0,46.0,12,0.68,49
2021-05-01,36,109.0,51.0,15,0.81,51
2021-05-02,31,101.0,41.0,10,0.65,65
2021-05-03,48,163.0,29.0,9,0.54,63
2021-05-04,35,116.0,15.0,7,0.38,94
2021-05-05,29,79.0,29.0,12,0.54,80
2021-05-06,54,194.0,45.0,17,0.74,63
2021-05-07,91,214.5,46.0,16,0.68,63
2021-05-08,44,128.0,58.0,18,0.85,65
2021-05-09,32,105.0,51.0,19,0.78,70
2021-05-10,35,106.0,25.0,10,0.44,72
2021-05-11,25,55.0,28.0,8,0.45,78
2021-05-12,24,65.0,47.0,14,0.7,70
2021-05-13,23,56.0,33.0,11,0.58,73
2021-05-14,37,99.0,16.0,7,0.38,74
2021-05-15,17,23.0,22.0,6,0.43,66
2021-05-16,18,36.0,33.0,9,0.53,61
2021-05-17,19,45.0,36.0,11,0.5,80
2021-05-18,25,56.0,42.0,16,0.61,69
2021-05-19,21,43.0,29.0,8,0.47,82
2021-05-20,24,63.0,55.0,16,0.73,59
2021-05-21,30,77.0,63.0,16,0.7,45
2021-05-22,29,75.0,33.0,7,0.45,55
2021-05-23,20,41.0,33.0,9,0.57,60
2021-05-24,23,59.0,39.0,12,0.48,71
2021-05-25,24,74.0,49.0,16,0.66,71
2021-05-26,15,45.0,28.0,9,0.41,102
2021-05-27,26,82.0,50.0,18,0.7,73
2021-05-28,31,96.0,46.0,16,0.7,62
2021-05-29,21,64.0,38.0,10,0.51,79
2021-05-30,26,82.0,50.0,13,0.7,85
2021-05-31,73,214.5,21.0,8,0.39,82
2021-06-01,28,68.0,36.0,10,0.49,79
2021-06-02,27,73.0,38.0,8,0.45,65
2021-06-03,23,56.0,30.0,8,0.39,76
2021-06-04,20,62.0,49.0,16,0.65,76
2021-06-05,23,74.0,54.0,15,0.68,77
2021-06-06,47,149.0,54.0,18,0.67,52
2021-06-07,24,58.0,29.0,10,0.47,86
2021-06-08,21,49.0,20.0,8,0.39,91
2021-06-09,20,38.0,16.0,7,0.29,97
2021-06-10,21,59.0,30.0,10,0.48,90
2021-06-11,16,34.0,24.0,7,0.46,98
2021-06-12,19,51.0,38.0,12,0.65,77
2021-06-13,27,69.0,25.0,8,0.53,77
2021-06-14,18,36.0,18.0,6,0.4,83
2021-06-15,28,75.0,33.0,9,0.57,49
2021-06-16,17,35.0,15.0,8,0.36,77
2021-06-17,18,31.0,27.0,6,0.49,69
2021-06-18,18,46.0,45.0,9,0.63,53
2021-06-19,17,52.0,42.0,8,0.51,71
2021-06-20,14,40.0,33.0,8,0.45,101
2021-06-21,36,120.0,48.0,15,0.63,77
2021-06-22,33,112.0,57.0,17,0.79,70
2021-06-23,20,48.0,24.0,7,0.47,100
2021-06-24,27,64.0,21.0,8,0.44,85
2021-06-25,18,36.0,31.0,6,0.57,67
2021-06-26,20,47.0,35.0,7,0.48,70
2021-06-27,19,48.0,32.0,10,0.53,89
2021-06-28,18,41.0,25.0,13,0.49,86
2021-06-29,19,43.0,27.0,10,0.5,89
2021-06-30,21,45.0,39.0,10,0.58,76
2021-07-01,19,42.0,30.0,8,0.48,88
2021-07-02,14,28.0,22.0,7,0.39,110
2021-07-03,21,60.0,49.0,14,0.63,73
2021-07-04,21,59.0,39.0,9,0.47,84
2021-07-05,23,72.0,39.0,12,0.59,86
2021-07-06,17,35.0,26.0,12,0.45,99
2021-07-07,18,51.0,41.0,14,0.53,98
2021-07-08,21,60.0,44.0,14,0.69,88
2021-07-09,19,56.0,45.0,13,0.53,85
2021-07-10,18,48.0,36.0,7,0.44,82
2021-07-11,18,48.0,35.0,12,0.62,91
2021-07-12,17,37.0,33.0,14,0.48,93
2021-07-13,22,71.0,47.0,16,0.65,90
2021-07-14,20,49.0,33.0,7,0.4,68
2021-07-15,12,28.0,26.0,5,0.4,77
2021-07-16,15,40.0,32.0,7,0.46,82
2021-07-17,20,56.0,35.0,14,0.49,88
2021-07-18,16,49.0,37.0,10,0.52,102
2021-07-19,18,46.0,33.0,14,0.49,107
2021-07-20,14,38.0,21.0,7,0.44,103
2021-07-21,13,32.0,17.0,6,0.42,100
2021-07-22,15,37.0,19.0,7,0.42,101
2021-07-23,14,36.0,18.0,7,0.45,95
2021-07-24,15,39.0,19.0,7,0.42,94
2021-07-25,16,38.0,23.0,7,0.42,61
2021-07-26,16,32.0,28.0,6,0.43,94
2021-07-27,22,63.0,46.0,12,0.75,65
2021-07-28,17,45.0,37.0,9,0.54,94
2021-07-29,18,53.0,52.0,13,0.66,83
2021-07-30,20,61.0,53.0,17,0.69,91
2021-07-31,24,72.0,56.0,18,0.75,99
2021-08-01,21,66.0,50.0,17,0.69,104
2021-08-02,29,89.0,34.0,9,0.53,96
2021-08-03,26,51.0,18.0,7,0.37,83
2021-08-04,15,38.0,34.0,9,0.58,88
2021-08-05,18,50.0,37.0,11,0.54,109
2021-08-06,22,63.0,46.0,16,0.67,78
2021-08-07,18,51.0,40.0,13,0.59,95
2021-08-08,33,95.0,16.0,9,0.37,113
2021-08-09,19,45.0,27.0,20,0.52,100
2021-08-10,17,40.0,24.0,9,0.43,105
2021-08-11,16,42.0,30.0,8,0.44,96
2021-08-12,22,55.0,39.0,13,0.6,87
2021-08-13,28,75.0,54.0,15,0.83,92
2021-08-14,21,58.0,41.0,11,0.55,90
2021-08-15,16,40.0,14.0,6,0.5,93
2021-08-16,11,35.0,21.0,7,0.56,60
2021-08-17,13,35.0,17.0,6,0.59,62
2021-08-18,30,78.0,19.0,9,0.49,72
2021-08-19,17,29.0,27.0,7,0.55,82
2021-08-20,19,52.0,45.0,12,0.56,81
2021-08-21,14,39.0,37.0,9,0.55,61
2021-08-22,16,41.0,39.0,8,0.54,73
2021-08-23,23,60.0,32.0,13,0.5,72
2021-08-24,21,50.0,30.0,14,0.5,81
2021-08-25,20,59.0,39.0,15,0.62,41
2021-08-26,20,52.0,43.0,14,0.63,68
2021-08-27,18,55.0,41.0,14,0.57,69
2021-08-28,20,44.0,24.0,11,0.53,97
2021-08-29,18,48.0,35.0,15,0.55,81
2021-08-30,15,31.0,23.0,7,0.51,68
2021-08-31,21,44.0,40.0,10,0.66,66
2021-09-01,19,47.0,38.0,11,0.67,73
2021-09-02,14,38.0,29.0,8,0.59,61
2021-09-03,15,32.0,26.0,9,0.57,60
2021-09-04,25,64.0,36.0,12,0.62,63
2021-09-05,20,52.0,38.0,10,0.6,55
2021-09-06,16,34.0,37.0,12,0.65,68
2021-09-07,22,59.0,51.0,15,0.8,62
2021-09-08,22,61.0,48.0,18,0.77,70
2021-09-09,21,53.0,41.0,16,0.7,83
2021-09-10,22,64.0,56.0,22,0.88,66
2021-09-11,20,49.0,33.0,9,0.55,75
2021-09-12,17,38.0,20.0,7,0.5,79
2021-09-13,16,38.0,20.0,7,0.52,66
2021-09-14,11,24.0,24.0,7,0.55,61
2021-09-15,10,16.0,24.0,5,0.5,67
2021-09-16,14,27.0,37.0,7,0.53,53
2021-09-17,15,41.0,38.0,8,0.6,54
2021-09-18,15,30.0,32.0,8,0.5,57
2021-09-19,16,34.0,35.0,8,0.48,59
2021-09-20,20,55.0,46.0,11,0.8,51
2021-09-21,28,73.0,59.0,17,0.95,54
2021-09-22,20,46.0,37.0,9,0.55,60
2021-09-23,20,51.0,42.0,11,0.79,59
2021-09-24,20,42.0,28.0,14,0.52,61
2021-09-25,19,42.0,40.0,9,0.63,41
2021-09-26,23,60.0,38.0,10,0.53,56
2021-09-27,28,74.0,58.0,11,0.97,35
2021-09-28,32,82.0,61.0,14,1.16,43
2021-09-29,29,80.0,66.0,16,0.95,42
2021-09-30,29,79.0,57.0,16,0.99,54
2021-10-01,28,77.0,60.0,18,0.95,53
2021-10-02,24,67.0,52.0,20,0.9,43
2021-10-03,26,71.0,26.0,8,0.53,55
2021-10-04,22,45.0,20.0,8,0.52,62
2021-10-05,26,45.0,23.0,8,0.57,57
2021-10-06,30,51.0,35.0,8,0.83,46
2021-10-07,36,70.0,49.0,12,0.96,45
2021-10-08,22,45.0,28.0,7,0.69,58
2021-10-09,32,95.0,17.0,7,0.39,57
2021-10-10,19,46.0,28.0,7,0.52,51
2021-10-11,19,35.0,32.0,7,0.62,47
2021-10-12,19,37.0,24.0,6,0.55,37
2021-10-13,38,113.0,33.0,9,0.45,58
2021-10-14,36,80.0,39.0,10,0.59,52
2021-10-15,28,57.0,34.0,6,0.54,56
2021-10-16,33,57.0,47.0,6,0.62,30
2021-10-17,32,63.0,52.0,8,0.76,30
2021-10-18,30,68.0,46.0,10,0.67,38
2021-10-19,33,70.0,56.0,8,0.77,20
2021-10-20,34,54.0,41.0,11,0.65,41
2021-10-21,34,62.0,46.0,8,0.63,41
2021-10-22,37,65.0,45.0,8,0.7,45
2021-10-23,35,58.0,38.0,7,0.7,42
2021-10-24,36,60.0,41.0,9,0.85,32
2021-10-25,28,49.0,31.0,8,0.6,42
2021-10-26,31,64.0,25.0,10,0.6,64
2021-10-27,42,67.0,40.0,17,0.81,37
2021-10-28,41,73.0,46.0,11,0.88,38
2021-10-29,38,74.0,53.0,12,0.92,47
2021-10-30,37,69.0,47.0,13,0.88,40
2021-10-31,28,59.0,40.0,14,0.65,52
2021-11-01,28,50.0,42.0,11,0.8,32
2021-11-02,30,53.0,40.0,10,0.7,42
2021-11-03,34,65.0,53.0,15,0.98,34
2021-11-04,46,77.0,58.0,15,1.13,25
2021-11-05,60,154.0,50.0,15,1.05,37
2021-11-06,33,130.0,12.0,6,0.26,61
2021-11-07,28,79.0,36.0,11,0.65,50
2021-11-08,39,75.0,54.0,19,0.89,32
2021-11-09,35,64.0,61.0,19,0.9,32
2021-11-10,35,66.0,48.0,18,0.78,39
2021-11-11,24,55.0,41.0,13,0.6,47
2021-11-12,39,84.0,68.0,16,0.99,31
2021-11-13,49,94.0,71.0,25,1.16,26
2021-11-14,43,91.0,63.0,22,0.97,30
2021-11-15,50,111.0,71.0,26,1.13,28
2021-11-16,71,139.0,85.0,30,1.5,14
2021-11-17,71,160.0,90.0,26,1.58,20
2021-11-18,57,122.0,87.0,21,1.68,22
2021-11-19,43,122.0,54.0,20,0.98,32
2021-11-20,39,143.0,40.0,14,0.58,41
2021-11-21,31,95.0,37.0,18,0.58,41
2021-11-22,45,103.0,65.0,20,0.98,21
2021-11-23,69,152.0,89.0,23,1.46,16
2021-11-24,71,149.0,90.5,29,1.58,16
2021-11-25,64,131.0,90.5,30,1.51,19
2021-11-26,65,128.0,90.5,34,1.61,13
2021-11-27,71,142.0,90.5,32,1.73,18
2021-11-28,43,101.0,56.0,18,1.04,26
2021-11-29,36,118.0,39.0,12,0.69,47
2021-11-30,52,122.0,71.0,16,1.18,13
2021-12-01,59,121.0,71.0,24,1.3,15
2021-12-02,57,117.0,79.0,30,1.44,14
2021-12-03,72,141.0,90.5,35,1.74,15
2021-12-04,68,127.0,88.0,32,1.56,15
2021-12-05,70,130.0,90.5,31,1.7,18
2021-12-06,63,119.0,88.0,35,1.58,16
2021-12-07,52,116.0,71.0,32,1.33,7
2021-12-08,64,148.0,76.0,22,1.44,13
2021-12-09,57,121.0,78.0,23,1.34,18
2021-12-10,37,79.0,72.0,17,1.14,17
2021-12-11,24,49.0,30.0,12,0.5,52
2021-12-12,36,64.0,50.0,12,0.84,35
2021-12-13,60,109.0,74.0,19,1.29,14
2021-12-14,58,103.0,70.0,25,1.26,19
2021-12-15,45,83.0,63.0,21,1.05,23
2021-12-16,30,88.0,46.0,13,0.6,42
2021-12-17,34,75.0,66.0,18,0.88,22
2021-12-18,51,103.0,77.0,30,1.31,12
2021-12-19,64,121.0,86.0,35,1.6,10
2021-12-20,76,141.0,90.5,30,2.01,11
2021-12-21,73,150.0,90.5,32,2.6,11
2021-12-22,48,113.0,76.0,34,2.52,15
2021-12-23,43,98.0,74.0,29,2.12,17
2021-12-24,38,89.0,58.0,26,1.82,26
2021-12-25,33,73.0,30.0,20,0.68,45
2021-12-26,37,65.0,38.0,18,0.78,40
2021-12-27,58,97.0,62.0,26,1.69,18
2021-12-28,67,113.0,67.0,25,2.14,16
2021-12-29,69,121.0,78.0,28,2.61,11
2021-12-30,83,140.0,83.0,27,2.68,17
2021-12-31,51,95.0,72.0,26,1.28,22
2022-01-01,79,140.0,83.0,28,2.36,13
2022-01-02,77,133.0,82.0,27,2.38,14
2022-01-03,63,114.0,79.0,31,1.88,15
2022-01-04,71,124.0,87.0,26,2.37,13
2022-01-05,80,132.0,86.0,27,2.55,16
2022-01-06,82,135.0,85.0,27,2.54,25
2022-01-07,75,116.0,67.0,19,1.83,18
2022-01-08,77,113.0,62.0,23,1.51,33
2022-01-09,85,154.0,63.0,23,1.79,35
2022-01-10,46,101.0,48.0,16,1.02,53
2022-01-11,60,117.0,74.0,24,1.68,20
2022-01-12,32,72.0,53.0,18,1.16,40
2022-01-13,38,86.0,66.0,18,1.5,21
2022-01-14,48,94.0,71.0,23,1.88,22
2022-01-15,46,88.0,75.0,26,1.63,19
2022-01-16,56,107.0,85.0,28,1.9,17
2022-01-17,47,112.0,78.0,24,1.68,21
2022-01-18,60,125.0,90.0,29,2.77,17
2022-01-19,62,120.0,90.5,28,2.7,17
2022-01-20,58,103.0,74.0,18,1.65,22
2022-01-21,63,105.0,67.0,20,1.68,26
2022-01-22,61,93.0,65.0,18,1.37,22
2022-01-23,57,88.0,57.0,20,1.53,32
2022-01-24,61,96.0,52.0,16,1.28,44
2022-01-25,66,99.0,59.0,15,1.59,30
2022-01-26,63,99.0,35.0,13,1.07,57
2022-01-27,43,68.0,31.0,11,0.85,67
2022-01-28,33,56.0,46.0,11,1.07,50
2022-01-29,42,66.0,55.0,17,1.47,40
2022-01-30,32,66.0,40.0,14,0.96,53
2022-01-31,44,77.0,39.0,18,0.99,52
2022-02-01,80,116.0,45.0,24,1.38,44
2022-02-02,45,72.0,48.0,20,1.57,43
2022-02-03,43,72.0,36.0,19,1.27,54
2022-02-04,35,63.0,33.0,23,1.21,64
2022-02-05,31,56.0,19.0,15,0.79,72
2022-02-06,39,50.0,24.0,19,0.85,67
2022-02-07,46,55.0,26.0,17,0.92,89
2022-02-08,58,72.0,37.0,18,1.43,72
2022-02-09,57,78.0,53.0,17,1.57,53
2022-02-10,63,82.0,52.0,16,1.4,50
2022-02-11,42,58.0,40.0,12,1.01,59
2022-02-12,30,66.0,36.0,10,0.96,62
2022-02-13,36,77.0,41.0,13,0.94,52
2022-02-14,30,64.0,37.0,14,0.8,52
2022-02-15,71,107.0,55.0,28,1.21,36
2022-02-16,54,93.0,46.0,23,1.38,41
2022-02-17,31,65.0,29.0,15,0.96,69
2022-02-18,20,43.0,14.0,8,0.49,73
2022-02-19,21,42.0,30.0,11,0.7,55
2022-02-20,27,56.0,39.0,16,0.9,46
2022-02-21,23,45.0,32.0,13,0.81,59
2022-02-22,28,60.0,44.0,13,0.89,52
2022-02-23,34,65.0,50.0,17,0.96,50
2022-02-24,37,72.0,60.0,18,1.11,42
2022-02-25,35,68.0,57.0,17,1.08,40
2022-02-26,42,132.0,59.0,19,1.15,38
2022-02-27,38,87.0,55.0,21,1.05,40
2022-02-28,35,133.0,24.0,9,0.7,74
2022-03-01,43,157.0,47.0,13,1.0,46
2022-03-02,38,103.0,58.0,17,1.14,43
2022-03-03,36,94.0,53.0,17,1.01,50
2022-03-04,30,87.0,35.0,12,0.76,71
2022-03-05,38,112.0,59.0,18,0.98,46
2022-03-06,37,101.0,56.0,15,0.96,50
2022-03-07,45,152.0,77.0,21,1.37,35
2022-03-08,43,118.0,63.0,19,1.37,49
2022-03-09,55,185.0,59.0,14,1.09,58
2022-03-10,52,153.0,77.0,23,1.46,43
2022-03-11,49,171.0,51.0,17,1.1,64
2022-03-12,66,214.5,59.0,19,1.15,54
2022-03-13,72,214.5,52.0,24,1.1,52
2022-03-14,91,214.5,55.0,15,1.05,56
2022-03-15,44,152.0,39.0,9,0.82,62
2022-03-16,35,114.0,47.0,16,0.9,51
2022-03-17,79,214.5,23.0,11,0.68,74
2022-03-18,43,173.0,29.0,11,0.63,64
2022-03-19,28,105.0,24.0,15,0.67,71
2022-03-20,19,66.0,14.0,10,0.71,90
2022-03-21,21,53.0,17.0,8,0.8,80
2022-03-22,23,57.0,21.0,8,0.61,73
2022-03-23,32,95.0,43.0,16,1.0,55
2022-03-24,53,214.5,30.0,12,0.64,58
2022-03-25,32,94.0,12.0,10,0.47,87
2022-03-26,25,51.0,21.0,13,0.53,88
2022-03-27,22,54.0,28.0,12,0.55,76
2022-03-28,36,108.0,43.0,12,0.75,59
2022-03-29,41,134.0,13.0,9,0.48,88
2022-03-30,28,86.0,31.0,14,0.62,66
2022-03-31,21,58.0,28.0,9,0.56,79
2022-04-01,22,60.0,26.0,10,0.52,82
2022-04-02,26,74.0,39.0,14,0.69,70
2022-04-03,29,77.0,42.0,14,0.68,63
2022-04-04,29,71.0,28.0,12,0.69,74
2022-04-05,39,129.0,42.0,15,0.71,67
2022-04-06,32,104.0,43.0,15,0.73,67
2022-04-07,31,97.0,45.0,18,0.78,63
2022-04-08,29,96.0,43.0,15,0.7,61
2022-04-09,34,115.0,51.0,19,0.82,54
2022-04-10,32,104.0,51.0,19,0.79,49
2022-04-11,89,214.5,15.0,7,0.45,75
2022-04-12,50,193.0,28.0,13,0.63,61
2022-04-13,42,157.0,18.0,11,0.53,82
2022-04-14,24,42.0,12.0,8,0.49,85
2022-04-15,16,30.0,17.0,6,0.6,57
2022-04-16,20,46.0,17.0,7,0.61,73
2022-04-17,46,163.0,14.0,8,0.48,89
2022-04-18,37,114.0,19.0,9,0.54,87
2022-04-19,26,74.0,33.0,9,0.6,69
2022-04-20,29,82.0,49.0,12,0.93,61
2022-04-21,59,187.0,36.0,14,0.71,58
2022-04-22,68,214.5,37.0,12,0.69,68
2022-04-23,50,146.0,26.0,10,0.73,91
2022-04-24,30,58.0,15.0,9,0.59,102
2022-04-25,31,79.0,36.0,13,0.83,75
2022-04-26,29,81.0,37.0,18,0.89,78
2022-04-27,91,214.5,14.0,7,0.55,78
2022-04-28,77,209.0,27.0,10,0.78,67
2022-04-29,38,74.0,17.0,7,0.54,76
2022-04-30,26,60.0,12.0,6,0.4,83
2022-05-01,27,57.0,31.0,8,0.68,64
2022-05-02,24,43.0,24.0,11,0.58,88
2022-05-03,23,55.0,47.0,12,0.71,68
2022-05-04,21,60.0,54.0,11,0.83,61
2022-05-05,24,69.0,52.0,13,0.78,66
2022-05-06,90,214.5,31.0,10,0.64,86
2022-05-07,34,102.0,24.0,10,0.6,107
2022-05-08,39,104.0,15.0,9,0.45,90
2022-05-09,29,57.0,32.0,9,0.68,66
2022-05-10,45,125.0,38.0,12,0.58,66
2022-05-11,26,56.0,18.0,8,0.5,96
2022-05-12,32,98.0,35.0,13,0.61,65
2022-05-13,26,48.0,15.0,8,0.55,72
2022-05-14,27,40.0,22.0,6,0.5,68
2022-05-15,29,52.0,32.0,10,0.58,67
2022-05-16,23,44.0,28.0,9,0.47,92
2022-05-17,22,62.0,46.0,12,0.63,76
2022-05-18,21,42.0,21.0,7,0.51,82
2022-05-19,26,63.0,41.0,12,0.74,70
2022-05-20,29,75.0,39.0,17,0.65,79
2022-05-21,23,53.0,31.0,9,0.57,78
2022-05-22,23,61.0,36.0,12,0.67,79
2022-05-23,22,55.0,35.0,12,0.56,79
2022-05-24,19,49.0,19.0,6,0.45,90
2022-05-25,17,32.0,16.0,7,0.51,77
2022-05-26,21,48.0,46.0,12,0.9,71
2022-05-27,25,63.0,49.0,12,0.74,85
2022-05-28,21,54.0,39.0,11,0.73,94
2022-05-29,40,120.0,17.0,6,0.43,97
2022-05-30,22,50.0,36.0,11,0.62,78
2022-05-31,24,64.0,36.0,13,0.63,82
2022-06-01,22,69.0,35.0,13,0.66,87
2022-06-02,18,54.0,16.0,7,0.48,110
2022-06-03,23,50.0,25.0,8,0.49,73
2022-06-04,20,43.0,26.0,8,0.5,76
2022-06-05,24,62.0,37.0,10,0.67,81
2022-06-06,19,42.0,24.0,9,0.54,104
2022-06-07,25,62.0,28.0,9,0.53,95
2022-06-08,30,78.0,36.0,13,0.65,88
2022-06-09,20,46.0,15.0,10,0.43,115
2022-06-10,17,37.0,19.0,11,0.47,112
2022-06-11,25,64.0,29.0,12,0.53,82
2022-06-12,25,58.0,29.0,12,0.6,86
2022-06-13,20,52.0,30.0,15,0.54,90
2022-06-14,18,57.0,51.0,16,0.69,86
2022-06-15,18,56.0,46.0,14,0.65,101
2022-06-16,17,44.0,30.0,8,0.55,116
2022-06-17,19,44.0,17.0,7,0.45,121
2022-06-18,18,41.0,19.0,6,0.51,109
2022-06-19,16,36.0,20.0,7,0.5,96
2022-06-20,17,39.0,14.0,6,0.48,89
2022-06-21,34,78.0,13.0,11,0.48,92
2022-06-22,16,33.0,20.0,9,0.5,103
2022-06-23,14,41.0,34.0,11,0.65,87
2022-06-24,14,39.0,24.0,7,0.5,110
2022-06-25,16,37.0,19.0,8,0.57,89
2022-06-26,18,32.0,17.0,6,0.48,109
2022-06-27,17,35.0,26.0,7,0.55,83
2022-06-28,17,44.0,33.0,11,0.53,82
2022-06-29,19,51.0,44.0,11,0.66,84
2022-06-30,22,55.0,43.0,15,0.62,89
2022-07-01,19,47.0,31.0,12,0.6,95
2022-07-02,17,31.0,25.0,7,0.5,109
2022-07-03,19,48.0,35.0,13,0.58,109
2022-07-04,18,38.0,20.0,11,0.47,117
2022-07-05,19,39.0,30.0,11,0.48,99
2022-07-06,24,62.0,51.0,16,0.66,100
2022-07-07,35,102.0,33.0,9,0.51,107
2022-07-08,45,120.0,33.0,12,0.55,97
2022-07-09,26,49.0,17.0,9,0.5,119
2022-07-10,24,47.0,21.0,11,0.5,96
2022-07-11,20,32.0,16.0,7,0.53,97
2022-07-12,21,46.0,29.0,10,0.68,73
2022-07-13,23,52.0,27.0,12,0.66,94
2022-07-14,18,37.0,17.0,10,0.57,96
2022-07-15,18,23.0,11.0,6,0.55,78
2022-07-16,12,21.0,15.0,10,0.47,85
2022-07-17,14,33.0,22.0,9,0.49,77
2022-07-18,18,36.0,22.0,13,0.6,79
2022-07-19,17,34.0,14.0,7,0.5,96
2022-07-20,19,48.0,25.0,12,0.59,98
2022-07-21,20,52.0,15.0,8,0.45,77
2022-07-22,15,20.0,13.0,7,0.55,102
2022-07-23,18,35.0,22.0,13,0.59,102
2022-07-24,18,38.0,21.0,14,0.56,102
2022-07-25,15,31.0,19.0,11,0.58,97
2022-07-26,32,96.0,11.0,7,0.43,94
2022-07-27,15,29.0,10.0,6,0.44,113
2022-07-28,20,46.0,24.0,16,0.57,104
2022-07-29,16,35.0,18.0,12,0.56,118
2022-07-30,15,34.0,14.0,9,0.49,98
2022-07-31,17,37.0,11.0,12,0.51,99
2022-08-01,17,26.0,12.0,8,0.56,96
2022-08-02,20,32.0,16.0,7,0.63,83
2022-08-03,18,31.0,10.0,6,0.48,93
2022-08-04,15,29.0,17.0,10,0.57,76
2022-08-05,19,35.0,23.0,11,0.65,88
2022-08-06,16,37.0,19.0,8,0.56,91
2022-08-07,19,45.0,13.0,7,0.51,87
2022-08-08,19,42.0,13.0,9,0.53,92
2022-08-09,23,48.0,18.0,14,0.63,105
2022-08-10,20,39.0,12.0,10,0.63,94
2022-08-11,19,34.0,16.0,7,0.59,92
2022-08-12,19,37.0,17.0,6,0.53,97
2022-08-13,19,41.0,15.0,7,0.6,102
2022-08-14,17,33.0,15.0,6,0.5,81
2022-08-15,22,43.0,28.0,11,0.64,71
2022-08-16,21,50.0,39.0,7,0.65,80
2022-08-17,22,49.0,34.0,7,0.7,67
2022-08-18,22,48.0,19.0,5,0.56,87
2022-08-19,23,70.0,27.0,9,0.6,84
2022-08-20,19,49.0,29.0,7,0.61,69
2022-08-21,23,41.0,19.0,7,0.63,76
2022-08-22,19,39.0,17.0,6,0.59,86
2022-08-23,22,43.0,23.0,6,0.66,59
2022-08-24,17,32.0,16.0,7,0.57,74
2022-08-25,15,25.0,18.0,7,0.57,77
2022-08-26,13,32.0,25.0,9,0.52,49
2022-08-27,11,21.0,14.0,6,0.53,57
2022-08-28,25,46.0,16.0,8,0.47,67
2022-08-29,21,52.0,32.0,8,0.44,42
2022-08-30,24,45.0,35.0,9,0.47,58
2022-08-31,26,59.0,45.0,10,0.51,46
2022-09-01,21,49.0,36.0,11,0.47,63
2022-09-02,19,42.0,30.0,6,0.45,63
2022-09-03,18,30.0,21.0,8,0.43,82
2022-09-04,19,47.0,43.0,10,0.46,55
2022-09-05,22,49.0,43.0,12,0.48,63
2022-09-06,24,58.0,53.0,10,0.54,61
2022-09-07,24,62.0,43.0,18,0.6,76
2022-09-08,19,40.0,36.0,7,0.53,86
2022-09-09,23,54.0,49.0,9,0.56,72
2022-09-10,25,63.0,47.0,17,0.64,82
2022-09-11,26,63.0,46.0,14,0.63,93
2022-09-12,23,53.0,32.0,14,0.58,78
2022-09-13,22,46.0,22.0,6,0.56,77
2022-09-14,15,29.0,14.0,5,0.54,97
2022-09-15,19,41.0,21.0,6,0.58,78
2022-09-16,24,42.0,17.0,7,0.57,80
2022-09-17,22,44.0,29.0,7,0.58,77
2022-09-18,24,49.0,37.0,7,0.61,40
2022-09-19,19,42.0,27.0,6,0.48,62
2022-09-20,17,40.0,27.0,10,0.45,76
2022-09-21,22,59.0,45.0,10,0.53,62
2022-09-22,26,87.0,30.0,7,0.44,80
2022-09-23,23,70.0,34.0,7,0.43,58
2022-09-24,22,56.0,36.0,9,0.49,66
2022-09-25,27,69.0,40.0,18,0.59,64
2022-09-26,24,55.0,41.0,15,0.62,59
2022-09-27,30,72.0,47.0,15,0.76,48
2022-09-28,27,67.0,47.0,10,0.64,49
2022-09-29,28,79.0,50.0,22,0.78,49
2022-09-30,31,83.0,60.0,21,0.85,46
2022-10-01,25,60.0,43.0,11,0.67,56
2022-10-02,24,70.0,20.0,10,0.44,62
2022-10-03,23,61.0,12.0,8,0.33,77
2022-10-04,29,82.0,26.0,8,0.42,58
2022-10-05,28,43.0,15.0,7,0.49,61
2022-10-06,30,56.0,24.0,8,0.46,61
2022-10-07,26,57.0,33.0,8,0.43,52
2022-10-08,27,78.0,18.0,7,0.36,72
2022-10-09,26,75.0,20.0,8,0.37,63
2022-10-10,29,79.0,45.0,10,0.56,37
2022-10-11,30,65.0,31.0,8,0.48,43
2022-10-12,25,47.0,26.0,9,0.49,52
2022-10-13,25,50.0,27.0,12,0.43,87
2022-10-14,44,134.0,46.0,17,0.64,52
2022-10-15,37,90.0,51.0,11,0.66,49
2022-10-16,32,80.0,44.0,18,0.63,55
2022-10-17,34,83.0,54.0,22,0.73,48
2022-10-18,41,95.0,61.0,18,0.89,47
2022-10-19,37,80.0,50.0,8,0.8,56
2022-10-20,43,69.0,38.0,11,0.78,56
2022-10-21,41,82.0,45.0,18,0.85,50
2022-10-22,34,77.0,47.0,18,0.75,55
2022-10-23,40,84.0,48.0,18,0.8,58
2022-10-24,45,78.0,47.0,19,0.89,62
2022-10-25,36,53.0,29.0,9,0.7,60
2022-10-26,28,43.0,31.0,8,0.71,36
2022-10-27,29,38.0,24.0,14,0.78,46
2022-10-28,19,29.0,14.0,7,0.6,61
2022-10-29,33,69.0,23.0,13,0.68,59
2022-10-30,35,68.0,26.0,10,0.78,56
2022-10-31,29,65.0,25.0,9,0.69,67
2022-11-01,37,67.0,42.0,15,1.0,46
2022-11-02,33,65.0,31.0,15,0.82,61
2022-11-03,27,64.0,27.0,11,0.73,61
2022-11-04,28,51.0,31.0,10,0.91,49
2022-11-05,35,60.0,41.0,10,0.91,40
2022-11-06,43,68.0,42.0,15,0.96,46
2022-11-07,37,64.0,45.0,17,1.0,44
2022-11-08,44,68.0,48.0,19,1.13,42
2022-11-09,54,94.0,52.0,22,1.16,57
2022-11-10,56,101.0,46.0,22,1.23,56
2022-11-11,26,61.0,18.0,11,1.01,82
2022-11-12,29,54.0,30.0,12,0.94,55
2022-11-13,41,72.0,42.0,21,1.01,43
2022-11-14,44,77.0,47.0,20,1.02,49
2022-11-15,50,83.0,57.0,29,1.13,37
2022-11-16,56,98.0,66.0,30,1.33,36
2022-11-17,45,77.0,53.0,27,1.27,39
2022-11-18,36,135.0,37.0,18,1.03,60
2022-11-19,51,130.0,64.0,26,1.3,29
2022-11-20,52,126.0,50.0,22,1.33,39
2022-11-21,36,106.0,49.0,16,1.05,39
2022-11-22,50,109.0,64.0,22,1.29,34
2022-11-23,58,109.0,71.0,30,1.47,34
2022-11-24,48,98.0,58.0,25,1.25,41
2022-11-25,35,97.0,49.0,22,1.07,36
2022-11-26,46,103.0,63.0,27,1.39,34
2022-11-27,58,214.5,42.0,20,1.04,44
2022-11-28,34,150.0,12.0,8,0.53,65
2022-11-29,28,131.0,13.0,9,0.55,60
2022-11-30,30,109.0,28.0,25,0.75,36
2022-12-01,44,124.0,46.0,24,1.08,29
2022-12-02,58,139.0,58.0,26,1.32,25
2022-12-03,60,207.0,40.0,18,0.88,40
2022-12-04,66,211.0,51.0,33,1.09,25
2022-12-05,69,178.0,62.0,20,1.28,23
2022-12-06,79,171.0,71.0,27,1.38,23
2022-12-07,74,148.0,56.0,27,1.18,35
2022-12-08,55,129.0,56.0,19,0.91,38
2022-12-09,67,139.0,60.0,25,1.12,36
2022-12-10,40,110.0,44.0,19,0.72,52
2022-12-11,60,214.5,40.0,21,0.67,39
2022-12-12,72,214.5,45.0,17,0.77,31
2022-12-13,65,214.5,53.0,24,0.95,25
2022-12-14,53,138.0,63.0,27,1.09,20
2022-12-15,57,167.0,52.0,27,1.08,35
2022-12-16,27,70.0,16.0,12,0.42,72
2022-12-17,48,205.0,41.0,14,0.73,38
2022-12-18,66,148.0,73.0,24,1.37,18
2022-12-19,68,139.0,71.0,27,1.39,20
2022-12-20,59,187.0,64.0,24,1.08,24
2022-12-21,67,163.0,75.0,32,2.23,20
2022-12-22,63,120.0,79.0,38,2.25,20
2022-12-23,74,125.0,83.0,38,2.23,21
2022-12-24,76,214.5,65.0,34,1.93,32
2022-12-25,28,72.0,31.0,14,0.68,60
2022-12-26,45,91.0,60.0,33,1.35,26
2022-12-27,38,68.0,53.0,22,0.93,33
2022-12-28,57,98.0,62.0,35,1.55,23
2022-12-29,55,93.0,67.0,33,2.11,23
2022-12-30,74,121.0,76.0,37,2.78,18
2022-12-31,91,141.0,84.0,38,2.6,15
2023-01-01,79,119.0,71.0,38,1.83,25
2023-01-02,57,93.0,67.0,30,1.7,20
2023-01-03,73,110.0,69.0,37,1.88,24
2023-01-04,78,112.0,71.0,25,1.64,23
2023-01-05,82,214.5,64.0,32,1.57,26
2023-01-06,75,214.5,77.0,30,1.93,17
2023-01-07,74,165.0,88.0,33,2.6,15
2023-01-08,66,129.0,80.0,38,2.32,20
2023-01-09,76,137.0,81.0,38,2.34,19
2023-01-10,89,150.0,90.5,38,2.5,22
2023-01-11,81,165.0,79.0,34,1.78,26
2023-01-12,91,214.5,66.0,29,1.76,36
2023-01-13,91,214.5,14.0,11,0.55,70
2023-01-14,29,105.0,16.0,12,0.55,63
2023-01-15,38,107.0,35.0,15,0.87,39
2023-01-16,48,143.0,33.0,19,0.82,45
2023-01-17,53,149.0,43.0,17,0.94,32
2023-01-18,70,151.0,56.0,25,1.4,27
2023-01-19,74,139.0,61.0,30,1.68,28
2023-01-20,62,117.0,61.0,28,1.59,32
2023-01-21,88,140.0,58.0,38,1.7,28
2023-01-22,91,183.0,40.0,36,1.34,45
2023-01-23,39,120.0,10.0,10,0.48,74
2023-01-24,40,109.0,37.0,16,1.02,44
2023-01-25,48,109.0,40.0,19,1.1,39
2023-01-26,32,107.0,15.0,12,0.41,76
2023-01-27,45,146.0,34.0,13,0.87,48
2023-01-28,54,135.0,55.0,24,1.47,27
2023-01-29,64,138.0,70.0,28,2.03,28
2023-01-30,82,150.0,87.0,30,2.19,31
2023-01-31,69,132.0,67.0,38,1.69,40
2023-02-01,34,73.0,50.0,28,0.91,38
2023-02-02,45,107.0,56.0,29,1.13,35
2023-02-03,49,109.0,61.0,29,1.31,37
2023-02-04,52,99.0,69.0,29,1.45,35
2023-02-05,64,116.0,58.0,28,1.44,48
2023-02-06,45,91.0,53.0,22,1.06,52
2023-02-07,56,106.0,74.0,29,1.54,30
2023-02-08,48,81.0,32.0,11,0.78,66
2023-02-09,63,98.0,57.0,11,1.58,37
2023-02-10,74,114.0,69.0,12,1.52,31
2023-02-11,66,127.0,56.0,15,1.31,26
2023-02-12,32,91.0,28.0,10,0.6,63
2023-02-13,29,60.0,21.0,9,0.59,71
2023-02-14,57,86.0,50.0,14,1.39,50
2023-02-15,91,126.0,69.0,10,1.73,30
2023-02-16,91,123.0,68.0,12,1.55,42
2023-02-17,91,125.0,72.0,19,1.6,22
2023-02-18,34,63.0,29.0,8,0.63,74
2023-02-19,48,97.0,69.0,13,1.49,33
2023-02-20,66,104.0,72.0,16,1.53,33
2023-02-21,65,96.0,64.0,13,1.21,33
2023-02-22,44,74.0,56.0,12,0.9,51
2023-02-23,43,80.0,53.0,12,0.93,50
2023-02-24,48,164.0,50.0,12,0.96,49
2023-02-25,48,122.0,55.0,15,1.06,45
2023-02-26,48,81.0,41.0,8,1.03,49
2023-02-27,44,72.0,34.0,12,0.83,57
2023-02-28,33,104.0,23.0,10,0.63,79
2023-03-01,32,77.0,44.0,12,0.9,49
2023-03-01,32,77.0,44.0,12,0.9,49
2023-03-02,41,83.0,49.0,18,0.99,46
2023-03-03,37,72.0,44.0,16,0.77,55
2023-03-04,46,94.0,63.0,20,1.18,41
2023-03-05,44,90.0,56.0,25,1.12,47
2023-03-06,39,88.0,60.0,25,1.05,45
2023-03-07,51,108.0,73.0,31,1.21,25
2023-03-08,51,109.0,62.0,25,1.25,42
2023-03-09,46,106.0,66.0,23,1.22,42
2023-03-10,64,214.5,50.0,16,0.92,50
2023-03-11,30,114.0,14.0,7,0.35,85
2023-03-12,43,137.0,41.0,13,0.85,56
2023-03-13,40,103.0,67.0,16,1.33,41
2023-03-14,43,160.0,38.0,13,0.96,52
2023-03-15,43,168.0,30.0,9,0.6,58
2023-03-16,51,182.0,38.0,20,0.77,56
2023-03-17,54,170.0,22.0,14,0.59,81
2023-03-18,50,161.0,32.0,15,0.74,71
2023-03-19,35,83.0,43.0,12,0.85,62
2023-03-20,48,163.0,27.0,14,0.76,76
2023-03-21,91,214.5,16.0,9,0.46,89
2023-03-22,91,214.5,28.0,11,0.55,68
2023-03-23,50,171.0,25.0,7,0.61,76
2023-03-24,37,102.0,22.0,8,0.59,70
2023-03-25,46,130.0,28.0,11,0.53,74
2023-03-26,38,101.0,26.0,11,0.48,81
2023-03-27,38,87.0,40.0,14,0.79,63
2023-03-28,36,85.0,48.0,13,0.8,59
2023-03-29,32,77.0,45.0,16,0.78,62
2023-03-30,26,60.0,22.0,7,0.57,80
2023-03-31,33,66.0,39.0,10,0.77,69
2023-04-01,33,90.0,37.0,11,0.7,69
2023-04-02,58,163.0,13.0,7,0.49,89
2023-04-03,31,61.0,18.0,6,0.58,85
2023-04-04,42,64.0,22.0,7,0.56,63
2023-04-05,60,160.0,13.0,7,0.42,71
2023-04-06,61,200.0,34.0,8,0.7,64
2023-04-07,53,149.0,40.0,9,0.62,67
2023-04-08,52,136.0,50.0,13,0.71,63
2023-04-09,51,145.0,54.0,16,0.8,52
2023-04-10,78,214.5,41.0,17,0.73,57
2023-04-11,85,214.5,41.0,12,0.64,61
2023-04-12,67,214.5,44.0,15,0.71,67
2023-04-13,45,173.0,13.0,7,0.4,98
2023-04-14,21,37.0,16.0,6,0.43,89
2023-04-15,31,75.0,47.0,15,0.71,51
2023-04-16,36,105.0,55.0,20,1.0,64
2023-04-17,44,142.0,41.0,10,0.59,66
2023-04-18,45,136.0,51.0,15,0.61,68
2023-04-19,91,214.5,41.0,10,0.55,58
2023-04-20,91,214.5,11.0,6,0.31,73
2023-04-21,70,202.0,11.0,4,0.4,72
2023-04-22,46,93.0,13.0,6,0.44,74
2023-04-23,28,31.0,18.0,5,0.53,57
2023-04-24,36,45.0,23.0,6,0.61,62
2023-04-25,31,54.0,32.0,6,0.49,73
2023-04-26,39,101.0,43.0,12,0.64,72
2023-04-27,39,102.0,17.0,8,0.39,87
2023-04-28,31,79.0,17.0,7,0.38,89
2023-04-29,31,77.0,40.0,13,0.67,69
2023-04-30,34,86.0,43.0,16,0.74,72
2023-05-01,33,73.0,22.0,7,0.43,92
2023-05-02,35,88.0,35.0,12,0.63,81
2023-05-03,33,76.0,18.0,7,0.46,95
2023-05-04,45,146.0,11.0,7,0.36,103
2023-05-05,35,69.0,20.0,8,0.47,90
2023-05-06,34,63.0,23.0,9,0.64,80
2023-05-07,26,37.0,20.0,8,0.6,87
2023-05-08,21,31.0,30.0,6,0.7,37
2023-05-09,24,28.0,17.0,5,0.53,75
2023-05-10,30,65.0,23.0,7,0.48,94
2023-05-11,30,69.0,24.0,7,0.49,98
2023-05-12,29,72.0,38.0,11,0.65,80
2023-05-13,25,67.0,43.0,9,0.58,70
2023-05-14,33,83.0,47.0,17,0.75,70
2023-05-15,31,89.0,43.0,18,0.71,84
2023-05-16,39,95.0,20.0,9,0.6,107
2023-05-17,28,54.0,15.0,7,0.49,100
2023-05-18,26,75.0,39.0,9,0.71,72
2023-05-19,30,101.0,40.0,12,0.68,82
2023-05-20,91,214.5,11.0,12,0.47,90
2023-05-21,48,139.0,10.0,8,0.55,88
2023-05-22,26,50.0,19.0,8,0.77,85
2023-05-23,24,57.0,23.0,9,0.53,96
2023-05-24,50,153.0,11.0,9,0.5,101
2023-05-25,31,75.0,13.0,9,0.48,106
2023-05-26,29,52.0,13.0,6,0.49,104
2023-05-27,26,55.0,20.0,8,0.58,89
2023-05-28,30,65.0,18.0,14,0.51,115
2023-05-29,38,98.0,28.0,12,0.62,101
2023-05-30,64,178.0,20.0,8,0.52,93
2023-05-31,38,76.0,12.0,6,0.48,102
2023-06-01,41,104.0,24.0,10,0.57,77
2023-06-02,25,42.0,25.0,5,0.59,73
2023-06-03,19,32.0,23.0,7,0.62,68
2023-06-04,18,27.0,16.0,6,0.53,95
2023-06-05,22,38.0,29.0,7,0.65,93
2023-06-06,28,50.0,40.0,14,0.83,73
2023-06-07,25,39.0,27.0,8,0.57,84
2023-06-08,25,52.0,45.0,12,0.67,82
2023-06-09,22,50.0,40.0,12,0.61,79
2023-06-10,24,55.0,43.0,11,0.73,81
2023-06-11,27,63.0,39.0,12,0.66,80
2023-06-12,23,35.0,18.0,10,0.56,106
2023-06-13,23,45.0,32.0,10,0.71,98
2023-06-14,22,51.0,36.0,11,0.66,107
2023-06-15,22,42.0,15.0,7,0.53,119
2023-06-16,19,33.0,13.0,6,0.52,109
2023-06-17,21,45.0,15.0,6,0.54,89
2023-06-18,48,88.0,16.0,8,0.51,106
2023-06-19,35,77.0,33.0,13,0.69,102
2023-06-20,28,57.0,42.0,15,0.71,91
2023-06-21,22,49.0,36.0,7,0.56,93
2023-06-22,19,40.0,22.0,6,0.44,111
2023-06-23,24,52.0,27.0,9,0.55,96
2023-06-24,25,50.0,29.0,7,0.62,92
2023-06-25,20,38.0,23.0,8,0.5,111
2023-06-26,63,191.0,22.0,9,0.49,112
2023-06-27,30,63.0,15.0,6,0.54,104
2023-06-28,31,68.0,22.0,14,0.59,86
2023-06-29,30,66.0,28.0,9,0.58,96
2023-06-30,24,57.0,28.0,12,0.53,101
2023-07-01,31,74.0,13.0,8,0.42,119
2023-07-02,43,103.0,26.0,9,0.61,92
2023-07-03,18,30.0,18.0,6,0.45,107
2023-07-04,20,40.0,36.0,11,0.69,92
2023-07-05,21,53.0,47.0,12,0.74,65
2023-07-06,18,50.0,34.0,13,0.72,100
2023-07-07,23,63.0,38.0,10,0.68,84
2023-07-08,23,57.0,38.0,10,0.67,94
2023-07-09,21,53.0,31.0,10,0.58,101
2023-07-10,22,47.0,17.0,7,0.47,110
2023-07-11,29,59.0,17.0,9,0.54,108
2023-07-12,24,43.0,14.0,6,0.4,87
2023-07-13,17,22.0,20.0,4,0.43,78
2023-07-14,20,37.0,32.0,5,0.54,77
2023-07-15,20,48.0,38.0,9,0.6,82
2023-07-16,22,51.0,43.0,10,0.71,94
2023-07-17,22,56.0,41.0,12,0.63,82
2023-07-18,19,41.0,27.0,7,0.53,104
2023-07-19,19,37.0,23.0,6,0.45,114
2023-07-20,20,45.0,28.0,9,0.51,97
2023-07-21,18,43.0,29.0,15,0.5,96
2023-07-22,20,54.0,36.0,10,0.58,91
2023-07-23,21,59.0,38.0,13,0.52,90
2023-07-24,19,40.0,29.0,10,0.56,100
2023-07-25,22,49.0,34.0,9,0.59,112
2023-07-26,25,50.0,30.0,7,0.59,108
2023-07-27,26,40.0,28.0,5,0.63,73
2023-07-28,24,40.0,29.0,7,0.52,90
2023-07-29,17,30.0,21.0,6,0.53,119
2023-07-30,13,27.0,16.0,6,0.44,95
2023-07-31,13,27.0,20.0,5,0.53,88
2023-08-01,16,30.0,20.0,6,0.57,80
2023-08-02,21,46.0,28.0,8,0.65,79
2023-08-03,20,45.0,19.0,5,0.53,82
2023-08-04,27,54.0,17.0,9,0.52,104
2023-08-05,30,65.0,29.0,15,0.58,97
2023-08-06,21,35.0,18.0,8,0.48,99
2023-08-07,20,29.0,24.0,5,0.55,100
2023-08-08,14,25.0,16.0,5,0.46,80
2023-08-09,15,27.0,20.0,5,0.49,61
2023-08-10,25,56.0,23.0,5,0.59,62
2023-08-11,20,32.0,17.0,4,0.48,89
2023-08-12,21,41.0,38.0,5,0.63,92
2023-08-13,22,50.0,45.0,9,0.78,97
2023-08-14,16,34.0,23.0,6,0.47,106
2023-08-15,17,30.0,14.0,5,0.44,108
2023-08-16,91,214.5,13.0,6,0.43,83
2023-08-17,40,104.0,23.0,6,0.55,79
2023-08-18,27,54.0,38.0,10,0.66,77
2023-08-19,27,58.0,56.0,11,0.76,51
2023-08-20,26,51.0,38.0,9,0.63,92
2023-08-21,27,60.0,36.0,13,0.57,93
2023-08-22,25,54.0,26.0,11,0.48,101
2023-08-23,21,40.0,23.0,8,0.42,106
2023-08-24,26,61.0,36.0,13,0.58,81
2023-08-25,22,36.0,16.0,6,0.46,92
2023-08-26,19,27.0,17.0,5,0.43,111
2023-08-27,21,35.0,23.0,8,0.58,97
2023-08-28,24,41.0,32.0,8,0.7,94
2023-08-29,17,31.0,25.0,5,0.56,101
2023-08-30,20,41.0,38.0,11,0.7,87
2023-08-31,25,50.0,29.0,12,0.65,101
2023-09-01,29,61.0,27.0,13,0.59,105
2023-09-02,37,96.0,41.0,12,0.76,82
2023-09-03,26,70.0,31.0,10,0.56,100
2023-09-04,26,63.0,32.0,9,0.58,84
2023-09-05,24,40.0,13.0,5,0.46,97
2023-09-06,27,42.0,15.0,5,0.55,99
2023-09-07,41,82.0,13.0,4,0.48,84
2023-09-08,28,42.0,27.0,9,0.55,58
2023-09-09,34,55.0,43.0,7,0.76,77
2023-09-10,32,59.0,45.0,10,0.79,71
2023-09-11,21,33.0,22.0,5,0.43,86
2023-09-12,23,45.0,32.0,8,0.59,78
2023-09-13,23,48.0,41.0,7,0.63,79
2023-09-14,23,49.0,37.0,6,0.52,63
2023-09-15,26,61.0,41.0,10,0.63,68
2023-09-16,25,50.0,38.0,6,0.54,77
2023-09-17,29,73.0,29.0,6,0.48,77
2023-09-18,25,50.0,29.0,6,0.59,66
2023-09-19,29,40.0,24.0,5,0.62,71
2023-09-20,28,40.0,36.0,5,0.63,41
2023-09-21,21,35.0,41.0,6,0.65,50
2023-09-22,21,30.0,32.0,5,0.57,32
2023-09-23,39,98.0,26.0,5,0.56,49
2023-09-24,24,38.0,22.0,4,0.48,67
2023-09-25,21,31.0,27.0,6,0.54,64
2023-09-26,23,26.0,27.0,5,0.57,66
2023-09-27,23,29.0,24.0,5,0.58,62
2023-09-28,31,44.0,30.0,10,0.73,61
2023-09-29,23,42.0,24.0,6,0.53,70
2023-09-30,25,38.0,34.0,6,0.58,45
2023-10-01,22,29.0,17.0,5,0.44,60
2023-10-02,28,41.0,28.0,7,0.61,46
2023-10-03,32,45.0,41.0,7,0.85,15
2023-10-04,27,32.0,26.0,7,0.54,55
2023-10-05,18,19.0,23.0,4,0.44,59
2023-10-06,27,36.0,40.0,5,0.58,33
2023-10-07,30,46.0,43.0,7,0.7,46
2023-10-08,30,51.0,49.0,9,0.75,41
2023-10-09,27,49.0,44.0,7,0.66,39
2023-10-10,25,42.0,35.0,6,0.68,37
2023-10-11,23,25.0,23.0,4,0.5,49
2023-10-12,21,21.0,25.0,6,0.57,69
2023-10-13,24,31.0,33.0,6,0.56,62
2023-10-14,30,48.0,47.0,6,0.76,43
2023-10-15,34,63.0,56.0,12,1.13,38
2023-10-16,33,60.0,50.0,10,0.96,33
2023-10-17,28,39.0,31.0,6,0.56,58
2023-10-18,34,47.0,43.0,6,0.68,35
2023-10-19,26,35.0,31.0,5,0.54,67
2023-10-20,34,61.0,58.0,11,1.02,33
2023-11-01,45,92.0,75.0,16,1.29,27
2023-11-02,39,115.0,47.0,9,0.94,40
2023-11-03,28,77.0,52.0,10,0.69,35
2023-11-04,30,70.0,46.0,16,0.64,41
2023-11-05,26,62.0,27.0,7,0.45,50
2023-11-06,46,89.0,60.0,13,1.26,19
2023-11-07,47,85.0,58.0,16,1.1,26
2023-11-08,39,87.0,52.0,14,0.86,36
2023-11-09,45,108.0,59.0,22,1.08,23
2023-11-10,54,106.0,58.0,21,1.08,35
2023-11-11,36,77.0,27.0,17,0.54,55
2023-11-12,38,78.0,45.0,16,0.8,29
2023-11-13,71,116.0,64.0,13,1.46,22
2023-11-14,75,134.0,67.0,16,1.4,34
2023-11-15,38,103.0,26.0,7,0.51,58
2023-11-16,39,79.0,57.0,10,1.1,29
2023-11-17,65,112.0,79.0,21,1.73,16
2023-11-18,72,120.0,84.0,20,1.8,20
2023-11-19,74,123.0,90.0,19,1.93,20
2023-11-20,56,103.0,80.0,20,1.65,22
2023-11-21,51,108.0,61.0,23,1.23,27
2023-11-22,62,214.0,48.0,17,0.9,39
2023-11-23,44,133.0,49.0,11,0.84,38
2023-11-24,64,159.0,75.0,20,1.43,21
2023-11-25,42,131.0,46.0,16,0.7,35
2023-11-26,58,135.0,70.0,19,1.56,16
2023-11-27,47,111.0,67.0,25,1.39,19
2023-11-28,42,92.0,64.0,22,1.28,20
2023-11-29,23,47.0,26.0,11,0.51,57
2023-11-30,34,80.0,48.0,20,0.84,27
2023-12-01,51,96.0,66.0,19,1.43,16
2023-12-02,70,120.0,77.0,27,2.02,15
2023-12-03,70,116.0,80.0,31,1.98,13
2023-12-04,73,121.0,85.0,30,2.13,13
2023-12-05,70,214.5,57.0,20,1.43,28
2023-12-06,90,214.5,71.0,21,1.54,16
2023-12-07,48,118.0,75.0,20,2.23,15
2023-12-08,47,97.0,74.0,26,1.84,11
2023-12-09,55,107.0,72.0,30,1.63,13
2023-12-10,47,98.0,67.0,19,1.14,16
2023-12-11,41,88.0,58.0,17,1.15,20
2023-12-12,51,100.0,69.0,23,1.47,18
2023-12-13,59,111.0,62.0,19,1.49,22
2023-12-14,34,117.0,16.0,9,0.43,51
2023-12-15,22,75.0,15.0,7,0.45,61
2023-12-16,41,88.0,47.0,19,1.07,23
2023-12-17,58,103.0,51.0,20,1.35,24
2023-12-18,38,76.0,48.0,15,0.86,32
2023-12-19,46,148.0,41.0,14,0.85,34
2023-12-20,45,134.0,40.0,16,0.89,35
2023-12-21,36,95.0,47.0,15,1.06,31
2023-12-22,55,118.0,66.0,24,1.57,16
2023-12-23,48,95.0,58.0,24,1.17,21
2023-12-24,63,113.0,71.0,19,1.65,13
2023-12-25,79,136.0,79.0,24,2.2,11
2023-12-26,85,137.0,87.0,32,2.37,13
2023-12-27,91,151.0,90.5,30,2.68,12
2023-12-28,88,139.0,85.0,32,2.4,14
2023-12-29,83,139.0,88.0,28,2.24,14
2023-12-30,72,126.0,82.0,26,2.01,14
2023-12-31,57,103.0,63.0,24,1.54,24
2024-01-01,54,108.0,67.0,22,1.53,17
2024-01-02,56,107.0,69.0,29,1.64,19
2024-01-03,64,110.0,77.0,29,1.99,16
2024-01-04,67,115.0,79.0,28,2.08,19
2024-01-05,58,100.0,74.0,28,1.85,17
2024-01-06,66,109.0,76.0,30,1.85,18
2024-01-07,79,124.0,86.0,30,2.16,16
2024-01-08,75,133.0,80.0,26,1.95,19
2024-01-09,55,120.0,73.0,28,1.74,18
2024-01-10,66,123.0,80.0,31,2.04,14
2024-01-11,80,136.0,90.5,26,2.28,16
2024-01-12,75,131.0,90.5,27,2.35,15
2024-01-13,58,126.0,71.0,24,1.93,23
2024-01-14,44,109.0,68.0,20,1.35,23
2024-01-15,61,126.0,81.0,26,1.68,20
2024-01-16,76,134.0,84.0,35,1.94,18
2024-01-17,80,138.0,88.0,37,2.28,15
2024-01-18,75,125.0,83.0,38,1.9,17
2024-01-19,63,139.0,49.0,17,1.22,40
2024-01-20,40,160.0,24.0,10,0.53,66
2024-01-21,25,52.0,15.0,8,0.42,66
2024-01-22,31,54.0,32.0,10,0.78,42
2024-01-23,35,55.0,28.0,14,0.65,44
2024-01-24,45,68.0,45.0,13,1.04,32
2024-01-25,47,79.0,38.0,25,0.9,45
2024-01-26,47,91.0,41.0,16,0.93,44
2024-01-27,51,93.0,63.0,19,1.35,28
2024-01-28,66,111.0,69.0,27,1.8,25
2024-01-29,75,122.0,78.0,28,2.03,22
2024-01-30,71,106.0,74.0,22,1.76,25
2024-01-31,62,92.0,67.0,22,1.55,26
2024-02-01,62,83.0,45.0,13,1.1,45
2024-02-02,69,76.0,26.0,9,0.94,60
2024-02-03,61,62.0,32.0,10,1.09,55
2024-02-04,72,80.0,49.0,13,1.42,60
2024-02-05,69,79.0,36.0,17,1.17,78
2024-02-06,41,54.0,31.0,14,0.76,72
2024-02-07,47,61.0,28.0,15,0.84,68
2024-02-08,68,86.0,39.0,15,1.28,59
2024-02-09,56,86.0,41.0,18,1.07,56
2024-02-10,86,187.0,41.0,21,0.99,45
2024-02-11,51,96.0,47.0,20,1.2,37
2024-02-12,52,79.0,53.0,21,1.45,37
2024-02-13,47,79.0,41.0,23,1.25,44
2024-02-14,26,58.0,11.0,9,0.39,82
2024-02-15,29,56.0,32.0,14,0.85,52
2024-02-16,36,65.0,50.0,16,1.13,34
2024-02-17,56,157.0,52.0,16,1.24,37
2024-02-18,91,214.5,8.0,10,0.36,80
2024-02-19,45,178.0,27.0,10,0.63,51
2024-02-20,91,214.5,21.0,11,0.63,41
2024-02-21,65,214.5,13.0,11,0.52,54
2024-02-22,56,169.0,19.0,13,0.6,44
2024-02-23,73,145.0,22.0,11,0.79,46
2024-02-24,91,214.5,28.0,14,0.83,49
2024-02-25,91,214.5,43.0,11,1.02,26
2024-02-26,68,121.0,26.0,8,0.78,47
2024-02-27,73,122.0,35.0,8,0.95,35
2024-02-28,64,114.0,21.0,8,0.71,56
2024-02-29,39,68.0,15.0,10,0.49,74
2024-03-01,57,80.0,35.0,10,0.8,63
2024-03-02,55,90.0,61.0,12,1.19,42
2024-03-03,52,79.0,48.0,11,0.93,47
2024-03-04,39,76.0,24.0,11,0.67,65
2024-03-05,31,94.0,18.0,10,0.39,86
2024-03-06,36,86.0,28.0,8,0.6,70
2024-03-07,68,214.5,23.0,8,0.49,81
2024-03-08,53,161.0,47.0,14,0.79,54
2024-03-09,51,125.0,48.0,16,0.82,57
2024-03-10,37,98.0,24.0,7,0.41,93
2024-03-11,44,92.0,51.0,14,0.85,56
2024-03-12,41,99.0,50.0,16,0.79,54
2024-03-13,36,81.0,41.0,13,0.7,68
2024-03-14,41,97.0,46.0,19,0.78,58
2024-03-15,87,214.5,31.0,10,0.59,62
2024-03-16,65,214.5,16.0,9,0.37,93
2024-03-17,46,127.0,23.0,8,0.47,76
2024-03-18,42,133.0,16.0,8,0.35,90
2024-03-19,43,125.0,41.0,15,0.7,58
2024-03-20,38,94.0,57.0,19,0.85,45
2024-03-21,41,105.0,51.0,20,0.89,58
2024-03-22,35,99.0,43.0,12,0.68,65
2024-03-23,43,125.0,30.0,9,0.57,74
2024-03-24,24,32.0,24.0,6,0.52,72
2024-03-25,35,55.0,40.0,9,0.89,56
2024-03-26,29,49.0,38.0,9,0.69,54
2024-03-27,26,40.0,25.0,7,0.57,72
2024-03-28,34,63.0,46.0,11,0.8,47
2024-03-29,47,123.0,41.0,16,0.77,53
2024-03-30,91,214.5,44.0,14,0.6,55
2024-03-31,55,139.0,45.0,15,0.79,63
2024-04-01,35,103.0,26.0,9,0.39,73
2024-04-02,49,128.0,15.0,8,0.34,82
2024-04-03,35,87.0,18.0,10,0.36,78
2024-04-04,34,68.0,23.0,13,0.42,80
2024-04-05,36,63.0,31.0,9,0.46,59
2024-04-06,41,57.0,28.0,9,0.59,53
2024-04-07,40,57.0,36.0,8,0.66,57
2024-04-08,34,65.0,40.0,11,0.53,57
2024-04-09,31,49.0,30.0,7,0.48,58
2024-04-10,29,51.0,30.0,8,0.49,84
2024-04-11,34,64.0,47.0,12,0.57,58
2024-04-12,33,67.0,48.0,18,0.61,61
2024-04-13,34,69.0,45.0,16,0.57,58
2024-04-14,91,214.5,31.0,15,0.48,63
2024-04-15,71,214.5,28.0,13,0.36,68
2024-04-16,46,140.0,39.0,12,0.47,66
2024-04-17,32,75.0,34.0,8,0.42,79
2024-04-18,26,43.0,25.0,8,0.44,79
2024-04-19,31,53.0,25.0,9,0.42,78
2024-04-20,26,44.0,16.0,8,0.33,85
2024-04-21,28,41.0,29.0,10,0.44,73
2024-04-22,32,68.0,31.0,11,0.42,70
2024-04-23,79,214.5,30.0,9,0.4,74
2024-04-24,30,71.0,39.0,13,0.45,68
2024-04-25,27,55.0,34.0,13,0.44,84
2024-04-26,38,99.0,40.0,12,0.41,71
2024-04-27,38,79.0,26.0,8,0.35,98
2024-04-28,91,214.5,12.0,10,0.3,81
2024-04-29,28,46.0,15.0,7,0.31,86
2024-04-30,31,44.0,25.0,7,0.42,77
2024-05-01,28,48.0,36.0,8,0.41,70
2024-05-02,20,30.0,24.0,7,0.45,59
2024-05-03,21,28.0,23.0,7,0.48,55
2024-05-04,28,53.0,37.0,8,0.44,74
2024-05-05,34,72.0,45.0,13,0.5,74
2024-05-06,37,86.0,43.0,11,0.45,75
2024-05-07,34,73.0,41.0,10,0.44,77
2024-05-08,28,50.0,31.0,8,0.42,85
2024-05-09,25,44.0,19.0,8,0.34,98
2024-05-10,40,90.0,19.0,8,0.26,93
2024-05-11,26,56.0,29.0,8,0.36,76
2024-05-12,28,55.0,40.0,10,0.38,79
2024-05-13,25,53.0,37.0,14,0.38,91
2024-05-14,28,58.0,21.0,9,0.35,116
2024-05-15,52,171.0,25.0,8,0.33,113
2024-05-16,42,100.0,35.0,10,0.38,102
2024-05-17,41,101.0,45.0,14,0.46,93
2024-05-18,32,69.0,35.0,8,0.35,98
2024-05-19,46,107.0,26.0,10,0.35,106
2024-05-20,47,104.0,32.0,8,0.34,99
2024-05-21,29,58.0,26.0,7,0.31,111
2024-05-22,27,50.0,25.0,7,0.36,117
2024-05-23,34,70.0,33.0,9,0.41,108
2024-05-24,91,214.5,27.0,8,0.36,85
2024-05-25,48,78.0,21.0,8,0.38,96
2024-05-26,36,62.0,34.0,8,0.38,75
2024-05-27,31,49.0,31.0,9,0.41,92
2024-05-28,21,31.0,13.0,7,0.38,86
2024-05-29,20,25.0,14.0,7,0.32,95
2024-05-30,20,33.0,24.0,7,0.35,91
2024-05-31,27,67.0,35.0,8,0.4,69
2024-06-01,27,55.0,27.0,8,0.32,78
2024-06-02,24,37.0,20.0,8,0.35,98
2024-06-03,25,38.0,26.0,9,0.4,93
2024-06-04,27,33.0,18.0,10,0.42,116
2024-06-05,25,45.0,29.0,12,0.42,95
2024-06-06,18,23.0,13.0,7,0.37,94
2024-06-07,20,33.0,21.0,9,0.32,85
2024-06-08,23,34.0,23.0,8,0.35,80
2024-06-09,22,38.0,31.0,10,0.38,82
2024-06-10,23,42.0,33.0,11,0.36,88
2024-06-11,21,42.0,35.0,9,0.34,98
2024-06-12,24,50.0,35.0,12,0.4,103
2024-06-13,23,44.0,30.0,11,0.35,87
2024-06-14,24,42.0,27.0,10,0.41,97
2024-06-15,24,49.0,32.0,16,0.41,93
2024-06-16,19,26.0,18.0,8,0.44,115
2024-06-17,20,31.0,24.0,9,0.39,106
2024-06-18,25,56.0,18.0,11,0.38,113
2024-06-19,32,75.0,29.0,18,0.43,94
2024-06-20,20,35.0,19.0,9,0.33,90
2024-06-21,18,35.0,24.0,8,0.38,92
2024-06-22,23,51.0,32.0,12,0.38,91
2024-06-23,22,44.0,29.0,14,0.33,84
2024-06-24,21,59.0,32.0,13,0.34,90
2024-06-25,22,54.0,35.0,13,0.38,96
2024-06-26,20,40.0,20.0,9,0.31,116
2024-06-27,18,35.0,19.0,8,0.34,102
2024-06-28,17,27.0,22.0,8,0.35,111
2024-06-29,20,38.0,27.0,10,0.4,95
2024-06-30,19,33.0,18.0,9,0.31,97
2024-07-01,18,28.0,21.0,10,0.39,102
2024-07-02,21,38.0,32.0,11,0.42,92
2024-07-03,21,37.0,27.0,10,0.42,103
2024-07-04,25,54.0,26.0,8,0.4,99
2024-07-05,20,38.0,23.0,8,0.45,133
2024-07-06,27,61.0,39.0,11,0.52,77
2024-07-07,27,50.0,12.0,9,0.41,124
2024-07-08,21,33.0,17.0,11,0.54,101
2024-07-09,37,72.0,30.0,11,0.57,88
2024-07-10,37,85.0,35.0,9,0.51,86
2024-07-11,35,78.0,32.0,13,0.48,89
2024-07-12,36,84.0,27.0,12,0.5,79
2024-07-13,29,46.0,28.0,7,0.55,73
2024-07-14,17,30.0,19.0,7,0.45,86
2024-07-15,14,23.0,16.0,7,0.48,78
2024-07-16,16,32.0,24.0,7,0.48,67
2024-07-17,19,35.0,19.0,6,0.48,101
2024-07-18,21,45.0,29.0,9,0.55,92
2024-07-19,16,32.0,17.0,8,0.45,102
2024-07-20,58,168.0,13.0,6,0.38,96
2024-07-21,91,214.5,18.0,8,0.46,90
2024-07-22,56,119.0,29.0,6,0.54,56
2024-07-23,32,66.0,21.0,7,0.51,86
2024-07-24,67,166.0,16.0,5,0.42,92
2024-07-25,42,94.0,27.0,7,1.17,85
2024-07-26,29,61.0,24.0,6,0.41,89
2024-07-27,23,47.0,23.0,7,0.43,100
2024-07-28,23,47.0,32.0,9,0.53,87
2024-07-29,19,33.0,20.0,10,0.45,97
2024-07-30,20,42.0,26.0,10,0.55,93
2024-07-31,20,43.0,33.0,11,0.58,97
2024-08-01,23,50.0,36.0,16,0.56,95
2024-08-02,18,28.0,18.0,7,0.44,91
2024-08-03,23,36.0,24.0,8,0.6,85
2024-08-04,23,39.0,24.0,17,0.58,103
2024-08-05,23,45.0,33.0,13,0.54,87
2024-08-06,18,36.0,17.0,8,0.43,81
2024-08-07,20,32.0,23.0,8,0.51,106
2024-08-08,22,37.0,17.0,11,0.49,74
2024-08-09,39,97.0,15.0,7,0.42,90
2024-08-10,18,37.0,20.0,10,0.37,97
2024-08-11,21,41.0,35.0,15,0.56,90
2024-08-12,23,46.0,33.0,17,0.57,101
2024-08-13,19,40.0,20.0,9,0.45,108
2024-08-14,20,29.0,19.0,7,0.5,96
2024-08-15,22,44.0,25.0,8,0.66,83
2024-08-16,20,34.0,23.0,10,0.5,95
2024-08-17,19,32.0,21.0,8,0.4,99
2024-08-18,21,38.0,30.0,12,0.52,92
2024-08-19,21,43.0,35.0,17,0.56,90
2024-08-20,20,41.0,32.0,17,0.51,84
2024-08-21,21,46.0,36.0,14,0.56,96
2024-08-22,26,50.0,29.0,12,0.55,93
2024-08-23,23,41.0,18.0,8,0.53,103
2024-08-24,25,41.0,20.0,9,0.6,83
2024-08-25,19,31.0,17.0,7,0.5,73
2024-08-26,29,61.0,11.0,7,0.4,92
2024-08-27,18,36.0,22.0,9,0.54,90
2024-08-28,18,35.0,23.0,8,0.54,78
2024-08-29,20,35.0,14.0,7,0.49,87
2024-08-30,18,33.0,12.0,6,0.44,75
2024-08-31,29,73.0,12.0,7,0.47,76
2024-09-01,28,45.0,15.0,6,0.5,85
2024-09-02,30,50.0,22.0,8,0.63,72
2024-09-03,25,36.0,16.0,8,0.57,99
2024-09-04,21,32.0,9.0,6,0.37,82
2024-09-05,14,20.0,13.0,7,0.42,75
2024-09-06,14,18.0,13.0,5,0.4,71
2024-09-07,22,35.0,33.0,7,0.57,75
2024-09-08,28,46.0,30.0,10,0.63,62
2024-09-09,20,27.0,13.0,6,0.38,94
2024-09-10,22,30.0,19.0,6,0.46,66
2024-09-11,23,37.0,26.0,6,0.53,56
2024-09-12,26,38.0,24.0,9,0.56,51
2024-09-13,17,24.0,15.0,9,0.39,78
2024-09-14,25,44.0,33.0,7,0.48,44
2024-09-15,30,44.0,31.0,7,0.65,30
2024-09-16,24,36.0,17.0,8,0.47,64
2024-09-17,34,46.0,27.0,10,0.75,46
2024-09-18,35,52.0,35.0,8,0.78,46
2024-09-19,27,50.0,29.0,8,0.61,39
2024-09-20,24,39.0,17.0,6,0.35,68
2024-09-21,21,38.0,29.0,9,0.5,49
2024-09-22,24,46.0,32.0,9,0.5,52
2024-09-23,24,44.0,34.0,12,0.58,76
2024-09-24,30,66.0,34.0,15,0.6,61
2024-09-25,28,48.0,19.0,8,0.4,77
2024-09-26,24,43.0,39.0,12,0.63,61
2024-09-27,33,60.0,44.0,12,0.66,58
2024-09-28,38,48.0,22.0,7,0.63,72
2024-09-29,22,30.0,11.0,7,0.29,73
2024-09-30,20,30.0,14.0,10,0.33,67
2024-10-01,24,40.0,32.0,11,0.55,57
2024-10-02,27,50.0,44.0,11,0.75,44
2024-10-03,23,39.0,25.0,8,0.47,48
2024-10-04,25,44.0,29.0,9,0.52,50
2024-10-05,29,47.0,34.0,14,0.68,32
2024-10-06,29,56.0,34.0,11,0.54,49
2024-10-07,36,65.0,38.0,9,0.61,55
2024-10-08,38,57.0,42.0,10,0.69,28
2024-10-09,32,60.0,41.0,9,0.59,39
2024-10-10,30,64.0,46.0,10,0.71,37
2024-10-11,31,57.0,42.0,11,0.68,24
2024-10-12,29,50.0,38.0,8,0.61,29
2024-10-13,38,60.0,52.0,12,0.82,46
2024-10-14,37,62.0,46.0,16,0.8,42
2024-10-15,29,54.0,40.0,13,0.64,39
2024-10-16,25,39.0,37.0,9,0.58,29
2024-10-17,32,52.0,45.0,10,0.74,41
2024-10-18,34,53.0,44.0,10,0.72,43
2024-10-19,36,54.0,48.0,10,0.78,26
2024-10-20,29,49.0,38.0,8,0.57,44
2024-10-21,26,51.0,23.0,8,0.38,60
2024-10-22,28,57.0,46.0,11,0.64,45
2024-10-23,40,80.0,61.0,15,0.95,31
2024-10-24,35,61.0,41.0,9,0.72,35
2024-10-25,29,53.0,34.0,11,0.6,41
2024-10-26,30,54.0,44.0,10,0.7,33
2024-10-27,46,70.0,54.0,8,0.98,24
2024-10-28,50,83.0,62.0,16,1.1,32
2024-10-29,44,71.0,52.0,14,0.85,30
2024-10-30,28,45.0,30.0,9,0.64,53
2024-10-31,33,47.0,32.0,8,0.61,72
2024-11-01,43,63.0,47.0,13,0.82,39
2024-11-02,41,64.0,57.0,15,0.92,32
2024-11-03,32,80.0,33.0,11,0.46,61
2024-11-04,38,89.0,54.0,14,0.73,36
2024-11-05,42,85.0,62.0,17,0.97,33
2024-11-06,49,89.0,60.0,14,1.04,28
2024-11-07,50,84.0,57.0,12,1.01,24
2024-11-08,47,83.0,59.0,11,1.03,24
2024-11-09,40,79.0,44.0,13,0.68,44
2024-11-10,46,93.0,62.0,13,0.88,30
2024-11-11,33,72.0,46.0,15,0.65,42
2024-11-12,35,74.0,50.0,14,0.75,32
2024-11-13,41,78.0,47.0,17,0.82,37
2024-11-14,59,96.0,60.0,13,1.12,25
2024-11-15,41,107.0,26.0,13,0.58,57
2024-11-16,23,61.0,20.0,17,0.38,63
2024-11-17,30,60.0,34.0,11,0.55,39
2024-11-18,29,43.0,30.0,9,0.57,49
2024-11-19,38,58.0,32.0,15,0.63,42
2024-11-20,53,86.0,47.0,27,0.88,34
2024-11-21,59,92.0,66.0,17,1.14,26
2024-11-22,72,110.0,73.0,22,1.45,24
2024-11-23,57,90.0,50.0,18,1.07,33
2024-11-24,27,45.0,19.0,11,0.44,72
2024-11-25,25,54.0,23.0,10,0.49,65
2024-11-26,45,78.0,51.0,13,1.0,32
2024-11-27,55,93.0,66.0,19,1.33,23
2024-11-28,48,96.0,62.0,20,1.34,24
2024-11-29,60,98.0,70.0,25,1.59,14
2024-11-30,58,92.0,70.0,18,1.55,24
2024-12-01,59,95.0,78.0,19,1.6,22
2024-12-02,43,76.0,68.0,23,1.21,26
2024-12-03,48,81.0,55.0,26,1.19,33
2024-12-04,34,66.0,46.0,21,0.71,42
2024-12-05,40,78.0,53.0,17,0.87,35
2024-12-06,43,76.0,54.0,17,0.98,31
2024-12-07,29,49.0,41.0,13,0.65,44
2024-12-08,36,60.0,49.0,15,0.83,26
2024-12-09,45,73.0,45.0,19,0.83,25
2024-12-10,47,58.0,25.0,11,0.65,47
2024-12-11,53,63.0,34.0,11,0.72,50
2024-12-12,40,51.0,22.0,14,0.5,73
2024-12-13,42,70.0,46.0,15,0.97,39
2024-12-14,63,94.0,64.0,21,1.43,22
2024-12-15,91,124.0,85.0,21,1.94,19
2024-12-16,91,138.0,90.5,18,2.22,18
2024-12-17,77,111.0,81.0,19,1.96,18
2024-12-18,54,82.0,66.0,23,1.28,20
2024-12-19,54,89.0,68.0,17,1.3,23
2024-12-20,59,89.0,58.0,19,1.28,29
2024-12-21,56,87.0,66.0,17,1.21,24
2024-12-22,87,120.0,77.0,23,1.56,21
2024-12-23,81,110.0,61.0,21,1.29,24
2024-12-24,67,98.0,63.0,21,1.23,26
2024-12-25,87,122.0,72.0,29,1.65,20
2024-12-26,56,97.0,48.0,19,1.12,41
2024-12-27,30,62.0,33.0,12,0.61,45
2024-12-28,60,101.0,71.0,18,1.62,18
2024-12-29,64,101.0,75.0,25,1.42,21
2024-12-30,60,97.0,77.0,24,1.46,20
2024-12-31,84,130.0,90.5,24,2.13,19
2025-01-01,57,92.0,66.0,27,1.33,26
2025-01-02,49,84.0,69.0,27,1.37,22
2025-01-03,60,100.0,74.0,32,1.67,15
2025-01-04,59,85.0,65.0,28,1.52,18
2025-01-05,90,114.0,70.0,15,1.74,12
2025-01-06,91,125.0,75.0,20,1.9,21
2025-01-07,40,70.0,53.0,23,0.91,36
2025-01-08,45,74.0,60.0,19,1.22,25
2025-01-09,49,79.0,52.0,23,1.12,34
2025-01-10,32,85.0,31.0,12,0.57,58
2025-01-11,42,76.0,41.0,12,0.75,46
2025-01-12,58,96.0,64.0,27,1.38,26
2025-01-13,62,101.0,68.0,30,1.58,24
2025-01-14,31,84.0,29.0,12,0.63,55
2025-01-15,43,81.0,52.0,17,0.98,34
2025-01-16,67,104.0,71.0,22,1.56,23
2025-01-17,63,102.0,59.0,25,1.51,31
2025-01-18,42,77.0,59.0,20,1.19,28
2025-01-19,65,103.0,74.0,25,1.68,26
2025-01-20,67,101.0,78.0,24,1.85,25
2025-01-21,64,98.0,72.0,26,1.63,28
2025-01-22,63,97.0,66.0,25,1.54,39
2025-01-23,87,123.0,79.0,24,1.94,25
2025-01-24,67,114.0,49.0,18,1.32,35
2025-01-25,34,100.0,16.0,11,0.58,71
2025-01-26,37,128.0,30.0,12,0.84,60
2025-01-27,55,114.0,44.0,15,1.3,48
2025-01-28,91,135.0,53.0,17,1.57,56
2025-01-29,91,204.0,57.0,21,1.7,59
2025-01-30,91,121.0,50.0,23,1.62,64
2025-01-31,61,78.0,42.0,15,1.19,57
2025-02-01,44,64.0,38.0,20,0.9,48
2025-02-02,30,76.0,11.0,12,0.38,76
2025-02-03,29,50.0,28.0,13,0.71,61
2025-02-04,32,53.0,29.0,17,0.77,61
2025-02-05,22,43.0,19.0,13,0.47,73
2025-02-06,27,51.0,20.0,19,0.49,67
2025-02-07,26,69.0,22.0,11,0.53,61
2025-02-08,36,75.0,38.0,18,0.78,49
2025-02-09,47,83.0,48.0,23,1.06,47
2025-02-10,44,76.0,45.0,20,1.03,51
2025-02-11,39,132.0,20.0,16,0.55,67
2025-02-12,50,130.0,25.0,13,0.54,65
2025-02-13,65,133.0,50.0,19,1.07,41
2025-02-14,41,80.0,44.0,14,0.84,48
2025-02-15,35,67.0,40.0,16,0.8,53
2025-02-16,46,115.0,47.0,15,0.86,52
2025-02-17,52,110.0,54.0,18,0.97,57
2025-02-18,45,91.0,45.0,18,0.91,49
2025-02-19,45,96.0,25.0,14,0.66,75
2025-02-20,48,75.0,30.0,11,0.68,78
2025-02-21,47,69.0,33.0,9,0.8,61
2025-02-22,51,89.0,17.0,11,0.57,82
2025-02-23,35,58.0,24.0,10,0.56,64
2025-02-24,45,65.0,43.0,14,0.83,48
2025-02-25,45,74.0,53.0,12,1.06,46
2025-02-26,45,78.0,61.0,18,1.1,47
2025-02-27,46,81.0,62.0,18,1.1,44
2025-02-28,50,90.0,70.0,21,1.14,41
2025-03-01,49,114.0,48.0,13,0.95,47
2025-03-02,34,57.0,24.0,7,0.44,74
2025-03-03,42,53.0,31.0,9,0.68,66
2025-03-04,56,76.0,32.0,12,0.72,60
2025-03-05,39,59.0,21.0,11,0.55,73
2025-03-06,40,58.0,26.0,7,0.68,66
2025-03-07,50,83.0,37.0,9,0.7,59
2025-03-08,52,100.0,55.0,17,0.93,53
2025-03-09,47,114.0,38.0,9,0.78,54
2025-03-10,44,99.0,55.0,12,0.92,49
2025-03-11,85,214.5,29.0,8,0.55,64
2025-03-12,52,157.0,49.0,15,0.76,48
2025-03-13,55,165.0,37.0,14,0.76,58
2025-03-14,36,70.0,16.0,6,0.42,74
2025-03-15,26,55.0,8.0,9,0.38,87
2025-03-16,31,70.0,27.0,13,0.58,73
2025-03-17,31,56.0,31.0,14,0.65,65
2025-03-18,26,45.0,33.0,11,0.66,69
2025-03-19,33,58.0,42.0,13,0.77,64
2025-03-20,38,78.0,42.0,16,0.77,65
2025-03-21,40,80.0,44.0,15,0.73,66
2025-03-22,39,83.0,47.0,20,0.83,60
2025-03-23,29,86.0,34.0,8,0.56,69
2025-03-24,37,108.0,50.0,17,0.93,48
2025-03-25,55,189.0,61.0,20,1.03,54
2025-03-26,91,214.5,7.0,7,0.4,94
2025-03-27,34,109.0,7.0,9,0.45,81
2025-03-28,37,135.0,10.0,14,0.47,77
2025-03-29,33,86.0,30.0,12,0.6,54
2025-03-30,45,137.0,38.0,12,0.86,53
2025-03-31,38,110.0,30.0,12,0.56,72
2025-04-01,60,196.0,31.0,11,0.55,70
2025-04-02,62,186.0,41.0,17,0.76,56
2025-04-03,51,146.0,29.0,14,0.61,77
2025-04-04,64,214.5,23.0,10,0.43,78
2025-04-05,38,112.0,34.0,14,0.59,71
2025-04-06,32,89.0,36.0,18,0.63,65
2025-04-07,36,93.0,35.0,11,0.68,86
2025-04-08,40,132.0,23.0,10,0.57,91
2025-04-09,69,214.5,29.0,11,0.58,72
2025-04-10,33,107.0,29.0,12,0.54,81
2025-04-11,65,214.5,21.0,8,0.41,78
2025-04-12,91,214.5,19.0,9,0.46,74
2025-04-13,47,170.0,32.0,14,0.73,63
2025-04-14,35,93.0,37.0,10,0.63,64
2025-04-15,34,100.0,36.0,15,0.61,65
2025-04-16,91,214.5,41.0,17,0.61,59
2025-04-17,47,133.0,53.0,19,0.74,57
2025-04-18,91,214.5,18.0,9,0.46,85
2025-04-19,80,214.5,39.0,14,0.67,65
2025-04-20,68,214.5,30.0,15,0.59,80
2025-04-21,47,138.0,10.0,8,0.36,90
2025-04-22,39,113.0,28.0,14,0.65,65
2025-04-23,30,73.0,34.0,13,0.68,70
2025-04-24,27,68.0,40.0,10,0.58,75
2025-04-25,28,74.0,37.0,15,0.6,74
2025-04-26,27,56.0,21.0,9,0.49,80
2025-04-27,37,87.0,19.0,7,0.44,76
2025-04-28,27,55.0,25.0,13,0.53,79
2025-04-29,28,67.0,40.0,12,0.61,69
2025-04-30,44,152.0,41.0,12,0.59,62
2025-05-01,26,70.0,44.0,13,0.68,63
2025-05-02,69,207.0,32.0,17,0.6,66
2025-05-03,66,185.0,14.0,10,0.4,92
2025-05-04,51,201.0,21.0,8,0.44,71
2025-05-05,52,162.0,16.0,8,0.49,78
2025-05-06,82,214.5,29.0,12,0.51,71
2025-05-07,63,177.0,18.0,10,0.44,79
2025-05-08,24,53.0,17.0,8,0.43,84
2025-05-09,25,64.0,24.0,8,0.45,73
2025-05-10,23,51.0,32.0,10,0.5,73
2025-05-11,24,53.0,47.0,13,0.66,83
2025-05-12,28,69.0,48.0,12,0.61,65
2025-05-13,40,116.0,31.0,14,0.54,77
2025-05-14,21,41.0,20.0,7,0.38,105
2025-05-15,23,53.0,40.0,10,0.47,80
2025-05-16,26,64.0,47.0,12,0.55,71
2025-05-17,91,214.5,18.0,10,0.39,88
2025-05-18,30,64.0,28.0,11,0.46,92
2025-05-19,28,72.0,42.0,17,0.63,76
2025-05-20,29,68.0,41.0,16,0.6,82
2025-05-21,34,79.0,39.0,10,0.57,67
2025-05-22,30,67.0,19.0,8,0.39,86
2025-05-23,24,49.0,19.0,11,0.37,91
2025-05-24,21,43.0,26.0,10,0.44,88
2025-05-25,22,35.0,24.0,8,0.42,87
2025-05-26,28,57.0,46.0,16,0.58,62
2025-05-27,25,49.0,33.0,7,0.48,73
2025-05-28,20,37.0,14.0,6,0.4,93
2025-05-29,22,44.0,10.0,6,0.39,92
2025-05-30,59,182.0,14.0,10,0.33,97
2025-05-31,41,103.0,25.0,11,0.48,79
2025-06-01,25,41.0,16.0,8,0.33,92
2025-06-02,24,48.0,28.0,11,0.42,80
2025-06-03,22,44.0,23.0,9,0.4,90
2025-06-04,17,37.0,23.0,7,0.34,86
2025-06-05,22,44.0,32.0,11,0.45,88
2025-06-06,25,49.0,36.0,13,0.46,93
2025-06-07,25,56.0,28.0,10,0.39,103
2025-06-08,28,63.0,24.0,12,0.4,95
2025-06-09,25,37.0,15.0,7,0.38,92
2025-06-10,25,50.0,33.0,10,0.58,68
2025-06-11,22,50.0,36.0,11,0.58,85
2025-06-12,27,60.0,38.0,10,0.51,92
2025-06-13,34,84.0,27.0,13,0.51,99
2025-06-14,24,45.0,11.0,8,0.39,98
2025-06-15,24,48.0,17.0,10,0.38,123
2025-06-16,22,46.0,32.0,16,0.57,95
2025-06-17,27,57.0,42.0,14,0.63,88
2025-06-18,28,62.0,33.0,14,0.55,88
2025-06-19,23,42.0,14.0,9,0.39,106
2025-06-20,25,44.0,30.0,11,0.64,79
2025-06-21,23,44.0,29.0,12,0.58,92
2025-06-22,16,19.0,13.0,8,0.45,109
2025-06-23,20,30.0,20.0,10,0.52,90
2025-06-24,25,28.0,21.0,8,0.53,84
2025-06-25,20,28.0,24.0,9,0.55,80
2025-06-26,23,41.0,30.0,11,0.58,80
2025-06-27,19,31.0,28.0,8,0.47,87
2025-06-28,20,38.0,31.0,12,0.49,97
2025-06-29,29,60.0,25.0,8,0.45,75
2025-06-30,22,31.0,22.0,8,0.48,99
2025-07-01,28,48.0,43.0,13,0.62,55
2025-07-02,31,49.0,37.0,9,0.58,78
2025-07-03,26,51.0,28.0,13,0.48,94
2025-07-04,23,35.0,16.0,7,0.32,96
2025-07-05,18,29.0,22.0,9,0.46,84
2025-07-06,17,27.0,18.0,8,0.35,91
2025-07-07,20,33.0,19.0,10,0.43,90
2025-07-08,18,25.0,14.0,7,0.37,76
2025-07-09,23,39.0,21.0,10,0.58,83
2025-07-10,19,38.0,21.0,8,0.45,73
2025-07-11,17,31.0,14.0,6,0.36,73
2025-07-12,17,28.0,11.0,6,0.35,70
2025-07-13,19,30.0,12.0,7,0.36,84
2025-07-14,21,39.0,15.0,7,0.5,86
2025-07-15,25,52.0,25.0,9,0.52,80
2025-07-16,27,59.0,24.0,11,0.47,87
2025-07-17,25,51.0,18.0,7,0.48,88
2025-07-18,25,63.0,14.0,9,0.48,95
2025-07-19,40,106.0,14.0,8,0.39,89
2025-07-20,17,30.0,20.0,7,0.4,83
2025-07-21,19,37.0,23.0,9,0.49,86
2025-07-22,17,31.0,14.0,8,0.37,93
2025-07-23,20,37.0,16.0,8,0.46,75
2025-07-24,22,37.0,13.0,8,0.37,91
2025-07-25,19,33.0,26.0,8,0.55,81
2025-07-26,21,37.0,27.0,11,0.67,88
2025-07-27,21,38.0,25.0,10,0.52,97
2025-07-28,21,38.0,22.0,10,0.47,91
2025-07-29,23,39.0,23.0,8,0.57,80
2025-07-30,17,34.0,21.0,9,0.46,99
2025-07-31,32,80.0,12.0,9,0.41,84
2025-08-01,28,53.0,15.0,10,0.51,99
2025-08-02,22,40.0,19.0,9,0.5,85
2025-08-03,20,42.0,19.0,9,0.48,80
2025-08-04,15,22.0,16.0,8,0.38,77
2025-08-05,21,35.0,24.0,7,0.42,55
2025-08-06,24,46.0,24.0,8,0.49,64
2025-08-07,22,40.0,18.0,9,0.5,65
2025-08-08,13,20.0,16.0,6,0.37,79
2025-08-09,17,35.0,24.0,7,0.41,66
2025-08-10,22,49.0,34.0,9,0.57,56
2025-08-11,21,44.0,23.0,12,0.51,98
2025-08-12,19,33.0,15.0,7,0.3,103
2025-08-13,22,48.0,26.0,13,0.41,87
2025-08-14,18,42.0,26.0,12,0.42,82
2025-08-15,20,44.0,32.0,13,0.45,91
2025-08-16,23,48.0,28.0,12,0.5,82
2025-08-17,17,34.0,16.0,7,0.37,79
2025-08-18,15,31.0,15.0,7,0.42,81
2025-08-19,17,32.0,22.0,7,0.48,82
2025-08-20,50,178.0,11.0,7,0.28,70
2025-08-21,14,21.0,15.0,7,0.33,76
2025-08-22,18,31.0,28.0,11,0.57,45
2025-08-23,17,28.0,22.0,8,0.4,89
2025-08-24,23,41.0,28.0,11,0.5,76
2025-08-25,17,35.0,22.0,9,0.48,61
2025-08-26,15,20.0,13.0,7,0.41,58
2025-08-27,20,27.0,19.0,7,0.4,87
2025-08-28,19,24.0,26.0,6,0.41,64
2025-08-29,21,33.0,28.0,7,0.52,71
2025-08-30,25,45.0,32.0,11,0.55,67
2025-08-31,24,47.0,38.0,12,0.63,79
2025-09-01,22,45.0,27.0,12,0.53,56
2025-09-02,32,76.0,17.0,7,0.37,72
2025-09-03,28,71.0,25.0,10,0.54,63
2025-09-04,30,81.0,18.0,10,0.5,68
2025-09-05,28,74.0,16.0,7,0.37,77
2025-09-06,42,135.0,34.0,10,0.62,62
2025-09-07,38,106.0,37.0,10,0.55,48
2025-09-08,32,84.0,38.0,13,0.59,66
2025-09-09,29,64.0,36.0,17,0.6,61
2025-09-10,26,57.0,30.0,9,0.58,63
2025-09-11,23,51.0,23.0,16,0.53,73
2025-09-12,21,45.0,26.0,9,0.38,73
2025-09-13,31,80.0,32.0,16,0.48,63
2025-09-14,34,99.0,30.0,13,0.5,80
2025-09-15,66,206.0,21.0,9,0.42,61
2025-09-16,42,113.0,15.0,9,0.38,79
2025-09-17,21,34.0,14.0,6,0.36,66
2025-09-18,16,23.0,21.0,7,0.47,40
2025-09-19,23,38.0,24.0,8,0.62,48
2025-09-20,20,38.0,27.0,6,0.54,30
2025-09-21,28,46.0,28.0,8,0.69,23
2025-09-22,36,62.0,31.0,9,0.79,42
2025-09-23,18,39.0,23.0,9,0.42,83
2025-09-24,25,57.0,35.0,13,0.65,56
2025-09-25,20,46.0,20.0,7,0.53,59
2025-09-26,22,44.0,23.0,8,0.54,52
2025-09-27,24,45.0,19.0,9,0.52,78
2025-09-28,26,46.0,31.0,6,0.63,63
2025-09-29,28,51.0,34.0,6,0.63,60
2025-09-30,28,54.0,35.0,7,0.73,56
2025-10-01,21,30.0,20.0,5,0.52,76
2025-10-02,22,38.0,31.0,7,0.7,38
2025-10-03,32,57.0,28.0,7,0.64,38
2025-10-04,30,79.0,34.0,8,0.52,44
2025-10-05,28,73.0,20.0,6,0.43,60
2025-10-06,31,47.0,23.0,6,0.71,54
2025-10-07,24,37.0,19.0,5,0.57,53
2025-10-08,23,29.0,16.0,5,0.6,49
2025-10-09,28,33.0,16.0,6,0.49,50
2025-10-10,23,30.0,18.0,6,0.44,47
2025-10-11,25,36.0,25.0,8,0.58,36
2025-10-12,20,29.0,26.0,6,0.48,50
2025-10-13,29,54.0,41.0,8,0.71,37
2025-10-14,29,55.0,40.0,8,0.68,29
2025-10-15,33,58.0,42.0,8,0.75,39
2025-10-16,36,70.0,33.0,7,0.59,35
2025-10-17,25,36.0,26.0,5,0.65,50
2025-10-18,32,54.0,35.0,6,0.7,35
2025-10-19,31,61.0,34.0,6,0.64,46
2025-10-20,32,58.0,28.0,7,0.73,36
2025-10-21,26,42.0,18.0,6,0.63,44
2025-10-22,26,42.0,18.0,6,0.68,43
2025-10-23,20,29.0,21.0,5,0.58,48
2025-10-24,27,41.0,33.0,5,0.72,31
2025-10-25,34,45.0,25.0,4,0.56,58
2025-10-26,27,40.0,25.0,4,0.45,63
2025-10-27,39,64.0,42.0,7,0.84,36
2025-10-28,46,74.0,47.0,9,0.79,62
2025-10-29,48,81.0,50.0,11,0.97,38
2025-10-30,39,84.0,47.0,11,0.76,46
2025-10-31,35,81.0,49.0,8,0.74,39
2025-11-01,43,84.0,54.0,9,0.84,38
2025-11-02,44,84.0,57.0,10,0.86,43
2025-11-03,38,66.0,45.0,8,0.77,31
2025-11-04,46,71.0,46.0,11,0.96,20
2025-11-05,21,31.0,22.0,4,0.54,32
2025-11-06,17,23.0,21.0,4,0.54,31
2025-11-07,48,118.0,18.0,5,0.51,62
2025-11-08,50,119.0,25.0,8,0.56,42
2025-11-09,43,125.0,34.0,7,0.7,34
2025-11-10,36,74.0,30.0,7,0.61,48
2025-11-11,45,74.0,46.0,9,0.95,20
2025-11-12,37,81.0,38.0,9,0.6,38
2025-11-13,42,86.0,47.0,13,0.77,32
2025-11-14,43,80.0,55.0,22,0.86,30
2025-11-15,50,92.0,45.0,13,0.87,43
2025-11-16,29,79.0,21.0,9,0.4,55
2025-11-17,20,46.0,9.0,6,0.35,58
2025-11-18,30,59.0,36.0,10,0.65,39
2025-11-19,45,77.0,54.0,14,0.85,29
2025-11-20,54,92.0,63.0,15,0.91,33
2025-11-21,58,97.0,66.0,20,1.03,29
2025-11-22,60,99.0,66.0,24,1.09,23
2025-11-23,78,214.5,60.0,17,1.1,36
2025-11-24,35,83.0,31.0,5,0.48,57
2025-11-25,53,94.0,60.0,12,1.18,19
2025-11-26,51,170.0,41.0,8,0.87,32
2025-11-27,60,214.5,63.0,13,1.26,20
2025-11-28,46,88.0,66.0,17,1.33,20
2025-11-29,52,92.0,67.0,18,1.39,20
2025-11-30,47,114.0,50.0,13,0.91,28
2025-12-01,50,127.0,46.0,18,0.91,36
2025-12-02,32,83.0,37.0,12,0.59,43
2025-12-03,39,86.0,54.0,14,0.87,30
2025-12-04,56,99.0,68.0,19,1.23,22
2025-12-05,67,108.0,75.0,25,1.38,22
2025-12-06,75,116.0,77.0,26,1.5,22
2025-12-07,52,87.0,60.0,22,1.2,31
2025-12-08,50,91.0,65.0,22,1.16,28
2025-12-09,68,111.0,75.0,20,1.47,25
2025-12-10,57,117.0,60.0,16,1.39,26
2025-12-11,54,159.0,49.0,20,1.06,36
2025-12-12,36,121.0,8.0,5,0.4,65
2025-12-13,34,96.0,36.0,10,0.89,40
2025-12-14,57,110.0,65.0,13,1.41,22
2025-12-15,75,129.0,80.0,15,1.79,21
2025-12-16,67,113.0,69.0,21,1.5,25
2025-12-17,66,116.0,77.0,20,1.53,21
2025-12-18,91,142.0,90.5,20,1.83,17
2025-12-19,38,79.0,40.0,12,0.8,35
2025-12-20,30,48.0,21.0,5,0.41,49
2025-12-21,65,87.0,49.0,9,0.99,12
2025-12-22,61,114.0,40.0,11,1.0,23
2025-12-23,26,57.0,32.0,9,0.59,43
2025-12-24,33,61.0,34.0,10,0.78,33
2025-12-25,37,66.0,48.0,11,0.96,28
2025-12-26,48,79.0,54.0,13,1.17,25
2025-12-27,66,97.0,61.0,21,1.5,23
2025-12-28,81,117.0,66.0,21,1.65,24
2025-12-29,71,108.0,64.0,22,1.58,28
2025-12-30,81,115.0,66.0,25,1.66,25
2025-12-31,51,75.0,28.0,10,0.77,40
2026-01-01,69,86.0,29.0,6,0.93,37
2026-01-02,59,75.0,32.0,9,0.88,40
2026-01-03,60,70.0,21.0,6,0.76,54
2026-01-04,53,69.0,31.0,8,0.94,49
2026-01-05,35,51.0,20.0,8,0.58,62
2026-01-06,53,77.0,50.0,11,1.32,28
2026-01-07,63,90.0,57.0,20,1.49,26
2026-01-08,57,86.0,56.0,20,1.41,28
2026-01-09,45,79.0,51.0,19,1.28,31
2026-01-10,37,85.0,43.0,12,0.81,36
2026-01-11,54,101.0,59.0,19,1.3,23
2026-01-12,66,116.0,76.0,22,1.84,19
2026-01-13,52,95.0,68.0,30,1.71,18
2026-01-14,48,157.0,61.0,18,1.33,29
2026-01-15,42,119.0,57.0,15,1.23,31
2026-01-16,49,150.0,57.0,20,1.17,26
2026-01-17,60,147.0,65.0,28,1.47,24
2026-01-18,32,111.0,11.0,10,0.43,64
2026-01-19,24,66.0,14.0,7,0.53,56
2026-01-20,33,68.0,28.0,13,0.83,40
2026-01-21,43,79.0,33.0,14,0.87,44
2026-01-22,50,92.0,50.0,15,1.09,33
2026-01-23,71,116.0,69.0,22,1.41,29
2026-01-24,75,174.0,65.0,22,1.38,37
2026-01-25,91,214.5,21.0,8,0.59,50
2026-01-26,91,214.5,46.0,12,1.13,23
2026-01-27,89,214.5,45.0,16,0.98,40
2026-01-28,83,214.5,58.0,21,1.25,35
2026-01-29,68,192.0,44.0,12,0.96,34
2026-01-30,60,163.0,31.0,9,0.82,43
2026-01-31,68,159.0,41.0,9,1.07,30
2026-02-01,63,134.0,43.0,11,1.08,39
2026-02-02,59,117.0,48.0,14,1.13,38
2026-02-03,62,122.0,45.0,16,1.1,43
2026-02-04,59,112.0,56.0,15,1.25,36
2026-02-05,49,88.0,52.0,20,1.14,41
2026-02-06,32,100.0,17.0,8,0.5,71
2026-02-07,33,85.0,20.0,8,0.54,68
2026-02-08,47,92.0,42.0,16,0.87,42
2026-02-09,54,132.0,31.0,15,0.88,50
2026-02-10,46,165.0,27.0,10,0.62,62
2026-02-11,47,112.0,49.0,15,1.04,42
2026-02-12,50,108.0,52.0,23,1.15,33
2026-02-13,62,108.0,61.0,21,1.54,38
2026-02-14,38,104.0,33.0,14,0.94,50
2026-02-15,39,141.0,10.0,9,0.42,77
2026-02-16,31,79.0,14.0,11,0.56,68
2026-02-17,48,92.0,16.0,17,0.71,68
2026-02-18,27,60.0,15.0,11,0.6,73
2026-02-19,24,51.0,19.0,12,0.56,77
2026-02-20,32,66.0,31.0,17,0.92,58
2026-02-21,80,214.5,23.0,13,0.71,55
2026-02-22,91,214.5,20.0,13,0.63,59
2026-02-23,59,186.0,21.0,12,0.6,58
2026-02-24,43,103.0,39.0,14,0.88,58
2026-02-25,51,166.0,25.0,8,0.66,59
2026-02-26,43,129.0,25.0,16,0.76,60
2026-02-27,48,128.0,35.0,14,0.83,55
2026-02-28,51,132.0,30.0,14,0.8,57
2026-03-01,45,133.0,20.0,13,0.6,71
2026-03-02,51,133.0,18.0,12,0.72,87
2026-03-03,74,214.5,24.0,13,0.63,68
2026-03-04,61,197.0,27.0,20,0.76,56
2026-03-05,34,102.0,15.0,10,0.55,81
2026-03-06,32,86.0,25.0,13,0.65,68
2026-03-07,35,75.0,31.0,16,0.74,61
2026-03-08,31,52.0,21.0,9,0.67,60
2026-03-09,42,64.0,33.0,8,0.88,57
2026-03-10,37,64.0,39.0,13,0.96,50
2026-03-11,30,61.0,35.0,14,0.85,56
2026-03-12,88,214.5,23.0,7,0.56,57
2026-03-13,91,214.5,6.0,6,0.42,73
2026-03-14,45,115.0,12.0,6,0.5,71
2026-03-15,57,144.0,23.0,8,0.7,58
2026-03-16,58,128.0,24.0,9,0.71,52
2026-03-17,35,94.0,8.0,6,0.42,84
2026-03-18,38,121.0,11.0,7,0.39,77
2026-03-19,44,134.0,22.0,9,0.5,64
2026-03-20,43,109.0,28.0,14,0.64,68
2026-03-21,53,160.0,29.0,12,0.6,59
2026-03-22,65,180.0,23.0,8,0.41,65
2026-03-23,52,139.0,29.0,12,0.53,59
2026-03-24,41,97.0,34.0,11,0.66,69
2026-03-25,39,86.0,38.0,10,0.7,62
2026-03-26,25,49.0,24.0,8,0.55,79
2026-03-27,25,43.0,19.0,7,0.47,77
2026-03-28,22,48.0,15.0,8,0.35,89
2026-03-29,27,52.0,34.0,7,0.53,56
2026-03-30,27,42.0,23.0,6,0.52,69
2026-03-31,29,53.0,25.0,8,0.55,67
2026-04-01,29,64.0,37.0,13,0.67,62
2026-04-02,31,82.0,40.0,12,0.63,67
2026-04-03,53,171.0,10.0,7,0.35,103
2026-04-04,40,134.0,24.0,10,0.47,76
2026-04-05,46,135.0,26.0,9,0.47,78
2026-04-06,31,84.0,26.0,10,0.48,68
2026-04-07,26,67.0,25.0,7,0.49,70
2026-04-08,23,56.0,25.0,8,0.55,64
2026-04-09,32,88.0,27.0,10,0.65,79
2026-04-10,23,71.0,29.0,9,0.58,68
2026-04-11,27,73.0,26.0,9,0.43,90
2026-04-12,30,78.0,28.0,9,0.46,77
2026-04-13,26,61.0,16.0,13,0.4,91
2026-04-14,18,38.0,14.0,7,0.36,102
2026-04-15,31,64.0,29.0,11,0.53,67
2026-04-16,18,44.0,16.0,6,0.38,89
2026-04-17,24,52.0,38.0,9,0.57,74
2026-04-18,30,72.0,41.0,12,0.61,91
2026-04-19,91,214.5,6.0,6,0.33,96
2026-04-20,39,98.0,16.0,7,0.43,78
2026-04-21,57,125.0,17.0,8,0.45,76
2026-04-22,45,99.0,25.0,10,0.47,79
2026-04-23,57,117.0,31.0,9,0.53,84
2026-04-24,54,114.0,29.0,10,0.43,82
2026-04-25,31,80.0,34.0,13,0.56,97
2026-04-26,25,75.0,27.0,12,0.43,96
2026-04-27,20,48.0,11.0,7,0.28,100
2026-04-28,22,53.0,14.0,9,0.38,89
2026-04-29,32,69.0,18.0,10,0.5,111
2026-04-30,22,56.0,14.0,6,0.41,79
2026-05-01,22,46.0,13.0,7,0.38,83
2026-05-02,24,60.0,9.0,7,0.37,106
2026-05-03,21,43.0,25.0,7,0.49,88
2026-05-04,19,47.0,38.0,9,0.51,71
2026-05-05,21,51.0,32.0,14,0.6,95
2026-05-06,39,116.0,8.0,7,0.33,102
2026-05-07,27,67.0,23.0,8,0.49,76
2026-05-08,21,52.0,32.0,8,0.48,81
2026-05-09,24,61.0,32.0,9,0.45,79
2026-05-10,33,77.0,29.0,8,0.46,87
2026-05-11,36,85.0,36.0,11,0.55,84
2026-05-12,27,79.0,26.0,7,0.45,86
2026-05-13,20,48.0,16.0,8,0.47,91
2026-05-14,84,214.5,13.0,9,0.44,87
2026-05-15,39,76.0,16.0,7,0.47,76
2026-05-16,32,56.0,18.0,8,0.58,78
2026-05-17,23,51.0,11.0,8,0.45,107
2026-05-18,31,70.0,21.0,12,0.49,86
2026-05-19,18,45.0,27.0,8,0.57,82
2026-05-20,19,50.0,14.0,8,0.51,90
2026-05-21,91,214.5,12.0,9,0.46,89
2026-05-22,74,175.0,15.0,13,0.51,101
2026-05-23,48,97.0,21.0,11,0.54,94
2026-05-24,20,41.0,15.0,9,0.58,71
2026-05-25,28,62.0,18.0,8,0.58,82
2026-05-26,43,127.0,17.0,10,0.48,89
2026-05-27,46,133.0,18.0,9,0.45,83
2026-05-28,24,49.0,16.0,8,0.5,80
2026-05-29,22,52.0,29.0,9,0.54,83
2026-05-30,26,57.0,29.0,12,0.53,106
2026-05-31,49,128.0,11.0,9,0.39,114
2026-06-01,27,61.0,26.0,10,0.46,98
2026-06-02,24,56.0,29.0,15,0.55,105
2026-06-03,28,74.0,14.0,11,0.38,111
2026-06-04,31,61.0,25.0,10,0.46,94
2026-06-05,32,69.0,30.0,15,0.5,99
2026-06-06,91,214.5,17.0,10,0.44,85
2026-06-07,47,94.0,16.0,10,0.54,77
