城市,日期,AQI,质量等级,AQI排名,PM2.5,PM10,NO2,SO2,CO,O3
兰州市,2014-01-01,141,轻度污染,155,91,214.0,38.0,38,1.76,20
兰州市,2014-01-02,128,轻度污染,78,77,154.0,28.0,38,1.6,21
兰州市,2014-01-03,101,轻度污染,55,69,141.0,33.0,38,1.53,20
兰州市,2014-01-04,122,轻度污染,94,91,164.0,37.0,38,1.58,20
兰州市,2014-01-05,116,轻度污染,46,87,162.0,35.0,38,1.74,18
兰州市,2014-01-06,98,良,36,62,134.0,26.0,38,1.3,36
兰州市,2014-01-07,52,良,6,15,56.0,26.0,22,1.26,38
兰州市,2014-01-08,49,优,29,23,55.0,35.0,28,1.47,35
兰州市,2014-01-09,84,良,122,53,116.0,51.0,38,2.29,25
兰州市,2014-01-10,85,良,56,55,118.0,47.0,37,1.69,26
兰州市,2014-01-11,73,良,33,40,94.0,37.0,30,1.49,28
兰州市,2014-01-12,82,良,67,50,113.0,45.0,38,1.94,22
兰州市,2014-01-13,105,轻度污染,98,74,150.0,52.0,38,2.35,21
兰州市,2014-01-14,102,轻度污染,75,74,147.0,48.0,38,2.21,24
兰州市,2014-01-15,141,轻度污染,119,91,148.0,51.0,38,2.27,26
兰州市,2014-01-16,117,轻度污染,57,83,160.0,61.0,38,2.11,55
兰州市,2014-01-17,135,轻度污染,62,91,199.0,53.0,38,1.99,21
兰州市,2014-01-18,139,轻度污染,74,91,190.0,47.0,37,1.98,32
兰州市,2014-01-19,141,轻度污染,81,51,214.5,27.0,27,1.3,45
兰州市,2014-01-20,123,轻度污染,81,86,168.0,50.0,38,2.36,24
兰州市,2014-01-21,115,轻度污染,145,87,135.0,55.0,38,2.28,26
兰州市,2014-01-22,132,轻度污染,144,91,142.0,68.0,38,2.79,27
兰州市,2014-01-24,75,良,41,36,99.0,31.0,28,1.14,37
兰州市,2014-01-25,73,良,39,49,82.0,45.0,37,1.54,33
兰州市,2014-01-26,100,良,112,74,113.0,55.0,38,2.62,22
兰州市,2014-01-27,92,良,95,66,103.0,41.0,31,2.18,33
兰州市,2014-01-28,71,良,65,51,75.0,46.0,37,1.6,37
兰州市,2014-01-29,136,轻度污染,133,85,155.0,58.0,38,2.04,41
兰州市,2014-01-30,104,轻度污染,58,71,128.0,54.0,38,1.93,45
兰州市,2014-01-31,141,轻度污染,49,91,158.0,56.0,38,2.28,41
兰州市,2014-02-01,105,轻度污染,82,78,106.0,52.0,38,2.05,43
兰州市,2014-02-02,114,轻度污染,74,85,129.0,46.0,38,2.25,38
兰州市,2014-02-03,72,良,89,22,94.0,19.0,22,0.76,49
兰州市,2014-02-04,69,良,131,37,86.0,25.0,30,1.06,36
兰州市,2014-02-05,72,良,139,38,93.0,15.0,23,0.82,29
兰州市,2014-02-06,77,良,136,46,103.0,14.0,20,0.78,34
兰州市,2014-02-07,106,轻度污染,151,61,160.0,21.0,23,1.26,35
兰州市,2014-02-08,93,良,142,66,123.0,15.0,23,0.74,45
兰州市,2014-02-09,48,优,78,31,46.0,12.0,15,0.58,51
兰州市,2014-02-10,80,良,145,58,72.0,24.0,19,1.15,40
兰州市,2014-02-11,87,良,108,64,86.0,24.0,20,1.05,41
兰州市,2014-02-12,69,良,42,49,70.0,19.0,15,0.75,47
兰州市,2014-02-13,99,良,103,74,94.0,30.0,20,1.37,39
兰州市,2014-02-14,118,轻度污染,100,88,111.0,45.0,30,1.55,44
兰州市,2014-02-15,103,轻度污染,57,77,102.0,45.0,38,1.83,34
兰州市,2014-02-16,92,良,93,68,83.0,37.0,29,1.61,35
兰州市,2014-02-17,99,良,127,74,89.0,45.0,38,1.48,47
兰州市,2014-02-18,97,良,154,66,101.0,52.0,38,2.26,36
兰州市,2014-02-19,79,良,79,53,98.0,69.0,38,2.07,31
兰州市,2014-02-20,98,良,91,72,138.0,71.0,38,2.73,26
兰州市,2014-02-21,89,良,48,65,109.0,64.0,38,1.62,53
兰州市,2014-02-22,99,良,55,74,120.0,55.0,33,1.87,45
兰州市,2014-02-23,100,良,57,74,123.0,51.0,33,1.91,35
兰州市,2014-02-24,87,良,42,63,103.0,44.0,26,1.47,36
兰州市,2014-02-25,105,轻度污染,84,66,135.0,41.0,23,1.56,38
兰州市,2014-02-26,141,轻度污染,143,91,184.0,21.0,15,0.56,64
兰州市,2014-02-27,93,良,103,40,135.0,56.0,25,1.34,27
兰州市,2014-02-28,92,良,150,32,133.0,26.0,20,0.72,57
兰州市,2014-03-01,94,良,142,41,136.0,42.0,29,1.19,53
兰州市,2014-03-02,85,良,87,40,118.0,37.0,22,0.85,53
兰州市,2014-03-03,88,良,97,42,123.0,34.0,18,1.03,47
兰州市,2014-03-04,86,良,121,29,121.0,39.0,20,0.82,50
兰州市,2014-03-05,105,轻度污染,153,38,147.0,40.0,25,0.78,66
兰州市,2014-03-06,94,良,146,41,124.0,44.0,34,0.96,86
兰州市,2014-03-07,88,良,136,47,102.0,34.0,24,1.06,92
兰州市,2014-03-08,105,轻度污染,132,62,146.0,56.0,30,1.45,97
兰州市,2014-03-09,109,轻度污染,130,69,164.0,73.0,38,1.95,38
兰州市,2014-03-10,101,轻度污染,98,64,148.0,60.0,35,1.65,31
兰州市,2014-03-11,91,良,67,33,131.0,26.0,21,0.78,45
兰州市,2014-03-12,85,良,101,27,120.0,18.0,18,0.47,55
兰州市,2014-03-13,94,良,147,44,137.0,56.0,31,1.01,34
兰州市,2014-03-14,120,轻度污染,171,64,189.0,75.0,38,1.76,30
兰州市,2014-03-15,130,轻度污染,155,79,204.0,87.0,38,2.23,33
兰州市,2014-03-16,114,轻度污染,106,66,172.0,64.0,38,1.72,40
兰州市,2014-03-17,107,轻度污染,77,46,163.0,42.0,24,0.96,41
兰州市,2014-03-18,130,轻度污染,90,66,208.0,56.0,35,1.41,49
兰州市,2014-03-19,141,轻度污染,169,65,214.5,33.0,29,0.63,62
兰州市,2014-03-20,80,良,100,28,110.0,32.0,23,0.61,40
兰州市,2014-03-21,88,良,140,37,125.0,46.0,22,1.07,39
兰州市,2014-03-22,65,良,33,30,80.0,30.0,14,1.02,29
兰州市,2014-03-23,69,良,37,38,86.0,43.0,21,1.5,28
兰州市,2014-03-25,127,轻度污染,128,77,201.0,64.0,38,1.88,18
兰州市,2014-03-26,134,轻度污染,125,69,214.5,59.0,36,1.73,25
兰州市,2014-03-27,122,轻度污染,110,63,193.0,30.0,17,0.87,30
兰州市,2014-03-28,100,良,116,52,149.0,40.0,23,0.95,28
兰州市,2014-03-29,110,轻度污染,125,67,169.0,65.0,36,1.41,24
兰州市,2014-03-30,72,良,50,45,89.0,31.0,19,0.9,28
兰州市,2014-03-31,86,良,102,58,116.0,51.0,24,1.81,25
兰州市,2014-04-01,91,良,107,51,128.0,50.0,36,1.51,37
兰州市,2014-04-02,62,良,41,31,74.0,29.0,30,0.79,63
兰州市,2014-04-03,68,良,69,34,86.0,36.0,30,1.0,44
兰州市,2014-04-04,88,良,111,54,125.0,59.0,38,1.38,41
兰州市,2014-04-05,82,良,94,45,112.0,53.0,31,1.46,37
兰州市,2014-04-06,74,良,86,41,96.0,52.0,23,1.11,36
兰州市,2014-04-07,110,轻度污染,153,65,167.0,73.0,38,1.68,44
兰州市,2014-04-08,121,轻度污染,115,65,186.0,68.0,35,1.5,49
兰州市,2014-04-09,69,良,34,48,77.0,33.0,21,1.15,48
兰州市,2014-04-10,109,轻度污染,120,58,167.0,61.0,31,1.34,35
兰州市,2014-04-11,80,良,82,52,106.0,37.0,18,1.02,44
兰州市,2014-04-12,77,良,100,46,103.0,50.0,23,1.36,32
兰州市,2014-04-13,81,良,105,43,110.0,56.0,28,1.31,37
兰州市,2014-04-14,66,良,43,30,81.0,39.0,24,1.28,42
兰州市,2014-04-15,60,良,32,35,67.0,56.0,27,1.58,31
兰州市,2014-04-16,44,优,7,24,45.0,26.0,20,1.09,45
兰州市,2014-04-17,64,良,56,38,77.0,28.0,25,1.02,36
兰州市,2014-04-18,44,优,11,28,42.0,29.0,17,1.0,33
兰州市,2014-04-19,45,优,27,28,44.0,34.0,17,1.06,38
兰州市,2014-04-20,57,良,51,40,57.0,39.0,19,1.17,27
兰州市,2014-04-21,43,优,16,22,45.0,41.0,14,1.17,34
兰州市,2014-04-22,82,良,116,47,112.0,67.0,26,1.92,43
兰州市,2014-04-23,96,良,116,57,141.0,64.0,28,1.67,33
兰州市,2014-04-24,141,轻度污染,187,91,214.5,37.0,19,1.07,32
兰州市,2014-04-25,141,轻度污染,186,91,214.5,41.0,18,1.23,36
兰州市,2014-04-26,141,轻度污染,186,91,214.5,56.0,35,1.72,26
兰州市,2014-04-27,141,轻度污染,187,80,214.5,51.0,37,1.66,37
兰州市,2014-04-28,132,轻度污染,178,62,212.0,55.0,31,1.22,45
兰州市,2014-04-29,141,轻度污染,189,80,214.5,80.0,38,1.76,43
兰州市,2014-04-30,141,轻度污染,188,91,214.5,72.0,38,1.79,40
兰州市,2014-05-01,101,轻度污染,83,45,134.0,22.0,12,0.8,60
兰州市,2014-05-02,101,轻度污染,129,44,151.0,51.0,20,1.28,43
兰州市,2014-05-03,120,轻度污染,180,56,188.0,61.0,24,1.15,36
兰州市,2014-05-04,93,良,174,35,134.0,53.0,23,1.24,42
兰州市,2014-05-05,83,良,151,37,115.0,67.0,36,1.6,45
兰州市,2014-05-06,108,轻度污染,167,56,165.0,78.0,38,1.77,39
兰州市,2014-05-07,107,轻度污染,166,58,163.0,73.0,38,1.75,49
兰州市,2014-05-08,105,轻度污染,124,54,158.0,70.0,35,1.49,59
兰州市,2014-05-09,141,轻度污染,189,91,214.5,21.0,11,0.93,59
兰州市,2014-05-10,69,良,139,41,91.0,25.0,10,1.11,55
兰州市,2014-05-11,74,良,172,47,82.0,60.0,29,2.03,61
兰州市,2014-05-12,84,良,132,49,110.0,62.0,38,1.67,58
兰州市,2014-05-13,92,良,124,49,132.0,37.0,23,1.07,76
兰州市,2014-05-14,73,良,80,33,90.0,24.0,16,0.81,77
兰州市,2014-05-15,68,良,72,33,83.0,57.0,34,1.42,53
兰州市,2014-05-16,85,良,82,38,117.0,67.0,38,1.48,57
兰州市,2014-05-17,77,良,71,43,104.0,67.0,38,1.22,44
兰州市,2014-05-18,111,轻度污染,149,61,165.0,50.0,33,1.33,46
兰州市,2014-05-19,56,良,34,30,63.0,44.0,21,1.14,58
兰州市,2014-05-20,103,轻度污染,113,60,149.0,72.0,38,1.52,56
兰州市,2014-05-21,68,良,47,34,85.0,36.0,29,1.03,51
兰州市,2014-05-22,66,良,52,30,80.0,31.0,16,1.08,51
兰州市,2014-05-23,76,良,96,43,96.0,33.0,21,1.18,48
兰州市,2014-05-24,141,轻度污染,184,91,214.5,33.0,10,0.95,51
兰州市,2014-05-25,141,轻度污染,182,91,214.5,43.0,20,0.91,59
兰州市,2014-05-26,125,轻度污染,131,74,199.0,56.0,29,1.52,65
兰州市,2014-05-27,85,良,54,55,111.0,56.0,27,1.29,61
兰州市,2014-05-28,96,良,102,61,134.0,68.0,34,1.56,46
兰州市,2014-05-29,88,良,58,53,122.0,46.0,35,1.59,53
兰州市,2014-05-30,66,良,44,33,83.0,36.0,17,1.15,49
兰州市,2014-05-31,70,良,62,41,84.0,37.0,27,1.51,64
兰州市,2014-06-01,83,良,126,55,101.0,26.0,27,1.67,60
兰州市,2014-06-02,85,良,149,62,86.0,16.0,16,1.33,64
兰州市,2014-06-03,84,良,150,61,90.0,16.0,15,1.21,45
兰州市,2014-06-04,78,良,107,51,97.0,28.0,18,1.36,47
兰州市,2014-06-05,80,良,99,42,108.0,26.0,17,1.55,53
兰州市,2014-06-06,72,良,91,37,93.0,15.0,11,1.25,74
兰州市,2014-06-07,92,良,135,53,131.0,44.0,31,1.44,45
兰州市,2014-06-08,74,良,79,40,96.0,24.0,17,0.73,67
兰州市,2014-06-09,64,良,87,34,76.0,26.0,15,0.8,54
兰州市,2014-06-10,68,良,103,44,79.0,34.0,21,1.12,46
兰州市,2014-06-11,82,良,127,56,106.0,37.0,19,1.01,52
兰州市,2014-06-12,66,良,56,45,74.0,29.0,19,1.02,66
兰州市,2014-06-13,81,良,80,59,72.0,28.0,11,1.02,53
兰州市,2014-06-14,115,轻度污染,124,85,126.0,35.0,27,1.36,66
兰州市,2014-06-15,83,良,64,52,109.0,32.0,26,1.49,71
兰州市,2014-06-16,74,良,76,36,96.0,28.0,24,0.99,72
兰州市,2014-06-17,93,良,142,50,132.0,33.0,34,1.28,61
兰州市,2014-06-18,74,良,99,48,92.0,16.0,15,0.76,50
兰州市,2014-06-19,59,良,79,40,60.0,21.0,7,0.81,45
兰州市,2014-06-20,75,良,162,45,95.0,37.0,20,1.24,33
兰州市,2014-06-21,89,良,165,53,122.0,37.0,16,1.31,51
兰州市,2014-06-22,82,良,147,41,113.0,37.0,16,1.22,39
兰州市,2014-06-23,68,良,94,40,83.0,25.0,12,0.95,47
兰州市,2014-06-24,62,良,81,37,66.0,21.0,6,0.85,40
兰州市,2014-06-25,106,轻度污染,167,79,117.0,41.0,10,1.15,43
兰州市,2014-06-26,92,良,150,63,112.0,48.0,28,1.84,45
兰州市,2014-06-27,97,良,171,61,141.0,28.0,11,0.84,48
兰州市,2014-06-28,60,良,73,41,56.0,30.0,6,0.81,41
兰州市,2014-06-29,69,良,97,42,80.0,38.0,14,1.47,40
兰州市,2014-06-30,77,良,95,54,86.0,48.0,15,0.91,39
兰州市,2014-07-01,78,良,99,53,92.0,43.0,21,1.22,51
兰州市,2014-07-02,86,良,155,57,113.0,48.0,23,1.26,53
兰州市,2014-07-03,59,良,59,38,65.0,37.0,8,0.84,56
兰州市,2014-07-04,84,良,129,53,111.0,54.0,21,1.29,56
兰州市,2014-07-05,78,良,132,44,102.0,42.0,16,1.04,57
兰州市,2014-07-06,68,良,120,42,84.0,26.0,9,0.78,52
兰州市,2014-07-07,107,轻度污染,165,68,161.0,25.0,9,0.76,53
兰州市,2014-07-08,60,良,58,42,58.0,22.0,6,0.9,39
兰州市,2014-07-09,47,优,41,32,39.0,22.0,6,0.85,43
兰州市,2014-07-10,59,良,68,39,64.0,27.0,9,0.9,40
兰州市,2014-07-11,85,良,101,48,118.0,49.0,14,0.96,31
兰州市,2014-07-12,90,良,138,48,130.0,36.0,12,0.63,41
兰州市,2014-07-13,68,良,115,41,82.0,52.0,12,1.11,35
兰州市,2014-07-14,73,良,96,43,94.0,54.0,18,1.5,45
兰州市,2014-07-15,73,良,114,43,93.0,41.0,21,0.78,68
兰州市,2014-07-16,68,良,109,36,83.0,43.0,16,0.87,54
兰州市,2014-07-17,69,良,106,39,87.0,41.0,14,0.81,52
兰州市,2014-07-18,61,良,85,36,69.0,31.0,8,0.8,43
兰州市,2014-07-19,58,良,83,40,60.0,31.0,10,0.92,45
兰州市,2014-07-20,49,优,63,29,50.0,31.0,9,0.82,23
兰州市,2014-07-21,63,良,105,38,73.0,25.0,9,0.79,33
兰州市,2014-07-22,54,良,69,37,51.0,35.0,5,0.99,24
兰州市,2014-07-23,65,良,128,44,63.0,45.0,7,1.42,38
兰州市,2014-07-24,85,良,154,60,95.0,52.0,16,1.75,44
兰州市,2014-07-25,95,良,168,54,135.0,54.0,16,1.22,50
兰州市,2014-07-26,82,良,89,45,112.0,52.0,17,1.13,45
兰州市,2014-07-27,60,良,53,36,68.0,34.0,11,1.19,54
兰州市,2014-07-28,72,良,80,38,92.0,39.0,15,1.22,44
兰州市,2014-07-29,80,良,85,44,108.0,36.0,16,0.92,48
兰州市,2014-07-30,80,良,142,50,109.0,40.0,17,1.31,40
兰州市,2014-07-31,74,良,124,47,95.0,36.0,10,0.72,30
兰州市,2014-08-01,71,良,136,41,91.0,36.0,15,0.94,41
兰州市,2014-08-02,105,轻度污染,163,70,157.0,39.0,17,0.8,34
兰州市,2014-08-03,72,良,101,44,92.0,26.0,16,0.78,38
兰州市,2014-08-04,51,良,34,34,51.0,28.0,10,0.86,31
兰州市,2014-08-05,84,良,153,62,81.0,36.0,12,0.99,27
兰州市,2014-08-06,39,优,37,26,36.0,27.0,11,0.78,46
兰州市,2014-08-07,70,良,141,43,88.0,41.0,18,1.15,51
兰州市,2014-08-09,81,良,158,47,108.0,51.0,15,1.23,52
兰州市,2014-08-10,91,良,163,50,126.0,56.0,16,1.29,29
兰州市,2014-08-11,55,良,61,37,58.0,29.0,11,0.71,48
兰州市,2014-08-12,55,良,82,35,54.0,42.0,14,0.74,52
兰州市,2014-08-13,60,良,98,33,70.0,44.0,19,0.75,46
兰州市,2014-08-14,68,良,145,36,84.0,48.0,19,0.91,63
兰州市,2014-08-15,84,良,142,49,116.0,64.0,23,1.23,59
兰州市,2014-08-16,78,良,114,42,102.0,46.0,16,0.84,62
兰州市,2014-08-17,64,良,102,33,77.0,25.0,18,0.68,61
兰州市,2014-08-18,86,良,167,49,116.0,40.0,24,1.19,44
兰州市,2014-08-19,79,良,137,39,104.0,31.0,16,0.86,62
兰州市,2014-08-20,72,良,106,44,91.0,31.0,17,1.09,48
兰州市,2014-08-21,91,良,116,67,104.0,38.0,14,1.61,30
兰州市,2014-08-23,79,良,110,53,99.0,39.0,9,1.08,33
兰州市,2014-08-24,67,良,135,40,81.0,42.0,20,1.45,47
兰州市,2014-08-25,81,良,155,46,107.0,46.0,21,1.28,40
兰州市,2014-08-26,69,良,97,45,82.0,42.0,26,1.36,58
兰州市,2014-08-27,91,良,168,49,129.0,33.0,24,1.38,52
兰州市,2014-08-28,60,良,84,31,70.0,18.0,12,0.82,49
兰州市,2014-08-29,57,良,85,34,63.0,16.0,8,0.72,43
兰州市,2014-08-30,52,良,63,32,53.0,15.0,7,0.64,48
兰州市,2014-08-31,73,良,147,43,93.0,28.0,19,1.11,32
兰州市,2014-09-01,62,良,127,36,76.0,23.0,9,0.79,39
兰州市,2014-09-02,66,良,151,36,80.0,26.0,13,0.94,41
兰州市,2014-09-03,88,良,186,46,120.0,33.0,20,1.17,51
兰州市,2014-09-04,86,良,161,48,119.0,28.0,18,1.03,49
兰州市,2014-09-05,69,良,72,38,86.0,21.0,13,0.78,42
兰州市,2014-09-06,62,良,43,42,67.0,19.0,12,0.82,36
兰州市,2014-09-07,64,良,72,43,70.0,26.0,18,1.01,44
兰州市,2014-09-08,105,轻度污染,159,76,126.0,34.0,17,1.18,21
兰州市,2014-09-09,123,轻度污染,185,90,126.0,33.0,14,1.38,35
兰州市,2014-09-10,62,良,79,34,75.0,28.0,13,1.07,26
兰州市,2014-09-11,44,优,34,30,40.0,19.0,11,0.98,31
兰州市,2014-09-12,74,良,166,50,90.0,39.0,23,1.83,24
兰州市,2014-09-13,121,轻度污染,187,77,186.0,25.0,15,1.07,27
兰州市,2014-09-14,55,良,119,37,61.0,17.0,9,0.71,36
兰州市,2014-09-15,49,优,100,29,49.0,22.0,11,0.88,41
兰州市,2014-09-16,41,优,57,23,39.0,23.0,9,0.93,37
兰州市,2014-09-17,61,良,144,36,71.0,37.0,12,1.02,45
兰州市,2014-09-18,82,良,160,54,108.0,43.0,20,1.37,44
兰州市,2014-09-19,82,良,140,47,107.0,49.0,23,1.25,45
兰州市,2014-09-20,75,良,134,34,98.0,42.0,20,1.25,39
兰州市,2014-09-21,51,良,61,27,54.0,27.0,13,1.15,27
兰州市,2014-09-22,42,优,27,25,40.0,23.0,8,0.85,41
兰州市,2014-09-23,62,良,110,43,66.0,42.0,12,1.45,42
兰州市,2014-09-24,89,良,159,58,119.0,49.0,21,1.67,54
兰州市,2014-09-25,68,良,74,35,85.0,36.0,13,1.08,47
兰州市,2014-09-26,77,良,82,47,100.0,38.0,22,1.27,37
兰州市,2014-09-27,94,良,119,62,126.0,39.0,23,1.43,33
兰州市,2014-09-28,75,良,120,50,83.0,31.0,13,1.24,49
兰州市,2014-09-29,90,良,175,56,128.0,37.0,21,1.35,44
兰州市,2014-09-30,64,良,139,33,76.0,19.0,14,1.06,39
兰州市,2014-10-01,65,良,109,36,78.0,17.0,10,0.93,40
兰州市,2014-10-02,99,良,163,59,144.0,28.0,16,1.19,44
兰州市,2014-10-03,92,良,145,51,132.0,22.0,17,0.96,51
兰州市,2014-10-04,60,良,84,29,73.0,16.0,11,0.79,50
兰州市,2014-10-05,77,良,128,43,101.0,33.0,25,1.42,40
兰州市,2014-10-06,72,良,85,39,91.0,27.0,21,1.16,43
兰州市,2014-10-07,75,良,56,49,93.0,34.0,24,1.11,37
兰州市,2014-10-08,85,良,81,59,101.0,31.0,24,1.21,41
兰州市,2014-10-09,57,良,24,33,64.0,22.0,10,0.9,41
兰州市,2014-10-10,76,良,79,45,91.0,20.0,15,0.93,41
兰州市,2014-10-11,29,优,2,12,22.0,13.0,9,0.68,53
兰州市,2014-10-12,41,优,29,28,39.0,25.0,13,1.05,41
兰州市,2014-10-13,71,良,136,50,80.0,35.0,17,1.42,43
兰州市,2014-10-14,107,轻度污染,145,79,134.0,44.0,25,1.88,42
兰州市,2014-10-15,92,良,55,59,127.0,40.0,22,1.17,28
兰州市,2014-10-16,81,良,71,55,98.0,36.0,17,1.44,22
兰州市,2014-10-17,134,轻度污染,152,91,136.0,53.0,20,1.75,28
兰州市,2014-10-18,124,轻度污染,122,91,132.0,46.0,24,1.44,37
兰州市,2014-10-19,76,良,88,47,98.0,41.0,24,1.14,42
兰州市,2014-10-20,74,良,67,49,97.0,38.0,19,1.16,33
兰州市,2014-10-21,64,良,40,40,73.0,48.0,16,1.25,41
兰州市,2014-10-22,89,良,101,59,120.0,48.0,23,1.48,38
兰州市,2014-10-23,98,良,100,71,132.0,52.0,30,1.72,31
兰州市,2014-10-24,98,良,93,70,126.0,60.0,33,1.91,34
兰州市,2014-10-25,81,良,61,55,105.0,48.0,30,1.69,27
兰州市,2014-10-26,86,良,68,63,103.0,46.0,26,1.62,36
兰州市,2014-10-27,68,良,52,46,78.0,35.0,17,1.25,34
兰州市,2014-10-28,41,优,9,21,45.0,34.0,11,1.06,35
兰州市,2014-10-29,70,良,100,46,85.0,36.0,18,1.49,37
兰州市,2014-10-30,43,优,29,25,41.0,32.0,13,0.96,35
兰州市,2014-10-31,39,优,14,22,37.0,31.0,11,0.87,41
兰州市,2014-11-01,46,优,30,26,46.0,34.0,11,0.72,52
兰州市,2014-11-02,86,良,170,58,115.0,66.0,22,1.64,30
兰州市,2014-11-03,129,轻度污染,189,91,166.0,90.5,33,2.33,41
兰州市,2014-11-04,106,轻度污染,151,79,129.0,83.0,31,2.5,13
兰州市,2014-11-05,111,轻度污染,127,83,135.0,83.0,36,2.75,21
兰州市,2014-11-06,122,轻度污染,139,91,150.0,76.0,32,2.76,7
兰州市,2014-11-07,101,轻度污染,163,75,122.0,67.0,33,2.09,21
兰州市,2014-11-08,104,轻度污染,155,77,119.0,68.0,27,2.26,10
兰州市,2014-11-09,65,良,81,44,70.0,45.0,20,1.32,16
兰州市,2014-11-10,79,良,69,41,106.0,28.0,16,0.8,43
兰州市,2014-11-11,81,良,80,44,110.0,42.0,15,1.17,35
兰州市,2014-11-12,67,良,92,31,82.0,32.0,20,0.97,36
兰州市,2014-11-13,118,轻度污染,183,84,159.0,65.0,34,2.33,18
兰州市,2014-11-14,98,良,124,71,140.0,42.0,30,1.92,18
兰州市,2014-11-15,81,良,70,40,109.0,25.0,20,1.12,35
兰州市,2014-11-16,108,轻度污染,105,73,161.0,46.0,29,2.14,20
兰州市,2014-11-17,119,轻度污染,124,87,170.0,53.0,36,2.59,18
兰州市,2014-11-18,122,轻度污染,129,91,167.0,48.0,38,2.82,18
兰州市,2014-11-19,117,轻度污染,112,86,156.0,60.0,37,2.0,21
兰州市,2014-11-20,111,轻度污染,89,75,155.0,54.0,29,1.79,18
兰州市,2014-11-21,106,轻度污染,80,79,132.0,66.0,38,2.08,17
兰州市,2014-11-22,97,良,63,72,115.0,45.0,37,1.79,28
兰州市,2014-11-23,78,良,68,54,99.0,48.0,30,1.55,32
兰州市,2014-11-24,97,良,130,72,100.0,46.0,21,1.65,22
兰州市,2014-11-25,141,轻度污染,172,91,172.0,68.0,29,3.08,10
兰州市,2014-11-26,94,良,119,65,110.0,34.0,22,1.95,29
兰州市,2014-11-27,43,优,12,23,41.0,28.0,11,0.85,40
兰州市,2014-11-28,101,轻度污染,150,75,118.0,57.0,18,2.14,16
兰州市,2014-11-29,83,良,100,59,91.0,40.0,19,1.9,29
兰州市,2014-11-30,56,良,67,21,60.0,25.0,12,0.84,52
兰州市,2014-12-01,113,轻度污染,180,79,156.0,66.0,34,2.73,19
兰州市,2014-12-02,111,轻度污染,180,82,164.0,57.0,29,2.83,12
兰州市,2014-12-03,70,良,92,30,88.0,34.0,24,1.15,46
兰州市,2014-12-04,105,轻度污染,168,69,143.0,63.0,38,2.63,32
兰州市,2014-12-05,141,轻度污染,186,91,204.0,78.0,38,4.25,27
兰州市,2014-12-06,92,良,107,63,104.0,43.0,23,1.79,27
兰州市,2014-12-07,113,轻度污染,132,71,165.0,58.0,38,2.53,15
兰州市,2014-12-08,123,轻度污染,136,91,145.0,63.0,31,2.91,15
兰州市,2014-12-09,67,良,45,33,82.0,25.0,15,0.95,32
兰州市,2014-12-10,106,轻度污染,126,54,159.0,44.0,24,1.41,22
兰州市,2014-12-11,95,良,124,36,139.0,23.0,14,0.79,51
兰州市,2014-12-12,95,良,133,54,136.0,49.0,20,1.65,19
兰州市,2014-12-13,125,轻度污染,173,91,181.0,68.0,36,2.49,12
兰州市,2014-12-14,138,轻度污染,146,84,197.0,56.0,38,2.06,25
兰州市,2014-12-15,104,轻度污染,72,40,143.0,27.0,16,0.72,53
兰州市,2014-12-16,97,良,157,65,120.0,68.0,38,2.14,14
兰州市,2014-12-17,141,轻度污染,183,91,159.0,69.0,38,3.41,16
兰州市,2014-12-18,141,轻度污染,179,91,212.0,82.0,38,3.15,28
兰州市,2014-12-19,112,轻度污染,129,84,134.0,54.0,38,2.11,20
兰州市,2014-12-20,77,良,98,49,95.0,35.0,34,1.39,31
兰州市,2014-12-21,66,良,54,42,75.0,40.0,33,1.63,27
兰州市,2014-12-22,138,轻度污染,175,91,155.0,59.0,38,3.05,16
兰州市,2014-12-23,141,轻度污染,150,91,163.0,60.0,38,2.87,18
兰州市,2014-12-24,106,轻度污染,76,79,118.0,52.0,38,2.13,22
兰州市,2014-12-25,118,轻度污染,123,88,136.0,60.0,38,2.42,20
兰州市,2014-12-26,141,轻度污染,148,91,165.0,56.0,38,2.51,18
兰州市,2014-12-27,141,轻度污染,151,91,189.0,62.0,38,2.83,17
兰州市,2014-12-28,141,轻度污染,149,91,214.5,71.0,38,3.29,20
兰州市,2014-12-29,141,轻度污染,118,91,173.0,66.0,38,3.0,23
兰州市,2014-12-30,111,轻度污染,94,81,136.0,50.0,38,2.38,23
兰州市,2014-12-31,69,良,184,34,85.0,37.0,35,1.7,16
兰州市,2015-01-01,134,轻度污染,325,91,164.0,57.0,38,2.91,20
兰州市,2015-01-02,141,轻度污染,596,91,179.0,59.0,38,3.21,21
兰州市,2015-01-03,141,轻度污染,317,91,212.0,74.0,38,3.69,18
兰州市,2015-01-04,92,良,71,56,111.0,37.0,30,1.45,37
兰州市,2015-01-05,48,优,25,17,52.0,31.0,25,1.17,39
兰州市,2015-01-06,59,良,123,34,66.0,41.0,33,1.81,23
兰州市,2015-01-07,67,良,126,46,79.0,40.0,28,1.8,19
兰州市,2015-01-08,91,良,171,64,115.0,55.0,38,2.67,18
兰州市,2015-01-09,117,轻度污染,202,88,138.0,69.0,38,3.41,17
兰州市,2015-01-10,109,轻度污染,175,81,133.0,69.0,38,3.62,20
兰州市,2015-01-11,118,轻度污染,211,87,149.0,73.0,38,4.21,19
兰州市,2015-01-12,127,轻度污染,270,91,161.0,80.0,38,4.03,20
兰州市,2015-01-13,94,良,200,69,108.0,46.0,34,2.64,25
兰州市,2015-01-14,96,良,187,70,111.0,50.0,31,2.23,23
兰州市,2015-01-15,64,良,84,31,75.0,33.0,22,1.37,49
兰州市,2015-01-16,99,良,168,68,132.0,73.0,38,3.09,28
兰州市,2015-01-17,88,良,152,57,114.0,48.0,29,2.21,41
兰州市,2015-01-18,80,良,104,50,101.0,62.0,33,2.85,37
兰州市,2015-01-19,91,良,168,63,118.0,67.0,38,3.48,32
兰州市,2015-01-20,91,良,151,64,120.0,57.0,38,2.76,38
兰州市,2015-01-21,90,良,143,53,124.0,86.0,38,3.61,35
兰州市,2015-01-22,110,轻度污染,206,79,146.0,84.0,38,3.69,26
兰州市,2015-01-23,118,轻度污染,167,88,152.0,75.0,38,3.1,29
兰州市,2015-01-24,87,良,92,45,120.0,39.0,28,1.89,50
兰州市,2015-01-25,101,轻度污染,128,73,137.0,63.0,38,2.97,32
兰州市,2015-01-26,78,良,84,33,103.0,25.0,23,1.56,58
兰州市,2015-01-27,62,良,117,31,72.0,33.0,27,1.78,46
兰州市,2015-01-28,70,良,253,38,87.0,26.0,22,1.55,43
兰州市,2015-01-29,78,良,244,32,104.0,28.0,20,1.8,49
兰州市,2015-01-30,67,良,162,38,77.0,37.0,18,1.99,36
兰州市,2015-01-31,83,良,236,61,73.0,36.0,23,2.41,42
兰州市,2015-02-01,90,良,215,66,81.0,39.0,19,2.51,40
兰州市,2015-02-02,81,良,131,59,75.0,39.0,24,2.29,47
兰州市,2015-02-03,91,良,154,67,98.0,41.0,30,2.39,45
兰州市,2015-02-04,60,良,94,42,52.0,20.0,16,1.66,70
兰州市,2015-02-05,80,良,175,58,76.0,43.0,22,2.21,44
兰州市,2015-02-06,90,良,173,65,96.0,36.0,28,2.1,45
兰州市,2015-02-07,72,良,92,42,91.0,37.0,19,1.87,53
兰州市,2015-02-08,86,良,231,55,116.0,52.0,24,2.22,48
兰州市,2015-02-09,95,良,235,68,131.0,63.0,35,2.64,42
兰州市,2015-02-10,95,良,170,68,120.0,56.0,35,2.49,42
兰州市,2015-02-11,84,良,120,54,111.0,69.0,38,2.66,39
兰州市,2015-02-12,86,良,140,58,114.0,75.0,38,3.14,38
兰州市,2015-02-13,80,良,128,53,103.0,64.0,38,2.99,36
兰州市,2015-02-14,141,轻度污染,312,80,214.5,42.0,32,2.51,46
兰州市,2015-02-15,77,良,113,29,103.0,24.0,15,1.42,63
兰州市,2015-02-16,78,良,105,45,103.0,49.0,34,2.29,51
兰州市,2015-02-17,76,良,132,48,100.0,46.0,38,2.58,53
兰州市,2015-02-18,92,良,199,65,120.0,39.0,38,2.31,59
兰州市,2015-02-19,124,轻度污染,223,91,138.0,30.0,30,2.0,57
兰州市,2015-02-20,77,良,239,35,102.0,15.0,15,1.08,73
兰州市,2015-02-21,68,良,183,27,84.0,16.0,13,1.15,62
兰州市,2015-02-22,67,良,135,30,81.0,26.0,19,1.44,63
兰州市,2015-02-23,75,良,181,37,98.0,22.0,16,1.39,66
兰州市,2015-02-24,52,良,94,29,57.0,28.0,10,1.58,40
兰州市,2015-02-25,130,轻度污染,315,57,208.0,26.0,9,1.43,47
兰州市,2015-02-26,74,良,227,38,97.0,31.0,12,1.45,51
兰州市,2015-02-27,106,轻度污染,343,43,160.0,17.0,16,1.14,63
兰州市,2015-02-28,45,优,160,18,45.0,20.0,15,1.17,58
兰州市,2015-03-01,71,良,225,46,83.0,37.0,30,2.2,65
兰州市,2015-03-02,141,轻度污染,342,61,214.5,31.0,23,1.59,48
兰州市,2015-03-03,141,轻度污染,355,76,214.5,24.0,11,1.34,58
兰州市,2015-03-04,113,轻度污染,345,52,175.0,26.0,17,1.49,43
兰州市,2015-03-05,93,良,304,59,123.0,34.0,25,1.84,36
兰州市,2015-03-06,85,良,234,57,112.0,40.0,22,1.91,39
兰州市,2015-03-07,74,良,183,42,96.0,31.0,20,1.55,50
兰州市,2015-03-08,88,良,240,35,123.0,20.0,12,1.05,87
兰州市,2015-03-09,119,轻度污染,320,47,186.0,17.0,16,0.95,64
兰州市,2015-03-10,92,良,286,42,132.0,26.0,25,1.18,48
兰州市,2015-03-11,99,良,302,52,146.0,47.0,29,1.55,49
兰州市,2015-03-12,125,轻度污染,308,71,199.0,61.0,35,1.56,72
兰州市,2015-03-13,107,轻度污染,266,42,162.0,35.0,16,0.87,56
兰州市,2015-03-14,140,轻度污染,295,54,214.5,40.0,13,0.95,52
兰州市,2015-03-15,141,轻度污染,313,67,214.5,63.0,26,1.59,36
兰州市,2015-03-16,126,轻度污染,275,59,199.0,48.0,19,1.18,39
兰州市,2015-03-17,139,轻度污染,321,73,214.5,63.0,31,1.9,29
兰州市,2015-03-18,101,轻度污染,303,46,150.0,39.0,25,1.6,49
兰州市,2015-03-19,67,良,146,32,81.0,25.0,10,0.92,68
兰州市,2015-03-20,82,良,200,35,112.0,36.0,18,0.9,56
兰州市,2015-03-21,112,轻度污染,284,60,171.0,56.0,22,1.34,49
兰州市,2015-03-22,108,轻度污染,260,64,163.0,64.0,24,1.54,26
兰州市,2015-03-23,74,良,215,47,93.0,37.0,10,1.04,58
兰州市,2015-03-24,58,良,138,34,65.0,38.0,7,0.81,64
兰州市,2015-03-25,73,良,214,37,95.0,53.0,13,1.17,48
兰州市,2015-03-26,78,良,230,40,105.0,56.0,13,1.06,52
兰州市,2015-03-27,102,轻度污染,275,47,150.0,54.0,13,0.94,47
兰州市,2015-03-28,115,轻度污染,277,51,179.0,64.0,15,0.93,31
兰州市,2015-03-29,88,良,178,55,119.0,66.0,14,1.1,44
兰州市,2015-03-30,77,良,185,38,102.0,44.0,13,0.91,61
兰州市,2015-03-31,98,良,272,48,143.0,52.0,13,0.91,54
兰州市,2015-04-01,101,轻度污染,318,62,146.0,39.0,14,0.83,42
兰州市,2015-04-02,141,轻度污染,352,90,214.5,54.0,20,1.0,45
兰州市,2015-04-03,113,轻度污染,334,53,172.0,29.0,5,0.78,46
兰州市,2015-04-04,115,轻度污染,312,55,178.0,39.0,16,0.88,32
兰州市,2015-04-05,66,良,174,22,81.0,30.0,19,0.68,73
兰州市,2015-04-06,46,优,119,25,46.0,31.0,8,0.77,63
兰州市,2015-04-07,49,优,177,23,50.0,34.0,8,1.01,63
兰州市,2015-04-08,51,良,137,26,53.0,30.0,8,0.96,59
兰州市,2015-04-09,55,良,131,30,60.0,29.0,9,0.8,67
兰州市,2015-04-10,79,良,238,43,106.0,46.0,19,1.1,53
兰州市,2015-04-11,93,良,285,33,133.0,33.0,8,0.64,71
兰州市,2015-04-12,121,轻度污染,359,40,175.0,30.0,14,0.5,65
兰州市,2015-04-13,96,良,335,35,140.0,60.0,32,1.04,40
兰州市,2015-04-14,106,轻度污染,320,42,159.0,56.0,25,1.06,42
兰州市,2015-04-15,141,轻度污染,325,66,214.5,57.0,34,1.16,66
兰州市,2015-04-16,141,轻度污染,362,90,214.5,41.0,21,0.85,74
兰州市,2015-04-17,141,轻度污染,354,72,214.5,43.0,23,1.14,66
兰州市,2015-04-18,98,良,248,40,129.0,20.0,6,0.64,75
兰州市,2015-04-19,62,良,178,22,65.0,30.0,10,0.7,98
兰州市,2015-04-20,55,良,138,26,60.0,36.0,8,0.71,67
兰州市,2015-04-21,56,良,129,30,63.0,43.0,9,0.89,60
兰州市,2015-04-22,95,良,309,49,126.0,62.0,27,0.97,59
兰州市,2015-04-23,69,良,137,31,87.0,53.0,20,0.97,53
兰州市,2015-04-24,98,良,279,52,140.0,61.0,35,1.1,53
兰州市,2015-04-25,69,良,109,40,85.0,48.0,17,0.86,65
兰州市,2015-04-26,72,良,107,37,88.0,54.0,18,0.88,54
兰州市,2015-04-27,95,良,271,53,120.0,63.0,26,1.08,70
兰州市,2015-04-28,84,良,238,50,111.0,51.0,25,1.02,60
兰州市,2015-04-29,75,良,183,42,93.0,48.0,17,0.91,70
兰州市,2015-04-30,100,良,263,57,133.0,35.0,9,0.69,51
兰州市,2015-05-01,64,良,157,38,68.0,36.0,7,0.83,66
兰州市,2015-05-02,67,良,234,34,83.0,39.0,16,0.78,61
兰州市,2015-05-03,51,良,68,22,40.0,21.0,6,0.52,89
兰州市,2015-05-04,67,良,184,30,76.0,39.0,10,0.78,75
兰州市,2015-05-05,67,良,139,35,84.0,49.0,16,0.93,50
兰州市,2015-05-06,118,轻度污染,319,60,170.0,45.0,11,0.92,59
兰州市,2015-05-07,100,良,276,56,147.0,43.0,19,0.82,52
兰州市,2015-05-08,84,良,295,43,113.0,38.0,19,0.8,75
兰州市,2015-05-09,68,良,233,36,87.0,49.0,19,1.11,53
兰州市,2015-05-10,132,轻度污染,339,60,185.0,26.0,5,0.91,57
兰州市,2015-05-11,78,良,340,37,105.0,41.0,11,0.75,53
兰州市,2015-05-12,102,轻度污染,350,44,152.0,72.0,21,1.2,43
兰州市,2015-05-13,101,轻度污染,327,49,150.0,58.0,18,1.01,61
兰州市,2015-05-14,108,轻度污染,314,50,164.0,56.0,11,0.86,47
兰州市,2015-05-15,108,轻度污染,338,54,165.0,51.0,19,0.84,53
兰州市,2015-05-16,92,良,294,47,132.0,51.0,16,0.68,56
兰州市,2015-05-17,102,轻度污染,288,51,134.0,52.0,14,0.9,63
兰州市,2015-05-18,141,轻度污染,362,91,214.5,50.0,19,0.79,55
兰州市,2015-05-19,120,轻度污染,328,64,189.0,43.0,14,0.69,57
兰州市,2015-05-20,50,优,119,25,53.0,32.0,7,0.55,59
兰州市,2015-05-21,51,良,105,32,52.0,32.0,7,0.74,77
兰州市,2015-05-22,76,良,222,47,98.0,48.0,10,0.76,55
兰州市,2015-05-23,62,良,163,31,71.0,41.0,13,0.78,66
兰州市,2015-05-24,74,良,193,33,96.0,48.0,17,0.92,53
兰州市,2015-05-25,65,良,144,23,77.0,32.0,7,0.71,51
兰州市,2015-05-26,75,良,183,33,98.0,47.0,13,1.11,51
兰州市,2015-05-27,141,轻度污染,353,88,214.5,53.0,11,0.88,34
兰州市,2015-05-28,47,优,63,22,48.0,27.0,6,0.74,43
兰州市,2015-05-29,62,良,209,27,72.0,42.0,7,0.78,46
兰州市,2015-05-30,65,良,232,30,77.0,53.0,13,0.71,50
兰州市,2015-05-31,84,良,251,34,116.0,57.0,17,0.76,40
兰州市,2015-06-01,141,轻度污染,357,79,214.5,41.0,5,0.55,48
兰州市,2015-06-02,114,轻度污染,333,47,177.0,45.0,11,0.66,42
兰州市,2015-06-03,70,良,284,26,89.0,37.0,7,0.53,47
兰州市,2015-06-04,54,良,175,17,52.0,29.0,7,0.46,80
兰州市,2015-06-05,93,良,322,39,127.0,57.0,22,0.79,73
兰州市,2015-06-06,80,良,239,32,107.0,41.0,15,0.67,65
兰州市,2015-06-07,80,良,283,35,109.0,36.0,13,0.52,60
兰州市,2015-06-08,83,良,310,37,111.0,54.0,17,0.97,62
兰州市,2015-06-09,107,轻度污染,310,55,162.0,61.0,36,1.0,59
兰州市,2015-06-10,128,轻度污染,333,66,203.0,26.0,6,0.49,73
兰州市,2015-06-11,100,良,334,41,144.0,44.0,16,0.76,70
兰州市,2015-06-12,71,良,241,27,89.0,48.0,15,0.81,60
兰州市,2015-06-13,72,良,255,30,93.0,49.0,21,1.06,58
兰州市,2015-06-14,70,良,232,25,87.0,36.0,7,0.71,76
兰州市,2015-06-15,68,良,208,28,85.0,36.0,7,0.7,74
兰州市,2015-06-16,73,良,232,31,93.0,45.0,9,0.69,62
兰州市,2015-06-17,81,良,265,38,110.0,57.0,14,0.87,50
兰州市,2015-06-18,78,良,290,33,99.0,51.0,8,0.8,70
兰州市,2015-06-19,64,良,213,32,75.0,22.0,10,0.59,94
兰州市,2015-06-20,60,良,204,38,66.0,30.0,4,0.64,73
兰州市,2015-06-21,77,良,249,45,95.0,51.0,13,0.95,68
兰州市,2015-06-22,72,良,251,37,88.0,52.0,9,0.92,37
兰州市,2015-06-23,60,良,199,36,63.0,37.0,6,0.8,68
兰州市,2015-06-24,65,良,267,37,76.0,44.0,7,0.95,45
兰州市,2015-06-25,76,良,321,48,87.0,47.0,7,1.0,64
兰州市,2015-06-26,67,良,269,29,81.0,41.0,9,0.83,54
兰州市,2015-06-27,49,优,181,17,51.0,22.0,5,0.72,44
兰州市,2015-06-28,74,良,278,37,98.0,32.0,6,0.86,34
兰州市,2015-06-29,134,轻度污染,359,76,214.5,60.0,8,0.99,33
兰州市,2015-06-30,98,良,356,53,144.0,42.0,5,0.77,47
兰州市,2015-07-01,78,良,317,44,104.0,45.0,8,0.76,36
兰州市,2015-07-02,66,良,262,45,71.0,37.0,5,0.92,27
兰州市,2015-07-03,86,良,310,63,88.0,48.0,8,1.02,31
兰州市,2015-07-04,117,轻度污染,357,88,122.0,61.0,10,1.34,21
兰州市,2015-07-05,71,良,268,47,67.0,43.0,8,0.85,38
兰州市,2015-07-06,81,良,305,48,109.0,61.0,18,1.19,43
兰州市,2015-07-07,78,良,288,38,103.0,46.0,11,0.88,40
兰州市,2015-07-08,62,良,189,39,69.0,30.0,7,0.67,36
兰州市,2015-07-09,52,良,128,33,45.0,32.0,7,0.73,56
兰州市,2015-07-10,73,良,263,38,93.0,47.0,13,1.08,39
兰州市,2015-07-11,66,良,230,36,80.0,29.0,5,0.98,44
兰州市,2015-07-12,80,良,257,53,105.0,29.0,5,0.87,44
兰州市,2015-07-13,76,良,195,41,99.0,37.0,11,1.0,59
兰州市,2015-07-14,66,良,135,40,79.0,44.0,7,1.11,46
兰州市,2015-07-15,72,良,233,38,93.0,48.0,9,1.24,46
兰州市,2015-07-16,73,良,273,39,95.0,41.0,10,0.97,46
兰州市,2015-07-17,73,良,286,46,92.0,51.0,12,1.3,51
兰州市,2015-07-18,76,良,291,37,93.0,54.0,13,1.25,69
兰州市,2015-07-19,99,良,351,40,129.0,58.0,21,1.31,70
兰州市,2015-07-20,80,良,290,30,87.0,38.0,15,1.06,91
兰州市,2015-07-21,65,良,217,32,78.0,43.0,13,1.05,74
兰州市,2015-07-22,67,良,244,37,82.0,45.0,17,1.33,68
兰州市,2015-07-23,58,良,231,25,53.0,38.0,7,0.98,80
兰州市,2015-07-24,82,良,319,42,107.0,60.0,18,1.61,57
兰州市,2015-07-25,94,良,326,45,126.0,62.0,16,1.58,62
兰州市,2015-07-26,80,良,262,43,104.0,51.0,16,1.42,60
兰州市,2015-07-27,74,良,257,43,94.0,47.0,14,1.27,63
兰州市,2015-07-28,67,良,259,42,81.0,39.0,9,1.25,60
兰州市,2015-07-29,72,良,291,47,91.0,42.0,14,1.14,48
兰州市,2015-07-30,73,良,320,51,89.0,44.0,14,1.06,55
兰州市,2015-07-31,70,良,310,48,83.0,35.0,8,0.88,59
兰州市,2015-08-01,75,良,312,51,96.0,45.0,15,1.1,49
兰州市,2015-08-02,67,良,282,35,82.0,33.0,10,0.82,65
兰州市,2015-08-03,60,良,254,41,60.0,28.0,6,0.73,52
兰州市,2015-08-04,58,良,237,36,61.0,38.0,7,0.81,51
兰州市,2015-08-05,74,良,286,35,81.0,47.0,23,1.14,68
兰州市,2015-08-06,69,良,287,31,77.0,47.0,17,0.96,72
兰州市,2015-08-07,63,良,230,25,74.0,35.0,8,0.68,65
兰州市,2015-08-08,45,优,145,24,43.0,27.0,8,0.71,66
兰州市,2015-08-09,38,优,115,19,36.0,29.0,6,0.74,55
兰州市,2015-08-10,56,良,257,26,56.0,41.0,14,0.88,72
兰州市,2015-08-11,66,良,287,27,75.0,46.0,11,0.96,51
兰州市,2015-08-12,63,良,228,29,74.0,34.0,16,0.96,67
兰州市,2015-08-13,94,良,294,46,136.0,20.0,8,0.56,69
兰州市,2015-08-14,63,良,202,29,69.0,46.0,9,0.96,62
兰州市,2015-08-15,77,良,290,33,102.0,53.0,14,1.07,52
兰州市,2015-08-16,141,轻度污染,357,62,214.5,35.0,9,0.77,47
兰州市,2015-08-17,114,轻度污染,318,56,177.0,30.0,12,0.86,60
兰州市,2015-08-18,70,良,209,43,89.0,33.0,8,0.82,44
兰州市,2015-08-19,67,良,273,36,83.0,49.0,16,1.12,44
兰州市,2015-08-20,75,良,328,36,100.0,50.0,14,1.18,47
兰州市,2015-08-21,61,良,217,24,68.0,40.0,11,0.95,62
兰州市,2015-08-22,85,良,303,37,117.0,49.0,17,1.18,54
兰州市,2015-08-23,62,良,191,30,72.0,43.0,15,1.15,56
兰州市,2015-08-24,72,良,265,32,90.0,48.0,17,1.26,59
兰州市,2015-08-25,79,良,300,34,107.0,58.0,14,1.2,48
兰州市,2015-08-26,72,良,219,32,91.0,42.0,10,1.03,54
兰州市,2015-08-27,60,良,171,28,68.0,36.0,6,0.94,56
兰州市,2015-08-28,67,良,204,33,82.0,44.0,10,1.1,54
兰州市,2015-08-29,78,良,287,38,102.0,59.0,14,1.08,53
兰州市,2015-08-30,77,良,259,37,102.0,51.0,11,1.07,59
兰州市,2015-08-31,61,良,216,28,69.0,25.0,14,0.81,65
兰州市,2015-09-01,58,良,203,28,64.0,30.0,10,1.17,68
兰州市,2015-09-02,51,良,173,29,54.0,29.0,5,0.86,55
兰州市,2015-09-03,50,优,167,33,45.0,37.0,5,0.95,31
兰州市,2015-09-04,45,优,158,26,43.0,37.0,9,0.99,48
兰州市,2015-09-05,73,良,340,33,94.0,49.0,13,1.15,44
兰州市,2015-09-06,71,良,327,32,91.0,47.0,18,1.06,49
兰州市,2015-09-07,58,良,212,27,65.0,30.0,9,0.76,56
兰州市,2015-09-08,43,优,71,29,36.0,23.0,9,0.88,51
兰州市,2015-09-09,31,优,30,20,24.0,27.0,7,0.87,52
兰州市,2015-09-10,33,优,55,18,31.0,30.0,9,0.76,42
兰州市,2015-09-11,54,良,209,26,59.0,52.0,10,0.89,27
兰州市,2015-09-12,57,良,225,28,65.0,45.0,12,1.5,38
兰州市,2015-09-13,64,良,255,27,70.0,49.0,15,0.95,66
兰州市,2015-09-14,76,良,301,38,99.0,59.0,17,1.08,45
兰州市,2015-09-15,60,良,163,26,67.0,33.0,10,0.91,39
兰州市,2015-09-16,60,良,154,35,71.0,31.0,10,0.82,36
兰州市,2015-09-17,75,良,236,39,99.0,48.0,18,1.11,26
兰州市,2015-09-18,76,良,239,40,100.0,48.0,12,1.28,33
兰州市,2015-09-19,77,良,253,41,101.0,45.0,11,1.25,9
兰州市,2015-09-20,55,良,156,25,59.0,23.0,8,0.95,55
兰州市,2015-09-21,93,良,288,42,117.0,27.0,22,1.21,35
兰州市,2015-09-22,54,良,160,28,61.0,29.0,11,0.82,56
兰州市,2015-09-23,90,良,326,53,115.0,62.0,13,1.32,13
兰州市,2015-09-24,77,良,298,53,79.0,44.0,11,1.12,40
兰州市,2015-09-25,107,轻度污染,339,49,163.0,53.0,13,0.99,49
兰州市,2015-09-26,96,良,341,57,140.0,72.0,18,1.36,49
兰州市,2015-09-27,59,良,184,33,67.0,37.0,12,0.84,39
兰州市,2015-09-28,52,良,164,30,59.0,36.0,10,0.85,46
兰州市,2015-09-29,65,良,261,46,71.0,51.0,12,1.1,39
兰州市,2015-09-30,84,良,320,40,114.0,36.0,20,0.91,27
兰州市,2015-10-01,111,轻度污染,338,40,170.0,51.0,16,1.0,34
兰州市,2015-10-02,84,良,276,39,115.0,50.0,18,0.97,44
兰州市,2015-10-03,97,良,286,39,142.0,58.0,17,0.94,38
兰州市,2015-10-04,87,良,259,43,122.0,61.0,17,1.08,49
兰州市,2015-10-05,81,良,249,35,110.0,42.0,16,1.06,45
兰州市,2015-10-06,65,良,208,29,80.0,41.0,15,1.1,34
兰州市,2015-10-07,96,良,312,47,140.0,38.0,19,0.94,42
兰州市,2015-10-08,70,良,307,27,87.0,28.0,11,0.78,54
兰州市,2015-10-09,77,良,308,36,102.0,53.0,16,1.11,45
兰州市,2015-10-10,79,良,310,34,106.0,60.0,18,0.93,39
兰州市,2015-10-11,77,良,284,33,103.0,62.0,17,1.01,34
兰州市,2015-10-12,83,良,264,42,115.0,64.0,20,1.12,46
兰州市,2015-10-13,68,良,145,41,83.0,54.0,13,0.99,53
兰州市,2015-10-14,81,良,154,42,110.0,73.0,22,1.29,43
兰州市,2015-10-15,99,良,204,60,145.0,76.0,24,1.62,39
兰州市,2015-10-16,80,良,130,48,108.0,21.0,14,1.03,46
兰州市,2015-10-17,63,良,71,23,75.0,21.0,10,0.74,48
兰州市,2015-10-18,82,良,215,45,108.0,39.0,14,1.32,58
兰州市,2015-10-19,105,轻度污染,277,61,157.0,52.0,21,1.78,30
兰州市,2015-10-20,100,良,244,58,146.0,44.0,21,1.46,32
兰州市,2015-10-21,58,良,87,24,64.0,11.0,11,0.57,44
兰州市,2015-10-22,46,优,48,24,48.0,28.0,8,0.95,32
兰州市,2015-10-23,67,良,107,45,79.0,42.0,11,1.1,30
兰州市,2015-10-24,54,良,80,35,57.0,30.0,8,1.06,34
兰州市,2015-10-25,50,优,91,29,51.0,27.0,8,0.95,33
兰州市,2015-10-26,45,优,65,20,47.0,23.0,9,0.73,46
兰州市,2015-10-27,74,良,284,49,88.0,46.0,16,1.07,32
兰州市,2015-10-28,93,良,304,68,115.0,50.0,23,1.35,22
兰州市,2015-10-29,58,良,190,25,64.0,42.0,25,0.82,38
兰州市,2015-10-30,61,良,221,31,70.0,30.0,23,0.79,41
兰州市,2015-10-31,56,良,207,40,57.0,45.0,18,1.18,42
兰州市,2015-11-01,97,良,308,71,131.0,88.0,34,2.14,32
兰州市,2015-11-02,79,良,200,51,102.0,50.0,22,1.61,27
兰州市,2015-11-03,63,良,95,37,74.0,30.0,16,1.39,44
兰州市,2015-11-04,74,良,136,24,95.0,28.0,22,0.95,39
兰州市,2015-11-05,74,良,167,35,96.0,37.0,20,1.18,21
兰州市,2015-11-06,49,优,157,32,48.0,22.0,23,0.9,33
兰州市,2015-11-07,69,良,272,38,87.0,28.0,11,1.09,36
兰州市,2015-11-08,95,良,280,64,132.0,52.0,19,1.89,23
兰州市,2015-11-09,112,轻度污染,289,83,143.0,77.0,22,2.22,32
兰州市,2015-11-10,93,良,254,68,116.0,63.0,23,1.86,26
兰州市,2015-11-11,79,良,213,56,92.0,59.0,21,1.59,19
兰州市,2015-11-12,68,良,178,47,78.0,58.0,17,1.8,25
兰州市,2015-11-13,92,良,254,61,128.0,78.0,29,2.3,24
兰州市,2015-11-14,73,良,195,39,95.0,39.0,24,1.57,23
兰州市,2015-11-15,99,良,260,44,146.0,48.0,29,1.34,43
兰州市,2015-11-16,98,良,309,41,144.0,48.0,25,1.44,29
兰州市,2015-11-17,77,良,272,40,101.0,40.0,23,1.1,31
兰州市,2015-11-18,93,良,330,69,110.0,45.0,19,1.38,25
兰州市,2015-11-19,87,良,311,63,114.0,44.0,35,1.42,18
兰州市,2015-11-20,107,轻度污染,326,76,145.0,77.0,31,2.23,20
兰州市,2015-11-21,112,轻度污染,340,84,142.0,80.0,33,2.23,27
兰州市,2015-11-22,90,良,335,65,113.0,51.0,25,1.58,32
兰州市,2015-11-23,65,良,296,28,79.0,32.0,29,0.85,31
兰州市,2015-11-24,45,优,203,23,45.0,29.0,20,0.77,35
兰州市,2015-11-25,68,良,277,40,84.0,53.0,25,1.59,17
兰州市,2015-11-26,120,轻度污染,341,85,169.0,87.0,30,2.3,24
兰州市,2015-11-27,141,轻度污染,344,91,192.0,90.0,30,2.42,23
兰州市,2015-11-28,121,轻度污染,289,89,175.0,90.0,35,2.39,22
兰州市,2015-11-29,141,轻度污染,288,91,200.0,90.5,36,2.72,24
兰州市,2015-11-30,141,轻度污染,286,91,214.5,90.5,38,3.01,31
兰州市,2015-12-01,109,轻度污染,244,64,158.0,62.0,24,1.82,32
兰州市,2015-12-02,88,良,236,32,123.0,46.0,21,1.19,34
兰州市,2015-12-03,76,良,264,35,100.0,61.0,29,1.43,21
兰州市,2015-12-04,97,良,335,56,141.0,70.0,37,2.12,17
兰州市,2015-12-05,127,轻度污染,302,91,190.0,69.0,38,3.01,13
兰州市,2015-12-06,139,轻度污染,315,91,186.0,79.0,38,2.75,29
兰州市,2015-12-07,133,轻度污染,259,91,195.0,90.0,38,2.98,16
兰州市,2015-12-08,116,轻度污染,250,87,164.0,80.0,38,2.69,17
兰州市,2015-12-09,111,轻度污染,251,83,145.0,81.0,36,2.43,20
兰州市,2015-12-10,104,轻度污染,224,77,136.0,85.0,33,2.22,28
兰州市,2015-12-11,126,轻度污染,257,91,160.0,90.5,32,2.77,25
兰州市,2015-12-12,58,良,116,40,58.0,28.0,13,1.08,34
兰州市,2015-12-13,36,优,30,24,34.0,28.0,16,0.85,48
兰州市,2015-12-14,62,良,143,43,71.0,51.0,21,1.3,32
兰州市,2015-12-15,63,良,175,40,73.0,37.0,27,1.34,29
兰州市,2015-12-16,69,良,274,42,81.0,45.0,24,1.48,25
兰州市,2015-12-17,98,良,336,72,121.0,48.0,29,1.77,21
兰州市,2015-12-18,101,轻度污染,277,72,122.0,75.0,31,1.95,25
兰州市,2015-12-19,103,轻度污染,237,77,126.0,75.0,31,2.12,24
兰州市,2015-12-20,128,轻度污染,240,91,149.0,87.0,30,2.22,23
兰州市,2015-12-21,133,轻度污染,205,91,157.0,90.5,30,2.44,26
兰州市,2015-12-22,118,轻度污染,175,89,132.0,81.0,27,1.97,27
兰州市,2015-12-23,115,轻度污染,159,85,130.0,74.0,36,2.05,21
兰州市,2015-12-24,95,良,187,70,113.0,66.0,33,2.04,24
兰州市,2015-12-25,121,轻度污染,242,90,149.0,77.0,38,2.69,24
兰州市,2015-12-26,139,轻度污染,277,91,171.0,90.5,38,3.26,15
兰州市,2015-12-27,73,良,172,48,90.0,25.0,38,2.78,19
兰州市,2015-12-28,89,良,187,60,117.0,40.0,38,2.86,20
兰州市,2015-12-29,111,轻度污染,203,82,134.0,51.0,38,3.07,26
兰州市,2015-12-30,141,轻度污染,235,91,173.0,59.0,38,3.11,26
兰州市,2015-12-31,141,轻度污染,242,91,174.0,68.0,38,3.29,23
兰州市,2016-01-01,141,轻度污染,262,91,178.0,90.5,38,3.64,29
兰州市,2016-01-02,100,良,125,74,118.0,83.0,38,3.34,29
兰州市,2016-01-03,96,良,124,69,125.0,75.0,38,2.99,24
兰州市,2016-01-04,100,良,179,73,134.0,69.0,38,2.51,29
兰州市,2016-01-05,68,良,177,38,83.0,59.0,32,1.58,30
兰州市,2016-01-06,80,良,221,55,103.0,57.0,33,1.86,26
兰州市,2016-01-07,79,良,200,54,98.0,62.0,38,1.96,31
兰州市,2016-01-08,109,轻度污染,266,81,132.0,76.0,38,2.44,30
兰州市,2016-01-09,128,轻度污染,240,91,146.0,76.0,34,2.55,28
兰州市,2016-01-10,105,轻度污染,214,76,118.0,56.0,35,1.87,32
兰州市,2016-01-11,70,良,210,45,82.0,35.0,21,1.24,41
兰州市,2016-01-12,66,良,211,39,79.0,35.0,24,1.13,36
兰州市,2016-01-13,85,良,209,59,105.0,55.0,31,1.53,34
兰州市,2016-01-14,89,良,198,60,110.0,72.0,31,1.77,29
兰州市,2016-01-15,138,轻度污染,285,91,166.0,90.5,38,2.67,31
兰州市,2016-01-16,122,轻度污染,237,88,151.0,79.0,38,2.23,35
兰州市,2016-01-17,125,轻度污染,266,50,197.0,60.0,23,1.46,34
兰州市,2016-01-18,76,良,182,41,99.0,56.0,29,1.42,37
兰州市,2016-01-19,94,良,196,54,135.0,52.0,34,1.65,33
兰州市,2016-01-20,63,良,113,29,73.0,50.0,25,1.29,32
兰州市,2016-01-21,80,良,245,40,107.0,43.0,31,1.51,35
兰州市,2016-01-22,39,优,96,12,38.0,15.0,14,0.68,57
兰州市,2016-01-23,56,良,178,20,61.0,31.0,16,0.9,47
兰州市,2016-01-24,49,优,119,23,53.0,42.0,24,1.11,43
兰州市,2016-01-25,85,良,301,60,102.0,62.0,34,1.92,32
兰州市,2016-01-26,91,良,281,66,113.0,58.0,38,2.12,31
兰州市,2016-01-27,109,轻度污染,269,82,127.0,46.0,38,2.3,33
兰州市,2016-01-28,101,轻度污染,223,75,116.0,55.0,37,2.1,36
兰州市,2016-01-29,127,轻度污染,288,91,139.0,62.0,38,2.39,42
兰州市,2016-01-30,116,轻度污染,289,86,129.0,38.0,38,1.68,38
兰州市,2016-01-31,65,良,179,35,78.0,25.0,28,1.01,51
兰州市,2016-02-01,73,良,175,48,86.0,37.0,34,1.37,45
兰州市,2016-02-02,101,轻度污染,209,75,124.0,56.0,34,1.97,34
兰州市,2016-02-03,100,良,188,74,116.0,49.0,34,1.7,39
兰州市,2016-02-04,88,良,197,59,114.0,42.0,25,1.33,52
兰州市,2016-02-05,75,良,175,38,98.0,33.0,18,1.05,43
兰州市,2016-02-06,70,良,201,45,87.0,52.0,23,1.44,36
兰州市,2016-02-07,105,轻度污染,278,75,128.0,70.0,38,2.11,43
兰州市,2016-02-08,137,轻度污染,155,91,153.0,67.0,38,2.25,45
兰州市,2016-02-09,104,轻度污染,248,77,122.0,67.0,37,2.3,43
兰州市,2016-02-10,113,轻度污染,276,84,127.0,72.0,37,2.48,48
兰州市,2016-02-11,113,轻度污染,262,78,137.0,50.0,29,2.0,52
兰州市,2016-02-12,85,良,198,28,117.0,12.0,11,0.58,65
兰州市,2016-02-13,52,良,180,15,54.0,16.0,14,0.62,61
兰州市,2016-02-14,57,良,312,31,61.0,31.0,20,0.96,46
兰州市,2016-02-15,64,良,326,41,70.0,38.0,20,1.08,52
兰州市,2016-02-16,79,良,338,56,89.0,49.0,23,1.3,50
兰州市,2016-02-17,93,良,331,68,109.0,59.0,27,1.61,46
兰州市,2016-02-18,141,轻度污染,345,73,214.5,44.0,26,1.17,44
兰州市,2016-02-19,141,轻度污染,357,81,214.5,23.0,11,0.64,67
兰州市,2016-02-20,141,轻度污染,363,88,214.5,42.0,16,1.01,52
兰州市,2016-02-21,141,轻度污染,354,62,214.5,48.0,25,1.21,38
兰州市,2016-02-22,128,轻度污染,296,59,205.0,38.0,22,1.1,47
兰州市,2016-02-23,117,轻度污染,300,57,182.0,38.0,16,0.91,59
兰州市,2016-02-24,83,良,239,45,113.0,39.0,15,1.02,62
兰州市,2016-02-25,71,良,187,40,89.0,42.0,16,1.04,55
兰州市,2016-02-26,74,良,194,46,90.0,60.0,20,1.49,49
兰州市,2016-02-27,79,良,220,47,103.0,48.0,20,1.32,51
兰州市,2016-02-28,141,轻度污染,356,77,214.5,41.0,14,0.99,40
兰州市,2016-02-29,72,良,183,35,92.0,61.0,23,1.53,51
兰州市,2016-03-01,67,良,117,32,82.0,38.0,19,1.21,59
兰州市,2016-03-02,61,良,56,26,71.0,46.0,15,1.42,51
兰州市,2016-03-03,66,良,74,33,72.0,58.0,27,1.63,64
兰州市,2016-03-04,141,轻度污染,297,54,214.5,32.0,11,0.93,57
兰州市,2016-03-05,129,轻度污染,214,41,206.0,38.0,13,0.97,55
兰州市,2016-03-06,141,轻度污染,255,61,214.5,49.0,21,1.3,54
兰州市,2016-03-07,141,轻度污染,310,66,214.5,46.0,19,1.21,64
兰州市,2016-03-08,140,轻度污染,347,53,214.5,41.0,20,1.2,63
兰州市,2016-03-09,141,轻度污染,353,58,214.5,16.0,17,0.82,64
兰州市,2016-03-10,71,良,306,42,90.0,30.0,12,1.07,59
兰州市,2016-03-11,88,良,303,53,124.0,43.0,16,1.3,62
兰州市,2016-03-12,141,轻度污染,349,82,214.5,32.0,12,1.03,55
兰州市,2016-03-13,81,良,216,41,109.0,39.0,11,1.05,61
兰州市,2016-03-14,86,良,205,49,121.0,46.0,15,1.17,60
兰州市,2016-03-15,83,良,150,42,114.0,50.0,14,1.0,67
兰州市,2016-03-16,72,良,123,42,92.0,37.0,13,1.02,66
兰州市,2016-03-17,103,轻度污染,203,47,154.0,46.0,10,0.96,60
兰州市,2016-03-18,131,轻度污染,249,68,210.0,71.0,19,1.49,62
兰州市,2016-03-19,103,轻度污染,218,54,154.0,41.0,10,1.05,75
兰州市,2016-03-20,112,轻度污染,278,67,171.0,46.0,12,1.32,66
兰州市,2016-03-21,48,优,72,30,48.0,33.0,9,1.41,64
兰州市,2016-03-22,89,良,250,57,125.0,39.0,10,1.17,64
兰州市,2016-03-23,67,良,244,41,82.0,28.0,7,0.91,72
兰州市,2016-03-24,53,良,166,26,54.0,36.0,6,0.86,67
兰州市,2016-03-25,60,良,158,33,69.0,44.0,9,0.93,56
兰州市,2016-03-26,68,良,161,25,84.0,49.0,8,0.91,64
兰州市,2016-03-27,74,良,181,32,96.0,58.0,10,1.05,60
兰州市,2016-03-28,90,良,243,36,129.0,50.0,10,0.99,65
兰州市,2016-03-29,85,良,210,35,118.0,51.0,10,0.98,61
兰州市,2016-03-30,84,良,192,39,116.0,62.0,11,1.12,64
兰州市,2016-03-31,98,良,250,44,140.0,74.0,14,1.32,71
兰州市,2016-04-01,141,轻度污染,340,59,214.5,32.0,8,0.75,78
兰州市,2016-04-02,83,良,204,27,114.0,25.0,15,0.76,71
兰州市,2016-04-03,103,轻度污染,336,34,153.0,36.0,15,1.0,76
兰州市,2016-04-04,88,良,316,38,125.0,40.0,13,1.07,75
兰州市,2016-04-05,67,良,202,36,82.0,38.0,10,0.98,79
兰州市,2016-04-06,65,良,222,33,79.0,35.0,5,0.92,65
兰州市,2016-04-07,77,良,252,32,102.0,37.0,8,0.95,80
兰州市,2016-04-08,72,良,225,24,92.0,37.0,7,1.01,67
兰州市,2016-04-09,57,良,147,25,61.0,42.0,7,1.02,69
兰州市,2016-04-10,86,良,260,40,117.0,62.0,14,0.96,73
兰州市,2016-04-11,88,良,268,41,125.0,48.0,13,0.91,77
兰州市,2016-04-12,88,良,268,34,124.0,32.0,9,0.67,74
兰州市,2016-04-13,85,良,211,37,118.0,40.0,7,0.83,65
兰州市,2016-04-14,72,良,157,30,89.0,45.0,9,0.79,77
兰州市,2016-04-15,68,良,169,25,86.0,20.0,4,0.58,85
兰州市,2016-04-16,48,优,107,22,48.0,21.0,3,0.58,84
兰州市,2016-04-17,55,良,161,19,51.0,30.0,3,0.6,94
兰州市,2016-04-18,90,良,349,40,118.0,66.0,12,1.12,83
兰州市,2016-04-19,77,良,279,31,102.0,39.0,7,0.76,73
兰州市,2016-04-20,88,良,306,34,125.0,46.0,10,0.84,72
兰州市,2016-04-21,78,良,240,31,102.0,48.0,12,0.89,83
兰州市,2016-04-22,83,良,234,33,114.0,50.0,9,0.85,67
兰州市,2016-04-23,51,良,129,26,47.0,35.0,4,0.76,81
兰州市,2016-04-24,90,良,285,38,89.0,52.0,7,0.97,96
兰州市,2016-04-25,79,良,244,34,106.0,33.0,5,0.87,84
兰州市,2016-04-26,64,良,201,30,71.0,30.0,4,0.63,95
兰州市,2016-04-27,85,良,292,41,87.0,54.0,9,0.9,98
兰州市,2016-04-28,100,良,322,49,132.0,63.0,15,0.94,94
兰州市,2016-04-29,101,轻度污染,292,49,137.0,56.0,15,0.97,88
兰州市,2016-04-30,84,良,213,44,115.0,43.0,9,0.8,91
兰州市,2016-05-01,141,轻度污染,358,74,214.5,33.0,11,0.67,82
兰州市,2016-05-02,77,良,251,24,50.0,24.0,4,0.57,130
兰州市,2016-05-03,99,良,350,50,131.0,61.0,11,0.96,97
兰州市,2016-05-04,123,轻度污染,354,66,190.0,49.0,16,0.95,103
兰州市,2016-05-05,100,良,307,52,147.0,23.0,9,0.6,95
兰州市,2016-05-06,98,良,261,47,144.0,17.0,13,0.66,75
兰州市,2016-05-07,84,良,265,49,109.0,37.0,8,0.77,70
兰州市,2016-05-08,112,轻度污染,360,64,172.0,47.0,16,0.87,69
兰州市,2016-05-09,74,良,279,35,90.0,26.0,8,0.66,94
兰州市,2016-05-10,95,良,318,48,117.0,59.0,12,0.98,92
兰州市,2016-05-11,141,轻度污染,353,91,214.5,53.0,18,1.03,87
兰州市,2016-05-12,96,良,257,32,105.0,18.0,6,0.5,133
兰州市,2016-05-13,92,良,321,33,132.0,36.0,10,0.72,95
兰州市,2016-05-14,63,良,200,32,71.0,27.0,4,0.63,88
兰州市,2016-05-15,109,轻度污染,363,60,161.0,53.0,11,0.69,77
兰州市,2016-05-16,72,良,263,39,81.0,59.0,11,0.89,77
兰州市,2016-05-17,65,良,114,44,78.0,27.0,6,0.74,87
兰州市,2016-05-18,70,良,133,41,73.0,47.0,9,0.85,84
兰州市,2016-05-19,66,良,123,28,62.0,31.0,9,0.73,105
兰州市,2016-05-20,125,轻度污染,339,75,184.0,14.0,11,0.56,82
兰州市,2016-05-21,39,优,79,24,37.0,20.0,5,0.66,62
兰州市,2016-05-22,32,优,31,19,26.0,18.0,7,0.59,62
兰州市,2016-05-23,40,优,69,21,33.0,29.0,5,0.73,89
兰州市,2016-05-24,73,良,235,39,92.0,30.0,14,0.79,82
兰州市,2016-05-25,45,优,67,21,43.0,18.0,4,0.51,78
兰州市,2016-05-26,49,优,126,24,44.0,28.0,4,0.6,82
兰州市,2016-05-27,64,良,235,31,72.0,35.0,7,0.73,101
兰州市,2016-05-28,86,良,307,52,118.0,60.0,15,1.12,68
兰州市,2016-05-29,82,良,304,43,96.0,50.0,12,0.96,94
兰州市,2016-05-30,69,良,191,32,76.0,35.0,7,0.82,92
兰州市,2016-05-31,68,良,193,39,82.0,33.0,8,0.81,82
兰州市,2016-06-01,74,良,295,49,93.0,48.0,9,0.89,62
兰州市,2016-06-02,70,良,257,42,86.0,44.0,10,0.78,68
兰州市,2016-06-03,84,良,303,39,100.0,52.0,13,0.78,87
兰州市,2016-06-04,52,良,154,22,52.0,32.0,7,0.62,66
兰州市,2016-06-05,79,良,295,31,84.0,50.0,11,0.83,85
兰州市,2016-06-06,74,良,248,35,95.0,55.0,13,0.84,67
兰州市,2016-06-07,63,良,186,28,55.0,32.0,8,0.78,89
兰州市,2016-06-08,50,优,104,19,40.0,24.0,5,0.7,86
兰州市,2016-06-09,53,良,134,25,57.0,38.0,9,0.71,62
兰州市,2016-06-10,63,良,201,29,70.0,42.0,9,0.84,72
兰州市,2016-06-11,88,良,322,48,125.0,43.0,12,0.8,57
兰州市,2016-06-12,66,良,265,31,69.0,48.0,7,0.81,75
兰州市,2016-06-13,75,良,276,30,93.0,50.0,8,0.82,71
兰州市,2016-06-14,109,轻度污染,356,49,166.0,24.0,7,0.56,49
兰州市,2016-06-15,55,良,196,27,61.0,21.0,10,0.62,50
兰州市,2016-06-16,70,良,237,30,83.0,47.0,10,0.97,81
兰州市,2016-06-17,79,良,259,35,105.0,55.0,14,0.95,66
兰州市,2016-06-18,96,良,321,53,138.0,77.0,21,1.31,59
兰州市,2016-06-19,80,良,297,40,99.0,48.0,12,0.97,79
兰州市,2016-06-20,59,良,221,33,72.0,39.0,7,0.81,56
兰州市,2016-06-21,76,良,303,43,85.0,41.0,8,0.95,82
兰州市,2016-06-22,80,良,320,50,104.0,58.0,21,1.08,79
兰州市,2016-06-23,53,良,212,32,53.0,25.0,8,0.79,74
兰州市,2016-06-24,77,良,351,46,94.0,58.0,7,1.06,55
兰州市,2016-06-25,71,良,303,30,67.0,40.0,6,0.84,86
兰州市,2016-06-26,68,良,251,36,81.0,28.0,4,0.8,88
兰州市,2016-06-27,112,轻度污染,350,59,168.0,42.0,9,0.9,81
兰州市,2016-06-28,80,良,297,35,101.0,71.0,8,1.07,59
兰州市,2016-06-29,100,良,348,44,125.0,58.0,17,1.11,94
兰州市,2016-06-30,69,良,282,27,80.0,44.0,8,0.9,73
兰州市,2016-07-01,78,良,340,33,100.0,46.0,11,0.9,83
兰州市,2016-07-02,91,良,342,37,99.0,53.0,12,0.84,105
兰州市,2016-07-03,82,良,307,26,90.0,41.0,10,0.87,112
兰州市,2016-07-04,80,良,296,33,96.0,36.0,8,0.94,99
兰州市,2016-07-05,65,良,256,31,79.0,19.0,4,0.75,80
兰州市,2016-07-06,55,良,222,24,60.0,21.0,4,0.76,68
兰州市,2016-07-07,52,良,210,20,55.0,21.0,4,0.81,63
兰州市,2016-07-08,51,良,192,20,55.0,23.0,5,0.7,56
兰州市,2016-07-09,71,良,300,36,92.0,26.0,4,0.93,45
兰州市,2016-07-10,56,良,220,35,61.0,19.0,5,0.77,44
兰州市,2016-07-11,33,优,46,20,30.0,21.0,4,0.75,57
兰州市,2016-07-12,63,良,267,31,56.0,34.0,5,0.94,81
兰州市,2016-07-13,57,良,241,24,60.0,38.0,4,0.84,63
兰州市,2016-07-14,61,良,263,30,68.0,42.0,5,0.92,64
兰州市,2016-07-15,80,良,351,28,83.0,45.0,9,1.01,87
兰州市,2016-07-16,64,良,273,24,76.0,39.0,8,0.84,72
兰州市,2016-07-17,83,良,302,34,111.0,51.0,11,0.98,74
兰州市,2016-07-18,46,优,137,22,39.0,24.0,4,0.86,82
兰州市,2016-07-19,72,良,311,33,71.0,42.0,7,1.0,88
兰州市,2016-07-20,75,良,337,32,81.0,44.0,7,1.0,89
兰州市,2016-07-21,94,良,356,48,136.0,46.0,9,0.97,73
兰州市,2016-07-22,89,良,343,51,112.0,33.0,5,0.97,93
兰州市,2016-07-23,67,良,257,23,64.0,33.0,5,0.94,91
兰州市,2016-07-24,51,良,135,18,36.0,14.0,4,0.76,98
兰州市,2016-07-25,63,良,220,31,73.0,39.0,6,0.91,60
兰州市,2016-07-26,69,良,262,30,75.0,38.0,5,0.96,90
兰州市,2016-07-27,83,良,320,32,94.0,43.0,9,0.93,93
兰州市,2016-07-28,83,良,296,28,82.0,49.0,10,1.02,96
兰州市,2016-07-29,77,良,259,31,91.0,42.0,9,1.19,91
兰州市,2016-07-30,61,良,185,26,61.0,22.0,4,0.89,85
兰州市,2016-07-31,60,良,222,20,54.0,17.0,5,0.87,89
兰州市,2016-08-01,58,良,235,19,56.0,18.0,4,0.86,89
兰州市,2016-08-02,57,良,240,19,61.0,21.0,4,0.93,78
兰州市,2016-08-03,60,良,267,23,64.0,20.0,3,0.77,83
兰州市,2016-08-04,63,良,275,28,68.0,21.0,5,0.67,88
兰州市,2016-08-05,72,良,308,27,82.0,32.0,6,0.76,90
兰州市,2016-08-06,80,良,337,37,101.0,43.0,10,0.94,95
兰州市,2016-08-07,100,良,364,39,112.0,51.0,11,0.98,103
兰州市,2016-08-08,77,良,349,25,75.0,26.0,4,0.99,115
兰州市,2016-08-09,67,良,296,26,71.0,19.0,4,0.97,102
兰州市,2016-08-10,100,良,354,39,147.0,19.0,5,0.85,89
兰州市,2016-08-11,63,良,284,23,66.0,23.0,6,1.01,87
兰州市,2016-08-12,73,良,326,32,91.0,23.0,6,0.93,84
兰州市,2016-08-13,68,良,304,27,78.0,22.0,7,0.97,86
兰州市,2016-08-14,63,良,277,32,74.0,18.0,6,0.85,83
兰州市,2016-08-15,52,良,219,33,56.0,35.0,3,0.88,77
兰州市,2016-08-16,79,良,330,46,98.0,52.0,4,1.22,82
兰州市,2016-08-17,67,良,256,32,76.0,31.0,4,1.18,82
兰州市,2016-08-18,47,优,134,22,49.0,15.0,9,0.81,72
兰州市,2016-08-19,43,优,130,17,38.0,17.0,8,0.86,80
兰州市,2016-08-20,52,良,187,24,55.0,21.0,10,0.92,74
兰州市,2016-08-21,77,良,316,46,96.0,29.0,9,1.11,89
兰州市,2016-08-22,64,良,233,41,76.0,20.0,5,1.15,83
兰州市,2016-08-23,34,优,18,18,32.0,21.0,4,0.76,55
兰州市,2016-08-24,42,优,36,23,42.0,25.0,4,0.95,49
兰州市,2016-08-25,40,优,78,16,30.0,14.0,3,0.98,78
兰州市,2016-08-26,53,良,256,22,53.0,31.0,8,0.91,67
兰州市,2016-08-27,65,良,303,29,78.0,44.0,6,1.04,57
兰州市,2016-08-28,76,良,296,31,87.0,46.0,6,0.99,83
兰州市,2016-08-29,55,良,121,30,59.0,30.0,4,0.96,67
兰州市,2016-08-30,67,良,217,32,77.0,50.0,5,0.98,72
兰州市,2016-08-31,85,良,270,43,119.0,64.0,9,1.17,54
兰州市,2016-09-01,83,良,306,42,106.0,58.0,9,1.16,72
兰州市,2016-09-02,84,良,305,38,115.0,56.0,12,1.06,53
兰州市,2016-09-03,74,良,229,40,96.0,49.0,6,0.94,66
兰州市,2016-09-04,87,良,280,45,120.0,56.0,8,1.07,67
兰州市,2016-09-05,78,良,247,37,104.0,52.0,11,0.93,60
兰州市,2016-09-06,54,良,171,23,44.0,35.0,5,0.83,88
兰州市,2016-09-07,78,良,320,38,103.0,67.0,10,1.15,67
兰州市,2016-09-08,80,良,282,39,105.0,56.0,10,1.09,70
兰州市,2016-09-09,57,良,171,24,52.0,34.0,5,0.82,92
兰州市,2016-09-10,73,良,265,37,94.0,52.0,8,1.02,56
兰州市,2016-09-11,73,良,284,36,91.0,46.0,12,0.96,71
兰州市,2016-09-12,52,良,145,26,47.0,36.0,4,0.82,79
兰州市,2016-09-13,67,良,228,34,79.0,49.0,6,1.04,65
兰州市,2016-09-14,70,良,234,43,87.0,45.0,6,1.06,63
兰州市,2016-09-15,66,良,244,39,77.0,48.0,6,1.11,70
兰州市,2016-09-16,70,良,277,37,84.0,41.0,6,0.97,76
兰州市,2016-09-17,56,良,208,29,59.0,25.0,6,0.88,85
兰州市,2016-09-18,55,良,212,34,58.0,35.0,4,0.87,61
兰州市,2016-09-19,74,良,329,44,95.0,49.0,7,1.01,56
兰州市,2016-09-20,73,良,300,37,91.0,54.0,8,1.04,68
兰州市,2016-09-21,77,良,261,36,102.0,60.0,8,1.18,56
兰州市,2016-09-22,87,良,284,40,122.0,59.0,9,1.3,45
兰州市,2016-09-23,82,良,240,45,113.0,63.0,11,1.29,49
兰州市,2016-09-24,80,良,228,41,108.0,58.0,12,1.25,51
兰州市,2016-09-25,67,良,193,29,80.0,50.0,7,1.19,61
兰州市,2016-09-26,80,良,254,35,107.0,36.0,8,1.06,64
兰州市,2016-09-27,67,良,248,32,86.0,22.0,5,0.79,63
兰州市,2016-09-28,67,良,321,39,83.0,42.0,7,1.16,57
兰州市,2016-09-29,73,良,315,41,95.0,55.0,10,1.08,44
兰州市,2016-09-30,79,良,292,42,106.0,65.0,14,1.31,59
兰州市,2016-10-01,79,良,280,38,105.0,51.0,12,1.23,56
兰州市,2016-10-02,90,良,308,36,127.0,66.0,14,1.27,58
兰州市,2016-10-03,141,轻度污染,350,68,214.5,43.0,18,1.18,70
兰州市,2016-10-04,81,良,296,32,111.0,22.0,5,0.71,73
兰州市,2016-10-05,79,良,300,35,106.0,41.0,10,0.92,51
兰州市,2016-10-06,56,良,160,29,62.0,32.0,14,0.91,49
兰州市,2016-10-07,64,良,252,25,75.0,26.0,17,0.52,65
兰州市,2016-10-08,84,良,345,38,116.0,54.0,12,0.97,48
兰州市,2016-10-09,60,良,241,37,67.0,38.0,7,0.95,66
兰州市,2016-10-10,70,良,279,43,87.0,54.0,12,1.17,38
兰州市,2016-10-11,95,良,335,66,126.0,69.0,13,1.3,26
兰州市,2016-10-12,82,良,283,53,110.0,59.0,17,1.21,35
兰州市,2016-10-13,81,良,275,46,109.0,53.0,14,1.14,49
兰州市,2016-10-14,61,良,193,33,70.0,44.0,10,0.91,35
兰州市,2016-10-15,79,良,276,51,106.0,56.0,13,1.3,46
兰州市,2016-10-16,77,良,276,35,102.0,45.0,10,0.81,53
兰州市,2016-10-17,86,良,299,49,119.0,61.0,14,1.52,43
兰州市,2016-10-18,96,良,284,50,140.0,62.0,18,1.44,44
兰州市,2016-10-19,84,良,237,45,115.0,49.0,15,1.18,32
兰州市,2016-10-20,122,轻度污染,336,52,160.0,31.0,15,1.05,49
兰州市,2016-10-21,114,轻度污染,348,49,173.0,19.0,13,0.56,77
兰州市,2016-10-22,49,优,228,28,51.0,31.0,9,0.79,50
兰州市,2016-10-23,82,良,352,56,100.0,51.0,13,1.14,22
兰州市,2016-10-24,53,良,217,34,56.0,34.0,11,0.8,47
兰州市,2016-10-25,66,良,254,38,81.0,46.0,15,1.01,36
兰州市,2016-10-26,75,良,297,47,97.0,55.0,15,1.04,40
兰州市,2016-10-27,51,良,211,30,58.0,20.0,11,0.52,63
兰州市,2016-10-28,41,优,154,20,36.0,26.0,12,0.61,58
兰州市,2016-10-29,60,良,279,39,71.0,41.0,10,0.97,42
兰州市,2016-10-30,77,良,316,49,101.0,37.0,15,1.19,43
兰州市,2016-10-31,98,良,355,51,141.0,62.0,18,1.38,35
兰州市,2016-11-01,104,轻度污染,342,63,156.0,65.0,22,1.68,31
兰州市,2016-11-02,114,轻度污染,312,76,174.0,85.0,28,2.02,35
兰州市,2016-11-03,138,轻度污染,330,91,209.0,90.5,29,2.4,44
兰州市,2016-11-04,141,轻度污染,314,91,212.0,90.5,27,2.4,34
兰州市,2016-11-05,137,轻度污染,281,91,206.0,90.5,30,2.31,30
兰州市,2016-11-06,102,轻度污染,177,51,151.0,47.0,22,0.96,57
兰州市,2016-11-07,122,轻度污染,318,54,191.0,31.0,14,0.74,64
兰州市,2016-11-08,122,轻度污染,353,68,192.0,65.0,25,1.35,34
兰州市,2016-11-09,121,轻度污染,345,71,191.0,73.0,29,1.67,37
兰州市,2016-11-10,141,轻度污染,366,91,214.5,88.0,32,1.9,47
兰州市,2016-11-11,141,轻度污染,367,91,214.5,78.0,33,2.03,31
兰州市,2016-11-12,141,轻度污染,336,90,214.5,83.0,38,2.09,36
兰州市,2016-11-13,141,轻度污染,305,91,214.5,90.5,38,2.24,30
兰州市,2016-11-14,118,轻度污染,257,66,184.0,80.0,38,1.77,39
兰州市,2016-11-15,130,轻度污染,308,91,205.0,90.5,38,2.48,43
兰州市,2016-11-16,141,轻度污染,318,91,214.5,90.5,38,2.6,42
兰州市,2016-11-17,141,轻度污染,318,91,214.5,90.5,38,2.9,33
兰州市,2016-11-18,141,轻度污染,352,91,214.5,87.0,32,2.25,53
兰州市,2016-11-19,141,轻度污染,349,79,214.5,57.0,22,1.22,44
兰州市,2016-11-20,141,轻度污染,332,89,214.5,90.0,38,2.24,32
兰州市,2016-11-21,103,轻度污染,318,44,153.0,33.0,24,0.65,51
兰州市,2016-11-22,70,良,329,32,88.0,29.0,18,0.77,46
兰州市,2016-11-23,82,良,328,47,112.0,47.0,35,1.27,32
兰州市,2016-11-24,96,良,289,62,139.0,53.0,38,1.42,33
兰州市,2016-11-25,121,轻度污染,296,62,188.0,48.0,38,1.11,37
兰州市,2016-11-26,141,轻度污染,349,91,214.5,75.0,38,2.01,31
兰州市,2016-11-27,141,轻度污染,337,91,214.5,86.0,38,2.51,32
兰州市,2016-11-28,117,轻度污染,285,76,181.0,55.0,38,1.72,40
兰州市,2016-11-29,97,良,228,49,143.0,50.0,29,1.14,49
兰州市,2016-11-30,121,轻度污染,283,79,189.0,84.0,38,2.22,37
兰州市,2016-12-01,133,轻度污染,289,91,201.0,90.5,38,2.55,33
兰州市,2016-12-02,141,轻度污染,287,91,198.0,90.5,34,2.55,29
兰州市,2016-12-03,141,轻度污染,293,91,214.5,90.5,38,2.79,31
兰州市,2016-12-04,141,轻度污染,316,91,214.5,90.5,38,3.19,37
兰州市,2016-12-05,102,轻度污染,206,54,146.0,59.0,25,1.33,44
兰州市,2016-12-06,113,轻度污染,265,70,173.0,88.0,38,2.43,32
兰州市,2016-12-07,125,轻度污染,232,91,189.0,90.5,38,2.75,34
兰州市,2016-12-08,141,轻度污染,256,91,213.0,90.5,38,2.92,28
兰州市,2016-12-09,137,轻度污染,287,91,193.0,90.5,38,2.69,27
兰州市,2016-12-10,141,轻度污染,307,91,191.0,90.5,38,2.63,40
兰州市,2016-12-11,141,轻度污染,324,91,214.0,90.5,29,2.81,37
兰州市,2016-12-12,112,轻度污染,228,74,167.0,66.0,24,1.62,29
兰州市,2016-12-13,122,轻度污染,296,83,182.0,75.0,29,2.08,29
兰州市,2016-12-14,105,轻度污染,306,73,155.0,78.0,30,2.03,23
兰州市,2016-12-15,100,良,251,69,146.0,77.0,33,2.03,25
兰州市,2016-12-16,126,轻度污染,262,91,174.0,90.5,34,2.53,30
兰州市,2016-12-17,141,轻度污染,290,91,195.0,90.5,38,2.71,26
兰州市,2016-12-18,141,轻度污染,274,91,214.0,90.5,38,3.18,34
兰州市,2016-12-19,141,轻度污染,227,91,207.0,90.5,38,2.93,29
兰州市,2016-12-20,141,轻度污染,294,91,214.5,73.0,37,2.31,39
兰州市,2016-12-21,141,轻度污染,323,67,214.5,52.0,23,1.27,39
兰州市,2016-12-22,141,轻度污染,320,75,214.5,77.0,38,2.44,16
兰州市,2016-12-23,138,轻度污染,315,91,214.5,90.5,38,2.78,31
兰州市,2016-12-24,115,轻度污染,288,85,167.0,81.0,38,2.4,42
兰州市,2016-12-25,94,良,270,45,132.0,37.0,22,1.0,49
兰州市,2016-12-26,74,良,281,34,97.0,33.0,20,0.9,55
兰州市,2016-12-27,101,轻度污染,311,68,139.0,81.0,34,2.09,44
兰州市,2016-12-28,91,良,253,61,126.0,70.0,35,2.02,34
兰州市,2016-12-29,82,良,189,50,111.0,74.0,38,1.94,24
兰州市,2016-12-30,113,轻度污染,216,84,151.0,85.0,38,2.53,29
兰州市,2016-12-31,122,轻度污染,187,91,160.0,90.5,38,2.82,24
兰州市,2017-01-01,95,良,110,68,126.0,73.0,38,2.18,22
兰州市,2017-01-02,128,轻度污染,164,91,157.0,86.0,38,2.62,30
兰州市,2017-01-03,141,轻度污染,170,91,178.0,90.5,38,3.08,29
兰州市,2017-01-04,141,轻度污染,240,91,210.0,90.5,38,3.53,31
兰州市,2017-01-05,141,轻度污染,278,91,201.0,90.5,38,3.15,34
兰州市,2017-01-06,84,良,205,51,116.0,53.0,33,1.26,45
兰州市,2017-01-07,73,良,204,47,91.0,65.0,31,1.61,36
兰州市,2017-01-08,68,良,140,44,84.0,52.0,31,1.32,42
兰州市,2017-01-09,53,良,89,31,56.0,41.0,28,0.97,50
兰州市,2017-01-10,47,优,90,25,47.0,28.0,20,0.75,65
兰州市,2017-01-11,77,良,199,52,91.0,61.0,31,1.55,28
兰州市,2017-01-12,115,轻度污染,288,86,142.0,78.0,36,2.14,32
兰州市,2017-01-13,128,轻度污染,309,91,163.0,84.0,38,2.17,33
兰州市,2017-01-14,117,轻度污染,314,87,149.0,74.0,38,1.89,43
兰州市,2017-01-15,87,良,248,55,119.0,56.0,38,1.27,53
兰州市,2017-01-16,79,良,182,39,107.0,50.0,34,0.98,50
兰州市,2017-01-17,67,良,122,39,83.0,45.0,30,1.0,52
兰州市,2017-01-18,86,良,164,59,113.0,55.0,36,1.3,50
兰州市,2017-01-19,141,轻度污染,363,74,214.5,40.0,23,0.89,65
兰州市,2017-01-20,138,轻度污染,349,71,214.5,63.0,38,1.67,35
兰州市,2017-01-21,99,良,286,60,145.0,70.0,38,1.97,38
兰州市,2017-01-22,86,良,210,54,118.0,70.0,38,1.93,40
兰州市,2017-01-23,107,轻度污染,253,78,147.0,83.0,38,2.51,37
兰州市,2017-01-24,124,轻度污染,260,91,167.0,90.5,38,2.79,39
兰州市,2017-01-25,141,轻度污染,283,91,214.5,77.0,38,2.39,45
兰州市,2017-01-26,141,轻度污染,355,91,214.5,28.0,15,0.68,58
兰州市,2017-01-27,141,轻度污染,308,63,214.5,49.0,27,1.4,44
兰州市,2017-01-28,141,轻度污染,215,56,214.5,30.0,28,0.9,56
兰州市,2017-01-29,102,轻度污染,234,35,152.0,27.0,18,0.8,66
兰州市,2017-01-30,93,良,289,37,133.0,31.0,28,1.04,56
兰州市,2017-01-31,86,良,263,39,120.0,37.0,27,1.11,52
兰州市,2017-02-01,81,良,230,46,109.0,46.0,32,1.44,43
兰州市,2017-02-02,89,良,221,63,115.0,45.0,19,1.67,50
兰州市,2017-02-03,91,良,202,66,121.0,51.0,27,1.66,46
兰州市,2017-02-04,88,良,175,59,121.0,68.0,29,1.84,49
兰州市,2017-02-05,113,轻度污染,232,83,150.0,85.0,36,2.31,51
兰州市,2017-02-06,101,轻度污染,242,62,144.0,38.0,30,1.4,46
兰州市,2017-02-07,86,良,282,30,121.0,19.0,14,0.6,76
兰州市,2017-02-08,63,良,238,33,71.0,29.0,14,0.76,68
兰州市,2017-02-09,84,良,268,61,100.0,46.0,15,1.23,55
兰州市,2017-02-10,55,良,106,30,58.0,34.0,24,0.83,70
兰州市,2017-02-11,89,良,261,59,104.0,64.0,27,1.64,55
兰州市,2017-02-12,125,轻度污染,285,91,152.0,81.0,28,2.15,49
兰州市,2017-02-13,109,轻度污染,233,81,139.0,71.0,32,1.91,65
兰州市,2017-02-14,87,良,142,61,114.0,72.0,25,1.92,52
兰州市,2017-02-15,108,轻度污染,185,68,148.0,68.0,27,2.06,61
兰州市,2017-02-16,132,轻度污染,275,50,211.0,42.0,23,1.36,54
兰州市,2017-02-17,115,轻度污染,287,50,179.0,49.0,22,1.35,53
兰州市,2017-02-18,117,轻度污染,273,66,181.0,72.0,31,2.08,53
兰州市,2017-02-19,119,轻度污染,217,76,186.0,75.0,34,2.24,53
兰州市,2017-02-20,141,轻度污染,337,62,214.5,41.0,21,1.4,65
兰州市,2017-02-21,141,轻度污染,359,70,214.5,25.0,22,0.73,63
兰州市,2017-02-22,117,轻度污染,322,52,182.0,32.0,23,0.78,66
兰州市,2017-02-23,89,良,273,52,124.0,49.0,17,1.21,62
兰州市,2017-02-24,90,良,275,64,121.0,51.0,16,1.3,71
兰州市,2017-02-25,63,良,160,37,74.0,43.0,19,1.01,75
兰州市,2017-02-26,71,良,178,46,90.0,50.0,24,1.22,77
兰州市,2017-02-27,80,良,192,53,105.0,53.0,25,1.33,78
兰州市,2017-02-28,92,良,210,34,125.0,33.0,16,0.81,90
兰州市,2017-03-01,141,轻度污染,357,50,214.5,42.0,11,0.82,78
兰州市,2017-03-02,99,良,338,42,146.0,54.0,22,1.22,67
兰州市,2017-03-03,101,轻度污染,329,46,150.0,57.0,23,1.26,67
兰州市,2017-03-04,79,良,145,44,104.0,52.0,20,1.12,62
兰州市,2017-03-05,59,良,120,30,62.0,35.0,12,0.75,81
兰州市,2017-03-06,68,良,230,39,83.0,49.0,16,1.11,69
兰州市,2017-03-07,59,良,169,30,64.0,40.0,17,0.79,88
兰州市,2017-03-08,71,良,228,43,90.0,58.0,21,1.16,72
兰州市,2017-03-09,70,良,166,43,88.0,50.0,25,1.09,66
兰州市,2017-03-10,66,良,127,44,77.0,40.0,14,1.08,58
兰州市,2017-03-11,65,良,150,45,72.0,35.0,15,0.82,88
兰州市,2017-03-12,63,良,198,43,64.0,33.0,12,0.83,76
兰州市,2017-03-13,64,良,265,43,66.0,32.0,15,0.83,81
兰州市,2017-03-14,68,良,261,48,67.0,44.0,11,1.04,73
兰州市,2017-03-15,78,良,266,56,89.0,53.0,12,1.23,79
兰州市,2017-03-16,107,轻度污染,325,79,131.0,59.0,15,1.41,85
兰州市,2017-03-17,69,良,170,45,82.0,34.0,10,0.93,76
兰州市,2017-03-18,84,良,215,59,107.0,55.0,14,1.46,60
兰州市,2017-03-19,66,良,161,46,71.0,39.0,8,1.27,76
兰州市,2017-03-20,84,良,265,48,113.0,51.0,14,1.3,65
兰州市,2017-03-21,72,良,214,41,91.0,47.0,11,1.17,65
兰州市,2017-03-22,73,良,247,46,91.0,50.0,12,1.28,50
兰州市,2017-03-23,68,良,237,40,83.0,29.0,8,0.68,70
兰州市,2017-03-24,90,良,284,45,129.0,33.0,11,0.71,64
兰州市,2017-03-25,91,良,290,32,129.0,25.0,9,0.58,83
兰州市,2017-03-26,107,轻度污染,336,43,162.0,54.0,13,0.96,67
兰州市,2017-03-27,120,轻度污染,340,54,179.0,56.0,18,1.19,71
兰州市,2017-03-28,141,轻度污染,363,84,214.5,41.0,12,0.83,64
兰州市,2017-03-29,125,轻度污染,315,58,198.0,45.0,16,0.96,64
兰州市,2017-03-30,59,良,118,28,67.0,29.0,9,0.65,83
兰州市,2017-03-31,62,良,186,28,67.0,33.0,15,0.7,83
兰州市,2017-04-01,76,良,217,34,100.0,55.0,13,0.85,66
兰州市,2017-04-02,79,良,194,40,106.0,50.0,11,0.9,62
兰州市,2017-04-03,69,良,103,45,83.0,46.0,8,0.94,54
兰州市,2017-04-04,87,良,235,60,103.0,47.0,10,1.07,70
兰州市,2017-04-05,98,良,279,55,138.0,66.0,14,1.07,72
兰州市,2017-04-06,97,良,253,48,141.0,38.0,8,0.79,76
兰州市,2017-04-07,129,轻度污染,324,66,206.0,31.0,12,0.71,70
兰州市,2017-04-08,50,优,91,32,50.0,23.0,6,0.62,56
兰州市,2017-04-09,57,良,226,39,58.0,31.0,6,0.68,49
兰州市,2017-04-10,56,良,199,39,54.0,30.0,7,0.58,61
兰州市,2017-04-11,60,良,196,37,67.0,46.0,8,0.78,57
兰州市,2017-04-12,82,良,274,42,112.0,45.0,10,0.89,60
兰州市,2017-04-13,87,良,282,47,119.0,54.0,13,0.83,70
兰州市,2017-04-14,107,轻度污染,343,49,162.0,51.0,14,0.84,72
兰州市,2017-04-15,61,良,75,34,71.0,34.0,5,0.58,81
兰州市,2017-04-16,82,良,230,45,111.0,40.0,9,0.62,57
兰州市,2017-04-17,141,轻度污染,351,91,214.5,45.0,11,0.75,69
兰州市,2017-04-18,141,轻度污染,366,91,214.5,40.0,7,0.65,71
兰州市,2017-04-19,70,良,153,32,85.0,21.0,5,0.43,92
兰州市,2017-04-20,93,良,320,44,134.0,37.0,8,0.61,66
兰州市,2017-04-21,140,轻度污染,362,57,214.5,47.0,8,0.67,67
兰州市,2017-04-22,106,轻度污染,359,42,154.0,51.0,11,0.75,77
兰州市,2017-04-23,92,良,328,35,120.0,56.0,13,0.79,86
兰州市,2017-04-23,92,良,328,35,120.0,56.0,13,0.79,86
兰州市,2017-04-24,99,良,342,40,144.0,50.0,11,0.66,82
兰州市,2017-04-25,65,良,205,30,67.0,19.0,6,0.49,106
兰州市,2017-04-26,57,良,198,28,61.0,33.0,5,0.52,73
兰州市,2017-04-27,73,良,286,36,87.0,46.0,7,0.65,75
兰州市,2017-04-28,87,良,322,39,111.0,52.0,14,0.76,78
兰州市,2017-04-29,91,良,280,41,110.0,54.0,16,0.79,88
兰州市,2017-04-30,74,良,137,37,88.0,28.0,10,0.59,112
兰州市,2017-05-01,94,良,275,41,119.0,52.0,14,0.8,95
兰州市,2017-05-02,80,良,245,52,106.0,26.0,5,0.57,91
兰州市,2017-05-03,141,轻度污染,350,69,214.5,28.0,5,0.45,79
兰州市,2017-05-04,141,轻度污染,345,91,214.5,36.0,9,0.56,78
兰州市,2017-05-05,141,轻度污染,362,91,214.5,28.0,7,0.37,81
兰州市,2017-05-06,141,轻度污染,310,88,214.5,46.0,10,0.67,69
兰州市,2017-05-07,82,良,169,47,109.0,32.0,5,0.57,82
兰州市,2017-05-08,84,良,253,42,102.0,46.0,12,0.69,91
兰州市,2017-05-09,105,轻度污染,347,47,157.0,43.0,10,0.63,83
兰州市,2017-05-10,120,轻度污染,353,61,187.0,55.0,10,0.7,51
兰州市,2017-05-11,70,良,181,30,81.0,39.0,9,0.59,82
兰州市,2017-05-12,97,良,294,37,120.0,55.0,11,0.81,81
兰州市,2017-05-13,106,轻度污染,337,47,159.0,61.0,19,0.82,72
兰州市,2017-05-14,67,良,193,27,57.0,22.0,4,0.52,111
兰州市,2017-05-15,61,良,198,27,63.0,36.0,9,0.58,79
兰州市,2017-05-16,73,良,273,35,86.0,45.0,10,0.65,74
兰州市,2017-05-17,79,良,222,39,101.0,50.0,12,0.73,79
兰州市,2017-05-18,64,良,103,30,65.0,38.0,9,0.61,87
兰州市,2017-05-19,90,良,247,38,108.0,52.0,11,0.7,94
兰州市,2017-05-20,71,良,193,39,89.0,32.0,6,0.57,88
兰州市,2017-05-20,71,良,193,39,89.0,32.0,6,0.57,88
兰州市,2017-05-21,114,轻度污染,331,53,164.0,23.0,9,0.45,91
兰州市,2017-05-22,109,轻度污染,331,68,162.0,21.0,4,0.5,80
兰州市,2017-05-23,69,良,330,36,86.0,23.0,5,0.47,96
兰州市,2017-05-24,69,良,281,37,85.0,31.0,11,0.56,97
兰州市,2017-05-25,71,良,238,35,86.0,38.0,9,0.67,81
兰州市,2017-05-26,83,良,258,37,95.0,48.0,7,0.63,90
兰州市,2017-05-27,86,良,209,35,102.0,54.0,9,0.69,84
兰州市,2017-05-28,86,良,170,33,92.0,46.0,9,0.65,104
兰州市,2017-05-29,107,轻度污染,294,58,161.0,38.0,9,0.65,127
兰州市,2017-05-30,131,轻度污染,357,62,207.0,52.0,13,0.77,106
兰州市,2017-05-31,115,轻度污染,327,62,177.0,50.0,13,0.8,82
兰州市,2017-06-01,83,良,262,43,102.0,36.0,6,0.61,110
兰州市,2017-06-02,88,良,266,47,123.0,46.0,8,0.63,81
兰州市,2017-06-03,66,良,223,46,72.0,36.0,8,0.72,88
兰州市,2017-06-04,56,良,168,37,50.0,29.0,7,0.69,80
兰州市,2017-06-05,58,良,256,29,51.0,39.0,5,0.71,76
兰州市,2017-06-06,60,良,297,30,53.0,39.0,6,0.78,75
兰州市,2017-06-07,67,良,242,32,70.0,36.0,10,0.73,86
兰州市,2017-06-08,65,良,210,30,61.0,39.0,9,0.71,79
兰州市,2017-06-09,56,良,180,26,45.0,30.0,5,0.63,89
兰州市,2017-06-10,77,良,298,41,100.0,44.0,8,0.73,74
兰州市,2017-06-11,84,良,313,36,106.0,43.0,7,0.69,76
兰州市,2017-06-12,79,良,302,34,93.0,48.0,9,0.77,76
兰州市,2017-06-13,61,良,231,29,67.0,37.0,5,0.66,80
兰州市,2017-06-14,58,良,200,29,63.0,32.0,6,0.67,65
兰州市,2017-06-15,61,良,175,34,69.0,30.0,11,0.81,84
兰州市,2017-06-16,83,良,242,37,81.0,44.0,10,0.82,99
兰州市,2017-06-17,85,良,227,39,94.0,50.0,10,0.73,91
兰州市,2017-06-18,76,良,231,38,84.0,43.0,9,0.72,92
兰州市,2017-06-19,85,良,299,41,115.0,53.0,10,0.77,74
兰州市,2017-06-20,69,良,257,32,74.0,42.0,7,0.71,79
兰州市,2017-06-21,58,良,175,26,56.0,35.0,5,0.69,82
兰州市,2017-06-22,90,良,343,32,91.0,43.0,13,0.69,95
兰州市,2017-06-23,89,良,344,35,125.0,25.0,8,0.46,86
兰州市,2017-06-24,79,良,318,30,93.0,46.0,12,0.67,77
兰州市,2017-06-25,89,良,325,32,101.0,49.0,11,0.67,93
兰州市,2017-06-26,88,良,294,28,90.0,47.0,9,0.71,105
兰州市,2017-06-27,75,良,238,31,83.0,39.0,7,0.74,105
兰州市,2017-06-28,76,良,250,36,84.0,33.0,8,0.76,108
兰州市,2017-06-29,78,良,254,33,80.0,44.0,6,0.76,96
兰州市,2017-06-30,74,良,252,26,72.0,42.0,7,0.7,100
兰州市,2017-07-01,74,良,256,24,63.0,38.0,6,0.67,108
兰州市,2017-07-02,77,良,282,28,95.0,28.0,6,0.59,94
兰州市,2017-07-03,56,良,207,19,43.0,25.0,8,0.61,100
兰州市,2017-07-04,78,良,288,32,89.0,50.0,11,0.82,79
兰州市,2017-07-05,48,优,155,23,49.0,35.0,6,0.66,65
兰州市,2017-07-06,73,良,310,29,73.0,46.0,15,0.75,79
兰州市,2017-07-07,81,良,331,30,83.0,56.0,14,0.77,81
兰州市,2017-07-08,81,良,316,34,110.0,53.0,16,0.76,73
兰州市,2017-07-09,64,良,279,21,67.0,30.0,8,0.62,99
兰州市,2017-07-10,73,良,274,24,82.0,41.0,6,0.65,100
兰州市,2017-07-11,94,良,301,28,93.0,47.0,8,0.73,112
兰州市,2017-07-12,94,良,314,30,96.0,52.0,14,0.8,100
兰州市,2017-07-13,73,良,261,35,82.0,36.0,5,0.72,111
兰州市,2017-07-14,78,良,313,30,93.0,39.0,7,0.72,96
兰州市,2017-07-15,75,良,321,24,76.0,38.0,6,0.68,101
兰州市,2017-07-16,80,良,331,26,69.0,35.0,5,0.56,103
兰州市,2017-07-17,70,良,298,25,56.0,28.0,5,0.61,113
兰州市,2017-07-18,75,良,310,28,68.0,36.0,8,0.67,108
兰州市,2017-07-19,79,良,323,29,83.0,41.0,8,0.74,98
兰州市,2017-07-20,141,轻度污染,365,68,213.0,18.0,7,0.61,100
兰州市,2017-07-21,65,良,295,24,68.0,26.0,6,0.58,95
兰州市,2017-07-22,78,良,316,32,104.0,15.0,8,0.46,91
兰州市,2017-07-23,54,良,163,19,57.0,17.0,12,0.53,78
兰州市,2017-07-24,52,良,140,19,52.0,16.0,10,0.5,95
兰州市,2017-07-25,64,良,220,31,60.0,27.0,5,0.61,87
兰州市,2017-07-26,48,优,99,26,48.0,20.0,7,0.58,68
兰州市,2017-07-27,41,优,63,11,23.0,20.0,4,0.49,82
兰州市,2017-07-28,49,优,113,18,35.0,25.0,5,0.66,87
兰州市,2017-07-29,69,良,280,26,66.0,40.0,9,0.73,77
兰州市,2017-07-30,86,良,316,31,82.0,45.0,9,0.76,89
兰州市,2017-07-31,80,良,288,23,83.0,34.0,5,0.61,100
兰州市,2017-08-01,83,良,317,37,115.0,21.0,6,0.52,86
兰州市,2017-08-02,84,良,350,34,78.0,40.0,8,0.75,92
兰州市,2017-08-03,82,良,336,28,108.0,43.0,13,0.65,78
兰州市,2017-08-04,68,良,253,24,60.0,26.0,4,0.6,110
兰州市,2017-08-05,59,良,200,23,61.0,39.0,6,0.71,59
兰州市,2017-08-06,52,良,161,21,54.0,36.0,5,0.75,50
兰州市,2017-08-07,50,优,150,21,47.0,29.0,7,0.62,85
兰州市,2017-08-08,61,良,270,25,67.0,42.0,7,0.62,62
兰州市,2017-08-09,63,良,271,20,64.0,41.0,8,0.88,73
兰州市,2017-08-10,81,良,301,28,93.0,47.0,17,1.0,82
兰州市,2017-08-11,74,良,268,24,82.0,43.0,9,0.76,79
兰州市,2017-08-12,57,良,229,20,59.0,30.0,11,0.65,80
兰州市,2017-08-13,53,良,225,22,47.0,29.0,5,0.7,80
兰州市,2017-08-14,73,良,327,26,83.0,46.0,9,0.68,74
兰州市,2017-08-15,70,良,291,25,78.0,44.0,7,0.64,75
兰州市,2017-08-16,70,良,287,25,85.0,44.0,8,0.6,68
兰州市,2017-08-17,54,良,220,20,58.0,32.0,5,0.64,63
兰州市,2017-08-18,57,良,237,22,62.0,35.0,7,0.72,59
兰州市,2017-08-19,56,良,250,22,62.0,27.0,6,0.64,59
兰州市,2017-08-20,42,优,119,17,33.0,21.0,3,0.43,74
兰州市,2017-08-21,48,优,141,26,49.0,36.0,5,0.79,47
兰州市,2017-08-22,42,优,93,15,25.0,23.0,4,0.58,82
兰州市,2017-08-23,41,优,120,27,37.0,26.0,5,0.6,65
兰州市,2017-08-24,60,良,291,37,66.0,45.0,9,0.81,31
兰州市,2017-08-25,46,优,182,31,44.0,35.0,8,0.67,29
兰州市,2017-08-26,39,优,116,22,36.0,29.0,5,0.62,60
兰州市,2017-08-27,53,良,237,29,56.0,41.0,8,0.68,36
兰州市,2017-08-28,47,优,213,28,46.0,38.0,6,0.55,47
兰州市,2017-08-29,42,优,199,22,41.0,33.0,6,0.6,57
兰州市,2017-08-30,65,良,339,34,77.0,44.0,7,0.8,47
兰州市,2017-08-31,92,良,352,51,112.0,49.0,10,0.88,72
兰州市,2017-09-01,58,良,233,26,65.0,36.0,7,0.56,65
兰州市,2017-09-02,75,良,306,34,91.0,50.0,9,0.65,58
兰州市,2017-09-03,76,良,315,30,92.0,46.0,9,0.61,66
兰州市,2017-09-04,60,良,268,25,67.0,31.0,8,0.42,60
兰州市,2017-09-05,58,良,254,26,66.0,38.0,6,0.44,55
兰州市,2017-09-06,71,良,320,31,84.0,45.0,12,0.74,59
兰州市,2017-09-07,80,良,321,37,109.0,54.0,14,0.79,61
兰州市,2017-09-08,54,良,182,26,56.0,50.0,6,0.5,32
兰州市,2017-09-09,60,良,206,26,68.0,30.0,5,0.3,58
兰州市,2017-09-10,78,良,341,32,100.0,49.0,12,0.63,59
兰州市,2017-09-11,93,良,354,40,122.0,59.0,20,0.9,73
兰州市,2017-09-12,73,良,272,30,94.0,40.0,8,0.7,53
兰州市,2017-09-13,68,良,222,32,84.0,34.0,6,0.59,52
兰州市,2017-09-14,68,良,231,39,83.0,41.0,9,0.81,49
兰州市,2017-09-15,71,良,239,40,86.0,41.0,8,0.62,58
兰州市,2017-09-16,56,良,145,26,58.0,35.0,7,0.61,82
兰州市,2017-09-17,79,良,255,39,92.0,43.0,13,0.78,72
兰州市,2017-09-18,63,良,147,39,73.0,46.0,11,0.73,40
兰州市,2017-09-19,56,良,141,37,60.0,45.0,6,0.65,49
兰州市,2017-09-20,72,良,281,43,89.0,53.0,10,0.9,54
兰州市,2017-09-21,71,良,255,38,88.0,50.0,10,0.79,53
兰州市,2017-09-22,74,良,271,39,96.0,51.0,20,0.94,52
兰州市,2017-09-23,63,良,207,31,74.0,42.0,9,0.73,36
兰州市,2017-09-24,74,良,286,40,96.0,47.0,10,0.86,47
兰州市,2017-09-25,93,良,334,50,134.0,43.0,12,0.84,58
兰州市,2017-09-26,69,良,297,39,87.0,29.0,5,0.52,60
兰州市,2017-09-27,70,良,329,36,82.0,39.0,9,0.63,70
兰州市,2017-09-28,82,良,341,37,110.0,55.0,15,0.73,67
兰州市,2017-09-29,76,良,292,33,100.0,51.0,15,0.71,49
兰州市,2017-09-30,75,良,286,36,97.0,45.0,13,0.79,60
兰州市,2017-10-01,107,轻度污染,348,53,157.0,47.0,12,0.7,83
兰州市,2017-10-02,115,轻度污染,357,50,178.0,17.0,6,0.33,75
兰州市,2017-10-03,56,良,325,32,61.0,31.0,5,0.57,65
兰州市,2017-10-05,60,良,316,35,68.0,36.0,9,0.77,45
兰州市,2017-10-06,52,良,201,29,55.0,29.0,8,0.75,30
兰州市,2017-10-07,58,良,193,28,64.0,32.0,9,0.77,54
兰州市,2017-10-08,59,良,205,29,68.0,16.0,5,0.47,73
兰州市,2017-10-09,33,优,82,19,30.0,21.0,4,0.42,60
兰州市,2017-10-10,56,良,278,39,54.0,35.0,9,0.74,45
兰州市,2017-10-11,78,良,353,57,83.0,40.0,16,0.98,40
兰州市,2017-10-12,72,良,338,46,91.0,50.0,12,0.96,37
兰州市,2017-10-13,78,良,314,51,99.0,55.0,18,1.2,21
兰州市,2017-10-14,72,良,284,51,83.0,51.0,12,1.08,37
兰州市,2017-10-15,98,良,321,69,129.0,66.0,17,1.51,28
兰州市,2017-10-16,62,良,259,38,72.0,42.0,8,0.95,30
兰州市,2017-10-17,40,优,159,25,38.0,33.0,6,0.93,39
兰州市,2017-10-18,59,良,258,38,69.0,46.0,10,0.98,48
兰州市,2017-10-19,70,良,245,43,89.0,55.0,11,1.15,37
兰州市,2017-10-20,72,良,233,44,92.0,46.0,12,1.06,33
兰州市,2017-10-21,79,良,247,39,107.0,49.0,12,0.97,36
兰州市,2017-10-22,90,良,279,48,129.0,61.0,20,1.67,31
兰州市,2017-10-23,73,良,231,37,94.0,49.0,12,1.44,38
兰州市,2017-10-24,60,良,118,34,66.0,44.0,11,1.14,18
兰州市,2017-10-25,61,良,110,39,69.0,45.0,13,1.13,29
兰州市,2017-10-26,82,良,197,50,111.0,66.0,16,1.47,40
兰州市,2017-10-27,91,良,215,54,131.0,53.0,16,1.5,54
兰州市,2017-10-28,69,良,119,26,86.0,33.0,12,0.62,59
兰州市,2017-10-29,83,良,257,41,114.0,44.0,14,0.85,39
兰州市,2017-10-30,91,良,326,52,129.0,60.0,19,1.73,26
兰州市,2017-10-31,94,良,287,56,137.0,69.0,24,1.79,25
兰州市,2017-11-01,103,轻度污染,266,65,151.0,80.0,29,2.1,35
兰州市,2017-11-02,97,良,205,57,143.0,72.0,27,1.94,39
兰州市,2017-11-03,122,轻度污染,292,59,192.0,70.0,30,2.03,35
兰州市,2017-11-04,118,轻度污染,329,68,184.0,75.0,36,2.17,32
兰州市,2017-11-05,106,轻度污染,292,73,158.0,78.0,27,2.14,39
兰州市,2017-11-06,92,良,211,55,132.0,56.0,25,1.54,42
兰州市,2017-11-07,86,良,142,50,119.0,67.0,25,1.37,43
兰州市,2017-11-08,102,轻度污染,223,62,153.0,81.0,33,2.13,26
兰州市,2017-11-09,109,轻度污染,280,45,165.0,40.0,16,0.81,46
兰州市,2017-11-10,93,良,288,41,134.0,47.0,18,1.1,35
兰州市,2017-11-11,98,良,346,61,143.0,58.0,26,1.84,35
兰州市,2017-11-12,76,良,260,39,100.0,45.0,19,1.17,48
兰州市,2017-11-13,75,良,231,38,97.0,52.0,22,1.21,46
兰州市,2017-11-14,84,良,277,47,116.0,67.0,26,1.42,34
兰州市,2017-11-15,100,良,298,61,147.0,74.0,32,2.04,24
兰州市,2017-11-16,118,轻度污染,311,82,176.0,78.0,34,2.34,29
兰州市,2017-11-17,88,良,270,59,121.0,52.0,30,1.37,29
兰州市,2017-11-18,80,良,339,44,108.0,52.0,36,1.37,22
兰州市,2017-11-19,75,良,269,37,98.0,38.0,38,0.99,37
兰州市,2017-11-20,88,良,289,45,124.0,66.0,30,1.43,22
兰州市,2017-11-21,75,良,211,39,97.0,48.0,33,1.3,38
兰州市,2017-11-22,77,良,246,39,103.0,62.0,28,1.18,40
兰州市,2017-11-23,90,良,343,49,128.0,77.0,38,1.59,32
兰州市,2017-11-24,106,轻度污染,355,66,159.0,81.0,38,2.48,22
兰州市,2017-11-25,109,轻度污染,320,70,164.0,80.0,38,2.72,24
兰州市,2017-11-26,122,轻度污染,336,82,183.0,90.5,38,2.9,29
兰州市,2017-11-27,113,轻度污染,296,81,168.0,81.0,38,2.45,25
兰州市,2017-11-28,94,良,200,55,133.0,67.0,38,1.69,27
兰州市,2017-11-29,95,良,260,52,138.0,69.0,38,1.8,27
兰州市,2017-11-30,88,良,322,47,123.0,82.0,38,1.85,32
兰州市,2017-12-01,113,轻度污染,322,75,167.0,90.5,38,2.48,27
兰州市,2017-12-02,131,轻度污染,302,91,190.0,90.5,38,2.71,25
兰州市,2017-12-03,108,轻度污染,257,79,152.0,82.0,38,2.13,33
兰州市,2017-12-04,72,良,213,41,93.0,65.0,34,1.42,36
兰州市,2017-12-05,76,良,213,40,101.0,71.0,32,1.79,27
兰州市,2017-12-06,86,良,163,56,120.0,66.0,38,2.05,25
兰州市,2017-12-07,72,良,122,41,92.0,56.0,38,1.5,30
兰州市,2017-12-08,76,良,216,43,100.0,64.0,38,1.93,21
兰州市,2017-12-09,96,良,270,57,139.0,68.0,38,2.11,28
兰州市,2017-12-10,98,良,255,59,144.0,83.0,38,2.2,29
兰州市,2017-12-11,116,轻度污染,319,82,175.0,90.5,38,2.9,26
兰州市,2017-12-12,109,轻度污染,308,75,163.0,82.0,38,2.7,27
兰州市,2017-12-13,121,轻度污染,334,88,175.0,81.0,38,2.48,31
兰州市,2017-12-14,88,良,233,50,124.0,52.0,34,1.43,34
兰州市,2017-12-15,68,良,201,34,85.0,38.0,29,0.92,50
兰州市,2017-12-16,58,良,176,30,66.0,45.0,25,1.03,42
兰州市,2017-12-17,93,良,319,64,131.0,75.0,38,2.42,24
兰州市,2017-12-18,89,良,296,60,121.0,70.0,38,2.37,22
兰州市,2017-12-19,104,轻度污染,322,73,142.0,84.0,38,2.84,31
兰州市,2017-12-20,132,轻度污染,348,91,185.0,90.5,38,3.68,25
兰州市,2017-12-21,141,轻度污染,360,91,214.5,90.5,38,4.12,26
兰州市,2017-12-22,141,轻度污染,312,91,197.0,90.5,38,3.53,23
兰州市,2017-12-23,97,良,134,50,141.0,64.0,38,1.78,34
兰州市,2017-12-24,115,轻度污染,238,63,178.0,85.0,38,2.56,25
兰州市,2017-12-25,111,轻度污染,309,76,167.0,90.5,38,2.91,26
兰州市,2017-12-26,121,轻度污染,272,88,177.0,90.5,38,3.65,23
兰州市,2017-12-27,141,轻度污染,290,91,208.0,90.5,38,3.93,29
兰州市,2017-12-28,141,轻度污染,351,91,214.5,77.0,38,2.51,32
兰州市,2017-12-29,141,轻度污染,361,91,214.5,43.0,13,0.96,44
兰州市,2017-12-30,141,轻度污染,356,91,214.5,65.0,22,1.93,23
兰州市,2017-12-31,141,轻度污染,302,91,214.5,79.0,38,2.61,26
兰州市,2018-01-01,141,轻度污染,275,91,214.5,90.0,38,2.74,40
兰州市,2018-01-02,89,良,179,37,125.0,35.0,20,0.78,51
兰州市,2018-01-03,96,良,300,65,115.0,46.0,25,1.32,35
兰州市,2018-01-04,125,轻度污染,354,91,130.0,60.0,20,2.01,23
兰州市,2018-01-05,110,轻度污染,317,82,112.0,46.0,14,1.82,24
兰州市,2018-01-06,91,良,229,67,95.0,28.0,16,1.22,52
兰州市,2018-01-07,69,良,206,38,87.0,21.0,17,0.67,68
兰州市,2018-01-08,83,良,248,50,114.0,59.0,28,1.66,40
兰州市,2018-01-09,101,轻度污染,347,73,142.0,81.0,38,2.5,31
兰州市,2018-01-10,110,轻度污染,344,79,151.0,90.5,38,2.83,30
兰州市,2018-01-11,114,轻度污染,337,85,151.0,90.0,38,2.88,28
兰州市,2018-01-12,130,轻度污染,342,91,172.0,90.5,38,3.4,24
兰州市,2018-01-13,140,轻度污染,304,91,187.0,83.0,38,2.96,37
兰州市,2018-01-14,117,轻度污染,247,82,173.0,74.0,38,2.49,30
兰州市,2018-01-15,113,轻度污染,196,73,144.0,53.0,29,1.6,40
兰州市,2018-01-16,109,轻度污染,190,67,165.0,84.0,38,2.63,36
兰州市,2018-01-17,124,轻度污染,216,42,169.0,38.0,19,0.83,53
兰州市,2018-01-18,99,良,152,60,146.0,75.0,38,2.1,22
兰州市,2018-01-19,113,轻度污染,183,79,170.0,78.0,38,2.65,30
兰州市,2018-01-20,91,良,155,61,128.0,72.0,38,1.95,28
兰州市,2018-01-21,85,良,171,49,119.0,61.0,38,1.69,31
兰州市,2018-01-22,94,良,237,53,135.0,62.0,38,1.85,39
兰州市,2018-01-23,94,良,242,57,136.0,62.0,38,1.78,38
兰州市,2018-01-24,92,良,300,62,128.0,56.0,32,1.56,29
兰州市,2018-01-25,102,轻度污染,333,73,129.0,46.0,29,1.38,40
兰州市,2018-01-26,123,轻度污染,348,91,135.0,59.0,35,2.13,37
兰州市,2018-01-27,105,轻度污染,308,78,113.0,32.0,28,1.28,56
兰州市,2018-01-28,72,良,215,38,92.0,24.0,19,0.73,56
兰州市,2018-01-29,83,良,220,56,110.0,43.0,24,1.32,39
兰州市,2018-01-30,75,良,157,41,98.0,25.0,28,0.72,56
兰州市,2018-01-31,110,轻度污染,282,60,169.0,62.0,30,1.91,33
兰州市,2018-02-01,91,良,219,53,131.0,50.0,32,1.6,45
兰州市,2018-02-02,75,良,196,35,97.0,38.0,17,1.03,55
兰州市,2018-02-03,83,良,297,53,115.0,50.0,27,1.62,42
兰州市,2018-02-04,83,良,282,56,114.0,59.0,29,1.63,41
兰州市,2018-02-05,105,轻度污染,335,77,140.0,70.0,38,2.19,40
兰州市,2018-02-06,97,良,296,71,127.0,70.0,38,1.95,42
兰州市,2018-02-07,93,良,221,61,134.0,72.0,38,1.87,34
兰州市,2018-02-08,91,良,182,60,128.0,62.0,33,2.02,36
兰州市,2018-02-09,141,轻度污染,366,91,214.5,21.0,12,0.67,73
兰州市,2018-02-10,81,良,164,32,111.0,26.0,11,0.72,68
兰州市,2018-02-11,91,良,220,51,130.0,53.0,38,1.58,45
兰州市,2018-02-12,85,良,250,53,119.0,67.0,38,1.99,40
兰州市,2018-02-13,106,轻度污染,305,78,147.0,86.0,38,2.83,38
兰州市,2018-02-14,95,良,252,62,127.0,66.0,36,1.94,40
兰州市,2018-02-15,75,良,171,47,98.0,58.0,38,1.79,43
兰州市,2018-02-16,100,良,140,71,139.0,65.0,38,2.1,50
兰州市,2018-02-17,84,良,171,39,115.0,25.0,20,0.76,78
兰州市,2018-02-18,64,良,193,32,75.0,22.0,23,0.8,68
兰州市,2018-02-19,72,良,253,43,90.0,30.0,21,1.1,64
兰州市,2018-02-20,63,良,179,35,75.0,18.0,21,0.67,79
兰州市,2018-02-21,51,良,154,34,51.0,29.0,20,0.93,65
兰州市,2018-02-22,68,良,219,47,78.0,60.0,31,1.55,52
兰州市,2018-02-23,75,良,252,39,98.0,44.0,26,1.21,48
兰州市,2018-02-24,128,轻度污染,349,50,203.0,49.0,27,1.3,50
兰州市,2018-02-25,95,良,293,53,138.0,69.0,36,1.9,58
兰州市,2018-02-26,85,良,239,53,118.0,64.0,38,1.64,46
兰州市,2018-02-27,85,良,239,60,104.0,60.0,18,1.62,44
兰州市,2018-02-28,75,良,223,49,93.0,55.0,32,1.7,60
兰州市,2018-03-01,64,良,175,32,76.0,56.0,30,1.26,56
兰州市,2018-03-02,89,良,283,57,119.0,78.0,38,2.13,46
兰州市,2018-03-03,95,良,257,47,136.0,48.0,31,1.44,53
兰州市,2018-03-04,66,良,227,34,80.0,33.0,12,0.78,70
兰州市,2018-03-05,59,良,253,35,65.0,41.0,14,0.98,57
兰州市,2018-03-06,68,良,277,47,80.0,51.0,19,1.28,50
兰州市,2018-03-07,119,轻度污染,352,53,187.0,42.0,18,0.91,56
兰州市,2018-03-08,90,良,309,42,128.0,61.0,22,1.29,50
兰州市,2018-03-09,83,良,252,46,115.0,69.0,31,1.71,48
兰州市,2018-03-10,82,良,212,47,108.0,71.0,26,1.49,61
兰州市,2018-03-11,86,良,223,55,120.0,74.0,34,1.7,59
兰州市,2018-03-12,93,良,236,57,132.0,78.0,29,1.63,63
兰州市,2018-03-13,84,良,206,49,115.0,74.0,30,1.5,52
兰州市,2018-03-14,86,良,238,44,109.0,76.0,36,1.49,63
兰州市,2018-03-15,141,轻度污染,347,58,214.5,50.0,19,0.97,59
兰州市,2018-03-16,141,轻度污染,354,66,214.5,51.0,22,1.11,80
兰州市,2018-03-17,141,轻度污染,364,89,214.5,25.0,16,0.66,85
兰州市,2018-03-18,141,轻度污染,354,72,214.5,30.0,16,0.66,74
兰州市,2018-03-19,141,轻度污染,361,73,214.5,47.0,18,1.17,57
兰州市,2018-03-20,141,轻度污染,345,71,214.5,32.0,7,0.84,68
兰州市,2018-03-21,141,轻度污染,356,61,214.5,46.0,13,0.89,67
兰州市,2018-03-22,97,良,276,43,141.0,64.0,22,1.33,46
兰州市,2018-03-23,76,良,132,34,101.0,53.0,17,0.92,59
兰州市,2018-03-24,78,良,159,32,103.0,55.0,18,1.03,66
兰州市,2018-03-25,89,良,211,44,123.0,59.0,22,1.13,75
兰州市,2018-03-26,141,轻度污染,335,61,214.5,70.0,24,1.35,53
兰州市,2018-03-27,123,轻度污染,319,58,195.0,70.0,28,1.52,60
兰州市,2018-03-28,103,轻度污染,276,52,154.0,67.0,31,1.33,66
兰州市,2018-03-29,118,轻度污染,299,44,183.0,55.0,16,1.09,68
兰州市,2018-03-30,141,轻度污染,342,68,214.5,25.0,7,0.54,73
兰州市,2018-03-31,141,轻度污染,336,63,214.5,37.0,12,0.88,57
兰州市,2018-04-01,123,轻度污染,292,56,194.0,58.0,16,1.19,61
兰州市,2018-04-02,109,轻度污染,272,52,163.0,63.0,24,1.4,83
兰州市,2018-04-03,141,轻度污染,347,66,214.5,25.0,9,0.54,74
兰州市,2018-04-04,141,轻度污染,358,91,214.5,38.0,16,0.66,59
兰州市,2018-04-05,141,轻度污染,347,78,214.5,14.0,5,0.58,83
兰州市,2018-04-05,141,轻度污染,347,78,214.5,14.0,5,0.58,83
兰州市,2018-04-06,141,轻度污染,353,50,214.5,23.0,7,0.6,79
兰州市,2018-04-07,97,良,331,43,142.0,60.0,20,1.21,56
兰州市,2018-04-08,103,轻度污染,342,48,149.0,69.0,25,1.42,59
兰州市,2018-04-09,141,轻度污染,344,74,214.5,53.0,23,1.2,66
兰州市,2018-04-10,141,轻度污染,355,91,214.5,45.0,11,0.82,52
兰州市,2018-04-11,141,轻度污染,324,64,214.5,58.0,22,1.11,56
兰州市,2018-04-12,118,轻度污染,343,64,182.0,54.0,10,0.89,44
兰州市,2018-04-13,94,良,342,44,137.0,19.0,5,0.4,82
兰州市,2018-04-14,93,良,299,47,133.0,42.0,7,0.74,77
兰州市,2018-04-15,92,良,257,52,124.0,61.0,15,1.0,69
兰州市,2018-04-16,97,良,238,48,120.0,69.0,16,1.19,73
兰州市,2018-04-17,101,轻度污染,242,46,129.0,78.0,26,1.28,81
兰州市,2018-04-18,99,良,235,47,142.0,63.0,24,1.08,85
兰州市,2018-04-19,83,良,161,49,102.0,35.0,7,0.63,108
兰州市,2018-04-20,105,轻度污染,294,64,148.0,37.0,5,0.7,102
兰州市,2018-04-21,89,良,330,45,127.0,55.0,11,0.8,60
兰州市,2018-04-22,78,良,334,36,104.0,44.0,15,0.79,69
兰州市,2018-04-23,58,良,243,33,70.0,19.0,4,0.51,71
兰州市,2018-04-24,41,优,85,23,35.0,27.0,5,0.52,74
兰州市,2018-04-25,64,良,156,40,75.0,46.0,12,0.66,64
兰州市,2018-04-26,74,良,180,35,96.0,39.0,12,0.63,76
兰州市,2018-04-27,83,良,224,43,109.0,49.0,15,0.84,78
兰州市,2018-04-28,85,良,204,40,104.0,56.0,11,0.8,77
兰州市,2018-04-29,85,良,193,39,117.0,49.0,9,0.83,76
兰州市,2018-04-30,57,良,128,28,54.0,23.0,4,0.45,96
兰州市,2018-05-01,75,良,239,37,97.0,33.0,10,0.51,82
兰州市,2018-05-02,94,良,337,39,136.0,45.0,12,0.69,86
兰州市,2018-05-03,87,良,340,38,116.0,50.0,12,0.78,86
兰州市,2018-05-04,114,轻度污染,352,51,166.0,28.0,5,0.64,91
兰州市,2018-05-05,73,良,254,31,84.0,19.0,4,0.36,106
兰州市,2018-05-06,59,良,197,27,59.0,37.0,5,0.64,84
兰州市,2018-05-07,77,良,290,28,74.0,40.0,9,0.7,115
兰州市,2018-05-08,60,良,160,26,65.0,33.0,4,0.55,78
兰州市,2018-05-09,87,良,274,41,120.0,23.0,4,0.56,75
兰州市,2018-05-10,44,优,47,25,44.0,27.0,4,0.6,65
兰州市,2018-05-11,76,良,273,35,80.0,43.0,10,0.73,91
兰州市,2018-05-12,94,良,308,43,132.0,54.0,16,0.87,93
兰州市,2018-05-13,122,轻度污染,352,55,182.0,65.0,21,1.09,71
兰州市,2018-05-14,93,良,282,42,113.0,50.0,14,0.88,94
兰州市,2018-05-15,91,良,300,44,129.0,37.0,10,0.7,87
兰州市,2018-05-16,141,轻度污染,361,75,214.5,24.0,6,0.43,79
兰州市,2018-05-17,97,良,347,46,142.0,31.0,10,0.52,73
兰州市,2018-05-18,126,轻度污染,361,55,174.0,30.0,9,0.58,97
兰州市,2018-05-19,108,轻度污染,356,63,150.0,23.0,5,0.51,97
兰州市,2018-05-20,65,良,303,32,77.0,38.0,10,0.6,71
兰州市,2018-05-21,70,良,326,38,89.0,27.0,6,0.46,86
兰州市,2018-05-22,60,良,241,22,59.0,33.0,11,0.58,92
兰州市,2018-05-23,67,良,154,23,73.0,43.0,12,0.65,84
兰州市,2018-05-24,66,良,138,28,76.0,38.0,10,0.65,76
兰州市,2018-05-25,141,轻度污染,349,58,214.5,28.0,13,0.58,98
兰州市,2018-05-26,141,轻度污染,309,68,214.5,27.0,6,0.56,116
兰州市,2018-05-27,124,轻度污染,342,57,195.0,54.0,15,0.82,74
兰州市,2018-05-28,100,良,270,41,136.0,58.0,22,0.84,84
兰州市,2018-05-29,79,良,201,30,100.0,52.0,16,0.58,72
兰州市,2018-05-30,86,良,263,31,95.0,51.0,20,0.66,91
兰州市,2018-05-31,67,良,197,25,82.0,35.0,8,0.49,91
兰州市,2018-06-01,73,良,191,31,79.0,34.0,8,0.6,112
兰州市,2018-06-02,92,良,265,35,130.0,37.0,14,0.95,90
兰州市,2018-06-03,71,良,170,34,82.0,20.0,5,0.5,100
兰州市,2018-06-04,63,良,158,26,69.0,47.0,13,0.89,70
兰州市,2018-06-05,97,良,298,34,95.0,61.0,21,1.0,99
兰州市,2018-06-06,86,良,242,39,110.0,46.0,13,0.74,66
兰州市,2018-06-07,68,良,182,37,83.0,44.0,14,0.64,67
兰州市,2018-06-08,57,良,191,24,45.0,30.0,8,0.59,87
兰州市,2018-06-09,75,良,334,23,54.0,38.0,16,0.77,104
兰州市,2018-06-10,78,良,328,24,62.0,40.0,14,0.65,109
兰州市,2018-06-11,91,良,304,27,72.0,47.0,16,0.78,112
兰州市,2018-06-12,102,轻度污染,325,31,95.0,48.0,22,0.81,115
兰州市,2018-06-13,78,良,261,27,82.0,41.0,10,0.64,105
兰州市,2018-06-14,97,良,324,29,89.0,50.0,19,0.68,113
兰州市,2018-06-15,61,良,171,27,60.0,25.0,6,0.61,99
兰州市,2018-06-16,65,良,206,28,63.0,32.0,10,0.69,98
兰州市,2018-06-17,82,良,277,38,104.0,62.0,24,1.11,75
兰州市,2018-06-18,72,良,246,36,75.0,55.0,13,0.96,81
兰州市,2018-06-19,71,良,305,35,77.0,51.0,14,0.98,82
兰州市,2018-06-20,92,良,325,29,70.0,45.0,12,0.79,110
兰州市,2018-06-21,65,良,226,27,59.0,36.0,9,0.77,101
兰州市,2018-06-22,89,良,306,32,87.0,49.0,15,0.75,105
兰州市,2018-06-23,75,良,253,26,71.0,35.0,9,0.52,111
兰州市,2018-06-24,75,良,250,31,92.0,18.0,7,0.5,102
兰州市,2018-06-25,55,良,204,30,60.0,41.0,10,0.86,83
兰州市,2018-06-26,64,良,284,27,66.0,39.0,10,0.73,77
兰州市,2018-06-27,50,优,205,18,45.0,28.0,8,0.58,73
兰州市,2018-06-28,57,良,251,19,45.0,31.0,8,0.65,91
兰州市,2018-06-29,64,良,227,22,62.0,34.0,11,0.63,88
兰州市,2018-06-30,64,良,239,20,55.0,37.0,10,0.74,86
兰州市,2018-07-01,45,优,159,21,41.0,26.0,6,0.58,69
兰州市,2018-07-02,43,优,140,21,40.0,32.0,5,0.65,70
兰州市,2018-07-03,53,良,217,30,54.0,44.0,13,0.88,52
兰州市,2018-07-04,52,良,194,19,38.0,32.0,9,0.77,88
兰州市,2018-07-05,61,良,273,24,60.0,44.0,11,0.9,65
兰州市,2018-07-06,54,良,255,23,52.0,34.0,10,0.79,75
兰州市,2018-07-07,55,良,277,28,58.0,40.0,11,0.87,64
兰州市,2018-07-08,43,优,208,24,38.0,37.0,8,0.69,56
兰州市,2018-07-09,75,良,350,28,45.0,33.0,8,0.71,102
兰州市,2018-07-10,45,优,205,19,44.0,39.0,8,0.78,46
兰州市,2018-07-11,73,良,333,29,68.0,40.0,9,0.76,90
兰州市,2018-07-12,88,良,350,34,87.0,46.0,20,0.8,98
兰州市,2018-07-13,87,良,361,26,82.0,43.0,15,0.79,91
兰州市,2018-07-14,52,良,238,20,53.0,29.0,17,0.54,61
兰州市,2018-07-15,141,轻度污染,362,73,214.5,25.0,7,0.55,91
兰州市,2018-07-16,93,良,356,37,96.0,48.0,8,0.81,97
兰州市,2018-07-17,73,良,330,27,86.0,46.0,11,0.71,71
兰州市,2018-07-18,44,优,151,19,43.0,22.0,6,0.56,62
兰州市,2018-07-19,65,良,293,27,50.0,25.0,8,0.66,100
兰州市,2018-07-20,48,优,155,24,40.0,26.0,5,0.52,74
兰州市,2018-07-21,61,良,213,22,52.0,41.0,7,0.9,84
兰州市,2018-07-22,79,良,326,28,69.0,45.0,11,0.84,85
兰州市,2018-07-23,47,优,140,19,35.0,33.0,6,0.58,87
兰州市,2018-07-24,85,良,346,32,68.0,50.0,7,0.88,98
兰州市,2018-07-25,83,良,329,27,79.0,47.0,11,0.87,90
兰州市,2018-07-26,63,良,257,30,69.0,31.0,6,0.67,76
兰州市,2018-07-27,60,良,270,31,65.0,29.0,5,0.63,72
兰州市,2018-07-28,48,优,154,20,45.0,22.0,4,0.58,71
兰州市,2018-07-29,67,良,247,27,81.0,19.0,5,0.61,77
兰州市,2018-07-30,54,良,183,20,53.0,23.0,4,0.6,77
兰州市,2018-07-31,52,良,186,21,48.0,28.0,5,0.7,83
兰州市,2018-08-01,51,良,191,18,49.0,29.0,4,0.61,66
兰州市,2018-08-02,39,优,99,19,38.0,28.0,5,0.6,46
兰州市,2018-08-03,31,优,44,15,30.0,24.0,4,0.64,37
兰州市,2018-08-04,60,良,263,27,58.0,37.0,5,0.88,81
兰州市,2018-08-05,90,良,349,31,80.0,41.0,9,0.83,116
兰州市,2018-08-06,73,良,305,32,92.0,22.0,7,0.55,87
兰州市,2018-08-07,42,优,112,20,38.0,23.0,9,0.62,76
兰州市,2018-08-08,50,优,169,20,38.0,29.0,4,0.9,88
兰州市,2018-08-09,69,良,274,23,54.0,33.0,7,0.78,94
兰州市,2018-08-10,60,良,182,24,44.0,29.0,4,0.65,96
兰州市,2018-08-11,74,良,261,29,68.0,38.0,10,0.89,93
兰州市,2018-08-12,65,良,253,31,77.0,48.0,12,0.88,63
兰州市,2018-08-13,62,良,276,30,51.0,32.0,5,0.72,97
兰州市,2018-08-14,56,良,273,27,54.0,30.0,8,0.79,74
兰州市,2018-08-15,54,良,268,28,59.0,25.0,4,0.64,72
兰州市,2018-08-16,50,优,263,21,51.0,25.0,7,0.56,79
兰州市,2018-08-17,58,良,280,22,58.0,32.0,11,0.69,86
兰州市,2018-08-18,77,良,351,34,81.0,38.0,20,0.83,99
兰州市,2018-08-19,91,良,365,39,86.0,42.0,14,1.01,104
兰州市,2018-08-20,63,良,294,28,71.0,33.0,12,0.77,78
兰州市,2018-08-21,45,优,108,20,29.0,22.0,5,0.68,93
兰州市,2018-08-22,70,良,313,25,52.0,35.0,6,0.76,99
兰州市,2018-08-23,87,良,344,28,66.0,41.0,10,0.71,105
兰州市,2018-08-25,49,优,104,26,49.0,28.0,7,0.71,88
兰州市,2018-08-27,52,良,167,31,52.0,28.0,4,0.8,78
兰州市,2018-08-29,68,良,276,39,80.0,26.0,5,0.87,88
兰州市,2018-08-31,53,良,257,35,53.0,30.0,6,0.98,54
兰州市,2018-09-02,41,优,172,18,40.0,28.0,8,0.64,63
兰州市,2018-09-03,70,良,309,27,61.0,37.0,7,0.67,101
兰州市,2018-09-04,46,优,178,20,46.0,42.0,8,0.66,39
兰州市,2018-09-05,43,优,139,23,43.0,41.0,7,0.7,57
兰州市,2018-09-06,54,良,200,21,57.0,34.0,10,0.49,48
兰州市,2018-09-07,55,良,303,21,60.0,36.0,10,0.52,42
兰州市,2018-09-08,58,良,299,19,64.0,39.0,11,0.82,48
兰州市,2018-09-09,45,优,118,20,44.0,28.0,5,0.51,53
兰州市,2018-09-10,56,良,231,27,59.0,40.0,8,0.84,50
兰州市,2018-09-11,53,良,185,24,55.0,35.0,6,0.64,51
兰州市,2018-09-12,65,良,275,23,55.0,38.0,15,0.59,78
兰州市,2018-09-13,44,优,156,21,41.0,34.0,9,0.55,66
兰州市,2018-09-14,56,良,243,24,62.0,32.0,8,0.53,48
兰州市,2018-09-15,30,优,48,16,24.0,22.0,6,0.51,55
兰州市,2018-09-16,40,优,186,22,36.0,28.0,6,0.56,51
兰州市,2018-09-17,34,优,142,16,33.0,30.0,6,0.54,44
兰州市,2018-09-18,32,优,119,18,31.0,31.0,6,0.77,39
兰州市,2018-09-19,47,优,218,21,42.0,41.0,6,0.81,64
兰州市,2018-09-20,62,良,303,27,65.0,46.0,15,0.92,58
兰州市,2018-09-21,65,良,304,28,75.0,42.0,13,0.73,60
兰州市,2018-09-22,78,良,337,28,82.0,48.0,13,0.79,71
兰州市,2018-09-23,62,良,266,25,68.0,43.0,16,0.68,54
兰州市,2018-09-24,43,优,158,17,41.0,28.0,5,0.62,45
兰州市,2018-09-25,35,优,83,16,30.0,26.0,7,0.69,58
兰州市,2018-09-26,38,优,108,17,36.0,33.0,7,0.69,53
兰州市,2018-09-27,50,优,222,24,54.0,26.0,6,0.44,57
兰州市,2018-09-28,65,良,296,28,77.0,43.0,9,0.82,40
兰州市,2018-09-29,70,良,293,30,81.0,52.0,15,0.85,56
兰州市,2018-09-30,63,良,248,27,77.0,45.0,20,0.84,42
兰州市,2018-10-01,56,良,235,25,59.0,39.0,8,0.72,57
兰州市,2018-10-02,60,良,217,26,66.0,46.0,16,0.72,58
兰州市,2018-10-03,63,良,172,33,74.0,50.0,19,0.84,58
兰州市,2018-10-04,61,良,150,30,68.0,49.0,15,0.71,55
兰州市,2018-10-05,56,良,133,23,61.0,32.0,9,0.48,48
兰州市,2018-10-06,58,良,139,20,64.0,22.0,11,0.43,66
兰州市,2018-10-07,58,良,159,26,64.0,33.0,11,0.65,59
兰州市,2018-10-08,45,优,93,24,45.0,32.0,9,0.49,63
兰州市,2018-10-09,64,良,235,26,77.0,46.0,17,0.73,40
兰州市,2018-10-10,67,良,311,29,82.0,54.0,20,0.91,46
兰州市,2018-10-11,70,良,325,32,86.0,61.0,18,0.92,53
兰州市,2018-10-12,64,良,238,35,77.0,47.0,11,0.8,44
兰州市,2018-10-13,59,良,170,35,66.0,47.0,10,0.77,23
兰州市,2018-10-14,58,良,208,36,64.0,44.0,13,0.86,44
兰州市,2018-10-15,64,良,261,38,74.0,52.0,19,0.97,49
兰州市,2018-10-16,59,良,228,32,68.0,45.0,13,0.85,42
兰州市,2018-10-17,45,优,141,24,45.0,38.0,7,0.79,32
兰州市,2018-10-18,46,优,150,25,46.0,34.0,7,0.72,32
兰州市,2018-10-19,28,优,20,17,24.0,25.0,4,0.59,45
兰州市,2018-10-20,45,优,121,28,45.0,37.0,8,0.86,24
兰州市,2018-10-21,67,良,243,36,88.0,32.0,7,0.79,32
兰州市,2018-10-22,117,轻度污染,347,55,182.0,33.0,10,0.46,49
兰州市,2018-10-23,104,轻度污染,355,54,157.0,56.0,14,0.97,34
兰州市,2018-10-24,80,良,257,44,107.0,44.0,11,0.85,31
兰州市,2018-10-25,69,良,212,25,86.0,37.0,11,0.52,53
兰州市,2018-10-26,81,良,321,37,111.0,57.0,15,0.85,41
兰州市,2018-10-27,81,良,339,43,109.0,64.0,21,0.99,43
兰州市,2018-10-28,73,良,308,38,90.0,63.0,23,0.95,61
兰州市,2018-10-29,78,良,335,41,103.0,65.0,24,1.02,37
兰州市,2018-10-30,79,良,326,39,107.0,65.0,27,1.02,44
兰州市,2018-10-31,83,良,304,43,115.0,78.0,28,1.35,36
兰州市,2018-11-01,85,良,297,50,119.0,80.0,26,1.54,28
兰州市,2018-11-02,73,良,238,47,94.0,51.0,19,1.13,40
兰州市,2018-11-03,57,良,148,23,64.0,19.0,13,0.33,63
兰州市,2018-11-04,38,优,65,24,37.0,26.0,8,0.58,45
兰州市,2018-11-05,41,优,105,26,38.0,36.0,6,0.69,40
兰州市,2018-11-06,50,优,260,34,48.0,38.0,8,0.76,36
兰州市,2018-11-07,50,优,225,34,51.0,39.0,7,0.83,45
兰州市,2018-11-08,73,良,311,48,91.0,63.0,15,1.53,41
兰州市,2018-11-09,79,良,305,52,104.0,62.0,25,1.53,39
兰州市,2018-11-10,61,良,185,29,70.0,35.0,12,0.71,60
兰州市,2018-11-11,93,良,328,65,129.0,71.0,23,1.72,33
兰州市,2018-11-12,106,轻度污染,306,79,146.0,82.0,25,2.13,36
兰州市,2018-11-13,105,轻度污染,285,78,140.0,85.0,22,1.74,32
兰州市,2018-11-14,82,良,254,36,111.0,32.0,9,0.57,47
兰州市,2018-11-15,48,优,151,23,49.0,27.0,20,0.45,48
兰州市,2018-11-16,51,良,262,26,52.0,33.0,15,0.58,39
兰州市,2018-11-17,61,良,283,40,66.0,45.0,18,0.95,31
兰州市,2018-11-18,67,良,266,45,80.0,51.0,20,1.21,30
兰州市,2018-11-19,78,良,275,53,103.0,60.0,27,1.52,28
兰州市,2018-11-20,65,良,219,38,78.0,42.0,23,0.89,42
兰州市,2018-11-21,62,良,238,30,73.0,45.0,17,0.84,47
兰州市,2018-11-22,89,良,301,59,124.0,73.0,33,1.66,30
兰州市,2018-11-23,84,良,259,56,116.0,71.0,29,1.9,28
兰州市,2018-11-24,85,良,219,57,115.0,69.0,38,1.77,28
兰州市,2018-11-25,103,轻度污染,219,74,140.0,83.0,32,2.18,28
兰州市,2018-11-26,141,轻度污染,364,91,214.5,37.0,14,0.58,36
兰州市,2018-11-27,141,轻度污染,366,91,214.5,55.0,24,1.41,22
兰州市,2018-11-28,141,轻度污染,353,91,214.5,81.0,33,2.09,26
兰州市,2018-11-29,141,轻度污染,270,80,214.5,82.0,36,2.06,27
兰州市,2018-11-30,99,良,210,54,145.0,65.0,29,1.67,27
兰州市,2018-12-01,90,良,191,56,126.0,71.0,28,1.8,33
兰州市,2018-12-02,141,轻度污染,340,75,214.5,35.0,15,0.82,40
兰州市,2018-12-03,141,轻度污染,296,62,214.5,30.0,14,0.69,40
兰州市,2018-12-04,108,轻度污染,296,44,164.0,37.0,14,0.83,40
兰州市,2018-12-05,100,良,319,42,148.0,38.0,16,0.88,36
兰州市,2018-12-06,70,良,289,26,88.0,23.0,11,0.59,48
兰州市,2018-12-07,61,良,313,29,71.0,34.0,18,0.78,32
兰州市,2018-12-08,61,良,292,29,70.0,32.0,27,0.88,25
兰州市,2018-12-09,73,良,274,48,89.0,39.0,16,1.31,19
兰州市,2018-12-10,70,良,224,45,86.0,31.0,18,0.89,40
兰州市,2018-12-11,89,良,272,42,125.0,44.0,17,0.97,35
兰州市,2018-12-12,99,良,257,66,143.0,62.0,26,1.86,22
兰州市,2018-12-13,101,轻度污染,231,74,144.0,65.0,35,1.92,21
兰州市,2018-12-14,85,良,196,61,112.0,47.0,26,1.54,22
兰州市,2018-12-15,80,良,198,56,104.0,55.0,25,1.62,21
兰州市,2018-12-16,94,良,210,68,122.0,65.0,33,2.05,23
兰州市,2018-12-17,105,轻度污染,263,77,141.0,80.0,38,2.53,28
兰州市,2018-12-18,109,轻度污染,272,82,145.0,86.0,38,2.81,21
兰州市,2018-12-19,99,良,223,72,131.0,81.0,38,2.49,24
兰州市,2018-12-20,79,良,178,50,100.0,56.0,25,1.53,34
兰州市,2018-12-21,65,良,138,31,78.0,59.0,38,1.25,28
兰州市,2018-12-28,65,良,304,27,77.0,27.0,20,0.77,35
兰州市,2018-12-29,75,良,316,48,91.0,46.0,25,1.33,26
兰州市,2018-12-30,94,良,331,69,106.0,50.0,21,1.75,24
兰州市,2018-12-31,89,良,286,65,100.0,48.0,26,1.35,32
兰州市,2019-01-01,111,轻度污染,288,82,118.0,64.0,22,2.14,31
兰州市,2019-01-02,126,轻度污染,267,91,137.0,73.0,26,2.61,24
兰州市,2019-01-03,73,良,141,52,81.0,49.0,31,1.43,29
兰州市,2019-01-04,74,良,189,52,91.0,57.0,29,1.32,32
兰州市,2019-01-05,93,良,254,68,115.0,70.0,36,2.08,24
兰州市,2019-01-06,84,良,192,59,100.0,51.0,26,1.53,35
兰州市,2019-01-07,62,良,138,31,71.0,39.0,23,0.84,45
兰州市,2019-01-08,68,良,174,39,83.0,45.0,22,1.19,36
兰州市,2019-01-09,79,良,262,55,100.0,51.0,26,1.53,30
兰州市,2019-01-10,70,良,188,40,88.0,41.0,18,0.95,42
兰州市,2019-01-11,105,轻度污染,226,77,137.0,73.0,31,2.3,26
兰州市,2019-01-12,93,良,202,58,133.0,73.0,32,1.79,34
兰州市,2019-01-13,88,良,161,61,120.0,80.0,37,2.13,30
兰州市,2019-01-14,62,良,94,35,72.0,45.0,20,1.02,42
兰州市,2019-01-15,49,优,97,21,49.0,35.0,14,0.67,48
兰州市,2019-01-16,62,良,174,37,71.0,49.0,25,1.3,29
兰州市,2019-01-17,70,良,148,46,87.0,54.0,27,1.57,32
兰州市,2019-01-18,56,良,88,26,61.0,35.0,18,0.69,49
兰州市,2019-01-19,63,良,112,34,74.0,46.0,23,1.05,34
兰州市,2019-01-20,52,良,121,27,54.0,34.0,20,0.76,41
兰州市,2019-01-21,74,良,200,52,82.0,58.0,20,1.33,34
兰州市,2019-01-22,81,良,171,58,98.0,72.0,25,2.04,33
兰州市,2019-01-23,76,良,140,54,96.0,71.0,30,2.06,30
兰州市,2019-01-24,67,良,94,44,82.0,55.0,22,1.24,33
兰州市,2019-01-25,67,良,130,42,82.0,59.0,21,1.25,38
兰州市,2019-01-26,66,良,147,38,81.0,47.0,24,1.2,44
兰州市,2019-01-27,50,优,56,23,52.0,30.0,16,0.59,58
兰州市,2019-01-28,57,良,94,30,62.0,43.0,38,0.94,37
兰州市,2019-01-29,54,良,80,29,57.0,45.0,26,1.04,38
兰州市,2019-01-30,59,良,112,25,65.0,24.0,14,0.64,53
兰州市,2019-01-31,68,良,264,30,84.0,32.0,10,0.67,49
兰州市,2019-02-01,86,良,247,53,121.0,63.0,20,1.75,38
兰州市,2019-02-02,77,良,162,29,102.0,34.0,20,0.69,51
兰州市,2019-02-03,62,良,105,25,71.0,31.0,15,0.74,53
兰州市,2019-02-04,69,良,151,38,86.0,45.0,25,1.21,51
兰州市,2019-02-05,67,良,90,40,82.0,40.0,32,1.3,52
兰州市,2019-02-06,50,优,92,24,51.0,30.0,20,0.81,57
兰州市,2019-02-07,63,良,200,23,75.0,25.0,21,0.66,58
兰州市,2019-02-08,88,良,332,31,125.0,17.0,18,0.52,61
兰州市,2019-02-09,63,良,244,24,74.0,18.0,14,0.56,56
兰州市,2019-02-10,68,良,243,30,83.0,24.0,15,0.71,52
兰州市,2019-02-11,73,良,225,38,93.0,39.0,21,1.08,47
兰州市,2019-02-12,77,良,253,37,101.0,45.0,20,1.08,51
兰州市,2019-02-13,99,良,292,45,132.0,51.0,23,1.34,48
兰州市,2019-02-14,120,轻度污染,333,35,174.0,19.0,8,0.43,64
兰州市,2019-02-15,80,良,275,31,108.0,30.0,17,0.77,50
兰州市,2019-02-16,66,良,241,31,80.0,26.0,27,0.73,55
兰州市,2019-02-17,58,良,229,31,64.0,25.0,29,0.72,57
兰州市,2019-02-18,61,良,216,37,70.0,31.0,15,0.9,62
兰州市,2019-02-19,82,良,222,55,108.0,53.0,22,1.23,46
兰州市,2019-02-20,65,良,132,39,77.0,39.0,13,1.08,46
兰州市,2019-02-21,59,良,130,34,66.0,38.0,14,0.99,63
兰州市,2019-02-22,66,良,161,45,79.0,46.0,15,1.21,43
兰州市,2019-02-23,65,良,150,42,78.0,47.0,15,1.14,43
兰州市,2019-02-24,57,良,129,38,62.0,28.0,13,0.76,67
兰州市,2019-02-25,62,良,156,38,72.0,30.0,12,0.75,58
兰州市,2019-02-26,70,良,168,43,88.0,33.0,15,0.82,54
兰州市,2019-02-27,57,良,149,37,60.0,42.0,8,0.95,46
兰州市,2019-02-28,56,良,122,38,60.0,47.0,10,1.18,38
兰州市,2019-03-01,53,良,117,34,54.0,48.0,8,1.08,31
兰州市,2019-03-02,60,良,164,39,68.0,46.0,11,1.23,46
兰州市,2019-03-03,66,良,175,43,79.0,59.0,13,1.33,50
兰州市,2019-03-04,64,良,152,37,76.0,48.0,17,1.02,54
兰州市,2019-03-05,63,良,168,37,73.0,45.0,19,0.85,71
兰州市,2019-03-06,65,良,207,40,77.0,56.0,14,1.08,57
兰州市,2019-03-07,52,良,131,31,53.0,38.0,8,0.87,61
兰州市,2019-03-08,52,良,117,27,57.0,33.0,10,0.83,61
兰州市,2019-03-09,61,良,159,34,70.0,33.0,10,0.73,70
兰州市,2019-03-10,63,良,171,27,74.0,29.0,9,0.53,77
兰州市,2019-03-11,58,良,134,22,64.0,31.0,14,0.57,69
兰州市,2019-03-12,67,良,189,29,83.0,49.0,17,0.96,61
兰州市,2019-03-13,56,良,121,24,61.0,34.0,20,0.61,65
兰州市,2019-03-14,64,良,228,34,76.0,50.0,16,1.14,56
兰州市,2019-03-15,67,良,272,33,81.0,59.0,18,0.96,61
兰州市,2019-03-16,69,良,241,34,85.0,51.0,16,0.94,58
兰州市,2019-03-17,61,良,157,32,70.0,38.0,15,0.76,69
兰州市,2019-03-18,70,良,217,38,86.0,51.0,15,0.93,68
兰州市,2019-03-19,69,良,183,31,85.0,41.0,18,0.81,66
兰州市,2019-03-20,93,良,301,33,133.0,21.0,8,0.38,76
兰州市,2019-03-21,84,良,297,30,116.0,26.0,11,0.48,70
兰州市,2019-03-22,71,良,327,28,89.0,35.0,18,0.56,60
兰州市,2019-03-23,73,良,319,33,94.0,52.0,13,0.78,63
兰州市,2019-03-24,76,良,260,33,99.0,40.0,12,0.68,74
兰州市,2019-03-25,80,良,281,36,109.0,51.0,17,0.85,72
兰州市,2019-03-26,86,良,282,39,119.0,48.0,22,0.8,66
兰州市,2019-03-27,113,轻度污染,338,46,175.0,46.0,13,0.81,62
兰州市,2019-03-28,141,轻度污染,356,55,214.5,40.0,10,0.62,64
兰州市,2019-03-29,84,良,296,29,116.0,26.0,10,0.5,71
兰州市,2019-03-30,81,良,283,31,109.0,39.0,11,0.65,67
兰州市,2019-03-31,73,良,316,32,92.0,52.0,18,0.87,67
兰州市,2019-04-01,87,良,335,36,121.0,53.0,19,0.85,70
兰州市,2019-04-02,63,良,239,24,72.0,39.0,11,0.57,87
兰州市,2019-04-03,73,良,262,32,89.0,56.0,16,0.72,73
兰州市,2019-04-04,68,良,212,28,81.0,40.0,10,0.63,91
兰州市,2019-04-05,76,良,224,31,95.0,57.0,19,0.88,65
兰州市,2019-04-06,108,轻度污染,310,42,164.0,48.0,17,0.78,67
兰州市,2019-04-07,97,良,297,38,141.0,42.0,15,0.81,74
兰州市,2019-04-08,68,良,202,28,84.0,24.0,7,0.56,87
兰州市,2019-04-09,43,优,96,18,40.0,21.0,9,0.5,77
兰州市,2019-04-10,48,优,154,16,46.0,17.0,11,0.44,89
兰州市,2019-04-11,56,良,228,19,59.0,33.0,14,0.47,76
兰州市,2019-04-12,54,良,148,21,55.0,25.0,6,0.53,90
兰州市,2019-04-13,48,优,106,22,46.0,24.0,6,0.44,73
兰州市,2019-04-14,56,良,179,24,58.0,39.0,8,0.65,68
兰州市,2019-04-15,59,良,164,25,67.0,49.0,12,0.6,53
兰州市,2019-04-16,73,良,260,31,81.0,62.0,12,1.02,68
兰州市,2019-04-17,91,良,290,30,90.0,66.0,15,0.95,84
兰州市,2019-04-18,61,良,147,23,68.0,43.0,10,0.78,65
兰州市,2019-04-19,87,良,302,37,123.0,39.0,11,0.63,64
兰州市,2019-04-20,73,良,264,35,92.0,27.0,5,0.5,76
兰州市,2019-04-21,74,良,259,30,83.0,50.0,14,0.86,71
兰州市,2019-04-22,74,良,257,27,80.0,49.0,9,0.67,78
兰州市,2019-04-23,77,良,290,27,70.0,55.0,13,0.7,87
兰州市,2019-04-24,101,轻度污染,314,36,142.0,26.0,5,0.44,79
兰州市,2019-04-25,74,良,289,31,94.0,38.0,15,0.56,82
兰州市,2019-04-26,87,良,331,37,122.0,45.0,9,0.62,76
兰州市,2019-04-27,68,良,309,37,84.0,19.0,6,0.48,93
兰州市,2019-04-28,58,良,226,29,62.0,29.0,8,0.5,82
兰州市,2019-04-29,52,良,204,23,55.0,24.0,9,0.46,66
兰州市,2019-04-30,42,优,102,17,39.0,27.0,5,0.52,68
兰州市,2019-05-01,58,良,167,25,65.0,36.0,6,0.55,61
兰州市,2019-05-02,57,良,120,23,62.0,38.0,7,0.58,57
兰州市,2019-05-03,47,优,50,18,41.0,24.0,8,0.64,84
兰州市,2019-05-04,57,良,117,22,56.0,40.0,8,0.62,70
兰州市,2019-05-05,46,优,104,18,36.0,19.0,4,0.52,81
兰州市,2019-05-06,41,优,98,14,29.0,23.0,4,0.55,84
兰州市,2019-05-07,43,优,83,13,26.0,24.0,5,0.65,82
兰州市,2019-05-08,40,优,78,15,30.0,17.0,7,0.42,81
兰州市,2019-05-09,40,优,68,16,37.0,31.0,5,0.51,63
兰州市,2019-05-10,47,优,69,19,43.0,32.0,8,0.54,70
兰州市,2019-05-11,48,优,42,19,42.0,30.0,5,0.5,76
兰州市,2019-05-12,141,轻度污染,362,91,214.5,18.0,4,0.42,78
兰州市,2019-05-13,141,轻度污染,353,91,214.5,39.0,7,0.64,55
兰州市,2019-05-14,69,良,186,28,81.0,30.0,5,0.53,83
兰州市,2019-05-15,121,轻度污染,328,49,168.0,33.0,4,0.53,71
兰州市,2019-05-16,79,良,267,32,106.0,34.0,6,0.7,73
兰州市,2019-05-17,63,良,239,25,75.0,35.0,10,0.74,72
兰州市,2019-05-18,88,良,336,36,123.0,20.0,5,0.5,83
兰州市,2019-05-19,86,良,316,36,120.0,16.0,5,0.42,88
兰州市,2019-05-20,69,良,265,25,84.0,39.0,7,0.58,61
兰州市,2019-05-21,66,良,188,23,76.0,42.0,12,0.67,67
兰州市,2019-05-22,66,良,168,21,71.0,45.0,13,0.66,72
兰州市,2019-05-23,61,良,113,23,68.0,49.0,15,0.7,68
兰州市,2019-05-24,61,良,119,20,61.0,45.0,9,0.59,71
兰州市,2019-05-25,87,良,272,37,122.0,40.0,11,0.61,63
兰州市,2019-05-26,75,良,308,28,99.0,21.0,6,0.36,81
兰州市,2019-05-27,47,优,181,17,37.0,18.0,4,0.53,84
兰州市,2019-05-28,52,良,210,22,53.0,30.0,7,0.66,66
兰州市,2019-05-29,55,良,194,20,52.0,36.0,10,0.49,71
兰州市,2019-05-30,56,良,219,16,47.0,34.0,7,0.53,91
兰州市,2019-05-31,61,良,238,25,72.0,49.0,14,0.8,56
兰州市,2019-06-01,62,良,206,26,71.0,40.0,9,0.72,64
兰州市,2019-06-02,57,良,149,19,56.0,33.0,7,0.51,86
兰州市,2019-06-03,55,良,139,16,47.0,32.0,8,0.48,90
兰州市,2019-06-04,51,良,107,21,55.0,35.0,8,0.5,63
兰州市,2019-06-05,45,优,117,18,42.0,32.0,8,0.57,71
兰州市,2019-06-06,51,良,207,18,48.0,33.0,10,0.51,75
兰州市,2019-06-07,56,良,193,21,57.0,31.0,17,0.49,72
兰州市,2019-06-08,54,良,193,20,53.0,29.0,18,0.5,78
兰州市,2019-06-09,52,良,198,17,47.0,31.0,7,0.47,80
兰州市,2019-06-10,52,良,188,19,47.0,35.0,9,0.59,75
兰州市,2019-06-11,44,优,143,19,43.0,29.0,5,0.44,66
兰州市,2019-06-14,55,良,262,34,61.0,20.0,4,0.38,70
兰州市,2019-06-15,45,优,181,21,48.0,24.0,6,0.48,77
兰州市,2019-06-17,58,良,295,22,60.0,52.0,15,0.86,71
兰州市,2019-06-18,49,优,268,21,54.0,52.0,13,0.69,55
兰州市,2019-06-19,36,优,180,15,31.0,30.0,7,0.58,88
兰州市,2019-06-20,38,优,234,13,33.0,32.0,12,0.7,62
兰州市,2019-06-25,45,优,154,16,46.0,27.0,7,0.58,78
兰州市,2019-06-26,38,优,102,13,35.0,23.0,5,0.45,64
兰州市,2019-06-27,39,优,101,10,23.0,22.0,4,0.52,75
兰州市,2019-06-28,47,优,178,13,36.0,35.0,5,0.6,76
兰州市,2019-06-29,61,良,292,22,70.0,52.0,15,0.75,44
兰州市,2019-06-30,51,良,226,17,51.0,38.0,10,0.55,58
兰州市,2019-07-01,64,良,265,22,63.0,42.0,11,0.7,70
兰州市,2019-07-02,53,良,165,18,54.0,38.0,8,0.57,60
兰州市,2019-07-03,54,良,181,20,50.0,35.0,11,0.63,69
兰州市,2019-07-04,57,良,210,16,41.0,36.0,8,0.62,87
兰州市,2019-07-05,74,良,270,25,95.0,39.0,10,0.63,74
兰州市,2019-07-06,71,良,318,22,84.0,38.0,8,0.64,74
兰州市,2019-07-07,55,良,219,17,56.0,23.0,4,0.46,88
兰州市,2019-07-12,58,良,294,18,41.0,42.0,7,0.66,113
兰州市,2019-07-13,73,良,325,20,49.0,41.0,14,0.77,124
兰州市,2019-07-14,50,优,246,20,55.0,43.0,9,0.7,78
兰州市,2019-07-15,37,优,137,17,32.0,38.0,5,0.66,84
兰州市,2019-07-16,49,优,254,17,46.0,47.0,7,0.89,83
兰州市,2019-07-17,55,良,300,19,50.0,47.0,10,0.97,88
兰州市,2019-07-18,50,优,275,20,54.0,49.0,9,0.68,64
兰州市,2019-07-19,33,优,143,12,24.0,28.0,5,0.5,93
兰州市,2019-07-20,54,良,300,14,43.0,46.0,8,0.8,82
兰州市,2019-07-21,37,优,136,13,36.0,43.0,6,0.58,59
兰州市,2019-07-22,58,良,286,17,56.0,41.0,7,0.79,88
兰州市,2019-07-23,62,良,338,21,68.0,45.0,15,0.85,83
兰州市,2019-07-24,49,优,265,18,53.0,36.0,5,0.59,76
兰州市,2019-07-25,52,良,285,17,52.0,52.0,11,0.86,56
兰州市,2019-07-26,55,良,290,16,58.0,43.0,11,0.72,77
兰州市,2019-08-06,58,良,306,16,49.0,38.0,7,0.78,81
兰州市,2019-08-07,66,良,329,21,60.0,40.0,10,0.77,78
兰州市,2019-08-08,48,优,208,17,45.0,23.0,5,0.45,80
兰州市,2019-08-09,49,优,231,15,41.0,31.0,6,0.61,76
兰州市,2019-08-10,57,良,301,17,47.0,38.0,9,0.74,79
兰州市,2019-08-11,66,良,340,18,56.0,39.0,12,0.82,82
兰州市,2019-08-21,38,优,124,16,38.0,31.0,6,0.57,51
兰州市,2019-08-22,39,优,119,19,40.0,23.0,23,0.6,64
兰州市,2019-08-23,34,优,111,15,34.0,32.0,8,0.71,51
兰州市,2019-08-24,36,优,115,15,37.0,46.0,6,0.72,47
兰州市,2019-08-25,48,优,192,15,49.0,38.0,8,0.89,56
兰州市,2019-08-26,34,优,128,13,28.0,27.0,5,0.63,83
兰州市,2019-08-27,54,良,303,18,53.0,42.0,9,0.88,77
兰州市,2019-08-28,43,优,240,20,39.0,34.0,10,0.76,66
兰州市,2019-09-01,52,良,284,22,54.0,40.0,14,0.8,68
兰州市,2019-09-02,42,优,196,17,41.0,30.0,6,0.67,61
兰州市,2019-09-03,33,优,125,15,33.0,23.0,5,0.59,55
兰州市,2019-09-04,48,优,229,22,50.0,32.0,7,0.83,61
兰州市,2019-09-05,49,优,228,21,49.0,34.0,8,0.7,62
兰州市,2019-09-06,48,优,212,19,49.0,33.0,8,0.77,56
兰州市,2019-09-07,58,良,237,24,67.0,33.0,11,0.74,69
兰州市,2019-09-08,62,良,208,29,77.0,28.0,13,0.81,70
兰州市,2019-09-09,30,优,92,12,23.0,16.0,8,0.48,91
兰州市,2019-09-10,45,优,211,19,46.0,43.0,8,0.8,50
兰州市,2019-09-11,52,良,284,21,48.0,41.0,11,0.85,71
兰州市,2019-09-12,28,优,87,12,27.0,23.0,8,0.56,49
兰州市,2019-09-13,32,优,132,16,32.0,28.0,14,0.54,49
兰州市,2019-09-14,42,优,224,19,43.0,32.0,9,0.66,56
兰州市,2019-09-15,44,优,239,19,46.0,42.0,7,0.69,52
兰州市,2019-09-16,57,良,313,25,66.0,46.0,15,1.13,37
兰州市,2019-09-17,33,优,92,16,32.0,32.0,6,0.63,57
兰州市,2019-09-18,34,优,123,16,33.0,30.0,6,0.49,58
兰州市,2019-09-19,45,优,205,23,48.0,40.0,8,0.82,38
兰州市,2019-09-20,56,良,259,29,62.0,46.0,9,0.6,58
兰州市,2019-09-21,67,良,316,31,85.0,59.0,16,0.95,42
兰州市,2019-09-22,63,良,303,29,77.0,59.0,17,0.88,51
兰州市,2019-09-23,59,良,252,27,69.0,52.0,20,0.92,48
兰州市,2019-09-24,59,良,195,30,69.0,52.0,16,0.88,50
兰州市,2019-09-25,63,良,198,31,77.0,63.0,18,1.17,55
兰州市,2019-09-26,68,良,253,33,87.0,64.0,17,1.08,47
兰州市,2019-09-27,68,良,247,33,87.0,66.0,18,1.09,44
兰州市,2019-09-28,65,良,182,31,81.0,57.0,21,0.9,53
兰州市,2019-09-29,63,良,179,27,77.0,56.0,14,1.01,53
兰州市,2019-09-30,59,良,158,28,70.0,43.0,10,0.82,47
兰州市,2019-10-01,55,良,146,30,61.0,36.0,8,0.73,64
兰州市,2019-10-02,42,优,107,20,42.0,30.0,7,0.68,50
兰州市,2019-10-03,54,良,157,21,59.0,29.0,12,0.58,47
兰州市,2019-10-04,43,优,172,22,46.0,23.0,5,0.6,51
兰州市,2019-10-05,46,优,276,25,48.0,33.0,8,0.73,26
兰州市,2019-10-06,29,优,101,17,28.0,19.0,9,0.52,49
兰州市,2019-10-07,47,优,227,26,49.0,36.0,12,1.2,30
兰州市,2019-10-08,49,优,233,27,52.0,43.0,9,0.68,27
兰州市,2019-10-09,51,良,207,25,54.0,42.0,11,0.82,28
兰州市,2019-10-10,60,良,271,29,71.0,55.0,12,0.95,26
兰州市,2019-10-11,69,良,288,36,89.0,65.0,19,1.13,17
兰州市,2019-10-12,61,良,270,31,73.0,49.0,19,0.83,48
兰州市,2019-10-13,63,良,303,33,75.0,57.0,18,0.93,25
兰州市,2019-10-14,55,良,298,30,61.0,40.0,12,0.75,43
兰州市,2019-10-15,42,优,213,24,41.0,27.0,17,0.64,38
兰州市,2019-10-16,42,优,170,26,44.0,39.0,6,0.7,46
兰州市,2019-10-17,69,良,286,40,88.0,67.0,14,1.1,38
兰州市,2019-10-18,77,良,288,44,103.0,64.0,19,1.57,29
兰州市,2019-10-19,66,良,214,33,83.0,35.0,11,0.7,39
兰州市,2019-10-20,81,良,260,35,112.0,53.0,14,0.95,38
兰州市,2019-10-21,76,良,254,40,102.0,57.0,20,1.08,21
兰州市,2019-10-22,63,良,181,40,76.0,60.0,22,1.07,35
兰州市,2019-10-23,64,良,208,40,78.0,44.0,14,0.88,34
兰州市,2019-10-24,49,优,146,25,57.0,28.0,5,0.61,42
兰州市,2019-10-25,61,良,269,36,72.0,40.0,10,1.03,27
兰州市,2019-10-26,63,良,304,34,76.0,55.0,12,1.04,28
兰州市,2019-10-27,74,良,283,44,97.0,59.0,19,1.35,22
兰州市,2019-10-28,92,良,251,56,132.0,77.0,27,1.84,31
兰州市,2019-10-29,90,良,271,56,130.0,72.0,28,1.78,23
兰州市,2019-10-30,96,良,235,52,142.0,76.0,28,1.76,18
兰州市,2019-10-31,87,良,232,49,123.0,65.0,38,1.5,13
兰州市,2019-10-31,87,良,232,49,123.0,65.0,38,1.5,13
兰州市,2019-11-01,73,良,200,44,95.0,61.0,21,1.4,24
兰州市,2019-11-02,85,良,244,51,120.0,75.0,27,1.81,26
兰州市,2019-11-03,87,良,308,53,125.0,77.0,27,1.82,26
兰州市,2019-11-04,76,良,272,47,102.0,67.0,20,1.49,22
兰州市,2019-11-05,74,良,239,50,81.0,63.0,22,1.6,7
兰州市,2019-11-06,67,良,196,48,75.0,57.0,9,1.13,21
兰州市,2019-11-07,76,良,260,50,99.0,68.0,16,1.52,21
兰州市,2019-11-08,64,良,203,39,77.0,53.0,14,1.2,26
兰州市,2019-11-09,58,良,116,32,68.0,35.0,14,0.63,56
兰州市,2019-11-10,77,良,215,46,103.0,71.0,23,1.62,17
兰州市,2019-11-11,81,良,270,50,111.0,71.0,29,1.44,29
兰州市,2019-11-12,61,良,152,31,74.0,49.0,21,0.87,33
兰州市,2019-11-13,62,良,217,31,79.0,52.0,14,1.06,37
兰州市,2019-11-14,102,轻度污染,358,55,155.0,81.0,25,2.08,26
兰州市,2019-11-15,97,良,335,60,144.0,84.0,38,1.7,20
兰州市,2019-11-16,96,良,295,53,144.0,65.0,35,1.38,31
兰州市,2019-11-17,131,轻度污染,312,55,186.0,31.0,7,0.52,53
兰州市,2019-11-18,99,良,309,58,148.0,69.0,27,1.23,15
兰州市,2019-11-19,117,轻度污染,333,79,183.0,88.0,28,1.8,16
兰州市,2019-11-20,83,良,273,52,115.0,72.0,20,1.34,25
兰州市,2019-11-21,96,良,308,66,141.0,76.0,21,1.78,13
兰州市,2019-11-22,72,良,219,46,93.0,46.0,18,1.19,29
兰州市,2019-11-23,70,良,192,33,90.0,48.0,23,0.84,31
兰州市,2019-11-24,54,良,194,30,60.0,33.0,16,0.72,45
兰州市,2019-11-25,73,良,329,47,93.0,58.0,20,1.4,18
兰州市,2019-11-26,63,良,258,40,75.0,44.0,14,1.15,28
兰州市,2019-11-27,71,良,283,38,91.0,43.0,17,0.98,42
兰州市,2019-11-28,70,良,291,47,87.0,48.0,17,1.31,23
兰州市,2019-11-29,65,良,235,36,80.0,32.0,13,0.76,37
兰州市,2019-11-30,53,良,158,28,57.0,32.0,9,0.61,47
兰州市,2019-12-01,58,良,215,40,62.0,47.0,11,0.86,38
兰州市,2019-12-02,79,良,289,57,98.0,60.0,16,1.47,27
兰州市,2019-12-03,107,轻度污染,328,80,134.0,74.0,22,1.83,24
兰州市,2019-12-04,112,轻度污染,330,84,148.0,83.0,36,2.15,17
兰州市,2019-12-05,128,轻度污染,352,91,168.0,90.5,32,2.5,16
兰州市,2019-12-06,128,轻度污染,343,91,173.0,90.5,38,2.75,20
兰州市,2019-12-07,107,轻度污染,263,77,145.0,85.0,38,2.33,17
兰州市,2019-12-08,132,轻度污染,285,91,178.0,90.5,38,2.68,18
兰州市,2019-12-09,132,轻度污染,283,91,182.0,90.5,38,2.96,24
兰州市,2019-12-10,117,轻度污染,261,88,164.0,87.0,38,2.85,21
兰州市,2019-12-11,109,轻度污染,253,80,154.0,90.0,38,2.56,18
兰州市,2019-12-12,111,轻度污染,308,82,154.0,88.0,38,2.34,17
兰州市,2019-12-13,116,轻度污染,278,86,162.0,90.5,38,2.71,18
兰州市,2019-12-14,120,轻度污染,284,91,159.0,90.5,38,2.37,22
兰州市,2019-12-15,101,轻度污染,289,75,129.0,68.0,38,1.79,20
兰州市,2019-12-16,60,良,146,35,71.0,34.0,18,0.73,53
兰州市,2019-12-17,45,优,89,26,46.0,29.0,23,0.65,63
兰州市,2019-12-18,61,良,246,37,70.0,54.0,20,1.22,37
兰州市,2019-12-19,58,良,205,36,68.0,51.0,26,1.26,44
兰州市,2019-12-20,95,良,295,69,125.0,84.0,34,1.99,22
兰州市,2019-12-21,108,轻度污染,283,80,148.0,90.5,38,2.67,20
兰州市,2019-12-22,91,良,254,65,126.0,84.0,38,2.5,18
兰州市,2019-12-23,105,轻度污染,267,77,148.0,87.0,38,3.0,16
兰州市,2019-12-24,91,良,249,57,129.0,67.0,33,1.9,20
兰州市,2019-12-25,63,良,183,30,75.0,32.0,14,0.78,43
兰州市,2019-12-26,72,良,255,37,95.0,59.0,29,1.65,21
兰州市,2019-12-27,96,良,284,66,134.0,75.0,38,2.6,15
兰州市,2019-12-28,96,良,255,69,137.0,90.5,38,2.88,19
兰州市,2019-12-29,69,良,130,42,89.0,62.0,38,1.83,21
兰州市,2019-12-30,73,良,175,44,95.0,74.0,38,1.86,19
兰州市,2019-12-31,97,良,309,68,133.0,90.5,38,2.63,16
兰州市,2020-01-01,99,良,293,73,124.0,90.5,38,2.3,19
兰州市,2020-01-02,87,良,186,64,107.0,76.0,27,2.11,12
兰州市,2020-01-03,127,轻度污染,247,91,159.0,90.5,30,3.1,13
兰州市,2020-01-04,126,轻度污染,226,91,157.0,90.5,38,2.72,18
兰州市,2020-01-05,67,良,133,44,84.0,58.0,17,1.18,31
兰州市,2020-01-06,53,良,155,34,54.0,45.0,10,0.85,54
兰州市,2020-01-07,73,良,275,53,78.0,54.0,25,1.42,31
兰州市,2020-01-08,107,轻度污染,316,81,121.0,81.0,26,1.92,21
兰州市,2020-01-09,81,良,242,59,87.0,41.0,22,1.03,55
兰州市,2020-01-10,69,良,218,50,61.0,38.0,19,0.97,64
兰州市,2020-01-11,83,良,247,61,83.0,65.0,15,1.39,44
兰州市,2020-01-12,67,良,197,48,72.0,68.0,23,1.53,31
兰州市,2020-01-13,59,良,139,40,66.0,60.0,20,1.12,38
兰州市,2020-01-14,75,良,160,55,87.0,61.0,17,1.62,29
兰州市,2020-01-15,75,良,177,55,78.0,47.0,18,1.23,33
兰州市,2020-01-16,104,轻度污染,252,78,113.0,72.0,20,1.88,25
兰州市,2020-01-17,120,轻度污染,262,91,132.0,82.0,22,2.25,22
兰州市,2020-01-18,70,良,143,47,75.0,54.0,18,1.23,40
兰州市,2020-01-19,65,良,143,42,73.0,69.0,28,1.56,28
兰州市,2020-01-20,80,良,214,58,93.0,75.0,29,2.19,25
兰州市,2020-01-21,101,轻度污染,236,75,112.0,88.0,29,2.25,31
兰州市,2020-01-22,89,良,214,67,100.0,73.0,27,1.81,32
兰州市,2020-01-23,62,良,163,43,65.0,50.0,21,1.16,47
兰州市,2020-01-24,55,良,158,36,56.0,37.0,16,0.87,62
兰州市,2020-01-25,102,轻度污染,255,76,101.0,46.0,24,1.58,49
兰州市,2020-01-26,79,良,238,58,73.0,42.0,15,1.26,44
兰州市,2020-01-27,91,良,250,67,88.0,46.0,20,1.6,42
兰州市,2020-01-28,96,良,256,71,97.0,50.0,28,1.79,47
兰州市,2020-01-29,90,良,271,66,93.0,59.0,27,1.88,46
兰州市,2020-01-30,77,良,230,56,81.0,62.0,28,1.72,51
兰州市,2020-01-31,72,良,192,52,75.0,57.0,27,1.52,58
兰州市,2020-02-01,57,良,142,40,54.0,26.0,16,0.85,78
兰州市,2020-02-02,48,优,135,32,48.0,37.0,18,1.22,54
兰州市,2020-02-03,59,良,222,40,63.0,54.0,23,1.45,50
兰州市,2020-02-04,61,良,240,42,67.0,54.0,29,1.58,52
兰州市,2020-02-05,66,良,266,47,70.0,47.0,24,1.31,46
兰州市,2020-02-06,69,良,299,49,71.0,47.0,26,1.75,45
兰州市,2020-02-07,62,良,244,44,63.0,41.0,19,1.35,56
兰州市,2020-02-08,59,良,210,40,64.0,39.0,19,1.04,65
兰州市,2020-02-09,73,良,242,52,80.0,53.0,25,1.51,52
兰州市,2020-02-10,80,良,274,58,87.0,63.0,27,1.69,46
兰州市,2020-02-11,66,良,220,45,72.0,59.0,25,1.49,58
兰州市,2020-02-12,57,良,201,35,65.0,62.0,27,1.55,50
兰州市,2020-02-13,115,轻度污染,330,40,158.0,39.0,20,1.14,49
兰州市,2020-02-14,102,轻度污染,332,34,154.0,10.0,8,0.37,77
兰州市,2020-02-15,53,良,317,20,56.0,20.0,9,0.53,71
兰州市,2020-02-16,58,良,328,32,67.0,39.0,20,1.05,57
兰州市,2020-02-17,64,良,341,40,78.0,56.0,25,1.26,50
兰州市,2020-02-18,64,良,309,37,77.0,44.0,19,1.08,53
兰州市,2020-02-19,76,良,292,43,102.0,57.0,24,1.36,46
兰州市,2020-02-20,141,轻度污染,349,54,214.5,18.0,9,0.45,72
兰州市,2020-02-21,102,轻度污染,308,40,155.0,37.0,14,0.9,57
兰州市,2020-02-22,88,良,329,48,125.0,60.0,22,1.2,49
兰州市,2020-02-23,89,良,315,57,129.0,77.0,26,1.54,42
兰州市,2020-02-24,76,良,233,46,101.0,58.0,19,1.41,44
兰州市,2020-02-25,80,良,242,41,111.0,59.0,28,1.12,49
兰州市,2020-02-26,78,良,265,41,107.0,52.0,26,1.08,66
兰州市,2020-02-27,68,良,268,36,86.0,31.0,12,0.79,77
兰州市,2020-02-28,47,优,263,29,55.0,45.0,11,0.88,37
兰州市,2020-02-29,67,良,282,27,84.0,38.0,13,0.88,56
兰州市,2020-03-01,58,良,243,19,66.0,17.0,10,0.52,84
兰州市,2020-03-02,59,良,262,25,68.0,37.0,14,0.75,59
兰州市,2020-03-03,54,良,252,23,59.0,44.0,15,0.75,68
兰州市,2020-03-04,66,良,324,36,82.0,63.0,22,1.19,50
兰州市,2020-03-05,62,良,275,34,74.0,53.0,20,1.08,56
兰州市,2020-03-06,58,良,216,30,65.0,42.0,12,1.09,52
兰州市,2020-03-07,71,良,240,39,92.0,65.0,23,1.28,58
兰州市,2020-03-08,69,良,209,28,88.0,18.0,6,0.46,80
兰州市,2020-03-09,80,良,299,36,109.0,21.0,11,0.53,73
兰州市,2020-03-10,79,良,322,41,109.0,60.0,21,1.29,46
兰州市,2020-03-11,75,良,276,42,100.0,62.0,24,1.15,58
兰州市,2020-03-12,95,良,332,40,139.0,33.0,9,0.63,66
兰州市,2020-03-13,111,轻度污染,357,48,172.0,27.0,8,0.62,81
兰州市,2020-03-14,90,良,352,45,129.0,46.0,14,0.9,66
兰州市,2020-03-15,73,良,316,38,94.0,61.0,13,1.08,35
兰州市,2020-03-16,58,良,186,37,63.0,39.0,7,0.75,61
兰州市,2020-03-17,73,良,289,44,96.0,67.0,14,1.26,57
兰州市,2020-03-18,78,良,253,44,106.0,65.0,19,1.21,55
兰州市,2020-03-19,103,轻度污染,319,46,155.0,64.0,21,1.3,52
兰州市,2020-03-20,92,良,309,44,135.0,55.0,16,1.05,60
兰州市,2020-03-21,71,良,239,35,91.0,41.0,8,0.82,83
兰州市,2020-03-22,82,良,325,41,114.0,55.0,17,1.15,67
兰州市,2020-03-23,76,良,307,35,103.0,40.0,11,0.83,76
兰州市,2020-03-24,78,良,307,39,107.0,55.0,17,0.87,64
兰州市,2020-03-25,141,轻度污染,360,62,214.5,51.0,16,0.79,54
兰州市,2020-03-26,87,良,320,42,121.0,20.0,5,0.6,72
兰州市,2020-03-27,56,良,329,28,63.0,37.0,7,0.78,60
兰州市,2020-03-28,59,良,324,30,68.0,43.0,9,0.79,49
兰州市,2020-03-29,79,良,349,38,108.0,40.0,10,0.75,60
兰州市,2020-03-30,84,良,332,40,118.0,54.0,13,0.93,46
兰州市,2020-03-31,90,良,324,39,129.0,37.0,11,0.7,72
兰州市,2020-04-01,57,良,238,34,64.0,20.0,5,0.58,68
兰州市,2020-04-02,50,优,187,31,54.0,29.0,11,0.66,57
兰州市,2020-04-03,51,良,156,33,52.0,33.0,6,0.81,62
兰州市,2020-04-04,51,良,140,32,55.0,44.0,8,1.0,54
兰州市,2020-04-05,64,良,222,35,78.0,51.0,11,1.09,69
兰州市,2020-04-06,62,良,206,36,74.0,38.0,16,0.78,86
兰州市,2020-04-07,56,良,166,32,62.0,34.0,8,0.68,85
兰州市,2020-04-08,68,良,253,32,86.0,51.0,11,1.13,63
兰州市,2020-04-09,76,良,289,32,102.0,59.0,14,0.85,61
兰州市,2020-04-10,141,轻度污染,352,60,214.5,34.0,12,0.48,67
兰州市,2020-04-11,73,良,311,31,97.0,28.0,14,0.44,78
兰州市,2020-04-12,70,良,259,30,91.0,51.0,13,0.83,67
兰州市,2020-04-13,88,良,323,40,125.0,53.0,12,0.78,69
兰州市,2020-04-14,105,轻度污染,326,47,160.0,59.0,16,1.0,57
兰州市,2020-04-15,126,轻度污染,348,53,202.0,56.0,21,0.85,70
兰州市,2020-04-16,71,良,217,27,93.0,21.0,10,0.4,83
兰州市,2020-04-17,85,良,279,30,120.0,42.0,13,0.58,66
兰州市,2020-04-18,81,良,304,39,113.0,27.0,10,0.78,94
兰州市,2020-04-19,98,良,336,44,146.0,46.0,14,0.73,74
兰州市,2020-04-20,101,轻度污染,364,42,152.0,19.0,11,0.44,79
兰州市,2020-04-21,61,良,310,28,72.0,22.0,5,0.41,84
兰州市,2020-04-22,61,良,312,29,72.0,42.0,11,0.71,72
兰州市,2020-04-23,65,良,324,26,79.0,32.0,11,0.42,95
兰州市,2020-04-24,59,良,239,25,68.0,36.0,11,0.53,92
兰州市,2020-04-25,68,良,300,28,88.0,54.0,18,0.67,65
兰州市,2020-04-26,76,良,332,35,103.0,61.0,25,1.01,63
兰州市,2020-04-27,79,良,349,37,107.0,68.0,24,0.98,66
兰州市,2020-04-28,82,良,335,37,113.0,66.0,26,0.91,69
兰州市,2020-04-29,80,良,308,36,110.0,63.0,18,0.8,68
兰州市,2020-04-30,86,良,318,34,120.0,65.0,20,0.95,71
兰州市,2020-05-01,87,良,336,36,112.0,73.0,20,0.97,80
兰州市,2020-05-02,88,良,340,38,107.0,77.0,22,1.01,86
兰州市,2020-05-03,141,轻度污染,349,54,214.5,54.0,12,0.73,73
兰州市,2020-05-04,100,良,354,46,149.0,23.0,8,0.62,106
兰州市,2020-05-05,82,良,354,35,113.0,50.0,12,0.7,86
兰州市,2020-05-06,46,优,183,26,48.0,26.0,11,0.55,100
兰州市,2020-05-07,51,良,255,30,56.0,27.0,5,0.48,66
兰州市,2020-05-08,62,良,335,27,76.0,16.0,6,0.29,81
兰州市,2020-05-09,51,良,302,22,51.0,26.0,5,0.49,88
兰州市,2020-05-10,84,良,331,38,116.0,45.0,14,0.68,65
兰州市,2020-05-11,71,良,306,34,94.0,33.0,5,0.47,74
兰州市,2020-05-12,68,良,290,28,87.0,50.0,14,0.77,70
兰州市,2020-05-13,62,良,193,25,75.0,32.0,8,0.64,82
兰州市,2020-05-14,77,良,322,33,103.0,50.0,12,0.69,72
兰州市,2020-05-15,69,良,291,33,89.0,39.0,13,0.6,78
兰州市,2020-05-16,51,良,200,21,52.0,38.0,7,0.45,83
兰州市,2020-05-17,82,良,300,30,114.0,45.0,16,0.73,74
兰州市,2020-05-18,81,良,337,34,113.0,34.0,10,0.61,80
兰州市,2020-05-19,76,良,351,32,101.0,52.0,14,0.73,74
兰州市,2020-05-20,70,良,272,31,90.0,59.0,19,0.95,70
兰州市,2020-05-21,64,良,286,28,77.0,51.0,13,0.78,81
兰州市,2020-05-22,77,良,345,32,104.0,49.0,17,0.68,73
兰州市,2020-05-23,43,优,184,25,45.0,27.0,5,0.49,79
兰州市,2020-05-24,40,优,155,22,40.0,35.0,8,0.48,59
兰州市,2020-05-25,48,优,230,22,51.0,35.0,9,0.71,71
兰州市,2020-05-26,29,优,102,17,27.0,28.0,6,0.5,64
兰州市,2020-05-27,41,优,166,19,34.0,34.0,5,0.59,76
兰州市,2020-05-28,54,良,205,20,55.0,42.0,10,0.86,74
兰州市,2020-05-29,67,良,283,27,82.0,41.0,14,0.68,77
兰州市,2020-05-30,54,良,268,30,61.0,31.0,5,0.56,82
兰州市,2020-05-31,68,良,323,29,81.0,48.0,14,0.87,85
兰州市,2020-06-01,54,良,254,23,59.0,34.0,8,0.6,85
兰州市,2020-06-02,61,良,280,24,70.0,48.0,12,0.89,79
兰州市,2020-06-03,66,良,274,26,70.0,47.0,15,0.94,91
兰州市,2020-06-04,58,良,261,25,68.0,48.0,13,0.65,75
兰州市,2020-06-05,67,良,299,24,67.0,52.0,12,0.96,88
兰州市,2020-06-06,71,良,312,31,92.0,72.0,18,0.83,53
兰州市,2020-06-07,76,良,315,37,101.0,33.0,8,0.53,84
兰州市,2020-06-08,43,优,183,22,44.0,19.0,5,0.5,88
兰州市,2020-06-09,65,良,313,27,76.0,35.0,11,0.63,98
兰州市,2020-06-10,72,良,336,32,95.0,33.0,9,0.6,89
兰州市,2020-06-11,46,优,250,24,43.0,17.0,6,0.48,115
兰州市,2020-06-12,54,良,306,24,51.0,24.0,10,0.55,112
兰州市,2020-06-13,56,良,291,29,63.0,25.0,5,0.5,79
兰州市,2020-06-14,54,良,306,25,61.0,37.0,11,0.88,70
兰州市,2020-06-15,53,良,289,26,57.0,24.0,13,0.69,92
兰州市,2020-06-16,42,优,257,22,42.0,31.0,5,0.71,78
兰州市,2020-06-17,41,优,253,20,37.0,37.0,7,0.65,84
兰州市,2020-06-18,66,良,353,25,68.0,51.0,12,0.99,87
兰州市,2020-06-19,56,良,305,20,54.0,35.0,8,0.58,97
兰州市,2020-06-20,57,良,272,23,50.0,25.0,8,0.59,109
兰州市,2020-06-21,49,优,268,24,54.0,21.0,8,0.59,84
兰州市,2020-06-22,36,优,211,19,34.0,23.0,5,0.54,93
兰州市,2020-06-23,56,良,326,22,60.0,47.0,7,0.69,77
兰州市,2020-06-24,68,良,340,26,73.0,56.0,14,0.87,77
兰州市,2020-06-25,69,良,356,33,91.0,50.0,17,0.83,63
兰州市,2020-06-26,43,优,248,18,34.0,22.0,6,0.47,111
兰州市,2020-06-27,53,良,289,19,55.0,41.0,11,0.9,78
兰州市,2020-06-28,79,良,353,35,105.0,22.0,8,0.58,114
兰州市,2020-06-29,59,良,341,21,68.0,41.0,9,0.63,77
兰州市,2020-06-30,59,良,333,23,69.0,45.0,14,0.75,71
兰州市,2020-07-01,38,优,181,17,34.0,26.0,7,0.54,90
兰州市,2020-07-02,62,良,340,24,71.0,40.0,16,0.77,91
兰州市,2020-07-03,62,良,341,30,74.0,38.0,7,0.52,70
兰州市,2020-07-04,67,良,347,29,68.0,43.0,8,0.66,92
兰州市,2020-07-05,79,良,362,30,91.0,58.0,16,0.78,85
兰州市,2020-07-06,61,良,327,25,68.0,46.0,14,0.63,91
兰州市,2020-07-07,55,良,298,18,46.0,41.0,8,0.66,102
兰州市,2020-07-08,47,优,250,18,43.0,27.0,10,0.44,103
兰州市,2020-07-09,44,优,235,19,45.0,28.0,10,0.49,87
兰州市,2020-07-10,42,优,209,18,37.0,23.0,6,0.55,103
兰州市,2020-07-11,29,优,134,13,27.0,31.0,6,0.55,61
兰州市,2020-07-12,45,优,303,15,33.0,36.0,6,0.66,90
兰州市,2020-07-13,52,良,338,19,56.0,52.0,12,0.91,51
兰州市,2020-07-14,32,优,113,14,28.0,29.0,7,0.61,69
兰州市,2020-07-15,39,优,188,10,33.0,32.0,9,0.88,76
兰州市,2020-07-16,40,优,204,15,40.0,34.0,11,0.76,59
兰州市,2020-07-17,48,优,279,18,43.0,31.0,11,0.68,88
兰州市,2020-07-18,31,优,155,14,24.0,22.0,5,0.44,91
兰州市,2020-07-19,48,优,317,18,39.0,39.0,11,0.73,91
兰州市,2020-07-20,55,良,306,17,52.0,44.0,12,0.72,80
兰州市,2020-07-21,42,优,219,16,40.0,26.0,8,0.49,85
兰州市,2020-07-22,41,优,233,16,37.0,26.0,8,0.81,83
兰州市,2020-07-23,38,优,204,16,39.0,26.0,6,0.53,50
兰州市,2020-07-24,48,优,245,23,50.0,30.0,6,0.73,58
兰州市,2020-07-25,40,优,189,14,44.0,30.0,6,0.53,74
兰州市,2020-07-26,70,良,356,27,86.0,51.0,11,0.88,75
兰州市,2020-07-27,73,良,356,24,85.0,56.0,16,0.97,84
兰州市,2020-07-28,50,优,277,18,52.0,38.0,8,0.63,76
兰州市,2020-07-29,50,优,274,18,52.0,27.0,7,0.72,84
兰州市,2020-07-30,49,优,290,19,53.0,28.0,9,0.8,99
兰州市,2020-07-31,68,良,358,26,78.0,43.0,15,0.73,89
兰州市,2020-08-01,47,优,303,16,42.0,27.0,7,0.53,108
兰州市,2020-08-02,57,良,357,21,62.0,38.0,16,0.91,87
兰州市,2020-08-03,46,优,299,16,45.0,28.0,9,0.68,92
兰州市,2020-08-04,38,优,260,19,37.0,28.0,11,0.83,78
兰州市,2020-08-05,32,优,194,14,28.0,19.0,9,0.72,79
兰州市,2020-08-06,37,优,273,16,36.0,31.0,10,0.79,62
兰州市,2020-08-07,55,良,358,20,61.0,52.0,13,1.18,61
兰州市,2020-08-08,52,良,342,17,51.0,38.0,7,0.8,80
兰州市,2020-08-09,56,良,334,18,57.0,47.0,15,1.24,73
兰州市,2020-08-10,65,良,351,25,77.0,53.0,20,1.08,75
兰州市,2020-08-11,34,优,190,16,33.0,29.0,8,0.95,64
兰州市,2020-08-12,46,优,309,19,48.0,23.0,6,0.73,81
兰州市,2020-08-13,50,优,356,15,51.0,44.0,14,1.0,64
兰州市,2020-08-14,35,优,256,12,33.0,40.0,7,0.59,43
兰州市,2020-08-15,45,优,315,17,44.0,50.0,9,0.8,58
兰州市,2020-08-16,57,良,331,20,67.0,36.0,7,0.55,61
兰州市,2020-08-17,33,优,173,13,30.0,28.0,6,0.53,84
兰州市,2020-08-18,44,优,259,14,42.0,42.0,10,0.89,60
兰州市,2020-08-19,46,优,298,16,45.0,39.0,11,0.65,75
兰州市,2020-08-20,43,优,308,14,43.0,32.0,8,0.57,58
兰州市,2020-08-21,30,优,138,12,30.0,20.0,6,0.5,62
兰州市,2020-08-22,41,优,199,15,41.0,33.0,10,0.81,43
兰州市,2020-08-23,31,优,105,12,22.0,29.0,5,0.5,69
兰州市,2020-08-24,47,优,287,17,43.0,43.0,9,1.03,69
兰州市,2020-08-25,63,良,346,17,55.0,54.0,8,0.76,86
兰州市,2020-08-26,76,良,358,25,79.0,63.0,15,1.14,80
兰州市,2020-08-27,83,良,358,33,116.0,48.0,17,0.94,62
兰州市,2020-08-28,73,良,348,29,98.0,39.0,10,0.69,68
兰州市,2020-08-29,43,优,178,17,47.0,25.0,6,0.55,64
兰州市,2020-08-30,23,优,52,10,19.0,24.0,4,0.64,59
兰州市,2020-08-31,43,优,223,15,39.0,37.0,9,1.03,62
兰州市,2020-09-01,42,优,193,14,43.0,38.0,15,0.69,46
兰州市,2020-09-02,53,良,269,18,57.0,44.0,14,0.84,61
兰州市,2020-09-03,64,良,321,22,78.0,64.0,16,0.98,40
兰州市,2020-09-04,62,良,294,25,75.0,55.0,16,1.01,61
兰州市,2020-09-05,51,良,213,23,54.0,53.0,12,0.77,33
兰州市,2020-09-06,58,良,245,22,68.0,54.0,14,1.08,52
兰州市,2020-09-07,61,良,244,21,72.0,46.0,13,0.72,60
兰州市,2020-09-08,56,良,256,21,62.0,47.0,8,0.58,52
兰州市,2020-09-09,43,优,189,21,44.0,36.0,9,0.58,58
兰州市,2020-09-10,52,良,268,22,57.0,44.0,13,1.0,52
兰州市,2020-09-11,51,良,326,21,51.0,43.0,9,0.62,62
兰州市,2020-09-12,54,良,320,22,60.0,44.0,11,0.75,40
兰州市,2020-09-13,38,优,174,16,39.0,41.0,7,0.6,37
兰州市,2020-09-14,35,优,166,18,35.0,30.0,5,0.57,64
兰州市,2020-09-15,38,优,226,18,39.0,32.0,7,0.55,72
兰州市,2020-09-16,53,良,317,22,62.0,54.0,12,0.93,32
兰州市,2020-09-17,40,优,267,17,38.0,39.0,7,0.53,70
兰州市,2020-09-18,63,良,344,25,77.0,51.0,13,0.87,49
兰州市,2020-09-19,48,优,250,18,50.0,33.0,7,0.54,43
兰州市,2020-09-20,35,优,187,17,35.0,30.0,6,0.55,44
兰州市,2020-09-21,26,优,117,15,25.0,36.0,6,0.71,32
兰州市,2020-09-22,37,优,195,18,35.0,35.0,10,0.68,52
兰州市,2020-09-23,56,良,308,26,64.0,53.0,10,0.86,43
兰州市,2020-09-24,70,良,340,31,91.0,57.0,9,0.88,13
兰州市,2020-09-25,59,良,292,24,69.0,42.0,8,0.78,33
兰州市,2020-09-26,50,优,245,18,53.0,33.0,8,0.68,42
兰州市,2020-09-27,34,优,142,12,34.0,26.0,6,0.49,51
兰州市,2020-09-28,27,优,72,11,26.0,23.0,7,0.51,55
兰州市,2020-09-29,51,良,277,17,56.0,42.0,9,0.66,56
兰州市,2020-09-30,38,优,158,18,38.0,28.0,7,0.56,48
兰州市,2020-10-01,44,优,152,19,44.0,23.0,8,0.48,68
兰州市,2020-10-02,51,良,255,22,53.0,27.0,8,0.48,69
兰州市,2020-10-03,53,良,300,20,59.0,45.0,10,0.53,49
兰州市,2020-10-04,51,良,308,18,56.0,35.0,12,0.47,41
兰州市,2020-10-05,51,良,311,22,54.0,30.0,12,0.51,53
兰州市,2020-10-06,54,良,278,25,59.0,46.0,11,0.78,33
兰州市,2020-10-07,55,良,277,25,63.0,40.0,9,0.71,35
兰州市,2020-10-08,47,优,217,19,51.0,32.0,8,0.61,48
兰州市,2020-10-09,64,良,292,28,77.0,54.0,9,0.67,39
兰州市,2020-10-10,62,良,264,26,76.0,37.0,8,0.6,66
兰州市,2020-10-11,75,良,307,29,102.0,18.0,8,0.28,73
兰州市,2020-10-12,63,良,278,26,76.0,33.0,11,0.44,58
兰州市,2020-10-13,56,良,234,23,64.0,26.0,9,0.45,64
兰州市,2020-10-14,43,优,236,19,44.0,33.0,9,0.51,56
兰州市,2020-10-15,62,良,323,27,73.0,42.0,15,0.7,52
兰州市,2020-10-16,55,良,299,21,62.0,38.0,9,0.62,65
兰州市,2020-10-17,69,良,318,31,89.0,50.0,20,0.84,47
兰州市,2020-10-18,50,优,198,23,54.0,37.0,8,0.5,67
兰州市,2020-10-19,68,良,257,37,86.0,58.0,17,1.03,38
兰州市,2020-10-20,90,良,282,43,130.0,78.0,26,1.09,25
兰州市,2020-10-21,93,良,275,52,139.0,78.0,24,1.4,28
兰州市,2020-10-22,96,良,312,51,141.0,84.0,25,1.55,25
兰州市,2020-10-23,85,良,315,43,120.0,66.0,19,1.1,38
兰州市,2020-10-24,70,良,244,39,91.0,64.0,10,1.08,31
兰州市,2020-10-25,72,良,233,36,96.0,56.0,15,0.99,40
兰州市,2020-10-26,55,良,106,25,62.0,43.0,16,0.6,54
兰州市,2020-10-27,45,优,99,30,38.0,39.0,5,0.69,44
兰州市,2020-10-28,50,优,177,34,50.0,45.0,7,0.9,41
兰州市,2020-10-29,73,良,273,49,92.0,65.0,14,1.45,24
兰州市,2020-10-30,59,良,179,32,68.0,36.0,9,0.7,47
兰州市,2020-10-31,78,良,272,32,107.0,39.0,13,0.56,60
兰州市,2020-11-01,57,良,172,24,67.0,41.0,18,0.6,52
兰州市,2020-11-02,75,良,294,36,100.0,63.0,14,1.0,35
兰州市,2020-11-03,85,良,357,47,119.0,75.0,26,1.43,20
兰州市,2020-11-04,81,良,338,46,112.0,76.0,24,1.32,16
兰州市,2020-11-05,80,良,295,49,100.0,45.0,12,0.82,47
兰州市,2020-11-06,118,轻度污染,363,52,186.0,53.0,14,0.9,48
兰州市,2020-11-07,99,良,311,52,148.0,78.0,25,1.55,25
兰州市,2020-11-08,87,良,312,51,124.0,70.0,29,1.48,19
兰州市,2020-11-09,92,良,322,63,130.0,79.0,18,1.9,24
兰州市,2020-11-10,101,轻度污染,325,70,149.0,89.0,27,2.16,21
兰州市,2020-11-11,103,轻度污染,328,74,149.0,90.5,30,1.95,24
兰州市,2020-11-12,95,良,302,69,134.0,87.0,28,1.89,23
兰州市,2020-11-13,107,轻度污染,315,80,147.0,90.5,31,2.03,22
兰州市,2020-11-14,110,轻度污染,310,82,144.0,90.5,22,1.97,26
兰州市,2020-11-15,121,轻度污染,320,91,151.0,90.5,18,1.98,25
兰州市,2020-11-16,110,轻度污染,285,81,140.0,80.0,18,1.64,30
兰州市,2020-11-17,80,良,256,35,111.0,31.0,14,0.69,75
兰州市,2020-11-18,76,良,343,39,104.0,52.0,11,0.92,43
兰州市,2020-11-19,84,良,362,48,118.0,77.0,22,1.51,23
兰州市,2020-11-20,80,良,354,48,108.0,54.0,21,1.3,21
兰州市,2020-11-21,33,优,143,21,32.0,20.0,7,0.51,56
兰州市,2020-11-22,47,优,291,29,49.0,41.0,12,0.79,35
兰州市,2020-11-23,64,良,326,43,77.0,59.0,16,1.48,20
兰州市,2020-11-24,66,良,273,46,73.0,44.0,12,1.34,28
兰州市,2020-11-25,73,良,265,53,81.0,43.0,15,1.0,37
兰州市,2020-11-26,87,良,292,63,105.0,58.0,22,1.49,23
兰州市,2020-11-27,63,良,254,37,75.0,58.0,25,1.13,22
兰州市,2020-11-28,91,良,310,65,121.0,70.0,19,1.58,28
兰州市,2020-11-29,66,良,245,43,81.0,57.0,24,1.08,35
兰州市,2020-11-30,69,良,209,43,86.0,55.0,26,1.23,33
兰州市,2020-12-01,79,良,244,58,89.0,40.0,20,1.04,37
兰州市,2020-12-02,52,良,171,35,51.0,28.0,16,0.78,58
兰州市,2020-12-03,56,良,220,36,60.0,40.0,14,0.96,41
兰州市,2020-12-04,74,良,272,51,93.0,64.0,17,1.37,17
兰州市,2020-12-05,87,良,267,64,109.0,64.0,20,1.55,17
兰州市,2020-12-06,80,良,229,58,96.0,57.0,22,1.39,18
兰州市,2020-12-07,76,良,222,53,97.0,68.0,19,1.42,19
兰州市,2020-12-08,77,良,254,56,93.0,66.0,19,1.48,22
兰州市,2020-12-09,51,良,98,33,55.0,37.0,11,0.84,52
兰州市,2020-12-10,73,良,168,46,95.0,73.0,21,1.52,20
兰州市,2020-12-11,70,良,162,43,90.0,66.0,31,1.5,25
兰州市,2020-12-12,64,良,120,36,78.0,51.0,21,1.27,36
兰州市,2020-12-13,56,良,134,27,65.0,24.0,13,0.72,49
兰州市,2020-12-14,77,良,350,43,101.0,60.0,23,1.46,18
兰州市,2020-12-15,82,良,341,57,110.0,65.0,23,1.73,19
兰州市,2020-12-16,67,良,266,40,84.0,60.0,21,1.36,23
兰州市,2020-12-17,45,优,116,26,45.0,34.0,16,0.74,55
兰州市,2020-12-18,59,良,192,35,69.0,61.0,18,1.38,25
兰州市,2020-12-19,62,良,179,36,75.0,63.0,20,1.25,27
兰州市,2020-12-20,90,良,269,63,118.0,75.0,31,2.02,16
兰州市,2020-12-21,108,轻度污染,288,81,144.0,88.0,38,2.65,14
兰州市,2020-12-22,113,轻度污染,261,65,169.0,70.0,32,2.39,20
兰州市,2020-12-23,88,良,145,41,125.0,72.0,27,1.88,26
兰州市,2020-12-24,83,良,204,46,117.0,74.0,35,2.11,17
兰州市,2020-12-25,95,良,256,64,140.0,81.0,38,2.72,12
兰州市,2020-12-26,108,轻度污染,237,77,161.0,90.0,38,3.09,15
兰州市,2020-12-27,121,轻度污染,234,90,176.0,90.5,38,3.27,14
兰州市,2020-12-28,82,良,131,49,111.0,54.0,23,1.94,34
兰州市,2020-12-29,44,优,97,20,44.0,24.0,8,0.92,56
兰州市,2020-12-30,53,良,271,26,57.0,38.0,17,1.24,41
兰州市,2020-12-31,74,良,338,45,98.0,61.0,27,1.97,15
兰州市,2021-01-01,89,良,339,60,122.0,74.0,36,2.35,13
兰州市,2021-01-02,85,良,250,60,116.0,67.0,36,2.13,21
兰州市,2021-01-03,65,良,144,37,81.0,56.0,25,1.36,30
兰州市,2021-01-04,64,良,149,35,78.0,46.0,21,1.09,36
兰州市,2021-01-05,51,良,151,29,55.0,39.0,23,0.95,36
兰州市,2021-01-06,49,优,87,23,51.0,30.0,16,0.87,48
兰州市,2021-01-07,60,良,205,29,71.0,51.0,23,1.18,25
兰州市,2021-01-08,82,良,347,52,112.0,73.0,30,2.05,13
兰州市,2021-01-09,75,良,325,51,100.0,60.0,36,1.82,19
兰州市,2021-01-10,58,良,158,30,67.0,36.0,23,0.98,41
兰州市,2021-01-11,80,良,281,44,111.0,68.0,21,1.6,22
兰州市,2021-01-12,104,轻度污染,268,66,157.0,90.5,38,3.2,13
兰州市,2021-01-13,94,良,251,61,136.0,89.0,38,2.78,15
兰州市,2021-01-14,115,轻度污染,284,49,178.0,64.0,24,2.28,25
兰州市,2021-01-15,81,良,135,31,111.0,43.0,22,1.23,34
兰州市,2021-01-16,52,良,87,25,55.0,30.0,18,0.82,45
兰州市,2021-01-17,78,良,238,49,107.0,69.0,25,1.96,17
兰州市,2021-01-18,100,良,344,63,150.0,85.0,28,3.0,14
兰州市,2021-01-19,81,良,229,47,111.0,76.0,31,2.15,23
兰州市,2021-01-20,90,良,224,57,127.0,87.0,38,2.23,17
兰州市,2021-01-21,91,良,182,63,128.0,83.0,38,2.33,19
兰州市,2021-01-22,85,良,159,55,118.0,86.0,38,2.43,16
兰州市,2021-01-23,87,良,165,61,121.0,88.0,38,2.42,12
兰州市,2021-01-24,97,良,164,64,135.0,64.0,30,1.84,22
兰州市,2021-01-25,109,轻度污染,257,67,167.0,55.0,11,1.25,38
兰州市,2021-01-26,104,轻度污染,244,51,157.0,57.0,15,1.16,29
兰州市,2021-01-27,93,良,207,48,137.0,51.0,21,1.23,30
兰州市,2021-01-28,119,轻度污染,308,49,188.0,63.0,25,1.34,27
兰州市,2021-01-29,82,良,251,46,116.0,60.0,25,1.35,25
兰州市,2021-01-30,64,良,147,37,78.0,63.0,24,1.5,25
兰州市,2021-01-31,65,良,139,42,79.0,64.0,26,1.54,31
兰州市,2021-02-01,65,良,164,41,80.0,62.0,28,1.45,33
兰州市,2021-02-02,74,良,250,45,98.0,69.0,25,1.7,28
兰州市,2021-02-03,65,良,181,38,81.0,59.0,23,1.6,30
兰州市,2021-02-04,64,良,146,35,78.0,63.0,25,1.48,27
兰州市,2021-02-05,69,良,179,38,88.0,63.0,24,1.53,32
兰州市,2021-02-06,63,良,168,38,77.0,58.0,26,1.53,33
兰州市,2021-02-07,62,良,185,38,73.0,63.0,30,1.54,32
兰州市,2021-02-08,68,良,272,47,85.0,66.0,31,1.75,32
兰州市,2021-02-09,74,良,260,52,90.0,71.0,29,1.84,34
兰州市,2021-02-10,81,良,236,59,97.0,75.0,32,1.86,39
兰州市,2021-02-11,90,良,230,60,114.0,61.0,23,1.68,40
兰州市,2021-02-12,91,良,190,60,120.0,38.0,28,1.05,49
兰州市,2021-02-13,52,良,168,20,58.0,22.0,10,0.56,66
兰州市,2021-02-14,59,良,231,27,68.0,29.0,23,0.91,49
兰州市,2021-02-15,49,优,203,22,49.0,26.0,16,0.66,63
兰州市,2021-02-16,44,优,146,24,44.0,38.0,18,1.18,52
兰州市,2021-02-17,48,优,217,28,49.0,49.0,27,1.24,35
兰州市,2021-02-18,50,优,219,27,53.0,46.0,21,1.08,45
兰州市,2021-02-19,53,良,172,31,59.0,52.0,24,1.31,41
兰州市,2021-02-20,55,良,191,29,61.0,54.0,22,1.43,34
兰州市,2021-02-21,63,良,223,31,75.0,57.0,25,1.56,34
兰州市,2021-02-22,67,良,195,37,84.0,63.0,23,1.38,29
兰州市,2021-02-23,81,良,310,44,111.0,52.0,26,1.23,51
兰州市,2021-02-24,77,良,309,39,103.0,24.0,14,0.71,93
兰州市,2021-02-25,68,良,284,49,79.0,29.0,12,0.9,81
兰州市,2021-02-26,56,良,207,37,58.0,33.0,8,0.87,53
兰州市,2021-02-27,86,良,258,35,126.0,20.0,8,0.66,50
兰州市,2021-02-28,66,良,279,26,83.0,17.0,12,0.54,67
兰州市,2021-03-01,56,良,319,26,63.0,36.0,10,0.71,55
兰州市,2021-03-02,74,良,323,42,98.0,57.0,21,1.1,33
兰州市,2021-03-03,71,良,296,40,92.0,62.0,22,1.15,37
兰州市,2021-03-04,69,良,263,36,87.0,63.0,24,1.13,34
兰州市,2021-03-05,69,良,253,35,87.0,46.0,18,1.02,44
兰州市,2021-03-06,67,良,310,33,84.0,52.0,15,0.82,48
兰州市,2021-03-07,72,良,294,40,94.0,53.0,18,1.0,45
兰州市,2021-03-08,57,良,168,31,65.0,53.0,14,1.12,43
兰州市,2021-03-09,61,良,201,34,72.0,51.0,15,0.94,50
兰州市,2021-03-10,52,良,163,26,57.0,42.0,8,0.78,65
兰州市,2021-03-11,62,良,214,35,75.0,61.0,15,1.18,43
兰州市,2021-03-12,69,良,242,34,87.0,55.0,23,1.2,44
兰州市,2021-03-13,78,良,238,44,106.0,76.0,23,1.3,38
兰州市,2021-03-14,141,轻度污染,363,91,214.5,49.0,10,0.83,54
兰州市,2021-03-15,141,轻度污染,290,74,214.5,76.0,24,1.31,37
兰州市,2021-03-16,141,轻度污染,360,91,214.5,27.0,6,0.63,38
兰州市,2021-03-17,141,轻度污染,349,91,214.5,28.0,11,0.68,26
兰州市,2021-03-18,141,轻度污染,362,91,214.5,39.0,20,0.85,13
兰州市,2021-03-19,141,轻度污染,356,91,214.5,19.0,5,0.5,49
兰州市,2021-03-20,141,轻度污染,345,58,214.5,20.0,7,0.44,63
兰州市,2021-03-21,122,轻度污染,336,41,194.0,29.0,6,0.55,60
兰州市,2021-03-22,122,轻度污染,340,51,194.0,56.0,12,0.96,40
兰州市,2021-03-23,103,轻度污染,315,46,155.0,59.0,15,1.09,47
兰州市,2021-03-24,141,轻度污染,356,57,214.5,61.0,13,0.95,44
兰州市,2021-03-25,141,轻度污染,356,57,214.5,44.0,12,0.84,56
兰州市,2021-03-26,140,轻度污染,351,53,214.5,28.0,7,0.57,80
兰州市,2021-03-27,115,轻度污染,316,48,181.0,52.0,18,0.99,54
兰州市,2021-03-28,141,轻度污染,262,59,214.5,47.0,13,0.95,50
兰州市,2021-03-29,141,轻度污染,346,91,214.5,43.0,13,0.82,47
兰州市,2021-03-30,141,轻度污染,316,75,214.5,41.0,11,0.85,50
兰州市,2021-03-31,73,良,193,40,99.0,24.0,7,0.65,62
兰州市,2021-04-01,32,优,115,20,29.0,22.0,6,0.54,63
兰州市,2021-04-02,25,优,62,17,20.0,27.0,6,0.58,54
兰州市,2021-04-03,31,优,101,21,29.0,23.0,6,0.59,55
兰州市,2021-04-04,30,优,63,19,30.0,31.0,5,0.73,51
兰州市,2021-04-05,56,良,249,29,64.0,48.0,8,1.01,45
兰州市,2021-04-06,101,轻度污染,362,40,152.0,29.0,7,0.51,76
兰州市,2021-04-07,55,良,220,25,61.0,38.0,7,0.63,61
兰州市,2021-04-08,56,良,236,32,64.0,39.0,7,0.73,61
兰州市,2021-04-09,45,优,140,26,45.0,26.0,8,0.63,76
兰州市,2021-04-10,34,优,47,21,33.0,25.0,9,0.6,59
兰州市,2021-04-11,45,优,141,29,42.0,28.0,7,0.61,82
兰州市,2021-04-12,68,良,285,28,87.0,32.0,8,0.57,70
兰州市,2021-04-13,71,良,320,34,94.0,28.0,8,0.5,60
兰州市,2021-04-14,64,良,307,28,77.0,34.0,14,0.62,64
兰州市,2021-04-15,88,良,282,33,127.0,27.0,7,0.49,84
兰州市,2021-04-16,91,良,249,34,132.0,41.0,10,0.6,59
兰州市,2021-04-17,80,良,264,31,110.0,49.0,16,0.66,50
兰州市,2021-04-18,79,良,300,32,109.0,46.0,16,0.76,61
兰州市,2021-04-19,42,优,75,21,44.0,20.0,7,0.54,80
兰州市,2021-04-20,63,良,258,36,76.0,41.0,9,0.83,79
兰州市,2021-04-21,64,良,310,33,77.0,42.0,10,0.77,69
兰州市,2021-04-22,50,优,200,24,57.0,38.0,7,0.6,45
兰州市,2021-04-23,47,优,160,24,47.0,36.0,9,0.73,41
兰州市,2021-04-24,38,优,134,20,42.0,17.0,5,0.46,68
兰州市,2021-04-25,78,良,349,42,107.0,28.0,8,0.48,53
兰州市,2021-04-26,141,轻度污染,361,91,214.5,32.0,7,0.52,41
兰州市,2021-04-27,141,轻度污染,361,84,214.5,37.0,7,0.53,46
兰州市,2021-04-28,50,优,153,26,54.0,35.0,8,0.58,60
兰州市,2021-04-29,68,良,243,29,88.0,52.0,14,0.84,44
兰州市,2021-04-30,117,轻度污染,347,53,184.0,46.0,12,0.68,49
兰州市,2021-05-01,80,良,330,36,109.0,51.0,15,0.81,51
兰州市,2021-05-02,76,良,331,31,101.0,41.0,10,0.65,65
兰州市,2021-05-03,106,轻度污染,342,48,163.0,29.0,9,0.54,63
兰州市,2021-05-04,83,良,312,35,116.0,15.0,7,0.38,94
兰州市,2021-05-05,64,良,202,29,79.0,29.0,12,0.54,80
兰州市,2021-05-06,130,轻度污染,325,54,194.0,45.0,17,0.74,63
兰州市,2021-05-07,141,轻度污染,310,91,214.5,46.0,16,0.68,63
兰州市,2021-05-08,89,良,246,44,128.0,58.0,18,0.85,65
兰州市,2021-05-09,78,良,300,32,105.0,51.0,19,0.78,70
兰州市,2021-05-10,78,良,325,35,106.0,25.0,10,0.44,72
兰州市,2021-05-11,52,良,262,25,55.0,28.0,8,0.45,78
兰州市,2021-05-12,58,良,275,24,65.0,47.0,14,0.7,70
兰州市,2021-05-13,52,良,245,23,56.0,33.0,11,0.58,73
兰州市,2021-05-14,74,良,333,37,99.0,16.0,7,0.38,74
兰州市,2021-05-15,28,优,133,17,23.0,22.0,6,0.43,66
兰州市,2021-05-16,39,优,324,18,36.0,33.0,9,0.53,61
兰州市,2021-05-17,47,优,309,19,45.0,36.0,11,0.5,80
兰州市,2021-05-18,52,良,252,25,56.0,42.0,16,0.61,69
兰州市,2021-05-19,44,优,183,21,43.0,29.0,8,0.47,82
兰州市,2021-05-20,56,良,278,24,63.0,55.0,16,0.73,59
兰州市,2021-05-21,64,良,297,30,77.0,63.0,16,0.7,45
兰州市,2021-05-22,59,良,233,29,75.0,33.0,7,0.45,55
兰州市,2021-05-23,41,优,195,20,41.0,33.0,9,0.57,60
兰州市,2021-05-24,53,良,208,23,59.0,39.0,12,0.48,71
兰州市,2021-05-25,62,良,243,24,74.0,49.0,16,0.66,71
兰州市,2021-05-26,45,优,202,15,45.0,28.0,9,0.41,102
兰州市,2021-05-27,67,良,311,26,82.0,50.0,18,0.7,73
兰州市,2021-05-28,73,良,332,31,96.0,46.0,16,0.7,62
兰州市,2021-05-29,56,良,270,21,64.0,38.0,10,0.51,79
兰州市,2021-05-30,69,良,309,26,82.0,50.0,13,0.7,85
兰州市,2021-05-31,141,轻度污染,362,73,214.5,21.0,8,0.39,82
兰州市,2021-06-01,58,良,277,28,68.0,36.0,10,0.49,79
兰州市,2021-06-02,61,良,290,27,73.0,38.0,8,0.45,65
兰州市,2021-06-03,53,良,325,23,56.0,30.0,8,0.39,76
兰州市,2021-06-04,57,良,319,20,62.0,49.0,16,0.65,76
兰州市,2021-06-05,63,良,312,23,74.0,54.0,15,0.68,77
兰州市,2021-06-06,101,轻度污染,351,47,149.0,54.0,18,0.67,52
兰州市,2021-06-07,54,良,179,24,58.0,29.0,10,0.47,86
兰州市,2021-06-08,45,优,180,21,49.0,20.0,8,0.39,91
兰州市,2021-06-09,40,优,166,20,38.0,16.0,7,0.29,97
兰州市,2021-06-10,55,良,311,21,59.0,30.0,10,0.48,90
兰州市,2021-06-11,38,优,163,16,34.0,24.0,7,0.46,98
兰州市,2021-06-12,52,良,250,19,51.0,38.0,12,0.65,77
兰州市,2021-06-13,58,良,312,27,69.0,25.0,8,0.53,77
兰州市,2021-06-14,38,优,259,18,36.0,18.0,6,0.4,83
兰州市,2021-06-15,61,良,355,28,75.0,33.0,9,0.57,49
兰州市,2021-06-16,34,优,223,17,35.0,15.0,8,0.36,77
兰州市,2021-06-17,34,优,265,18,31.0,27.0,6,0.49,69
兰州市,2021-06-18,45,优,294,18,46.0,45.0,9,0.63,53
兰州市,2021-06-19,51,良,294,17,52.0,42.0,8,0.51,71
兰州市,2021-06-20,49,优,261,14,40.0,33.0,8,0.45,101
兰州市,2021-06-21,85,良,349,36,120.0,48.0,15,0.63,77
兰州市,2021-06-22,81,良,338,33,112.0,57.0,17,0.79,70
兰州市,2021-06-23,47,优,180,20,48.0,24.0,7,0.47,100
兰州市,2021-06-24,56,良,261,27,64.0,21.0,8,0.44,85
兰州市,2021-06-25,40,优,183,18,36.0,31.0,6,0.57,67
兰州市,2021-06-26,47,优,274,20,47.0,35.0,7,0.48,70
兰州市,2021-06-27,51,良,303,19,48.0,32.0,10,0.53,89
兰州市,2021-06-28,42,优,250,18,41.0,25.0,13,0.49,86
兰州市,2021-06-29,44,优,251,19,43.0,27.0,10,0.5,89
兰州市,2021-06-30,46,优,262,21,45.0,39.0,10,0.58,76
兰州市,2021-07-01,45,优,307,19,42.0,30.0,8,0.48,88
兰州市,2021-07-02,38,优,265,14,28.0,22.0,7,0.39,110
兰州市,2021-07-03,56,良,356,21,60.0,49.0,14,0.63,73
兰州市,2021-07-04,58,良,331,21,59.0,39.0,9,0.47,84
兰州市,2021-07-05,61,良,342,23,72.0,39.0,12,0.59,86
兰州市,2021-07-06,40,优,248,17,35.0,26.0,12,0.45,99
兰州市,2021-07-07,61,良,339,18,51.0,41.0,14,0.53,98
兰州市,2021-07-08,59,良,332,21,60.0,44.0,14,0.69,88
兰州市,2021-07-09,56,良,326,19,56.0,45.0,13,0.53,85
兰州市,2021-07-10,47,优,288,18,48.0,36.0,7,0.44,82
兰州市,2021-07-11,53,良,333,18,48.0,35.0,12,0.62,91
兰州市,2021-07-12,43,优,292,17,37.0,33.0,14,0.48,93
兰州市,2021-07-13,70,良,361,22,71.0,47.0,16,0.65,90
兰州市,2021-07-14,46,优,308,20,49.0,33.0,7,0.4,68
兰州市,2021-07-15,33,优,210,12,28.0,26.0,5,0.4,77
兰州市,2021-07-16,43,优,301,15,40.0,32.0,7,0.46,82
兰州市,2021-07-17,53,良,350,20,56.0,35.0,14,0.49,88
兰州市,2021-07-18,56,良,353,16,49.0,37.0,10,0.52,102
兰州市,2021-07-19,55,良,353,18,46.0,33.0,14,0.49,107
兰州市,2021-07-20,42,优,321,14,38.0,21.0,7,0.44,103
兰州市,2021-07-21,39,优,326,13,32.0,17.0,6,0.42,100
兰州市,2021-07-22,44,优,340,15,37.0,19.0,7,0.42,101
兰州市,2021-07-23,40,优,291,14,36.0,18.0,7,0.45,95
兰州市,2021-07-24,42,优,293,15,39.0,19.0,7,0.42,94
兰州市,2021-07-25,37,优,242,16,38.0,23.0,7,0.42,61
兰州市,2021-07-26,36,优,219,16,32.0,28.0,6,0.43,94
兰州市,2021-07-27,56,良,351,22,63.0,46.0,12,0.75,65
兰州市,2021-07-28,54,良,344,17,45.0,37.0,9,0.54,94
兰州市,2021-07-29,55,良,353,18,53.0,52.0,13,0.66,83
兰州市,2021-07-30,69,良,353,20,61.0,53.0,17,0.69,91
兰州市,2021-07-31,77,良,353,24,72.0,56.0,18,0.75,99
兰州市,2021-08-01,71,良,350,21,66.0,50.0,17,0.69,104
兰州市,2021-08-02,70,良,353,29,89.0,34.0,9,0.53,96
兰州市,2021-08-03,45,优,242,26,51.0,18.0,7,0.37,83
兰州市,2021-08-04,44,优,255,15,38.0,34.0,9,0.58,88
兰州市,2021-08-05,62,良,351,18,50.0,37.0,11,0.54,109
兰州市,2021-08-06,56,良,323,22,63.0,46.0,16,0.67,78
兰州市,2021-08-07,57,良,318,18,51.0,40.0,13,0.59,95
兰州市,2021-08-08,72,良,352,33,95.0,16.0,9,0.37,113
兰州市,2021-08-09,50,优,262,19,45.0,27.0,20,0.52,100
兰州市,2021-08-10,46,优,263,17,40.0,24.0,9,0.43,105
兰州市,2021-08-11,46,优,283,16,42.0,30.0,8,0.44,96
兰州市,2021-08-12,51,良,309,22,55.0,39.0,13,0.6,87
兰州市,2021-08-13,75,良,364,28,75.0,54.0,15,0.83,92
兰州市,2021-08-14,57,良,342,21,58.0,41.0,11,0.55,90
兰州市,2021-08-15,41,优,265,16,40.0,14.0,6,0.5,93
兰州市,2021-08-16,35,优,246,11,35.0,21.0,7,0.56,60
兰州市,2021-08-17,34,优,229,13,35.0,17.0,6,0.59,62
兰州市,2021-08-18,63,良,344,30,78.0,19.0,9,0.49,72
兰州市,2021-08-19,33,优,159,17,29.0,27.0,7,0.55,82
兰州市,2021-08-20,57,良,354,19,52.0,45.0,12,0.56,81
兰州市,2021-08-21,39,优,240,14,39.0,37.0,9,0.55,61
兰州市,2021-08-22,44,优,240,16,41.0,39.0,8,0.54,73
兰州市,2021-08-23,54,良,333,23,60.0,32.0,13,0.5,72
兰州市,2021-08-24,49,优,317,21,50.0,30.0,14,0.5,81
兰州市,2021-08-25,53,良,316,20,59.0,39.0,15,0.62,41
兰州市,2021-08-26,52,良,306,20,52.0,43.0,14,0.63,68
兰州市,2021-08-27,52,良,339,18,55.0,41.0,14,0.57,69
兰州市,2021-08-28,47,优,296,20,44.0,24.0,11,0.53,97
兰州市,2021-08-29,48,优,308,18,48.0,35.0,15,0.55,81
兰州市,2021-08-30,31,优,172,15,31.0,23.0,7,0.51,68
兰州市,2021-08-31,44,优,293,21,44.0,40.0,10,0.66,66
兰州市,2021-09-01,49,优,304,19,47.0,38.0,11,0.67,73
兰州市,2021-09-02,41,优,236,14,38.0,29.0,8,0.59,61
兰州市,2021-09-03,32,优,135,15,32.0,26.0,9,0.57,60
兰州市,2021-09-04,57,良,353,25,64.0,36.0,12,0.62,63
兰州市,2021-09-05,47,优,325,20,52.0,38.0,10,0.6,55
兰州市,2021-09-06,39,优,277,16,34.0,37.0,12,0.65,68
兰州市,2021-09-07,55,良,352,22,59.0,51.0,15,0.8,62
兰州市,2021-09-08,57,良,343,22,61.0,48.0,18,0.77,70
兰州市,2021-09-09,53,良,295,21,53.0,41.0,16,0.7,83
兰州市,2021-09-10,58,良,293,22,64.0,56.0,22,0.88,66
兰州市,2021-09-11,50,优,233,20,49.0,33.0,9,0.55,75
兰州市,2021-09-12,40,优,183,17,38.0,20.0,7,0.5,79
兰州市,2021-09-13,39,优,209,16,38.0,20.0,7,0.52,66
兰州市,2021-09-14,25,优,61,11,24.0,24.0,7,0.55,61
兰州市,2021-09-15,22,优,38,10,16.0,24.0,5,0.5,67
兰州市,2021-09-16,30,优,148,14,27.0,37.0,7,0.53,53
兰州市,2021-09-17,43,优,230,15,41.0,38.0,8,0.6,54
兰州市,2021-09-18,30,优,117,15,30.0,32.0,8,0.5,57
兰州市,2021-09-19,34,优,188,16,34.0,35.0,8,0.48,59
兰州市,2021-09-20,52,良,349,20,55.0,46.0,11,0.8,51
兰州市,2021-09-21,62,良,361,28,73.0,59.0,17,0.95,54
兰州市,2021-09-22,46,优,248,20,46.0,37.0,9,0.55,60
兰州市,2021-09-23,50,优,253,20,51.0,42.0,11,0.79,59
兰州市,2021-09-24,42,优,245,20,42.0,28.0,14,0.52,61
兰州市,2021-09-25,42,优,291,19,42.0,40.0,9,0.63,41
兰州市,2021-09-26,54,良,318,23,60.0,38.0,10,0.53,56
兰州市,2021-09-27,62,良,318,28,74.0,58.0,11,0.97,35
兰州市,2021-09-28,66,良,310,32,82.0,61.0,14,1.16,43
兰州市,2021-09-29,65,良,331,29,80.0,66.0,16,0.95,42
兰州市,2021-09-30,65,良,331,29,79.0,57.0,16,0.99,54
兰州市,2021-10-01,64,良,309,28,77.0,60.0,18,0.95,53
兰州市,2021-10-02,58,良,253,24,67.0,52.0,20,0.9,43
兰州市,2021-10-03,59,良,290,26,71.0,26.0,8,0.53,55
兰州市,2021-10-04,44,优,272,22,45.0,20.0,8,0.52,62
兰州市,2021-10-05,46,优,291,26,45.0,23.0,8,0.57,57
兰州市,2021-10-06,48,优,304,30,51.0,35.0,8,0.83,46
兰州市,2021-10-07,60,良,348,36,70.0,49.0,12,0.96,45
兰州市,2021-10-08,44,优,291,22,45.0,28.0,7,0.69,58
兰州市,2021-10-09,72,良,336,32,95.0,17.0,7,0.39,57
兰州市,2021-10-10,45,优,286,19,46.0,28.0,7,0.52,51
兰州市,2021-10-11,36,优,262,19,35.0,32.0,7,0.62,47
兰州市,2021-10-12,36,优,222,19,37.0,24.0,6,0.55,37
兰州市,2021-10-13,82,良,355,38,113.0,33.0,9,0.45,58
兰州市,2021-10-14,65,良,315,36,80.0,39.0,10,0.59,52
兰州市,2021-10-15,52,良,299,28,57.0,34.0,6,0.54,56
兰州市,2021-10-16,54,良,332,33,57.0,47.0,6,0.62,30
兰州市,2021-10-17,56,良,334,32,63.0,52.0,8,0.76,30
兰州市,2021-10-18,59,良,299,30,68.0,46.0,10,0.67,38
兰州市,2021-10-19,60,良,299,33,70.0,56.0,8,0.77,20
兰州市,2021-10-20,52,良,288,34,54.0,41.0,11,0.65,41
兰州市,2021-10-21,56,良,271,34,62.0,46.0,8,0.63,41
兰州市,2021-10-22,58,良,248,37,65.0,45.0,8,0.7,45
兰州市,2021-10-23,55,良,232,35,58.0,38.0,7,0.7,42
兰州市,2021-10-24,55,良,205,36,60.0,41.0,9,0.85,32
兰州市,2021-10-25,47,优,122,28,49.0,31.0,8,0.6,42
兰州市,2021-10-26,57,良,189,31,64.0,25.0,10,0.6,64
兰州市,2021-10-27,60,良,217,42,67.0,40.0,17,0.81,37
兰州市,2021-10-28,62,良,208,41,73.0,46.0,11,0.88,38
兰州市,2021-10-29,62,良,200,38,74.0,53.0,12,0.92,47
兰州市,2021-10-30,59,良,172,37,69.0,47.0,13,0.88,40
兰州市,2021-10-31,54,良,185,28,59.0,40.0,14,0.65,52
兰州市,2021-11-01,48,优,156,28,50.0,42.0,11,0.8,32
兰州市,2021-11-02,51,良,149,30,53.0,40.0,10,0.7,42
兰州市,2021-11-03,58,良,182,34,65.0,53.0,15,0.98,34
兰州市,2021-11-04,66,良,216,46,77.0,58.0,15,1.13,25
兰州市,2021-11-05,124,轻度污染,322,60,154.0,50.0,15,1.05,37
兰州市,2021-11-06,90,良,307,33,130.0,12.0,6,0.26,61
兰州市,2021-11-07,64,良,351,28,79.0,36.0,11,0.65,50
兰州市,2021-11-08,63,良,351,39,75.0,54.0,19,0.89,32
兰州市,2021-11-09,58,良,322,35,64.0,61.0,19,0.9,32
兰州市,2021-11-10,58,良,315,35,66.0,48.0,18,0.78,39
兰州市,2021-11-11,51,良,206,24,55.0,41.0,13,0.6,47
兰州市,2021-11-12,68,良,292,39,84.0,68.0,16,0.99,31
兰州市,2021-11-13,73,良,266,49,94.0,71.0,25,1.16,26
兰州市,2021-11-14,71,良,231,43,91.0,63.0,22,0.97,30
兰州市,2021-11-15,81,良,258,50,111.0,71.0,26,1.13,28
兰州市,2021-11-16,99,良,279,71,139.0,85.0,30,1.5,14
兰州市,2021-11-17,106,轻度污染,282,71,160.0,90.0,26,1.58,20
兰州市,2021-11-18,87,良,242,57,122.0,87.0,21,1.68,22
兰州市,2021-11-19,86,良,269,43,122.0,54.0,20,0.98,32
兰州市,2021-11-20,96,良,311,39,143.0,40.0,14,0.58,41
兰州市,2021-11-21,72,良,272,31,95.0,37.0,18,0.58,41
兰州市,2021-11-22,77,良,337,45,103.0,65.0,20,0.98,21
兰州市,2021-11-23,102,轻度污染,360,69,152.0,89.0,23,1.46,16
兰州市,2021-11-24,101,轻度污染,351,71,149.0,90.5,29,1.58,16
兰州市,2021-11-25,93,良,308,64,131.0,90.5,30,1.51,19
兰州市,2021-11-26,92,良,278,65,128.0,90.5,34,1.61,13
兰州市,2021-11-27,100,良,301,71,142.0,90.5,32,1.73,18
兰州市,2021-11-28,75,良,244,43,101.0,56.0,18,1.04,26
兰州市,2021-11-29,84,良,283,36,118.0,39.0,12,0.69,47
兰州市,2021-11-30,85,良,359,52,122.0,71.0,16,1.18,13
兰州市,2021-12-01,86,良,357,59,121.0,71.0,24,1.3,15
兰州市,2021-12-02,85,良,350,57,117.0,79.0,30,1.44,14
兰州市,2021-12-03,100,良,347,72,141.0,90.5,35,1.74,15
兰州市,2021-12-04,92,良,319,68,127.0,88.0,32,1.56,15
兰州市,2021-12-05,98,良,293,70,130.0,90.5,31,1.7,18
兰州市,2021-12-06,87,良,259,63,119.0,88.0,35,1.58,16
兰州市,2021-12-07,81,良,273,52,116.0,71.0,32,1.33,7
兰州市,2021-12-08,100,良,306,64,148.0,76.0,22,1.44,13
兰州市,2021-12-09,86,良,219,57,121.0,78.0,23,1.34,18
兰州市,2021-12-10,64,良,112,37,79.0,72.0,17,1.14,17
兰州市,2021-12-11,48,优,89,24,49.0,30.0,12,0.5,52
兰州市,2021-12-12,55,良,194,36,64.0,50.0,12,0.84,35
兰州市,2021-12-13,85,良,326,60,109.0,74.0,19,1.29,14
兰州市,2021-12-14,80,良,239,58,103.0,70.0,25,1.26,19
兰州市,2021-12-15,67,良,134,45,83.0,63.0,21,1.05,23
兰州市,2021-12-16,69,良,192,30,88.0,46.0,13,0.6,42
兰州市,2021-12-17,62,良,291,34,75.0,66.0,18,0.88,22
兰州市,2021-12-18,77,良,350,51,103.0,77.0,30,1.31,12
兰州市,2021-12-19,90,良,340,64,121.0,86.0,35,1.6,10
兰州市,2021-12-20,103,轻度污染,352,76,141.0,90.5,30,2.01,11
兰州市,2021-12-21,104,轻度污染,300,73,150.0,90.5,32,2.6,11
兰州市,2021-12-22,81,良,207,48,113.0,76.0,34,2.52,15
兰州市,2021-12-23,74,良,171,43,98.0,74.0,29,2.12,17
兰州市,2021-12-24,70,良,211,38,89.0,58.0,26,1.82,26
兰州市,2021-12-25,61,良,266,33,73.0,30.0,20,0.68,45
兰州市,2021-12-26,58,良,287,37,65.0,38.0,18,0.78,40
兰州市,2021-12-27,80,良,296,58,97.0,62.0,26,1.69,18
兰州市,2021-12-28,91,良,295,67,113.0,67.0,25,2.14,16
兰州市,2021-12-29,95,良,317,69,121.0,78.0,28,2.61,11
兰州市,2021-12-30,110,轻度污染,327,83,140.0,83.0,27,2.68,17
兰州市,2021-12-31,75,良,184,51,95.0,72.0,26,1.28,22
兰州市,2022-01-01,107,轻度污染,275,79,140.0,83.0,28,2.36,13
兰州市,2022-01-02,102,轻度污染,245,77,133.0,82.0,27,2.38,14
兰州市,2022-01-03,87,良,177,63,114.0,79.0,31,1.88,15
兰州市,2022-01-04,97,良,200,71,124.0,87.0,26,2.37,13
兰州市,2022-01-05,107,轻度污染,249,80,132.0,86.0,27,2.55,16
兰州市,2022-01-06,110,轻度污染,250,82,135.0,85.0,27,2.54,25
兰州市,2022-01-07,100,良,222,75,116.0,67.0,19,1.83,18
兰州市,2022-01-08,103,轻度污染,215,77,113.0,62.0,23,1.51,33
兰州市,2022-01-09,124,轻度污染,257,85,154.0,63.0,23,1.79,35
兰州市,2022-01-10,75,良,180,46,101.0,48.0,16,1.02,53
兰州市,2022-01-11,86,良,241,60,117.0,74.0,24,1.68,20
兰州市,2022-01-12,61,良,132,32,72.0,53.0,18,1.16,40
兰州市,2022-01-13,68,良,182,38,86.0,66.0,18,1.5,21
兰州市,2022-01-14,73,良,167,48,94.0,71.0,23,1.88,22
兰州市,2022-01-15,69,良,116,46,88.0,75.0,26,1.63,19
兰州市,2022-01-16,81,良,195,56,107.0,85.0,28,1.9,17
兰州市,2022-01-17,81,良,223,47,112.0,78.0,24,1.68,21
兰州市,2022-01-18,89,良,217,60,125.0,90.0,29,2.77,17
兰州市,2022-01-19,87,良,204,62,120.0,90.5,28,2.7,17
兰州市,2022-01-20,81,良,204,58,103.0,74.0,18,1.65,22
兰州市,2022-01-21,87,良,230,63,105.0,67.0,20,1.68,26
兰州市,2022-01-22,83,良,223,61,93.0,65.0,18,1.37,22
兰州市,2022-01-23,78,良,219,57,88.0,57.0,20,1.53,32
兰州市,2022-01-24,83,良,209,61,96.0,52.0,16,1.28,44
兰州市,2022-01-25,89,良,195,66,99.0,59.0,15,1.59,30
兰州市,2022-01-26,86,良,237,63,99.0,35.0,13,1.07,57
兰州市,2022-01-27,62,良,214,43,68.0,31.0,11,0.85,67
兰州市,2022-01-28,52,良,206,33,56.0,46.0,11,1.07,50
兰州市,2022-01-29,61,良,232,42,66.0,55.0,17,1.47,40
兰州市,2022-01-30,58,良,185,32,66.0,40.0,14,0.96,53
兰州市,2022-01-31,73,良,207,44,77.0,39.0,18,0.99,52
兰州市,2022-02-01,106,轻度污染,253,80,116.0,45.0,24,1.38,44
兰州市,2022-02-02,66,良,288,45,72.0,48.0,20,1.57,43
兰州市,2022-02-03,63,良,257,43,72.0,36.0,19,1.27,54
兰州市,2022-02-04,56,良,226,35,63.0,33.0,23,1.21,64
兰州市,2022-02-05,53,良,226,31,56.0,19.0,15,0.79,72
兰州市,2022-02-06,55,良,233,39,50.0,24.0,19,0.85,67
兰州市,2022-02-07,64,良,298,46,55.0,26.0,17,0.92,89
兰州市,2022-02-08,80,良,295,58,72.0,37.0,18,1.43,72
兰州市,2022-02-09,78,良,247,57,78.0,53.0,17,1.57,53
兰州市,2022-02-10,85,良,248,63,82.0,52.0,16,1.4,50
兰州市,2022-02-11,60,良,172,42,58.0,40.0,12,1.01,59
兰州市,2022-02-12,58,良,177,30,66.0,36.0,10,0.96,62
兰州市,2022-02-13,64,良,194,36,77.0,41.0,13,0.94,52
兰州市,2022-02-14,56,良,181,30,64.0,37.0,14,0.8,52
兰州市,2022-02-15,99,良,298,71,107.0,55.0,28,1.21,36
兰州市,2022-02-16,79,良,251,54,93.0,46.0,23,1.38,41
兰州市,2022-02-17,57,良,256,31,65.0,29.0,15,0.96,69
兰州市,2022-02-18,41,优,187,20,43.0,14.0,8,0.49,73
兰州市,2022-02-19,42,优,194,21,42.0,30.0,11,0.7,55
兰州市,2022-02-20,52,良,236,27,56.0,39.0,16,0.9,46
兰州市,2022-02-21,44,优,173,23,45.0,32.0,13,0.81,59
兰州市,2022-02-22,54,良,240,28,60.0,44.0,13,0.89,52
兰州市,2022-02-23,57,良,228,34,65.0,50.0,17,0.96,50
兰州市,2022-02-24,61,良,188,37,72.0,60.0,18,1.11,42
兰州市,2022-02-25,58,良,149,35,68.0,57.0,17,1.08,40
兰州市,2022-02-26,91,良,299,42,132.0,59.0,19,1.15,38
兰州市,2022-02-27,68,良,175,38,87.0,55.0,21,1.05,40
兰州市,2022-02-28,91,良,248,35,133.0,24.0,9,0.7,74
兰州市,2022-03-01,103,轻度污染,288,43,157.0,47.0,13,1.0,46
兰州市,2022-03-02,76,良,222,38,103.0,58.0,17,1.14,43
兰州市,2022-03-03,72,良,166,36,94.0,53.0,17,1.01,50
兰州市,2022-03-04,69,良,144,30,87.0,35.0,12,0.76,71
兰州市,2022-03-05,81,良,230,38,112.0,59.0,18,0.98,46
兰州市,2022-03-06,75,良,252,37,101.0,56.0,15,0.96,50
兰州市,2022-03-07,101,轻度污染,312,45,152.0,77.0,21,1.37,35
兰州市,2022-03-08,84,良,238,43,118.0,63.0,19,1.37,49
兰州市,2022-03-09,117,轻度污染,293,55,185.0,59.0,14,1.09,58
兰州市,2022-03-10,101,轻度污染,288,52,153.0,77.0,23,1.46,43
兰州市,2022-03-11,111,轻度污染,289,49,171.0,51.0,17,1.1,64
兰州市,2022-03-12,141,轻度污染,326,66,214.5,59.0,19,1.15,54
兰州市,2022-03-13,141,轻度污染,331,72,214.5,52.0,24,1.1,52
兰州市,2022-03-14,141,轻度污染,293,91,214.5,55.0,15,1.05,56
兰州市,2022-03-15,101,轻度污染,247,44,152.0,39.0,9,0.82,62
兰州市,2022-03-16,82,良,240,35,114.0,47.0,16,0.9,51
兰州市,2022-03-17,141,轻度污染,331,79,214.5,23.0,11,0.68,74
兰州市,2022-03-18,111,轻度污染,325,43,173.0,29.0,11,0.63,64
兰州市,2022-03-19,78,良,303,28,105.0,24.0,15,0.67,71
兰州市,2022-03-20,58,良,245,19,66.0,14.0,10,0.71,90
兰州市,2022-03-21,50,优,223,21,53.0,17.0,8,0.8,80
兰州市,2022-03-22,51,良,233,23,57.0,21.0,8,0.61,73
兰州市,2022-03-23,73,良,278,32,95.0,43.0,16,1.0,55
兰州市,2022-03-24,141,轻度污染,326,53,214.5,30.0,12,0.64,58
兰州市,2022-03-25,72,良,256,32,94.0,12.0,10,0.47,87
兰州市,2022-03-26,50,优,173,25,51.0,21.0,13,0.53,88
兰州市,2022-03-27,51,良,192,22,54.0,28.0,12,0.55,76
兰州市,2022-03-28,79,良,288,36,108.0,43.0,12,0.75,59
兰州市,2022-03-29,92,良,317,41,134.0,13.0,9,0.48,88
兰州市,2022-03-30,68,良,258,28,86.0,31.0,14,0.62,66
兰州市,2022-03-31,54,良,264,21,58.0,28.0,9,0.56,79
兰州市,2022-04-01,54,良,262,22,60.0,26.0,10,0.52,82
兰州市,2022-04-02,62,良,294,26,74.0,39.0,14,0.69,70
兰州市,2022-04-03,63,良,249,29,77.0,42.0,14,0.68,63
兰州市,2022-04-04,61,良,220,29,71.0,28.0,12,0.69,74
兰州市,2022-04-05,90,良,326,39,129.0,42.0,15,0.71,67
兰州市,2022-04-06,77,良,285,32,104.0,43.0,15,0.73,67
兰州市,2022-04-07,73,良,264,31,97.0,45.0,18,0.78,63
兰州市,2022-04-08,73,良,210,29,96.0,43.0,15,0.7,61
兰州市,2022-04-09,82,良,275,34,115.0,51.0,19,0.82,54
兰州市,2022-04-10,77,良,262,32,104.0,51.0,19,0.79,49
兰州市,2022-04-11,141,轻度污染,328,89,214.5,15.0,7,0.45,75
兰州市,2022-04-12,122,轻度污染,323,50,193.0,28.0,13,0.63,61
兰州市,2022-04-13,104,轻度污染,328,42,157.0,18.0,11,0.53,82
兰州市,2022-04-14,42,优,163,24,42.0,12.0,8,0.49,85
兰州市,2022-04-15,31,优,87,16,30.0,17.0,6,0.6,57
兰州市,2022-04-16,41,优,146,20,46.0,17.0,7,0.61,73
兰州市,2022-04-17,118,轻度污染,327,46,163.0,14.0,8,0.48,89
兰州市,2022-04-18,82,良,295,37,114.0,19.0,9,0.54,87
兰州市,2022-04-19,61,良,198,26,74.0,33.0,9,0.6,69
兰州市,2022-04-20,65,良,194,29,82.0,49.0,12,0.93,61
兰州市,2022-04-21,121,轻度污染,312,59,187.0,36.0,14,0.71,58
兰州市,2022-04-22,141,轻度污染,336,68,214.5,37.0,12,0.69,68
兰州市,2022-04-23,98,良,322,50,146.0,26.0,10,0.73,91
兰州市,2022-04-24,53,良,213,30,58.0,15.0,9,0.59,102
兰州市,2022-04-25,64,良,256,31,79.0,36.0,13,0.83,75
兰州市,2022-04-26,65,良,235,29,81.0,37.0,18,0.89,78
兰州市,2022-04-27,141,轻度污染,331,91,214.5,14.0,7,0.55,78
兰州市,2022-04-28,130,轻度污染,334,77,209.0,27.0,10,0.78,67
兰州市,2022-04-29,60,良,261,38,74.0,17.0,7,0.54,76
兰州市,2022-04-30,54,良,259,26,60.0,12.0,6,0.4,83
兰州市,2022-05-01,52,良,238,27,57.0,31.0,8,0.68,64
兰州市,2022-05-02,46,优,183,24,43.0,24.0,11,0.58,88
兰州市,2022-05-03,53,良,205,23,55.0,47.0,12,0.71,68
兰州市,2022-05-04,56,良,193,21,60.0,54.0,11,0.83,61
兰州市,2022-05-05,61,良,208,24,69.0,52.0,13,0.78,66
兰州市,2022-05-06,141,轻度污染,330,90,214.5,31.0,10,0.64,86
兰州市,2022-05-07,76,良,289,34,102.0,24.0,10,0.6,107
兰州市,2022-05-08,75,良,314,39,104.0,15.0,9,0.45,90
兰州市,2022-05-09,53,良,277,29,57.0,32.0,9,0.68,66
兰州市,2022-05-10,88,良,323,45,125.0,38.0,12,0.58,66
兰州市,2022-05-11,51,良,231,26,56.0,18.0,8,0.5,96
兰州市,2022-05-12,74,良,314,32,98.0,35.0,13,0.61,65
兰州市,2022-05-13,47,优,269,26,48.0,15.0,8,0.55,72
兰州市,2022-05-14,41,优,211,27,40.0,22.0,6,0.5,68
兰州市,2022-05-15,50,优,270,29,52.0,32.0,10,0.58,67
兰州市,2022-05-16,47,优,237,23,44.0,28.0,9,0.47,92
兰州市,2022-05-17,56,良,239,22,62.0,46.0,12,0.63,76
兰州市,2022-05-18,42,优,114,21,42.0,21.0,7,0.51,82
兰州市,2022-05-19,56,良,220,26,63.0,41.0,12,0.74,70
兰州市,2022-05-20,62,良,270,29,75.0,39.0,17,0.65,79
兰州市,2022-05-21,50,优,181,23,53.0,31.0,9,0.57,78
兰州市,2022-05-22,56,良,234,23,61.0,36.0,12,0.67,79
兰州市,2022-05-23,52,良,209,22,55.0,35.0,12,0.56,79
兰州市,2022-05-24,48,优,193,19,49.0,19.0,6,0.45,90
兰州市,2022-05-25,33,优,146,17,32.0,16.0,7,0.51,77
兰州市,2022-05-26,47,优,247,21,48.0,46.0,12,0.9,71
兰州市,2022-05-27,58,良,250,25,63.0,49.0,12,0.74,85
兰州市,2022-05-28,55,良,228,21,54.0,39.0,11,0.73,94
兰州市,2022-05-29,86,良,318,40,120.0,17.0,6,0.43,97
兰州市,2022-05-30,50,优,251,22,50.0,36.0,11,0.62,78
兰州市,2022-05-31,56,良,247,24,64.0,36.0,13,0.63,82
兰州市,2022-06-01,59,良,257,22,69.0,35.0,13,0.66,87
兰州市,2022-06-02,50,优,207,18,54.0,16.0,7,0.48,110
兰州市,2022-06-03,45,优,215,23,50.0,25.0,8,0.49,73
兰州市,2022-06-04,41,优,256,20,43.0,26.0,8,0.5,76
兰州市,2022-06-05,57,良,287,24,62.0,37.0,10,0.67,81
兰州市,2022-06-06,44,优,198,19,42.0,24.0,9,0.54,104
兰州市,2022-06-07,56,良,256,25,62.0,28.0,9,0.53,95
兰州市,2022-06-08,64,良,279,30,78.0,36.0,13,0.65,88
兰州市,2022-06-09,46,优,208,20,46.0,15.0,10,0.43,115
兰州市,2022-06-10,44,优,221,17,37.0,19.0,11,0.47,112
兰州市,2022-06-11,56,良,272,25,64.0,29.0,12,0.53,82
兰州市,2022-06-12,54,良,303,25,58.0,29.0,12,0.6,86
兰州市,2022-06-13,52,良,290,20,52.0,30.0,15,0.54,90
兰州市,2022-06-14,63,良,330,18,57.0,51.0,16,0.69,86
兰州市,2022-06-15,62,良,273,18,56.0,46.0,14,0.65,101
兰州市,2022-06-16,56,良,247,17,44.0,30.0,8,0.55,116
兰州市,2022-06-17,54,良,245,19,44.0,17.0,7,0.45,121
兰州市,2022-06-18,44,优,199,18,41.0,19.0,6,0.51,109
兰州市,2022-06-19,40,优,196,16,36.0,20.0,7,0.5,96
兰州市,2022-06-20,39,优,199,17,39.0,14.0,6,0.48,89
兰州市,2022-06-21,64,良,297,34,78.0,13.0,11,0.48,92
兰州市,2022-06-22,39,优,222,16,33.0,20.0,9,0.5,103
兰州市,2022-06-23,48,优,291,14,41.0,34.0,11,0.65,87
兰州市,2022-06-24,46,优,262,14,39.0,24.0,7,0.5,110
兰州市,2022-06-25,38,优,207,16,37.0,19.0,8,0.57,89
兰州市,2022-06-26,37,优,208,18,32.0,17.0,6,0.48,109
兰州市,2022-06-27,36,优,252,17,35.0,26.0,7,0.55,83
兰州市,2022-06-28,45,优,288,17,44.0,33.0,11,0.53,82
兰州市,2022-06-29,54,良,313,19,51.0,44.0,11,0.66,84
兰州市,2022-06-30,57,良,313,22,55.0,43.0,15,0.62,89
兰州市,2022-07-01,48,优,266,19,47.0,31.0,12,0.6,95
兰州市,2022-07-02,45,优,267,17,31.0,25.0,7,0.5,109
兰州市,2022-07-03,61,良,327,19,48.0,35.0,13,0.58,109
兰州市,2022-07-04,45,优,281,18,38.0,20.0,11,0.47,117
兰州市,2022-07-05,50,优,307,19,39.0,30.0,11,0.48,99
兰州市,2022-07-06,72,良,327,24,62.0,51.0,16,0.66,100
兰州市,2022-07-07,83,良,321,35,102.0,33.0,9,0.51,107
兰州市,2022-07-08,88,良,330,45,120.0,33.0,12,0.55,97
兰州市,2022-07-09,50,优,250,26,49.0,17.0,9,0.5,119
兰州市,2022-07-10,48,优,290,24,47.0,21.0,11,0.5,96
兰州市,2022-07-11,38,优,213,20,32.0,16.0,7,0.53,97
兰州市,2022-07-12,46,优,288,21,46.0,29.0,10,0.68,73
兰州市,2022-07-13,52,良,309,23,52.0,27.0,12,0.66,94
兰州市,2022-07-14,41,优,208,18,37.0,17.0,10,0.57,96
兰州市,2022-07-15,29,优,100,18,23.0,11.0,6,0.55,78
兰州市,2022-07-16,29,优,119,12,21.0,15.0,10,0.47,85
兰州市,2022-07-17,35,优,195,14,33.0,22.0,9,0.49,77
兰州市,2022-07-18,38,优,225,18,36.0,22.0,13,0.6,79
兰州市,2022-07-19,35,优,206,17,34.0,14.0,7,0.5,96
兰州市,2022-07-20,54,良,324,19,48.0,25.0,12,0.59,98
兰州市,2022-07-21,48,优,273,20,52.0,15.0,8,0.45,77
兰州市,2022-07-22,35,优,200,15,20.0,13.0,7,0.55,102
兰州市,2022-07-23,46,优,293,18,35.0,22.0,13,0.59,102
兰州市,2022-07-24,48,优,257,18,38.0,21.0,14,0.56,102
兰州市,2022-07-25,40,优,145,15,31.0,19.0,11,0.58,97
兰州市,2022-07-26,70,良,324,32,96.0,11.0,7,0.43,94
兰州市,2022-07-27,39,优,195,15,29.0,10.0,6,0.44,113
兰州市,2022-07-28,59,良,315,20,46.0,24.0,16,0.57,104
兰州市,2022-07-29,52,良,297,16,35.0,18.0,12,0.56,118
兰州市,2022-07-30,39,优,192,15,34.0,14.0,9,0.49,98
兰州市,2022-07-31,40,优,189,17,37.0,11.0,12,0.51,99
兰州市,2022-08-01,32,优,100,17,26.0,12.0,8,0.56,96
兰州市,2022-08-02,35,优,106,20,32.0,16.0,7,0.63,83
兰州市,2022-08-03,35,优,128,18,31.0,10.0,6,0.48,93
兰州市,2022-08-04,31,优,123,15,29.0,17.0,10,0.57,76
兰州市,2022-08-05,43,优,245,19,35.0,23.0,11,0.65,88
兰州市,2022-08-06,44,优,273,16,37.0,19.0,8,0.56,91
兰州市,2022-08-07,44,优,288,19,45.0,13.0,7,0.51,87
兰州市,2022-08-08,45,优,297,19,42.0,13.0,9,0.53,92
兰州市,2022-08-09,47,优,308,23,48.0,18.0,14,0.63,105
兰州市,2022-08-10,39,优,258,20,39.0,12.0,10,0.63,94
兰州市,2022-08-11,38,优,201,19,34.0,16.0,7,0.59,92
兰州市,2022-08-12,41,优,219,19,37.0,17.0,6,0.53,97
兰州市,2022-08-13,46,优,275,19,41.0,15.0,7,0.6,102
兰州市,2022-08-14,35,优,180,17,33.0,15.0,6,0.5,81
兰州市,2022-08-15,43,优,266,22,43.0,28.0,11,0.64,71
兰州市,2022-08-16,54,良,315,21,50.0,39.0,7,0.65,80
兰州市,2022-08-17,48,优,282,22,49.0,34.0,7,0.7,67
兰州市,2022-08-18,47,优,265,22,48.0,19.0,5,0.56,87
兰州市,2022-08-19,60,良,317,23,70.0,27.0,9,0.6,84
兰州市,2022-08-20,49,优,286,19,49.0,29.0,7,0.61,69
兰州市,2022-08-21,41,优,219,23,41.0,19.0,7,0.63,76
兰州市,2022-08-22,40,优,265,19,39.0,17.0,6,0.59,86
兰州市,2022-08-23,43,优,278,22,43.0,23.0,6,0.66,59
兰州市,2022-08-24,32,优,141,17,32.0,16.0,7,0.57,74
兰州市,2022-08-25,31,优,137,15,25.0,18.0,7,0.57,77
兰州市,2022-08-26,32,优,186,13,32.0,25.0,9,0.52,49
兰州市,2022-08-27,22,优,67,11,21.0,14.0,6,0.53,57
兰州市,2022-08-28,45,优,306,25,46.0,16.0,8,0.47,67
兰州市,2022-08-29,48,优,309,21,52.0,32.0,8,0.44,42
兰州市,2022-08-30,45,优,285,24,45.0,35.0,9,0.47,58
兰州市,2022-08-31,53,良,306,26,59.0,45.0,10,0.51,46
兰州市,2022-09-01,48,优,276,21,49.0,36.0,11,0.47,63
兰州市,2022-09-02,42,优,228,19,42.0,30.0,6,0.45,63
兰州市,2022-09-03,35,优,147,18,30.0,21.0,8,0.43,82
兰州市,2022-09-04,45,优,235,19,47.0,43.0,10,0.46,55
兰州市,2022-09-05,50,优,230,22,49.0,43.0,12,0.48,63
兰州市,2022-09-06,55,良,208,24,58.0,53.0,10,0.54,61
兰州市,2022-09-07,55,良,208,24,62.0,43.0,18,0.6,76
兰州市,2022-09-08,43,优,133,19,40.0,36.0,7,0.53,86
兰州市,2022-09-09,54,良,198,23,54.0,49.0,9,0.56,72
兰州市,2022-09-10,63,良,270,25,63.0,47.0,17,0.64,82
兰州市,2022-09-11,66,良,296,26,63.0,46.0,14,0.63,93
兰州市,2022-09-12,51,良,176,23,53.0,32.0,14,0.58,78
兰州市,2022-09-13,45,优,153,22,46.0,22.0,6,0.56,77
兰州市,2022-09-14,35,优,116,15,29.0,14.0,5,0.54,97
兰州市,2022-09-15,41,优,180,19,41.0,21.0,6,0.58,78
兰州市,2022-09-16,42,优,168,24,42.0,17.0,7,0.57,80
兰州市,2022-09-17,44,优,140,22,44.0,29.0,7,0.58,77
兰州市,2022-09-18,49,优,172,24,49.0,37.0,7,0.61,40
兰州市,2022-09-19,41,优,144,19,42.0,27.0,6,0.48,62
兰州市,2022-09-20,41,优,189,17,40.0,27.0,10,0.45,76
兰州市,2022-09-21,55,良,269,22,59.0,45.0,10,0.53,62
兰州市,2022-09-22,68,良,324,26,87.0,30.0,7,0.44,80
兰州市,2022-09-23,60,良,273,23,70.0,34.0,7,0.43,58
兰州市,2022-09-24,52,良,212,22,56.0,36.0,9,0.49,66
兰州市,2022-09-25,59,良,229,27,69.0,40.0,18,0.59,64
兰州市,2022-09-26,51,良,167,24,55.0,41.0,15,0.62,59
兰州市,2022-09-27,60,良,218,30,72.0,47.0,15,0.76,48
兰州市,2022-09-28,57,良,222,27,67.0,47.0,10,0.64,49
兰州市,2022-09-29,65,良,250,28,79.0,50.0,22,0.78,49
兰州市,2022-09-30,66,良,252,31,83.0,60.0,21,0.85,46
兰州市,2022-10-01,55,良,245,25,60.0,43.0,11,0.67,56
兰州市,2022-10-02,60,良,299,24,70.0,20.0,10,0.44,62
兰州市,2022-10-03,55,良,301,23,61.0,12.0,8,0.33,77
兰州市,2022-10-04,66,良,327,29,82.0,26.0,8,0.42,58
兰州市,2022-10-05,43,优,293,28,43.0,15.0,7,0.49,61
兰州市,2022-10-06,53,良,314,30,56.0,24.0,8,0.46,61
兰州市,2022-10-07,53,良,275,26,57.0,33.0,8,0.43,52
兰州市,2022-10-08,63,良,293,27,78.0,18.0,7,0.36,72
兰州市,2022-10-09,62,良,321,26,75.0,20.0,8,0.37,63
兰州市,2022-10-10,64,良,326,29,79.0,45.0,10,0.56,37
兰州市,2022-10-11,57,良,303,30,65.0,31.0,8,0.48,43
兰州市,2022-10-12,45,优,153,25,47.0,26.0,9,0.49,52
兰州市,2022-10-13,48,优,142,25,50.0,27.0,12,0.43,87
兰州市,2022-10-14,92,良,295,44,134.0,46.0,17,0.64,52
兰州市,2022-10-15,70,良,236,37,90.0,51.0,11,0.66,49
兰州市,2022-10-16,65,良,247,32,80.0,44.0,18,0.63,55
兰州市,2022-10-17,67,良,284,34,83.0,54.0,22,0.73,48
兰州市,2022-10-18,72,良,301,41,95.0,61.0,18,0.89,47
兰州市,2022-10-19,65,良,249,37,80.0,50.0,8,0.8,56
兰州市,2022-10-20,62,良,213,43,69.0,38.0,11,0.78,56
兰州市,2022-10-21,67,良,216,41,82.0,45.0,18,0.85,50
兰州市,2022-10-22,63,良,188,34,77.0,47.0,18,0.75,55
兰州市,2022-10-23,67,良,204,40,84.0,48.0,18,0.8,58
兰州市,2022-10-24,65,良,202,45,78.0,47.0,19,0.89,62
兰州市,2022-10-25,52,良,153,36,53.0,29.0,9,0.7,60
兰州市,2022-10-26,44,优,137,28,43.0,31.0,8,0.71,36
兰州市,2022-10-27,42,优,182,29,38.0,24.0,14,0.78,46
兰州市,2022-10-28,30,优,101,19,29.0,14.0,7,0.6,61
兰州市,2022-10-29,60,良,255,33,69.0,23.0,13,0.68,59
兰州市,2022-10-30,59,良,224,35,68.0,26.0,10,0.78,56
兰州市,2022-10-31,57,良,210,29,65.0,25.0,9,0.69,67
兰州市,2022-11-01,58,良,237,37,67.0,42.0,15,1.0,46
兰州市,2022-11-02,58,良,234,33,65.0,31.0,15,0.82,61
兰州市,2022-11-03,57,良,226,27,64.0,27.0,11,0.73,61
兰州市,2022-11-04,49,优,212,28,51.0,31.0,10,0.91,49
兰州市,2022-11-05,55,良,187,35,60.0,41.0,10,0.91,40
兰州市,2022-11-06,61,良,186,43,68.0,42.0,15,0.96,46
兰州市,2022-11-07,57,良,167,37,64.0,45.0,17,1.0,44
兰州市,2022-11-08,63,良,187,44,68.0,48.0,19,1.13,42
兰州市,2022-11-09,76,良,222,54,94.0,52.0,22,1.16,57
兰州市,2022-11-10,82,良,231,56,101.0,46.0,22,1.23,56
兰州市,2022-11-11,55,良,174,26,61.0,18.0,11,1.01,82
兰州市,2022-11-12,51,良,250,29,54.0,30.0,12,0.94,55
兰州市,2022-11-13,61,良,305,41,72.0,42.0,21,1.01,43
兰州市,2022-11-14,66,良,289,44,77.0,47.0,20,1.02,49
兰州市,2022-11-15,69,良,246,50,83.0,57.0,29,1.13,37
兰州市,2022-11-16,78,良,256,56,98.0,66.0,30,1.33,36
兰州市,2022-11-17,66,良,209,45,77.0,53.0,27,1.27,39
兰州市,2022-11-18,92,良,281,36,135.0,37.0,18,1.03,60
兰州市,2022-11-19,90,良,282,51,130.0,64.0,26,1.3,29
兰州市,2022-11-20,89,良,290,52,126.0,50.0,22,1.33,39
兰州市,2022-11-21,78,良,287,36,106.0,49.0,16,1.05,39
兰州市,2022-11-22,79,良,316,50,109.0,64.0,22,1.29,34
兰州市,2022-11-23,81,良,294,58,109.0,71.0,30,1.47,34
兰州市,2022-11-24,74,良,259,48,98.0,58.0,25,1.25,41
兰州市,2022-11-25,73,良,262,35,97.0,49.0,22,1.07,36
兰州市,2022-11-26,78,良,291,46,103.0,63.0,27,1.39,34
兰州市,2022-11-27,141,轻度污染,329,58,214.5,42.0,20,1.04,44
兰州市,2022-11-28,105,轻度污染,297,34,150.0,12.0,8,0.53,65
兰州市,2022-11-29,90,良,314,28,131.0,13.0,9,0.55,60
兰州市,2022-11-30,79,良,323,30,109.0,28.0,25,0.75,36
兰州市,2022-12-01,87,良,322,44,124.0,46.0,24,1.08,29
兰州市,2022-12-02,95,良,311,58,139.0,58.0,26,1.32,25
兰州市,2022-12-03,129,轻度污染,315,60,207.0,40.0,18,0.88,40
兰州市,2022-12-04,131,轻度污染,323,66,211.0,51.0,33,1.09,25
兰州市,2022-12-05,116,轻度污染,315,69,178.0,62.0,20,1.28,23
兰州市,2022-12-06,111,轻度污染,300,79,171.0,71.0,27,1.38,23
兰州市,2022-12-07,102,轻度污染,279,74,148.0,56.0,27,1.18,35
兰州市,2022-12-08,90,良,230,55,129.0,56.0,19,0.91,38
兰州市,2022-12-09,96,良,223,67,139.0,60.0,25,1.12,36
兰州市,2022-12-10,80,良,211,40,110.0,44.0,19,0.72,52
兰州市,2022-12-11,133,轻度污染,310,60,214.5,40.0,21,0.67,39
兰州市,2022-12-12,141,轻度污染,304,72,214.5,45.0,17,0.77,31
兰州市,2022-12-13,134,轻度污染,311,65,214.5,53.0,24,0.95,25
兰州市,2022-12-14,94,良,299,53,138.0,63.0,27,1.09,20
兰州市,2022-12-15,109,轻度污染,303,57,167.0,52.0,27,1.08,35
兰州市,2022-12-16,58,良,183,27,70.0,16.0,12,0.42,72
兰州市,2022-12-17,128,轻度污染,333,48,205.0,41.0,14,0.73,38
兰州市,2022-12-18,101,轻度污染,328,66,148.0,73.0,24,1.37,18
兰州市,2022-12-19,98,良,298,68,139.0,71.0,27,1.39,20
兰州市,2022-12-20,119,轻度污染,289,59,187.0,64.0,24,1.08,24
兰州市,2022-12-21,107,轻度污染,285,67,163.0,75.0,32,2.23,20
兰州市,2022-12-22,88,良,291,63,120.0,79.0,38,2.25,20
兰州市,2022-12-23,99,良,301,74,125.0,83.0,38,2.23,21
兰州市,2022-12-24,141,轻度污染,328,76,214.5,65.0,34,1.93,32
兰州市,2022-12-25,61,良,149,28,72.0,31.0,14,0.68,60
兰州市,2022-12-26,71,良,185,45,91.0,60.0,33,1.35,26
兰州市,2022-12-27,59,良,121,38,68.0,53.0,22,0.93,33
兰州市,2022-12-28,79,良,209,57,98.0,62.0,35,1.55,23
兰州市,2022-12-29,77,良,209,55,93.0,67.0,33,2.11,23
兰州市,2022-12-30,99,良,248,74,121.0,76.0,37,2.78,18
兰州市,2022-12-31,122,轻度污染,256,91,141.0,84.0,38,2.6,15
兰州市,2023-01-01,106,轻度污染,221,79,119.0,71.0,38,1.83,25
兰州市,2023-01-02,80,良,194,57,93.0,67.0,30,1.7,20
兰州市,2023-01-03,98,良,230,73,110.0,69.0,37,1.88,24
兰州市,2023-01-04,104,轻度污染,222,78,112.0,71.0,25,1.64,23
兰州市,2023-01-05,141,轻度污染,271,82,214.5,64.0,32,1.57,26
兰州市,2023-01-06,141,轻度污染,259,75,214.5,77.0,30,1.93,17
兰州市,2023-01-07,109,轻度污染,215,74,165.0,88.0,33,2.6,15
兰州市,2023-01-08,94,良,196,66,129.0,80.0,38,2.32,20
兰州市,2023-01-09,102,轻度污染,220,76,137.0,81.0,38,2.34,19
兰州市,2023-01-10,118,轻度污染,262,89,150.0,90.5,38,2.5,22
兰州市,2023-01-11,115,轻度污染,231,81,165.0,79.0,34,1.78,26
兰州市,2023-01-12,141,轻度污染,297,91,214.5,66.0,29,1.76,36
兰州市,2023-01-13,141,轻度污染,326,91,214.5,14.0,11,0.55,70
兰州市,2023-01-14,78,良,287,29,105.0,16.0,12,0.55,63
兰州市,2023-01-15,78,良,308,38,107.0,35.0,15,0.87,39
兰州市,2023-01-16,96,良,311,48,143.0,33.0,19,0.82,45
兰州市,2023-01-17,99,良,277,53,149.0,43.0,17,0.94,32
兰州市,2023-01-18,102,轻度污染,248,70,151.0,56.0,25,1.4,27
兰州市,2023-01-19,100,良,250,74,139.0,61.0,30,1.68,28
兰州市,2023-01-20,87,良,245,62,117.0,61.0,28,1.59,32
兰州市,2023-01-21,115,轻度污染,256,88,140.0,58.0,38,1.7,28
兰州市,2023-01-22,141,轻度污染,215,91,183.0,40.0,36,1.34,45
兰州市,2023-01-23,85,良,214,39,120.0,10.0,10,0.48,74
兰州市,2023-01-24,80,良,280,40,109.0,37.0,16,1.02,44
兰州市,2023-01-25,80,良,290,48,109.0,40.0,19,1.1,39
兰州市,2023-01-26,79,良,209,32,107.0,15.0,12,0.41,76
兰州市,2023-01-27,98,良,297,45,146.0,34.0,13,0.87,48
兰州市,2023-01-28,93,良,312,54,135.0,55.0,24,1.47,27
兰州市,2023-01-29,95,良,294,64,138.0,70.0,28,2.03,28
兰州市,2023-01-30,110,轻度污染,296,82,150.0,87.0,30,2.19,31
兰州市,2023-01-31,97,良,228,69,132.0,67.0,38,1.69,40
兰州市,2023-02-01,61,良,114,34,73.0,50.0,28,0.91,38
兰州市,2023-02-02,78,良,253,45,107.0,56.0,29,1.13,35
兰州市,2023-02-03,79,良,261,49,109.0,61.0,29,1.31,37
兰州市,2023-02-04,77,良,201,52,99.0,69.0,29,1.45,35
兰州市,2023-02-05,88,良,181,64,116.0,58.0,28,1.44,48
兰州市,2023-02-06,71,良,159,45,91.0,53.0,22,1.06,52
兰州市,2023-02-07,80,良,206,56,106.0,74.0,29,1.54,30
兰州市,2023-02-08,68,良,174,48,81.0,32.0,11,0.78,66
兰州市,2023-02-09,85,良,274,63,98.0,57.0,11,1.58,37
兰州市,2023-02-10,100,良,273,74,114.0,69.0,12,1.52,31
兰州市,2023-02-11,101,轻度污染,277,66,127.0,56.0,15,1.31,26
兰州市,2023-02-12,71,良,250,32,91.0,28.0,10,0.6,63
兰州市,2023-02-13,55,良,257,29,60.0,21.0,9,0.59,71
兰州市,2023-02-14,78,良,313,57,86.0,50.0,14,1.39,50
兰州市,2023-02-15,123,轻度污染,328,91,126.0,69.0,10,1.73,30
兰州市,2023-02-16,123,轻度污染,315,91,123.0,68.0,12,1.55,42
兰州市,2023-02-17,123,轻度污染,289,91,125.0,72.0,19,1.6,22
兰州市,2023-02-18,58,良,118,34,63.0,29.0,8,0.63,74
兰州市,2023-02-19,74,良,237,48,97.0,69.0,13,1.49,33
兰州市,2023-02-20,89,良,273,66,104.0,72.0,16,1.53,33
兰州市,2023-02-21,88,良,309,65,96.0,64.0,13,1.21,33
兰州市,2023-02-22,64,良,222,44,74.0,56.0,12,0.9,51
兰州市,2023-02-23,66,良,177,43,80.0,53.0,12,0.93,50
兰州市,2023-02-24,107,轻度污染,302,48,164.0,50.0,12,0.96,49
兰州市,2023-02-25,86,良,275,48,122.0,55.0,15,1.06,45
兰州市,2023-02-26,67,良,199,48,81.0,41.0,8,1.03,49
兰州市,2023-02-27,65,良,144,44,72.0,34.0,12,0.83,57
兰州市,2023-02-28,77,良,190,33,104.0,23.0,10,0.63,79
兰州市,2023-03-01,63,良,141,32,77.0,44.0,12,0.9,49
兰州市,2023-03-01,63,良,140,32,77.0,44.0,12,0.9,49
兰州市,2023-03-02,66,良,146,41,83.0,49.0,18,0.99,46
兰州市,2023-03-03,61,良,112,37,72.0,44.0,16,0.77,55
兰州市,2023-03-04,72,良,173,46,94.0,63.0,20,1.18,41
兰州市,2023-03-05,70,良,158,44,90.0,56.0,25,1.12,47
兰州市,2023-03-06,69,良,161,39,88.0,60.0,25,1.05,45
兰州市,2023-03-07,80,良,219,51,108.0,73.0,31,1.21,25
兰州市,2023-03-08,80,良,210,51,109.0,62.0,25,1.25,42
兰州市,2023-03-09,78,良,202,46,106.0,66.0,23,1.22,42
兰州市,2023-03-10,141,轻度污染,301,64,214.5,50.0,16,0.92,50
兰州市,2023-03-11,81,良,214,30,114.0,14.0,7,0.35,85
兰州市,2023-03-12,93,良,257,43,137.0,41.0,13,0.85,56
兰州市,2023-03-13,76,良,210,40,103.0,67.0,16,1.33,41
兰州市,2023-03-14,105,轻度污染,300,43,160.0,38.0,13,0.96,52
兰州市,2023-03-15,109,轻度污染,269,43,168.0,30.0,9,0.6,58
兰州市,2023-03-16,118,轻度污染,325,51,182.0,38.0,20,0.77,56
兰州市,2023-03-17,110,轻度污染,320,54,170.0,22.0,14,0.59,81
兰州市,2023-03-18,105,轻度污染,326,50,161.0,32.0,15,0.74,71
兰州市,2023-03-19,67,良,225,35,83.0,43.0,12,0.85,62
兰州市,2023-03-20,91,良,275,48,163.0,27.0,14,0.76,76
兰州市,2023-03-21,141,轻度污染,335,91,214.5,16.0,9,0.46,89
兰州市,2023-03-22,141,轻度污染,322,91,214.5,28.0,11,0.55,68
兰州市,2023-03-23,111,轻度污染,202,50,171.0,25.0,7,0.61,76
兰州市,2023-03-24,76,良,211,37,102.0,22.0,8,0.59,70
兰州市,2023-03-25,90,良,287,46,130.0,28.0,11,0.53,74
兰州市,2023-03-26,75,良,260,38,101.0,26.0,11,0.48,81
兰州市,2023-03-27,68,良,188,38,87.0,40.0,14,0.79,63
兰州市,2023-03-28,67,良,174,36,85.0,48.0,13,0.8,59
兰州市,2023-03-29,63,良,190,32,77.0,45.0,16,0.78,62
兰州市,2023-03-30,53,良,156,26,60.0,22.0,7,0.57,80
兰州市,2023-03-31,58,良,171,33,66.0,39.0,10,0.77,69
兰州市,2023-04-01,70,良,241,33,90.0,37.0,11,0.7,69
兰州市,2023-04-02,125,轻度污染,314,58,163.0,13.0,7,0.49,89
兰州市,2023-04-03,56,良,245,31,61.0,18.0,6,0.58,85
兰州市,2023-04-04,60,良,287,42,64.0,22.0,7,0.56,63
兰州市,2023-04-05,105,轻度污染,299,60,160.0,13.0,7,0.42,71
兰州市,2023-04-06,125,轻度污染,312,61,200.0,34.0,8,0.7,64
兰州市,2023-04-07,100,良,306,53,149.0,40.0,9,0.62,67
兰州市,2023-04-08,93,良,315,52,136.0,50.0,13,0.71,63
兰州市,2023-04-09,98,良,290,51,145.0,54.0,16,0.8,52
兰州市,2023-04-10,141,轻度污染,297,78,214.5,41.0,17,0.73,57
兰州市,2023-04-11,141,轻度污染,208,85,214.5,41.0,12,0.64,61
兰州市,2023-04-12,136,轻度污染,191,67,214.5,44.0,15,0.71,67
兰州市,2023-04-13,111,轻度污染,203,45,173.0,13.0,7,0.4,98
兰州市,2023-04-14,39,优,37,21,37.0,16.0,6,0.43,89
兰州市,2023-04-15,63,良,130,31,75.0,47.0,15,0.71,51
兰州市,2023-04-16,78,良,231,36,105.0,55.0,20,1.0,64
兰州市,2023-04-17,96,良,306,44,142.0,41.0,10,0.59,66
兰州市,2023-04-18,93,良,278,45,136.0,51.0,15,0.61,68
兰州市,2023-04-19,141,轻度污染,322,91,214.5,41.0,10,0.55,58
兰州市,2023-04-20,141,轻度污染,331,91,214.5,11.0,6,0.31,73
兰州市,2023-04-21,132,轻度污染,316,70,202.0,11.0,4,0.4,72
兰州市,2023-04-22,73,良,311,46,93.0,13.0,6,0.44,74
兰州市,2023-04-23,41,优,194,28,31.0,18.0,5,0.53,57
兰州市,2023-04-24,51,良,277,36,45.0,23.0,6,0.61,62
兰州市,2023-04-25,52,良,254,31,54.0,32.0,6,0.49,73
兰州市,2023-04-26,75,良,316,39,101.0,43.0,12,0.64,72
兰州市,2023-04-27,75,良,299,39,102.0,17.0,8,0.39,87
兰州市,2023-04-28,64,良,235,31,79.0,17.0,7,0.38,89
兰州市,2023-04-29,63,良,189,31,77.0,40.0,13,0.67,69
兰州市,2023-04-30,68,良,199,34,86.0,43.0,16,0.74,72
兰州市,2023-05-01,61,良,149,33,73.0,22.0,7,0.43,92
兰州市,2023-05-02,69,良,246,35,88.0,35.0,12,0.63,81
兰州市,2023-05-03,62,良,267,33,76.0,18.0,7,0.46,95
兰州市,2023-05-04,98,良,327,45,146.0,11.0,7,0.36,103
兰州市,2023-05-05,59,良,292,35,69.0,20.0,8,0.47,90
兰州市,2023-05-06,56,良,314,34,63.0,23.0,9,0.64,80
兰州市,2023-05-07,39,优,200,26,37.0,20.0,8,0.6,87
兰州市,2023-05-08,33,优,102,21,31.0,30.0,6,0.7,37
兰州市,2023-05-09,35,优,97,24,28.0,17.0,5,0.53,75
兰州市,2023-05-10,58,良,292,30,65.0,23.0,7,0.48,94
兰州市,2023-05-11,60,良,268,30,69.0,24.0,7,0.49,98
兰州市,2023-05-12,61,良,251,29,72.0,38.0,11,0.65,80
兰州市,2023-05-13,58,良,229,25,67.0,43.0,9,0.58,70
兰州市,2023-05-14,67,良,235,33,83.0,47.0,17,0.75,70
兰州市,2023-05-15,71,良,259,31,89.0,43.0,18,0.71,84
兰州市,2023-05-16,72,良,266,39,95.0,20.0,9,0.6,107
兰州市,2023-05-17,50,优,230,28,54.0,15.0,7,0.49,100
兰州市,2023-05-18,62,良,295,26,75.0,39.0,9,0.71,72
兰州市,2023-05-19,77,良,295,30,101.0,40.0,12,0.68,82
兰州市,2023-05-20,141,轻度污染,324,91,214.5,11.0,12,0.47,90
兰州市,2023-05-21,97,良,278,48,139.0,10.0,8,0.55,88
兰州市,2023-05-22,48,优,214,26,50.0,19.0,8,0.77,85
兰州市,2023-05-23,52,良,216,24,57.0,23.0,9,0.53,96
兰州市,2023-05-24,102,轻度污染,331,50,153.0,11.0,9,0.5,101
兰州市,2023-05-25,61,良,277,31,75.0,13.0,9,0.48,106
兰州市,2023-05-26,49,优,192,29,52.0,13.0,6,0.49,104
兰州市,2023-05-27,51,良,281,26,55.0,20.0,8,0.58,89
兰州市,2023-05-28,58,良,327,30,65.0,18.0,14,0.51,115
兰州市,2023-05-29,77,良,328,38,98.0,28.0,12,0.62,101
兰州市,2023-05-30,114,轻度污染,332,64,178.0,20.0,8,0.52,93
兰州市,2023-05-31,63,良,301,38,76.0,12.0,6,0.48,102
兰州市,2023-06-01,77,良,0,41,104.0,24.0,10,0.57,77
兰州市,2023-06-02,42,优,0,25,42.0,25.0,5,0.59,73
兰州市,2023-06-03,32,优,0,19,32.0,23.0,7,0.62,68
兰州市,2023-06-04,32,优,0,18,27.0,16.0,6,0.53,95
兰州市,2023-06-05,45,优,0,22,38.0,29.0,7,0.65,93
兰州市,2023-06-06,49,优,0,28,50.0,40.0,14,0.83,73
兰州市,2023-06-07,46,优,0,25,39.0,27.0,8,0.57,84
兰州市,2023-06-08,55,良,0,25,52.0,45.0,12,0.67,82
兰州市,2023-06-09,50,优,0,22,50.0,40.0,12,0.61,79
兰州市,2023-06-10,54,良,0,24,55.0,43.0,11,0.73,81
兰州市,2023-06-11,56,良,0,27,63.0,39.0,12,0.66,80
兰州市,2023-06-12,38,优,0,23,35.0,18.0,10,0.56,106
兰州市,2023-06-13,55,良,0,23,45.0,32.0,10,0.71,98
兰州市,2023-06-14,57,良,0,22,51.0,36.0,11,0.66,107
兰州市,2023-06-15,45,优,0,22,42.0,15.0,7,0.53,119
兰州市,2023-06-16,38,优,0,19,33.0,13.0,6,0.52,109
兰州市,2023-06-17,42,优,0,21,45.0,15.0,6,0.54,89
兰州市,2023-06-18,70,良,0,48,88.0,16.0,8,0.51,106
兰州市,2023-06-19,66,良,0,35,77.0,33.0,13,0.69,102
兰州市,2023-06-20,55,良,0,28,57.0,42.0,15,0.71,91
兰州市,2023-06-21,53,良,0,22,49.0,36.0,7,0.56,93
兰州市,2023-06-22,48,优,0,19,40.0,22.0,6,0.44,111
兰州市,2023-06-23,50,优,0,24,52.0,27.0,9,0.55,96
兰州市,2023-06-24,52,良,0,25,50.0,29.0,7,0.62,92
兰州市,2023-06-25,47,优,0,20,38.0,23.0,8,0.5,111
兰州市,2023-06-26,120,轻度污染,0,63,191.0,22.0,9,0.49,112
兰州市,2023-06-27,55,良,0,30,63.0,15.0,6,0.54,104
兰州市,2023-06-28,59,良,0,31,68.0,22.0,14,0.59,86
兰州市,2023-06-29,61,良,0,30,66.0,28.0,9,0.58,96
兰州市,2023-06-30,55,良,0,24,57.0,28.0,12,0.53,101
兰州市,2023-07-01,60,良,0,31,74.0,13.0,8,0.42,119
兰州市,2023-07-02,77,良,0,43,103.0,26.0,9,0.61,92
兰州市,2023-07-03,39,优,0,18,30.0,18.0,6,0.45,107
兰州市,2023-07-04,48,优,0,20,40.0,36.0,11,0.69,92
兰州市,2023-07-05,50,优,0,21,53.0,47.0,12,0.74,65
兰州市,2023-07-06,56,良,0,18,50.0,34.0,13,0.72,100
兰州市,2023-07-07,59,良,0,23,63.0,38.0,10,0.68,84
兰州市,2023-07-08,58,良,0,23,57.0,38.0,10,0.67,94
兰州市,2023-07-09,58,良,0,21,53.0,31.0,10,0.58,101
兰州市,2023-07-10,50,优,0,22,47.0,17.0,7,0.47,110
兰州市,2023-07-11,54,良,0,29,59.0,17.0,9,0.54,108
兰州市,2023-07-12,42,优,0,24,43.0,14.0,6,0.4,87
兰州市,2023-07-13,27,优,0,17,22.0,20.0,4,0.43,78
兰州市,2023-07-14,39,优,0,20,37.0,32.0,5,0.54,77
兰州市,2023-07-15,53,良,0,20,48.0,38.0,9,0.6,82
兰州市,2023-07-16,61,良,0,22,51.0,43.0,10,0.71,94
兰州市,2023-07-17,56,良,0,22,56.0,41.0,12,0.63,82
兰州市,2023-07-18,49,优,0,19,41.0,27.0,7,0.53,104
兰州市,2023-07-19,46,优,0,19,37.0,23.0,6,0.45,114
兰州市,2023-07-20,46,优,0,20,45.0,28.0,9,0.51,97
兰州市,2023-07-21,50,优,0,18,43.0,29.0,15,0.5,96
兰州市,2023-07-22,57,良,0,20,54.0,36.0,10,0.58,91
兰州市,2023-07-23,58,良,0,21,59.0,38.0,13,0.52,90
兰州市,2023-07-24,50,优,0,19,40.0,29.0,10,0.56,100
兰州市,2023-07-25,64,良,0,22,49.0,34.0,9,0.59,112
兰州市,2023-07-26,60,良,0,25,50.0,30.0,7,0.59,108
兰州市,2023-07-27,41,优,0,26,40.0,28.0,5,0.63,73
兰州市,2023-07-28,47,优,0,24,40.0,29.0,7,0.52,90
兰州市,2023-07-29,51,良,0,17,30.0,21.0,6,0.53,119
兰州市,2023-07-30,35,优,0,13,27.0,16.0,6,0.44,95
兰州市,2023-07-31,36,优,0,13,27.0,20.0,5,0.53,88
兰州市,2023-08-01,33,优,0,16,30.0,20.0,6,0.57,80
兰州市,2023-08-02,47,优,0,21,46.0,28.0,8,0.65,79
兰州市,2023-08-03,43,优,0,20,45.0,19.0,5,0.53,82
兰州市,2023-08-04,50,优,0,27,54.0,17.0,9,0.52,104
兰州市,2023-08-05,57,良,0,30,65.0,29.0,15,0.58,97
兰州市,2023-08-06,38,优,0,21,35.0,18.0,8,0.48,99
兰州市,2023-08-07,42,优,0,20,29.0,24.0,5,0.55,100
兰州市,2023-08-08,30,优,0,14,25.0,16.0,5,0.46,80
兰州市,2023-08-09,29,优,0,15,27.0,20.0,5,0.49,61
兰州市,2023-08-10,48,优,0,25,56.0,23.0,5,0.59,62
兰州市,2023-08-11,37,优,0,20,32.0,17.0,4,0.48,89
兰州市,2023-08-12,52,良,0,21,41.0,38.0,5,0.63,92
兰州市,2023-08-13,63,良,0,22,50.0,45.0,9,0.78,97
兰州市,2023-08-14,42,优,0,16,34.0,23.0,6,0.47,106
兰州市,2023-08-15,37,优,0,17,30.0,14.0,5,0.44,108
兰州市,2023-08-16,141,轻度污染,0,91,214.5,13.0,6,0.43,83
兰州市,2023-08-17,77,良,0,40,104.0,23.0,6,0.55,79
兰州市,2023-08-18,54,良,0,27,54.0,38.0,10,0.66,77
兰州市,2023-08-19,52,良,0,27,58.0,56.0,11,0.76,51
兰州市,2023-08-20,57,良,0,26,51.0,38.0,9,0.63,92
兰州市,2023-08-21,58,良,0,27,60.0,36.0,13,0.57,93
兰州市,2023-08-22,51,良,0,25,54.0,26.0,11,0.48,101
兰州市,2023-08-23,41,优,0,21,40.0,23.0,8,0.42,106
兰州市,2023-08-24,55,良,0,26,61.0,36.0,13,0.58,81
兰州市,2023-08-25,37,优,0,22,36.0,16.0,6,0.46,92
兰州市,2023-08-26,36,优,0,19,27.0,17.0,5,0.43,111
兰州市,2023-08-27,39,优,0,21,35.0,23.0,8,0.58,97
兰州市,2023-08-28,46,优,0,24,41.0,32.0,8,0.7,94
兰州市,2023-08-29,39,优,0,17,31.0,25.0,5,0.56,101
兰州市,2023-08-30,48,优,0,20,41.0,38.0,11,0.7,87
兰州市,2023-08-31,54,良,0,25,50.0,29.0,12,0.65,101
兰州市,2023-09-01,54,良,0,29,61.0,27.0,13,0.59,105
兰州市,2023-09-02,73,良,0,37,96.0,41.0,12,0.76,82
兰州市,2023-09-03,65,良,0,26,70.0,31.0,10,0.56,100
兰州市,2023-09-04,56,良,0,26,63.0,32.0,9,0.58,84
兰州市,2023-09-05,41,优,0,24,40.0,13.0,5,0.46,97
兰州市,2023-09-06,45,优,0,27,42.0,15.0,5,0.55,99
兰州市,2023-09-07,69,良,0,41,82.0,13.0,4,0.48,84
兰州市,2023-09-08,43,优,0,28,42.0,27.0,9,0.55,58
兰州市,2023-09-09,62,良,0,34,55.0,43.0,7,0.76,77
兰州市,2023-09-10,55,良,0,32,59.0,45.0,10,0.79,71
兰州市,2023-09-11,35,优,0,21,33.0,22.0,5,0.43,86
兰州市,2023-09-12,47,优,0,23,45.0,32.0,8,0.59,78
兰州市,2023-09-13,49,优,0,23,48.0,41.0,7,0.63,79
兰州市,2023-09-14,48,优,0,23,49.0,37.0,6,0.52,63
兰州市,2023-09-15,56,良,0,26,61.0,41.0,10,0.63,68
兰州市,2023-09-16,49,优,0,25,50.0,38.0,6,0.54,77
兰州市,2023-09-17,61,良,0,29,73.0,29.0,6,0.48,77
兰州市,2023-09-18,47,优,0,25,50.0,29.0,6,0.59,66
兰州市,2023-09-19,42,优,0,29,40.0,24.0,5,0.62,71
兰州市,2023-09-20,42,优,0,28,40.0,36.0,5,0.63,41
兰州市,2023-09-21,36,优,0,21,35.0,41.0,6,0.65,50
兰州市,2023-09-22,33,优,0,21,30.0,32.0,5,0.57,32
兰州市,2023-09-23,70,良,0,39,98.0,26.0,5,0.56,49
兰州市,2023-09-24,40,优,0,24,38.0,22.0,4,0.48,67
兰州市,2023-09-25,35,优,0,21,31.0,27.0,6,0.54,64
兰州市,2023-09-26,33,优,0,23,26.0,27.0,5,0.57,66
兰州市,2023-09-27,35,优,0,23,29.0,24.0,5,0.58,62
兰州市,2023-09-28,45,优,0,31,44.0,30.0,10,0.73,61
兰州市,2023-09-29,41,优,0,23,42.0,24.0,6,0.53,70
兰州市,2023-09-30,39,优,0,25,38.0,34.0,6,0.58,45
兰州市,2023-10-01,32,优,0,22,29.0,17.0,5,0.44,60
兰州市,2023-10-02,42,优,0,28,41.0,28.0,7,0.61,46
兰州市,2023-10-03,47,优,0,32,45.0,41.0,7,0.85,15
兰州市,2023-10-04,40,优,0,27,32.0,26.0,7,0.54,55
兰州市,2023-10-05,27,优,0,18,19.0,23.0,4,0.44,59
兰州市,2023-10-06,39,优,0,27,36.0,40.0,5,0.58,33
兰州市,2023-10-07,47,优,0,30,46.0,43.0,7,0.7,46
兰州市,2023-10-08,49,优,0,30,51.0,49.0,9,0.75,41
兰州市,2023-10-09,47,优,0,27,49.0,44.0,7,0.66,39
兰州市,2023-10-10,41,优,173,25,42.0,35.0,6,0.68,37
兰州市,2023-10-11,34,优,114,23,25.0,23.0,4,0.5,49
兰州市,2023-10-12,33,优,103,21,21.0,25.0,6,0.57,69
兰州市,2023-10-13,36,优,113,24,31.0,33.0,6,0.56,62
兰州市,2023-10-14,48,优,177,30,48.0,47.0,6,0.76,43
兰州市,2023-10-15,56,良,224,34,63.0,56.0,12,1.13,38
兰州市,2023-10-16,54,良,195,33,60.0,50.0,10,0.96,33
兰州市,2023-10-17,43,优,92,28,39.0,31.0,6,0.56,58
兰州市,2023-10-18,50,优,166,34,47.0,43.0,6,0.68,35
兰州市,2023-10-19,39,优,176,26,35.0,31.0,5,0.54,67
兰州市,2023-10-20,55,良,318,34,61.0,58.0,11,1.02,33
兰州市,2023-11-01,71,良,259,45,92.0,75.0,16,1.29,27
兰州市,2023-11-02,82,良,276,39,115.0,47.0,9,0.94,40
兰州市,2023-11-03,63,良,218,28,77.0,52.0,10,0.69,35
兰州市,2023-11-04,60,良,202,30,70.0,46.0,16,0.64,41
兰州市,2023-11-05,55,良,246,26,62.0,27.0,7,0.45,50
兰州市,2023-11-06,71,良,324,46,89.0,60.0,13,1.26,19
兰州市,2023-11-07,68,良,305,47,85.0,58.0,16,1.1,26
兰州市,2023-11-08,68,良,266,39,87.0,52.0,14,0.86,36
兰州市,2023-11-09,79,良,274,45,108.0,59.0,22,1.08,23
兰州市,2023-11-10,78,良,318,54,106.0,58.0,21,1.08,35
兰州市,2023-11-11,63,良,315,36,77.0,27.0,17,0.54,55
兰州市,2023-11-12,64,良,286,38,78.0,45.0,16,0.8,29
兰州市,2023-11-13,95,良,322,71,116.0,64.0,13,1.46,22
兰州市,2023-11-14,106,轻度污染,317,75,134.0,67.0,16,1.4,34
兰州市,2023-11-15,76,良,192,38,103.0,26.0,7,0.51,58
兰州市,2023-11-16,65,良,212,39,79.0,57.0,10,1.1,29
兰州市,2023-11-17,88,良,306,65,112.0,79.0,21,1.73,16
兰州市,2023-11-18,97,良,329,72,120.0,84.0,20,1.8,20
兰州市,2023-11-19,99,良,319,74,123.0,90.0,19,1.93,20
兰州市,2023-11-20,79,良,238,56,103.0,80.0,20,1.65,22
兰州市,2023-11-21,80,良,220,51,108.0,61.0,23,1.23,27
兰州市,2023-11-22,132,轻度污染,300,62,214.0,48.0,17,0.9,39
兰州市,2023-11-23,91,良,277,44,133.0,49.0,11,0.84,38
兰州市,2023-11-24,105,轻度污染,321,64,159.0,75.0,20,1.43,21
兰州市,2023-11-25,91,良,317,42,131.0,46.0,16,0.7,35
兰州市,2023-11-26,92,良,303,58,135.0,70.0,19,1.56,16
兰州市,2023-11-27,81,良,227,47,111.0,67.0,25,1.39,19
兰州市,2023-11-28,71,良,224,42,92.0,64.0,22,1.28,20
兰州市,2023-11-29,46,优,105,23,47.0,26.0,11,0.51,57
兰州市,2023-11-30,65,良,283,34,80.0,48.0,20,0.84,27
兰州市,2023-12-01,76,良,316,51,96.0,66.0,19,1.43,16
兰州市,2023-12-02,95,良,320,70,120.0,77.0,27,2.02,15
兰州市,2023-12-03,94,良,293,70,116.0,80.0,31,1.98,13
兰州市,2023-12-04,98,良,262,73,121.0,85.0,30,2.13,13
兰州市,2023-12-05,141,轻度污染,329,70,214.5,57.0,20,1.43,28
兰州市,2023-12-06,141,轻度污染,335,90,214.5,71.0,21,1.54,16
兰州市,2023-12-07,84,良,220,48,118.0,75.0,20,2.23,15
兰州市,2023-12-08,74,良,220,47,97.0,74.0,26,1.84,11
兰州市,2023-12-09,80,良,229,55,107.0,72.0,30,1.63,13
兰州市,2023-12-10,74,良,276,47,98.0,67.0,19,1.14,16
兰州市,2023-12-11,69,良,304,41,88.0,58.0,17,1.15,20
兰州市,2023-12-12,77,良,289,51,100.0,69.0,23,1.47,18
兰州市,2023-12-13,85,良,289,59,111.0,62.0,19,1.49,22
兰州市,2023-12-14,84,良,308,34,117.0,16.0,9,0.43,51
兰州市,2023-12-15,63,良,284,22,75.0,15.0,7,0.45,61
兰州市,2023-12-16,70,良,321,41,88.0,47.0,19,1.07,23
兰州市,2023-12-17,80,良,321,58,103.0,51.0,20,1.35,24
兰州市,2023-12-18,63,良,230,38,76.0,48.0,15,0.86,32
兰州市,2023-12-19,99,良,299,46,148.0,41.0,14,0.85,34
兰州市,2023-12-20,92,良,299,45,134.0,40.0,16,0.89,35
兰州市,2023-12-21,73,良,272,36,95.0,47.0,15,1.06,31
兰州市,2023-12-22,85,良,292,55,118.0,66.0,24,1.57,16
兰州市,2023-12-23,72,良,216,48,95.0,58.0,24,1.17,21
兰州市,2023-12-24,89,良,241,63,113.0,71.0,19,1.65,13
兰州市,2023-12-25,106,轻度污染,268,79,136.0,79.0,24,2.2,11
兰州市,2023-12-26,113,轻度污染,247,85,137.0,87.0,32,2.37,13
兰州市,2023-12-27,124,轻度污染,238,91,151.0,90.5,30,2.68,12
兰州市,2023-12-28,116,轻度污染,190,88,139.0,85.0,32,2.4,14
兰州市,2023-12-29,111,轻度污染,164,83,139.0,88.0,28,2.24,14
兰州市,2023-12-30,96,良,151,72,126.0,82.0,26,2.01,14
兰州市,2023-12-31,80,良,164,57,103.0,63.0,24,1.54,24
兰州市,2024-01-01,81,良,138,54,108.0,67.0,22,1.53,17
兰州市,2024-01-02,79,良,164,56,107.0,69.0,29,1.64,19
兰州市,2024-01-03,88,良,239,64,110.0,77.0,29,1.99,16
兰州市,2024-01-04,91,良,271,67,115.0,79.0,28,2.08,19
兰州市,2024-01-05,80,良,220,58,100.0,74.0,28,1.85,17
兰州市,2024-01-06,90,良,198,66,109.0,76.0,30,1.85,18
兰州市,2024-01-07,106,轻度污染,245,79,124.0,86.0,30,2.16,16
兰州市,2024-01-08,106,轻度污染,238,75,133.0,80.0,26,1.95,19
兰州市,2024-01-09,86,良,168,55,120.0,73.0,28,1.74,18
兰州市,2024-01-10,91,良,196,66,123.0,80.0,31,2.04,14
兰州市,2024-01-11,107,轻度污染,190,80,136.0,90.5,26,2.28,16
兰州市,2024-01-12,100,良,191,75,131.0,90.5,27,2.35,15
兰州市,2024-01-13,91,良,168,58,126.0,71.0,24,1.93,23
兰州市,2024-01-14,79,良,165,44,109.0,68.0,20,1.35,23
兰州市,2024-01-15,89,良,231,61,126.0,81.0,26,1.68,20
兰州市,2024-01-16,102,轻度污染,263,76,134.0,84.0,35,1.94,18
兰州市,2024-01-17,107,轻度污染,263,80,138.0,88.0,37,2.28,15
兰州市,2024-01-18,100,良,255,75,125.0,83.0,38,1.9,17
兰州市,2024-01-19,100,良,281,63,139.0,49.0,17,1.22,40
兰州市,2024-01-20,109,轻度污染,298,40,160.0,24.0,10,0.53,66
兰州市,2024-01-21,49,优,192,25,52.0,15.0,8,0.42,66
兰州市,2024-01-22,51,良,272,31,54.0,32.0,10,0.78,42
兰州市,2024-01-23,53,良,253,35,55.0,28.0,14,0.65,44
兰州市,2024-01-24,63,良,262,45,68.0,45.0,13,1.04,32
兰州市,2024-01-25,69,良,240,47,79.0,38.0,25,0.9,45
兰州市,2024-01-26,71,良,184,47,91.0,41.0,16,0.93,44
兰州市,2024-01-27,74,良,174,51,93.0,63.0,19,1.35,28
兰州市,2024-01-28,90,良,200,66,111.0,69.0,27,1.8,25
兰州市,2024-01-29,100,良,189,75,122.0,78.0,28,2.03,22
兰州市,2024-01-30,95,良,167,71,106.0,74.0,22,1.76,25
兰州市,2024-01-31,85,良,190,62,92.0,67.0,22,1.55,26
兰州市,2024-02-01,84,良,251,62,83.0,45.0,13,1.1,45
兰州市,2024-02-02,93,良,268,69,76.0,26.0,9,0.94,60
兰州市,2024-02-03,83,良,241,61,62.0,32.0,10,1.09,55
兰州市,2024-02-04,97,良,259,72,80.0,49.0,13,1.42,60
兰州市,2024-02-05,93,良,237,69,79.0,36.0,17,1.17,78
兰州市,2024-02-06,58,良,143,41,54.0,31.0,14,0.76,72
兰州市,2024-02-07,65,良,148,47,61.0,28.0,15,0.84,68
兰州市,2024-02-08,91,良,179,68,86.0,39.0,15,1.28,59
兰州市,2024-02-09,79,良,105,56,86.0,41.0,18,1.07,56
兰州市,2024-02-10,130,轻度污染,120,86,187.0,41.0,21,0.99,45
兰州市,2024-02-11,77,良,121,51,96.0,47.0,20,1.2,37
兰州市,2024-02-12,72,良,148,52,79.0,53.0,21,1.45,37
兰州市,2024-02-13,70,良,181,47,79.0,41.0,23,1.25,44
兰州市,2024-02-14,54,良,128,26,58.0,11.0,9,0.39,82
兰州市,2024-02-15,53,良,203,29,56.0,32.0,14,0.85,52
兰州市,2024-02-16,58,良,221,36,65.0,50.0,16,1.13,34
兰州市,2024-02-17,98,良,287,56,157.0,52.0,16,1.24,37
兰州市,2024-02-18,141,轻度污染,287,91,214.5,8.0,10,0.36,80
兰州市,2024-02-19,114,轻度污染,248,45,178.0,27.0,10,0.63,51
兰州市,2024-02-20,141,轻度污染,295,91,214.5,21.0,11,0.63,41
兰州市,2024-02-21,141,轻度污染,300,65,214.5,13.0,11,0.52,54
兰州市,2024-02-22,110,轻度污染,302,56,169.0,19.0,13,0.6,44
兰州市,2024-02-23,104,轻度污染,296,73,145.0,22.0,11,0.79,46
兰州市,2024-02-24,141,轻度污染,299,91,214.5,28.0,14,0.83,49
兰州市,2024-02-25,141,轻度污染,282,91,214.5,43.0,11,1.02,26
兰州市,2024-02-26,93,良,240,68,121.0,26.0,8,0.78,47
兰州市,2024-02-27,98,良,267,73,122.0,35.0,8,0.95,35
兰州市,2024-02-28,89,良,241,64,114.0,21.0,8,0.71,56
兰州市,2024-02-29,61,良,180,39,68.0,15.0,10,0.49,74
兰州市,2024-03-01,78,良,264,57,80.0,35.0,10,0.8,63
兰州市,2024-03-02,76,良,253,55,90.0,61.0,12,1.19,42
兰州市,2024-03-03,72,良,230,52,79.0,48.0,11,0.93,47
兰州市,2024-03-04,64,良,179,39,76.0,24.0,11,0.67,65
兰州市,2024-03-05,72,良,201,31,94.0,18.0,10,0.39,86
兰州市,2024-03-06,68,良,198,36,86.0,28.0,8,0.6,70
兰州市,2024-03-07,141,轻度污染,306,68,214.5,23.0,8,0.49,81
兰州市,2024-03-08,105,轻度污染,300,53,161.0,47.0,14,0.79,54
兰州市,2024-03-09,88,良,282,51,125.0,48.0,16,0.82,57
兰州市,2024-03-10,74,良,159,37,98.0,24.0,7,0.41,93
兰州市,2024-03-11,71,良,187,44,92.0,51.0,14,0.85,56
兰州市,2024-03-12,75,良,217,41,99.0,50.0,16,0.79,54
兰州市,2024-03-13,65,良,161,36,81.0,41.0,13,0.7,68
兰州市,2024-03-14,74,良,191,41,97.0,46.0,19,0.78,58
兰州市,2024-03-15,141,轻度污染,294,87,214.5,31.0,10,0.59,62
兰州市,2024-03-16,141,轻度污染,279,65,214.5,16.0,9,0.37,93
兰州市,2024-03-17,89,良,220,46,127.0,23.0,8,0.47,76
兰州市,2024-03-18,91,良,265,42,133.0,16.0,8,0.35,90
兰州市,2024-03-19,87,良,244,43,125.0,41.0,15,0.7,58
兰州市,2024-03-20,72,良,201,38,94.0,57.0,19,0.85,45
兰州市,2024-03-21,77,良,210,41,105.0,51.0,20,0.89,58
兰州市,2024-03-22,75,良,224,35,99.0,43.0,12,0.68,65
兰州市,2024-03-23,88,良,250,43,125.0,30.0,9,0.57,74
兰州市,2024-03-24,37,优,83,24,32.0,24.0,6,0.52,72
兰州市,2024-03-25,53,良,264,35,55.0,40.0,9,0.89,56
兰州市,2024-03-26,46,优,141,29,49.0,38.0,9,0.69,54
兰州市,2024-03-27,42,优,68,26,40.0,25.0,7,0.57,72
兰州市,2024-03-28,55,良,148,34,63.0,46.0,11,0.8,47
兰州市,2024-03-29,100,良,261,47,123.0,41.0,16,0.77,53
兰州市,2024-03-30,141,轻度污染,307,91,214.5,44.0,14,0.6,55
兰州市,2024-03-31,94,良,294,55,139.0,45.0,15,0.79,63
兰州市,2024-04-01,76,良,222,35,103.0,26.0,9,0.39,73
兰州市,2024-04-02,89,良,258,49,128.0,15.0,8,0.34,82
兰州市,2024-04-03,69,良,255,35,87.0,18.0,10,0.36,78
兰州市,2024-04-04,59,良,230,34,68.0,23.0,13,0.42,80
兰州市,2024-04-05,58,良,204,36,63.0,31.0,9,0.46,59
兰州市,2024-04-06,58,良,203,41,57.0,28.0,9,0.59,53
兰州市,2024-04-07,56,良,193,40,57.0,36.0,8,0.66,57
兰州市,2024-04-08,58,良,199,34,65.0,40.0,11,0.53,57
兰州市,2024-04-09,48,优,151,31,49.0,30.0,7,0.48,58
兰州市,2024-04-10,49,优,133,29,51.0,30.0,8,0.49,84
兰州市,2024-04-11,57,良,169,34,64.0,47.0,12,0.57,58
兰州市,2024-04-12,58,良,165,33,67.0,48.0,18,0.61,61
兰州市,2024-04-13,60,良,208,34,69.0,45.0,16,0.57,58
兰州市,2024-04-14,141,轻度污染,304,91,214.5,31.0,15,0.48,63
兰州市,2024-04-15,141,轻度污染,286,71,214.5,28.0,13,0.36,68
兰州市,2024-04-16,95,良,273,46,140.0,39.0,12,0.47,66
兰州市,2024-04-17,62,良,192,32,75.0,34.0,8,0.42,79
兰州市,2024-04-18,43,优,117,26,43.0,25.0,8,0.44,79
兰州市,2024-04-19,51,良,161,31,53.0,25.0,9,0.42,78
兰州市,2024-04-20,43,优,123,26,44.0,16.0,8,0.33,85
兰州市,2024-04-21,43,优,112,28,41.0,29.0,10,0.44,73
兰州市,2024-04-22,59,良,179,32,68.0,31.0,11,0.42,70
兰州市,2024-04-23,141,轻度污染,295,79,214.5,30.0,9,0.4,74
兰州市,2024-04-24,61,良,191,30,71.0,39.0,13,0.45,68
兰州市,2024-04-25,52,良,143,27,55.0,34.0,13,0.44,84
兰州市,2024-04-26,74,良,247,38,99.0,40.0,12,0.41,71
兰州市,2024-04-27,64,良,221,38,79.0,26.0,8,0.35,98
兰州市,2024-04-28,141,轻度污染,306,91,214.5,12.0,10,0.3,81
兰州市,2024-04-29,45,优,182,28,46.0,15.0,7,0.31,86
兰州市,2024-04-30,46,优,207,31,44.0,25.0,7,0.42,77
兰州市,2024-05-01,47,优,198,28,48.0,36.0,8,0.41,70
兰州市,2024-05-02,31,优,71,20,30.0,24.0,7,0.45,59
兰州市,2024-05-03,32,优,72,21,28.0,23.0,7,0.48,55
兰州市,2024-05-04,51,良,224,28,53.0,37.0,8,0.44,74
兰州市,2024-05-05,61,良,263,34,72.0,45.0,13,0.5,74
兰州市,2024-05-06,68,良,268,37,86.0,43.0,11,0.45,75
兰州市,2024-05-07,61,良,215,34,73.0,41.0,10,0.44,77
兰州市,2024-05-08,51,良,126,28,50.0,31.0,8,0.42,85
兰州市,2024-05-09,45,优,108,25,44.0,19.0,8,0.34,98
兰州市,2024-05-10,67,良,242,40,90.0,19.0,8,0.26,93
兰州市,2024-05-11,50,优,144,26,56.0,29.0,8,0.36,76
兰州市,2024-05-12,55,良,181,28,55.0,40.0,10,0.38,79
兰州市,2024-05-13,53,良,134,25,53.0,37.0,14,0.38,91
兰州市,2024-05-14,54,良,123,28,58.0,21.0,9,0.35,116
兰州市,2024-05-15,111,轻度污染,295,52,171.0,25.0,8,0.33,113
兰州市,2024-05-16,75,良,276,42,100.0,35.0,10,0.38,102
兰州市,2024-05-17,75,良,246,41,101.0,45.0,14,0.46,93
兰州市,2024-05-18,60,良,177,32,69.0,35.0,8,0.35,98
兰州市,2024-05-19,78,良,274,46,107.0,26.0,10,0.35,106
兰州市,2024-05-20,78,良,293,47,104.0,32.0,8,0.34,99
兰州市,2024-05-21,55,良,231,29,58.0,26.0,7,0.31,111
兰州市,2024-05-22,55,良,223,27,50.0,25.0,7,0.36,117
兰州市,2024-05-23,60,良,212,34,70.0,33.0,9,0.41,108
兰州市,2024-05-24,141,轻度污染,301,91,214.5,27.0,8,0.36,85
兰州市,2024-05-25,67,良,265,48,78.0,21.0,8,0.38,96
兰州市,2024-05-26,56,良,263,36,62.0,34.0,8,0.38,75
兰州市,2024-05-27,52,良,261,31,49.0,31.0,9,0.41,92
兰州市,2024-05-28,36,优,138,21,31.0,13.0,7,0.38,86
兰州市,2024-05-29,33,优,83,20,25.0,14.0,7,0.32,95
兰州市,2024-05-30,38,优,140,20,33.0,24.0,7,0.35,91
兰州市,2024-05-31,58,良,245,27,67.0,35.0,8,0.4,69
兰州市,2024-06-01,49,优,216,27,55.0,27.0,8,0.32,78
兰州市,2024-06-02,41,优,179,24,37.0,20.0,8,0.35,98
兰州市,2024-06-03,43,优,167,25,38.0,26.0,9,0.4,93
兰州市,2024-06-04,48,优,209,27,33.0,18.0,10,0.42,116
兰州市,2024-06-05,49,优,225,25,45.0,29.0,12,0.42,95
兰州市,2024-06-06,31,优,81,18,23.0,13.0,7,0.37,94
兰州市,2024-06-07,37,优,151,20,33.0,21.0,9,0.32,85
兰州市,2024-06-08,36,优,134,23,34.0,23.0,8,0.35,80
兰州市,2024-06-09,46,优,201,22,38.0,31.0,10,0.38,82
兰州市,2024-06-10,46,优,201,23,42.0,33.0,11,0.36,88
兰州市,2024-06-11,49,优,212,21,42.0,35.0,9,0.34,98
兰州市,2024-06-12,55,良,221,24,50.0,35.0,12,0.4,103
兰州市,2024-06-13,44,优,181,23,44.0,30.0,11,0.35,87
兰州市,2024-06-14,51,良,206,24,42.0,27.0,10,0.41,97
兰州市,2024-06-15,51,良,200,24,49.0,32.0,16,0.41,93
兰州市,2024-06-16,40,优,166,19,26.0,18.0,8,0.44,115
兰州市,2024-06-17,46,优,195,20,31.0,24.0,9,0.39,106
兰州市,2024-06-18,50,优,195,25,56.0,18.0,11,0.38,113
兰州市,2024-06-19,62,良,248,32,75.0,29.0,18,0.43,94
兰州市,2024-06-20,37,优,175,20,35.0,19.0,9,0.33,90
兰州市,2024-06-21,37,优,190,18,35.0,24.0,8,0.38,92
兰州市,2024-06-22,54,良,232,23,51.0,32.0,12,0.38,91
兰州市,2024-06-23,44,优,189,22,44.0,29.0,14,0.33,84
兰州市,2024-06-24,57,良,227,21,59.0,32.0,13,0.34,90
兰州市,2024-06-25,56,良,218,22,54.0,35.0,13,0.38,96
兰州市,2024-06-26,47,优,204,20,40.0,20.0,9,0.31,116
兰州市,2024-06-27,40,优,179,18,35.0,19.0,8,0.34,102
兰州市,2024-06-28,38,优,186,17,27.0,22.0,8,0.35,111
兰州市,2024-06-29,41,优,213,20,38.0,27.0,10,0.4,95
兰州市,2024-06-30,39,优,198,19,33.0,18.0,9,0.31,97
兰州市,2024-07-01,36,优,184,18,28.0,21.0,10,0.39,102
兰州市,2024-07-02,47,优,257,21,38.0,32.0,11,0.42,92
兰州市,2024-07-03,45,优,233,21,37.0,27.0,10,0.42,103
兰州市,2024-07-04,53,良,260,25,54.0,26.0,8,0.4,99
兰州市,2024-07-05,53,良,260,20,38.0,23.0,8,0.45,133
兰州市,2024-07-06,55,良,280,27,61.0,39.0,11,0.52,77
兰州市,2024-07-07,49,优,268,27,50.0,12.0,9,0.41,124
兰州市,2024-07-08,35,优,202,21,33.0,17.0,11,0.54,101
兰州市,2024-07-09,60,良,278,37,72.0,30.0,11,0.57,88
兰州市,2024-07-10,67,良,256,37,85.0,35.0,9,0.51,86
兰州市,2024-07-11,66,良,259,35,78.0,32.0,13,0.48,89
兰州市,2024-07-12,67,良,278,36,84.0,27.0,12,0.5,79
兰州市,2024-07-13,46,优,230,29,46.0,28.0,7,0.55,73
兰州市,2024-07-14,34,优,182,17,30.0,19.0,7,0.45,86
兰州市,2024-07-15,29,优,131,14,23.0,16.0,7,0.48,78
兰州市,2024-07-16,34,优,193,16,32.0,24.0,7,0.48,67
兰州市,2024-07-17,39,优,279,19,35.0,19.0,6,0.48,101
兰州市,2024-07-18,51,良,286,21,45.0,29.0,9,0.55,92
兰州市,2024-07-19,40,优,263,16,32.0,17.0,8,0.45,102
兰州市,2024-07-20,112,轻度污染,317,58,168.0,13.0,6,0.38,96
兰州市,2024-07-21,141,轻度污染,328,91,214.5,18.0,8,0.46,90
兰州市,2024-07-22,84,良,323,56,119.0,29.0,6,0.54,56
兰州市,2024-07-23,56,良,304,32,66.0,21.0,7,0.51,86
兰州市,2024-07-24,108,轻度污染,319,67,166.0,16.0,5,0.42,92
兰州市,2024-07-25,72,良,316,42,94.0,27.0,7,1.17,85
兰州市,2024-07-26,56,良,304,29,61.0,24.0,6,0.41,89
兰州市,2024-07-27,49,优,304,23,47.0,23.0,7,0.43,100
兰州市,2024-07-28,46,优,298,23,47.0,32.0,9,0.53,87
兰州市,2024-07-29,36,优,269,19,33.0,20.0,10,0.45,97
兰州市,2024-07-30,43,优,296,20,42.0,26.0,10,0.55,93
兰州市,2024-07-31,49,优,312,20,43.0,33.0,11,0.58,97
兰州市,2024-08-01,55,良,317,23,50.0,36.0,16,0.56,95
兰州市,2024-08-02,32,优,195,18,28.0,18.0,7,0.44,91
兰州市,2024-08-03,41,优,267,23,36.0,24.0,8,0.6,85
兰州市,2024-08-04,49,优,314,23,39.0,24.0,17,0.58,103
兰州市,2024-08-05,49,优,310,23,45.0,33.0,13,0.54,87
兰州市,2024-08-06,36,优,227,18,36.0,17.0,8,0.43,81
兰州市,2024-08-07,43,优,272,20,32.0,23.0,8,0.51,106
兰州市,2024-08-08,36,优,203,22,37.0,17.0,11,0.49,74
兰州市,2024-08-09,73,良,312,39,97.0,15.0,7,0.42,90
兰州市,2024-08-10,45,优,209,18,37.0,20.0,10,0.37,97
兰州市,2024-08-11,49,优,219,21,41.0,35.0,15,0.56,90
兰州市,2024-08-12,57,良,278,23,46.0,33.0,17,0.57,101
兰州市,2024-08-13,44,优,234,19,40.0,20.0,9,0.45,108
兰州市,2024-08-14,34,优,151,20,29.0,19.0,7,0.5,96
兰州市,2024-08-15,45,优,256,22,44.0,25.0,8,0.66,83
兰州市,2024-08-16,39,优,207,20,34.0,23.0,10,0.5,95
兰州市,2024-08-17,37,优,171,19,32.0,21.0,8,0.4,99
兰州市,2024-08-18,46,优,292,21,38.0,30.0,12,0.52,92
兰州市,2024-08-19,50,优,314,21,43.0,35.0,17,0.56,90
兰州市,2024-08-20,45,优,294,20,41.0,32.0,17,0.51,84
兰州市,2024-08-21,55,良,308,21,46.0,36.0,14,0.56,96
兰州市,2024-08-22,50,优,259,26,50.0,29.0,12,0.55,93
兰州市,2024-08-23,45,优,219,23,41.0,18.0,8,0.53,103
兰州市,2024-08-24,42,优,183,25,41.0,20.0,9,0.6,83
兰州市,2024-08-25,32,优,113,19,31.0,17.0,7,0.5,73
兰州市,2024-08-26,55,良,310,29,61.0,11.0,7,0.4,92
兰州市,2024-08-27,39,优,249,18,36.0,22.0,9,0.54,90
兰州市,2024-08-28,38,优,229,18,35.0,23.0,8,0.54,78
兰州市,2024-08-29,38,优,186,20,35.0,14.0,7,0.49,87
兰州市,2024-08-30,35,优,121,18,33.0,12.0,6,0.44,75
兰州市,2024-08-31,57,良,293,29,73.0,12.0,7,0.47,76
兰州市,2024-09-01,44,优,212,28,45.0,15.0,6,0.5,85
兰州市,2024-09-02,49,优,283,30,50.0,22.0,8,0.63,72
兰州市,2024-09-03,39,优,207,25,36.0,16.0,8,0.57,99
兰州市,2024-09-04,36,优,150,21,32.0,9.0,6,0.37,82
兰州市,2024-09-05,25,优,79,14,20.0,13.0,7,0.42,75
兰州市,2024-09-06,24,优,71,14,18.0,13.0,5,0.4,71
兰州市,2024-09-07,40,优,211,22,35.0,33.0,7,0.57,75
兰州市,2024-09-08,45,优,236,28,46.0,30.0,10,0.63,62
兰州市,2024-09-09,32,优,139,20,27.0,13.0,6,0.38,94
兰州市,2024-09-10,32,优,173,22,30.0,19.0,6,0.46,66
兰州市,2024-09-11,36,优,231,23,37.0,26.0,6,0.53,56
兰州市,2024-09-12,40,优,268,26,38.0,24.0,9,0.56,51
兰州市,2024-09-13,28,优,109,17,24.0,15.0,9,0.39,78
兰州市,2024-09-14,43,优,252,25,44.0,33.0,7,0.48,44
兰州市,2024-09-15,46,优,289,30,44.0,31.0,7,0.65,30
兰州市,2024-09-16,37,优,209,24,36.0,17.0,8,0.47,64
兰州市,2024-09-17,49,优,270,34,46.0,27.0,10,0.75,46
兰州市,2024-09-18,52,良,299,35,52.0,35.0,8,0.78,46
兰州市,2024-09-19,47,优,263,27,50.0,29.0,8,0.61,39
兰州市,2024-09-20,39,优,249,24,39.0,17.0,6,0.35,68
兰州市,2024-09-21,38,优,296,21,38.0,29.0,9,0.5,49
兰州市,2024-09-22,45,优,301,24,46.0,32.0,9,0.5,52
兰州市,2024-09-23,44,优,247,24,44.0,34.0,12,0.58,76
兰州市,2024-09-24,58,良,250,30,66.0,34.0,15,0.6,61
兰州市,2024-09-25,47,优,179,28,48.0,19.0,8,0.4,77
兰州市,2024-09-26,41,优,139,24,43.0,39.0,12,0.63,61
兰州市,2024-09-27,55,良,203,33,60.0,44.0,12,0.66,58
兰州市,2024-09-28,54,良,211,38,48.0,22.0,7,0.63,72
兰州市,2024-09-29,34,优,108,22,30.0,11.0,7,0.29,73
兰州市,2024-09-30,30,优,184,20,30.0,14.0,10,0.33,67
兰州市,2024-10-01,39,优,256,24,40.0,32.0,11,0.55,57
兰州市,2024-10-02,49,优,287,27,50.0,44.0,11,0.75,44
兰州市,2024-10-03,39,优,172,23,39.0,25.0,8,0.47,48
兰州市,2024-10-04,43,优,179,25,44.0,29.0,9,0.52,50
兰州市,2024-10-05,46,优,160,29,47.0,34.0,14,0.68,32
兰州市,2024-10-06,53,良,224,29,56.0,34.0,11,0.54,49
兰州市,2024-10-07,58,良,266,36,65.0,38.0,9,0.61,55
兰州市,2024-10-08,56,良,245,38,57.0,42.0,10,0.69,28
兰州市,2024-10-09,55,良,217,32,60.0,41.0,9,0.59,39
兰州市,2024-10-10,57,良,220,30,64.0,46.0,10,0.71,37
兰州市,2024-10-11,53,良,158,31,57.0,42.0,11,0.68,24
兰州市,2024-10-12,48,优,121,29,50.0,38.0,8,0.61,29
兰州市,2024-10-13,55,良,181,38,60.0,52.0,12,0.82,46
兰州市,2024-10-14,56,良,202,37,62.0,46.0,16,0.8,42
兰州市,2024-10-15,50,优,181,29,54.0,40.0,13,0.64,39
兰州市,2024-10-16,39,优,147,25,39.0,37.0,9,0.58,29
兰州市,2024-10-17,49,优,218,32,52.0,45.0,10,0.74,41
兰州市,2024-10-18,50,优,298,34,53.0,44.0,10,0.72,43
兰州市,2024-10-19,53,良,315,36,54.0,48.0,10,0.78,26
兰州市,2024-10-20,49,优,306,29,49.0,38.0,8,0.57,44
兰州市,2024-10-21,48,优,244,26,51.0,23.0,8,0.38,60
兰州市,2024-10-22,50,优,279,28,57.0,46.0,11,0.64,45
兰州市,2024-10-23,65,良,304,40,80.0,61.0,15,0.95,31
兰州市,2024-10-24,55,良,223,35,61.0,41.0,9,0.72,35
兰州市,2024-10-25,51,良,182,29,53.0,34.0,11,0.6,41
兰州市,2024-10-26,51,良,198,30,54.0,44.0,10,0.7,33
兰州市,2024-10-27,64,良,265,46,70.0,54.0,8,0.98,24
兰州市,2024-10-28,70,良,261,50,83.0,62.0,16,1.1,32
兰州市,2024-10-29,62,良,196,44,71.0,52.0,14,0.85,30
兰州市,2024-10-30,44,优,116,28,45.0,30.0,9,0.64,53
兰州市,2024-10-31,49,优,158,33,47.0,32.0,8,0.61,72
兰州市,2024-11-01,61,良,218,43,63.0,47.0,13,0.82,39
兰州市,2024-11-02,59,良,202,41,64.0,57.0,15,0.92,32
兰州市,2024-11-03,66,良,196,32,80.0,33.0,11,0.46,61
兰州市,2024-11-04,69,良,263,38,89.0,54.0,14,0.73,36
兰州市,2024-11-05,67,良,284,42,85.0,62.0,17,0.97,33
兰州市,2024-11-06,71,良,266,49,89.0,60.0,14,1.04,28
兰州市,2024-11-07,70,良,256,50,84.0,57.0,12,1.01,24
兰州市,2024-11-08,68,良,241,47,83.0,59.0,11,1.03,24
兰州市,2024-11-09,66,良,219,40,79.0,44.0,13,0.68,44
兰州市,2024-11-10,72,良,243,46,93.0,62.0,13,0.88,30
兰州市,2024-11-11,61,良,207,33,72.0,46.0,15,0.65,42
兰州市,2024-11-12,62,良,198,35,74.0,50.0,14,0.75,32
兰州市,2024-11-13,65,良,207,41,78.0,47.0,17,0.82,37
兰州市,2024-11-14,81,良,271,59,96.0,60.0,13,1.12,25
兰州市,2024-11-15,81,良,257,41,107.0,26.0,13,0.58,57
兰州市,2024-11-16,55,良,219,23,61.0,20.0,17,0.38,63
兰州市,2024-11-17,55,良,295,30,60.0,34.0,11,0.55,39
兰州市,2024-11-18,43,优,257,29,43.0,30.0,9,0.57,49
兰州市,2024-11-19,56,良,273,38,58.0,32.0,15,0.63,42
兰州市,2024-11-20,74,良,286,53,86.0,47.0,27,0.88,34
兰州市,2024-11-21,80,良,291,59,92.0,66.0,17,1.14,26
兰州市,2024-11-22,97,良,315,72,110.0,73.0,22,1.45,24
兰州市,2024-11-23,78,良,262,57,90.0,50.0,18,1.07,33
兰州市,2024-11-24,45,优,124,27,45.0,19.0,11,0.44,72
兰州市,2024-11-25,50,优,244,25,54.0,23.0,10,0.49,65
兰州市,2024-11-26,67,良,313,45,78.0,51.0,13,1.0,32
兰州市,2024-11-27,77,良,314,55,93.0,66.0,19,1.33,23
兰州市,2024-11-28,74,良,321,48,96.0,62.0,20,1.34,24
兰州市,2024-11-29,82,良,324,60,98.0,70.0,25,1.59,14
兰州市,2024-11-30,80,良,310,58,92.0,70.0,18,1.55,24
兰州市,2024-12-01,80,良,265,59,95.0,78.0,19,1.6,22
兰州市,2024-12-02,64,良,195,43,76.0,68.0,23,1.21,26
兰州市,2024-12-03,68,良,224,48,81.0,55.0,26,1.19,33
兰州市,2024-12-04,58,良,174,34,66.0,46.0,21,0.71,42
兰州市,2024-12-05,64,良,238,40,78.0,53.0,17,0.87,35
兰州市,2024-12-06,63,良,225,43,76.0,54.0,17,0.98,31
兰州市,2024-12-07,48,优,188,29,49.0,41.0,13,0.65,44
兰州市,2024-12-08,55,良,229,36,60.0,49.0,15,0.83,26
兰州市,2024-12-09,64,良,212,45,73.0,45.0,19,0.83,25
兰州市,2024-12-10,66,良,195,47,58.0,25.0,11,0.65,47
兰州市,2024-12-11,73,良,256,53,63.0,34.0,11,0.72,50
兰州市,2024-12-12,57,良,155,40,51.0,22.0,14,0.5,73
兰州市,2024-12-13,62,良,187,42,70.0,46.0,15,0.97,39
兰州市,2024-12-14,85,良,310,63,94.0,64.0,21,1.43,22
兰州市,2024-12-15,121,轻度污染,324,91,124.0,85.0,21,1.94,19
兰州市,2024-12-16,132,轻度污染,325,91,138.0,90.5,18,2.22,18
兰州市,2024-12-17,103,轻度污染,296,77,111.0,81.0,19,1.96,18
兰州市,2024-12-18,74,良,243,54,82.0,66.0,23,1.28,20
兰州市,2024-12-19,76,良,270,54,89.0,68.0,17,1.3,23
兰州市,2024-12-20,81,良,217,59,89.0,58.0,19,1.28,29
兰州市,2024-12-21,77,良,204,56,87.0,66.0,17,1.21,24
兰州市,2024-12-22,115,轻度污染,322,87,120.0,77.0,23,1.56,21
兰州市,2024-12-23,108,轻度污染,319,81,110.0,61.0,21,1.29,24
兰州市,2024-12-24,90,良,223,67,98.0,63.0,21,1.23,26
兰州市,2024-12-25,116,轻度污染,252,87,122.0,72.0,29,1.65,20
兰州市,2024-12-26,80,良,189,56,97.0,48.0,19,1.12,41
兰州市,2024-12-27,56,良,118,30,62.0,33.0,12,0.61,45
兰州市,2024-12-28,83,良,271,60,101.0,71.0,18,1.62,18
兰州市,2024-12-29,87,良,259,64,101.0,75.0,25,1.42,21
兰州市,2024-12-30,82,良,182,60,97.0,77.0,24,1.46,20
兰州市,2024-12-31,112,轻度污染,281,84,130.0,90.5,24,2.13,19
兰州市,2025-01-01,82,良,160,57,92.0,66.0,27,1.33,26
兰州市,2025-01-02,86,良,202,49,84.0,69.0,27,1.37,22
兰州市,2025-01-03,92,良,226,60,100.0,74.0,32,1.67,15
兰州市,2025-01-04,81,良,154,59,85.0,65.0,28,1.52,18
兰州市,2025-01-05,119,轻度污染,259,90,114.0,70.0,15,1.74,12
兰州市,2025-01-06,122,轻度污染,314,91,125.0,75.0,20,1.9,21
兰州市,2025-01-07,66,良,196,40,70.0,53.0,23,0.91,36
兰州市,2025-01-08,75,良,267,45,74.0,60.0,19,1.22,25
兰州市,2025-01-09,68,良,277,49,79.0,52.0,23,1.12,34
兰州市,2025-01-10,68,良,276,32,85.0,31.0,12,0.57,58
兰州市,2025-01-11,63,良,177,42,76.0,41.0,12,0.75,46
兰州市,2025-01-12,80,良,242,58,96.0,64.0,27,1.38,26
兰州市,2025-01-13,85,良,196,62,101.0,68.0,30,1.58,24
兰州市,2025-01-14,67,良,163,31,84.0,29.0,12,0.63,55
兰州市,2025-01-15,66,良,235,43,81.0,52.0,17,0.98,34
兰州市,2025-01-16,90,良,318,67,104.0,71.0,22,1.56,23
兰州市,2025-01-17,85,良,261,63,102.0,59.0,25,1.51,31
兰州市,2025-01-18,74,良,156,42,77.0,59.0,20,1.19,28
兰州市,2025-01-19,92,良,212,65,103.0,74.0,25,1.68,26
兰州市,2025-01-20,98,良,194,67,101.0,78.0,24,1.85,25
兰州市,2025-01-21,90,良,158,64,98.0,72.0,26,1.63,28
兰州市,2025-01-22,85,良,171,63,97.0,66.0,25,1.54,39
兰州市,2025-01-23,115,轻度污染,227,87,123.0,79.0,24,1.94,25
兰州市,2025-01-24,90,良,202,67,114.0,49.0,18,1.32,35
兰州市,2025-01-25,75,良,227,34,100.0,16.0,11,0.58,71
兰州市,2025-01-26,89,良,274,37,128.0,30.0,12,0.84,60
兰州市,2025-01-27,82,良,302,55,114.0,44.0,15,1.3,48
兰州市,2025-01-28,121,轻度污染,320,91,135.0,53.0,17,1.57,56
兰州市,2025-01-29,141,轻度污染,265,91,204.0,57.0,21,1.7,59
兰州市,2025-01-30,128,轻度污染,272,91,121.0,50.0,23,1.62,64
兰州市,2025-01-31,82,良,213,61,78.0,42.0,15,1.19,57
兰州市,2025-02-01,61,良,196,44,64.0,38.0,20,0.9,48
兰州市,2025-02-02,63,良,201,30,76.0,11.0,12,0.38,76
兰州市,2025-02-03,50,优,192,29,50.0,28.0,13,0.71,61
兰州市,2025-02-04,52,良,221,32,53.0,29.0,17,0.77,61
兰州市,2025-02-05,43,优,124,22,43.0,19.0,13,0.47,73
兰州市,2025-02-06,50,优,157,27,51.0,20.0,19,0.49,67
兰州市,2025-02-07,60,良,231,26,69.0,22.0,11,0.53,61
兰州市,2025-02-08,62,良,297,36,75.0,38.0,18,0.78,49
兰州市,2025-02-09,66,良,298,47,83.0,48.0,23,1.06,47
兰州市,2025-02-10,63,良,214,44,76.0,45.0,20,1.03,51
兰州市,2025-02-11,91,良,253,39,132.0,20.0,16,0.55,67
兰州市,2025-02-12,90,良,254,50,130.0,25.0,13,0.54,65
兰州市,2025-02-13,92,良,287,65,133.0,50.0,19,1.07,41
兰州市,2025-02-14,65,良,177,41,80.0,44.0,14,0.84,48
兰州市,2025-02-15,58,良,131,35,67.0,40.0,16,0.8,53
兰州市,2025-02-16,82,良,283,46,115.0,47.0,15,0.86,52
兰州市,2025-02-17,80,良,298,52,110.0,54.0,18,0.97,57
兰州市,2025-02-18,70,良,265,45,91.0,45.0,18,0.91,49
兰州市,2025-02-19,73,良,286,45,96.0,25.0,14,0.66,75
兰州市,2025-02-20,66,良,253,48,75.0,30.0,11,0.68,78
兰州市,2025-02-21,65,良,237,47,69.0,33.0,9,0.8,61
兰州市,2025-02-22,70,良,264,51,89.0,17.0,11,0.57,82
兰州市,2025-02-23,54,良,220,35,58.0,24.0,10,0.56,64
兰州市,2025-02-24,62,良,223,45,65.0,43.0,14,0.83,48
兰州市,2025-02-25,66,良,179,45,74.0,53.0,12,1.06,46
兰州市,2025-02-26,76,良,212,45,78.0,61.0,18,1.1,47
兰州市,2025-02-27,78,良,200,46,81.0,62.0,18,1.1,44
兰州市,2025-02-28,88,良,234,50,90.0,70.0,21,1.14,41
兰州市,2025-03-01,82,良,226,49,114.0,48.0,13,0.95,47
兰州市,2025-03-02,54,良,205,34,57.0,24.0,7,0.44,74
兰州市,2025-03-03,59,良,307,42,53.0,31.0,9,0.68,66
兰州市,2025-03-04,76,良,318,56,76.0,32.0,12,0.72,60
兰州市,2025-03-05,55,良,200,39,59.0,21.0,11,0.55,73
兰州市,2025-03-06,56,良,200,40,58.0,26.0,7,0.68,66
兰州市,2025-03-07,69,良,233,50,83.0,37.0,9,0.7,59
兰州市,2025-03-08,75,良,216,52,100.0,55.0,17,0.93,53
兰州市,2025-03-09,82,良,215,47,114.0,38.0,9,0.78,54
兰州市,2025-03-10,74,良,192,44,99.0,55.0,12,0.92,49
兰州市,2025-03-11,141,轻度污染,317,85,214.5,29.0,8,0.55,64
兰州市,2025-03-12,104,轻度污染,248,52,157.0,49.0,15,0.76,48
兰州市,2025-03-13,108,轻度污染,297,55,165.0,37.0,14,0.76,58
兰州市,2025-03-14,60,良,247,36,70.0,16.0,6,0.42,74
兰州市,2025-03-15,52,良,233,26,55.0,8.0,9,0.38,87
兰州市,2025-03-16,60,良,315,31,70.0,27.0,13,0.58,73
兰州市,2025-03-17,53,良,241,31,56.0,31.0,14,0.65,65
兰州市,2025-03-18,48,优,137,26,45.0,33.0,11,0.66,69
兰州市,2025-03-19,54,良,150,33,58.0,42.0,13,0.77,64
兰州市,2025-03-20,64,良,219,38,78.0,42.0,16,0.77,65
兰州市,2025-03-21,65,良,205,40,80.0,44.0,15,0.73,66
兰州市,2025-03-22,66,良,147,39,83.0,47.0,20,0.83,60
兰州市,2025-03-23,68,良,107,29,86.0,34.0,8,0.56,69
兰州市,2025-03-24,79,良,186,37,108.0,50.0,17,0.93,48
兰州市,2025-03-25,120,轻度污染,276,55,189.0,61.0,20,1.03,54
兰州市,2025-03-26,141,轻度污染,324,91,214.5,7.0,7,0.4,94
兰州市,2025-03-27,80,良,158,34,109.0,7.0,9,0.45,81
兰州市,2025-03-28,92,良,252,37,135.0,10.0,14,0.47,77
兰州市,2025-03-29,68,良,248,33,86.0,30.0,12,0.6,54
兰州市,2025-03-30,94,良,313,45,137.0,38.0,12,0.86,53
兰州市,2025-03-31,80,良,296,38,110.0,30.0,12,0.56,72
兰州市,2025-04-01,123,轻度污染,319,60,196.0,31.0,11,0.55,70
兰州市,2025-04-02,118,轻度污染,323,62,186.0,41.0,17,0.76,56
兰州市,2025-04-03,98,良,300,51,146.0,29.0,14,0.61,77
兰州市,2025-04-04,136,轻度污染,320,64,214.5,23.0,10,0.43,78
兰州市,2025-04-05,81,良,269,38,112.0,34.0,14,0.59,71
兰州市,2025-04-06,70,良,181,32,89.0,36.0,18,0.63,65
兰州市,2025-04-07,72,良,159,36,93.0,35.0,11,0.68,86
兰州市,2025-04-08,91,良,269,40,132.0,23.0,10,0.57,91
兰州市,2025-04-09,141,轻度污染,328,69,214.5,29.0,11,0.58,72
兰州市,2025-04-10,78,良,225,33,107.0,29.0,12,0.54,81
兰州市,2025-04-11,141,轻度污染,296,65,214.5,21.0,8,0.41,78
兰州市,2025-04-12,141,轻度污染,309,91,214.5,19.0,9,0.46,74
兰州市,2025-04-13,110,轻度污染,204,47,170.0,32.0,14,0.73,63
兰州市,2025-04-14,72,良,165,35,93.0,37.0,10,0.63,64
兰州市,2025-04-15,75,良,220,34,100.0,36.0,15,0.61,65
兰州市,2025-04-16,141,轻度污染,325,91,214.5,41.0,17,0.61,59
兰州市,2025-04-17,92,良,252,47,133.0,53.0,19,0.74,57
兰州市,2025-04-18,141,轻度污染,323,91,214.5,18.0,9,0.46,85
兰州市,2025-04-19,141,轻度污染,322,80,214.5,39.0,14,0.67,65
兰州市,2025-04-20,141,轻度污染,322,68,214.5,30.0,15,0.59,80
兰州市,2025-04-21,94,良,303,47,138.0,10.0,8,0.36,90
兰州市,2025-04-22,82,良,294,39,113.0,28.0,14,0.65,65
兰州市,2025-04-23,62,良,173,30,73.0,34.0,13,0.68,70
兰州市,2025-04-24,59,良,196,27,68.0,40.0,10,0.58,75
兰州市,2025-04-25,62,良,201,28,74.0,37.0,15,0.6,74
兰州市,2025-04-26,53,良,124,27,56.0,21.0,9,0.49,80
兰州市,2025-04-27,68,良,235,37,87.0,19.0,7,0.44,76
兰州市,2025-04-28,52,良,145,27,55.0,25.0,13,0.53,79
兰州市,2025-04-29,58,良,89,28,67.0,40.0,12,0.61,69
兰州市,2025-04-30,101,轻度污染,277,44,152.0,41.0,12,0.59,62
兰州市,2025-05-01,60,良,211,26,70.0,44.0,13,0.68,63
兰州市,2025-05-02,128,轻度污染,326,69,207.0,32.0,17,0.6,66
兰州市,2025-05-03,118,轻度污染,321,66,185.0,14.0,10,0.4,92
兰州市,2025-05-04,126,轻度污染,312,51,201.0,21.0,8,0.44,71
兰州市,2025-05-05,106,轻度污染,278,52,162.0,16.0,8,0.49,78
兰州市,2025-05-06,141,轻度污染,306,82,214.5,29.0,12,0.51,71
兰州市,2025-05-07,114,轻度污染,285,63,177.0,18.0,10,0.44,79
兰州市,2025-05-08,55,良,120,24,53.0,17.0,8,0.43,84
兰州市,2025-05-09,57,良,212,25,64.0,24.0,8,0.45,73
兰州市,2025-05-10,52,良,135,23,51.0,32.0,10,0.5,73
兰州市,2025-05-11,72,良,263,24,53.0,47.0,13,0.66,83
兰州市,2025-05-12,60,良,68,28,69.0,48.0,12,0.61,65
兰州市,2025-05-13,83,良,166,40,116.0,31.0,14,0.54,77
兰州市,2025-05-14,70,良,147,21,41.0,20.0,7,0.38,105
兰州市,2025-05-15,65,良,188,23,53.0,40.0,10,0.47,80
兰州市,2025-05-16,60,良,159,26,64.0,47.0,12,0.55,71
兰州市,2025-05-17,141,轻度污染,321,91,214.5,18.0,10,0.39,88
兰州市,2025-05-18,68,良,202,30,64.0,28.0,11,0.46,92
兰州市,2025-05-19,64,良,171,28,72.0,42.0,17,0.63,76
兰州市,2025-05-20,68,良,190,29,68.0,41.0,16,0.6,82
兰州市,2025-05-21,64,良,194,34,79.0,39.0,10,0.57,67
兰州市,2025-05-22,59,良,163,30,67.0,19.0,8,0.39,86
兰州市,2025-05-23,59,良,211,24,49.0,19.0,11,0.37,91
兰州市,2025-05-24,68,良,225,21,43.0,26.0,10,0.44,88
兰州市,2025-05-25,64,良,151,22,35.0,24.0,8,0.42,87
兰州市,2025-05-26,58,良,105,28,57.0,46.0,16,0.58,62
兰州市,2025-05-27,51,良,83,25,49.0,33.0,7,0.48,73
兰州市,2025-05-28,64,良,155,20,37.0,14.0,6,0.4,93
兰州市,2025-05-29,61,良,147,22,44.0,10.0,6,0.39,92
兰州市,2025-05-30,116,轻度污染,271,59,182.0,14.0,10,0.33,97
兰州市,2025-05-31,76,良,216,41,103.0,25.0,11,0.48,79
兰州市,2025-06-01,66,良,208,25,41.0,16.0,8,0.33,92
兰州市,2025-06-02,58,良,217,24,48.0,28.0,11,0.42,80
兰州市,2025-06-03,67,良,229,22,44.0,23.0,9,0.4,90
兰州市,2025-06-04,59,良,174,17,37.0,23.0,7,0.34,86
兰州市,2025-06-05,68,良,159,22,44.0,32.0,11,0.45,88
兰州市,2025-06-06,67,良,156,25,49.0,36.0,13,0.46,93
兰州市,2025-06-07,78,良,259,25,56.0,28.0,10,0.39,103
兰州市,2025-06-08,64,良,195,28,63.0,24.0,12,0.4,95
兰州市,2025-06-09,60,良,193,25,37.0,15.0,7,0.38,92
兰州市,2025-06-10,52,良,186,25,50.0,33.0,10,0.58,68
兰州市,2025-06-11,73,良,195,22,50.0,36.0,11,0.58,85
兰州市,2025-06-12,80,良,216,27,60.0,38.0,10,0.51,92
兰州市,2025-06-13,82,良,227,34,84.0,27.0,13,0.51,99
兰州市,2025-06-14,67,良,218,24,45.0,11.0,8,0.39,98
兰州市,2025-06-15,95,良,284,24,48.0,17.0,10,0.38,123
兰州市,2025-06-16,77,良,259,22,46.0,32.0,16,0.57,95
兰州市,2025-06-17,74,良,192,27,57.0,42.0,14,0.63,88
兰州市,2025-06-18,68,良,209,28,62.0,33.0,14,0.55,88
兰州市,2025-06-19,72,良,286,23,42.0,14.0,9,0.39,106
兰州市,2025-06-20,59,良,251,25,44.0,30.0,11,0.64,79
兰州市,2025-06-21,68,良,241,23,44.0,29.0,12,0.58,92
兰州市,2025-06-22,72,良,232,16,19.0,13.0,8,0.45,109
兰州市,2025-06-23,68,良,207,20,30.0,20.0,10,0.52,90
兰州市,2025-06-24,57,良,158,25,28.0,21.0,8,0.53,84
兰州市,2025-06-25,62,良,159,20,28.0,24.0,9,0.55,80
兰州市,2025-06-26,64,良,178,23,41.0,30.0,11,0.58,80
兰州市,2025-06-27,68,良,208,19,31.0,28.0,8,0.47,87
兰州市,2025-06-28,79,良,274,20,38.0,31.0,12,0.49,97
兰州市,2025-06-29,55,良,209,29,60.0,25.0,8,0.45,75
兰州市,2025-06-30,71,良,289,22,31.0,22.0,8,0.48,99
兰州市,2025-07-01,54,良,235,28,48.0,43.0,13,0.62,55
兰州市,2025-07-02,59,良,256,31,49.0,37.0,9,0.58,78
兰州市,2025-07-03,72,良,295,26,51.0,28.0,13,0.48,94
兰州市,2025-07-04,63,良,224,23,35.0,16.0,7,0.32,96
兰州市,2025-07-05,62,良,194,18,29.0,22.0,9,0.46,84
兰州市,2025-07-06,65,良,192,17,27.0,18.0,8,0.35,91
兰州市,2025-07-07,71,良,215,20,33.0,19.0,10,0.43,90
兰州市,2025-07-08,48,优,155,18,25.0,14.0,7,0.37,76
兰州市,2025-07-09,62,良,260,23,39.0,21.0,10,0.58,83
兰州市,2025-07-10,63,良,277,19,38.0,21.0,8,0.45,73
兰州市,2025-07-11,48,优,182,17,31.0,14.0,6,0.36,73
兰州市,2025-07-12,46,优,170,17,28.0,11.0,6,0.35,70
兰州市,2025-07-13,53,良,208,19,30.0,12.0,7,0.36,84
兰州市,2025-07-14,61,良,191,21,39.0,15.0,7,0.5,86
兰州市,2025-07-15,61,良,189,25,52.0,25.0,9,0.52,80
兰州市,2025-07-16,68,良,231,27,59.0,24.0,11,0.47,87
兰州市,2025-07-17,68,良,198,25,51.0,18.0,7,0.48,88
兰州市,2025-07-18,66,良,186,25,63.0,14.0,9,0.48,95
兰州市,2025-07-19,78,良,251,40,106.0,14.0,8,0.39,89
兰州市,2025-07-20,51,良,191,17,30.0,20.0,7,0.4,83
兰州市,2025-07-21,65,良,281,19,37.0,23.0,9,0.49,86
兰州市,2025-07-22,69,良,288,17,31.0,14.0,8,0.37,93
兰州市,2025-07-23,51,良,263,20,37.0,16.0,8,0.46,75
兰州市,2025-07-24,56,良,296,22,37.0,13.0,8,0.37,91
兰州市,2025-07-25,58,良,285,19,33.0,26.0,8,0.55,81
兰州市,2025-07-26,73,良,315,21,37.0,27.0,11,0.67,88
兰州市,2025-07-27,83,良,323,21,38.0,25.0,10,0.52,97
兰州市,2025-07-28,82,良,326,21,38.0,22.0,10,0.47,91
兰州市,2025-07-29,64,良,269,23,39.0,23.0,8,0.57,80
兰州市,2025-07-30,82,良,303,17,34.0,21.0,9,0.46,99
兰州市,2025-07-31,65,良,241,32,80.0,12.0,9,0.41,84
兰州市,2025-08-01,69,良,255,28,53.0,15.0,10,0.51,99
兰州市,2025-08-02,73,良,267,22,40.0,19.0,9,0.5,85
兰州市,2025-08-03,53,良,179,20,42.0,19.0,9,0.48,80
兰州市,2025-08-04,48,优,163,15,22.0,16.0,8,0.38,77
兰州市,2025-08-05,36,优,94,21,35.0,24.0,7,0.42,55
兰州市,2025-08-06,46,优,183,24,46.0,24.0,8,0.49,64
兰州市,2025-08-07,47,优,189,22,40.0,18.0,9,0.5,65
兰州市,2025-08-08,46,优,195,13,20.0,16.0,6,0.37,79
兰州市,2025-08-09,48,优,230,17,35.0,24.0,7,0.41,66
兰州市,2025-08-10,49,优,213,22,49.0,34.0,9,0.57,56
兰州市,2025-08-11,76,良,299,21,44.0,23.0,12,0.51,98
兰州市,2025-08-12,79,良,279,19,33.0,15.0,7,0.3,103
兰州市,2025-08-13,74,良,286,22,48.0,26.0,13,0.41,87
兰州市,2025-08-14,72,良,265,18,42.0,26.0,12,0.42,82
兰州市,2025-08-15,73,良,301,20,44.0,32.0,13,0.45,91
兰州市,2025-08-16,72,良,312,23,48.0,28.0,12,0.5,82
兰州市,2025-08-17,55,良,260,17,34.0,16.0,7,0.37,79
兰州市,2025-08-18,51,良,205,15,31.0,15.0,7,0.42,81
兰州市,2025-08-19,68,良,264,17,32.0,22.0,7,0.48,82
兰州市,2025-08-20,114,轻度污染,323,50,178.0,11.0,7,0.28,70
兰州市,2025-08-21,46,优,199,14,21.0,15.0,7,0.33,76
兰州市,2025-08-22,35,优,112,18,31.0,28.0,11,0.57,45
兰州市,2025-08-23,65,良,279,17,28.0,22.0,8,0.4,89
兰州市,2025-08-24,62,良,298,23,41.0,28.0,11,0.5,76
兰州市,2025-08-25,48,优,228,17,35.0,22.0,9,0.48,61
兰州市,2025-08-26,36,优,116,15,20.0,13.0,7,0.41,58
兰州市,2025-08-27,52,良,210,20,27.0,19.0,7,0.4,87
兰州市,2025-08-28,40,优,132,19,24.0,26.0,6,0.41,64
兰州市,2025-08-29,50,优,222,21,33.0,28.0,7,0.52,71
兰州市,2025-08-30,59,良,266,25,45.0,32.0,11,0.55,67
兰州市,2025-08-31,69,良,312,24,47.0,38.0,12,0.63,79
兰州市,2025-09-01,48,优,185,22,45.0,27.0,12,0.53,56
兰州市,2025-09-02,63,良,245,32,76.0,17.0,7,0.37,72
兰州市,2025-09-03,60,良,242,28,71.0,25.0,10,0.54,63
兰州市,2025-09-04,66,良,272,30,81.0,18.0,10,0.5,68
兰州市,2025-09-05,62,良,268,28,74.0,16.0,7,0.37,77
兰州市,2025-09-06,92,良,320,42,135.0,34.0,10,0.62,62
兰州市,2025-09-07,78,良,310,38,106.0,37.0,10,0.55,48
兰州市,2025-09-08,67,良,287,32,84.0,38.0,13,0.59,66
兰州市,2025-09-09,57,良,249,29,64.0,36.0,17,0.6,61
兰州市,2025-09-10,56,良,249,26,57.0,30.0,9,0.58,63
兰州市,2025-09-11,57,良,256,23,51.0,23.0,16,0.53,73
兰州市,2025-09-12,59,良,262,21,45.0,26.0,9,0.38,73
兰州市,2025-09-13,65,良,293,31,80.0,32.0,16,0.48,63
兰州市,2025-09-14,74,良,291,34,99.0,30.0,13,0.5,80
兰州市,2025-09-15,128,轻度污染,323,66,206.0,21.0,9,0.42,61
兰州市,2025-09-16,82,良,313,42,113.0,15.0,9,0.38,79
兰州市,2025-09-17,40,优,224,21,34.0,14.0,6,0.36,66
兰州市,2025-09-18,26,优,48,16,23.0,21.0,7,0.47,40
兰州市,2025-09-19,38,优,201,23,38.0,24.0,8,0.62,48
兰州市,2025-09-20,38,优,179,20,38.0,27.0,6,0.54,30
兰州市,2025-09-21,46,优,226,28,46.0,28.0,8,0.69,23
兰州市,2025-09-22,56,良,303,36,62.0,31.0,9,0.79,42
兰州市,2025-09-23,56,良,302,18,39.0,23.0,9,0.42,83
兰州市,2025-09-24,54,良,307,25,57.0,35.0,13,0.65,56
兰州市,2025-09-25,46,优,222,20,46.0,20.0,7,0.53,59
兰州市,2025-09-26,44,优,208,22,44.0,23.0,8,0.54,52
兰州市,2025-09-27,45,优,210,24,45.0,19.0,9,0.52,78
兰州市,2025-09-28,46,优,205,26,46.0,31.0,6,0.63,63
兰州市,2025-09-29,50,优,220,28,51.0,34.0,6,0.63,60
兰州市,2025-09-30,52,良,209,28,54.0,35.0,7,0.73,56
兰州市,2025-10-01,48,优,184,21,30.0,20.0,5,0.52,76
兰州市,2025-10-02,39,优,131,22,38.0,31.0,7,0.7,38
兰州市,2025-10-03,54,良,279,32,57.0,28.0,7,0.64,38
兰州市,2025-10-04,64,良,316,30,79.0,34.0,8,0.52,44
兰州市,2025-10-05,62,良,297,28,73.0,20.0,6,0.43,60
兰州市,2025-10-06,47,优,266,31,47.0,23.0,6,0.71,54
兰州市,2025-10-07,37,优,159,24,37.0,19.0,5,0.57,53
兰州市,2025-10-08,33,优,131,23,29.0,16.0,5,0.6,49
兰州市,2025-10-09,40,优,182,28,33.0,16.0,6,0.49,50
兰州市,2025-10-10,33,优,126,23,30.0,18.0,6,0.44,47
兰州市,2025-10-11,36,优,150,25,36.0,25.0,8,0.58,36
兰州市,2025-10-12,34,优,128,20,29.0,26.0,6,0.48,50
兰州市,2025-10-13,52,良,261,29,54.0,41.0,8,0.71,37
兰州市,2025-10-14,52,良,256,29,55.0,40.0,8,0.68,29
兰州市,2025-10-15,54,良,263,33,58.0,42.0,8,0.75,39
兰州市,2025-10-16,60,良,293,36,70.0,33.0,7,0.59,35
兰州市,2025-10-17,36,优,157,25,36.0,26.0,5,0.65,50
兰州市,2025-10-18,52,良,293,32,54.0,35.0,6,0.7,35
兰州市,2025-10-19,56,良,305,31,61.0,34.0,6,0.64,46
兰州市,2025-10-20,54,良,306,32,58.0,28.0,7,0.73,36
兰州市,2025-10-21,42,优,239,26,42.0,18.0,6,0.63,44
兰州市,2025-10-22,42,优,197,26,42.0,18.0,6,0.68,43
兰州市,2025-10-23,32,优,79,20,29.0,21.0,5,0.58,48
兰州市,2025-10-24,41,优,96,27,41.0,33.0,5,0.72,31
兰州市,2025-10-25,49,优,141,34,45.0,25.0,4,0.56,58
兰州市,2025-10-26,44,优,117,27,40.0,25.0,4,0.45,63
兰州市,2025-10-27,57,良,208,39,64.0,42.0,7,0.84,36
兰州市,2025-10-28,64,良,187,46,74.0,47.0,9,0.79,62
兰州市,2025-10-29,66,良,208,48,81.0,50.0,11,0.97,38
兰州市,2025-10-30,67,良,238,39,84.0,47.0,11,0.76,46
兰州市,2025-10-31,66,良,252,35,81.0,49.0,8,0.74,39
兰州市,2025-11-01,68,良,246,43,84.0,54.0,9,0.84,38
兰州市,2025-11-02,71,良,290,44,84.0,57.0,10,0.86,43
兰州市,2025-11-03,58,良,231,38,66.0,45.0,8,0.77,31
兰州市,2025-11-04,64,良,239,46,71.0,46.0,11,0.96,20
兰州市,2025-11-05,31,优,71,21,31.0,22.0,4,0.54,32
兰州市,2025-11-06,26,优,51,17,23.0,21.0,4,0.54,31
兰州市,2025-11-07,84,良,304,48,118.0,18.0,5,0.51,62
兰州市,2025-11-08,84,良,286,50,119.0,25.0,8,0.56,42
兰州市,2025-11-09,88,良,313,43,125.0,34.0,7,0.7,34
兰州市,2025-11-10,62,良,247,36,74.0,30.0,7,0.61,48
兰州市,2025-11-11,62,良,247,45,74.0,46.0,9,0.95,20
兰州市,2025-11-12,66,良,257,37,81.0,38.0,9,0.6,38
兰州市,2025-11-13,68,良,276,42,86.0,47.0,13,0.77,32
兰州市,2025-11-14,69,良,226,43,80.0,55.0,22,0.86,30
兰州市,2025-11-15,71,良,194,50,92.0,45.0,13,0.87,43
兰州市,2025-11-16,64,良,210,29,79.0,21.0,9,0.4,55
兰州市,2025-11-17,46,优,221,20,46.0,9.0,6,0.35,58
兰州市,2025-11-18,54,良,302,30,59.0,36.0,10,0.65,39
兰州市,2025-11-19,68,良,306,45,77.0,54.0,14,0.85,29
兰州市,2025-11-20,79,良,312,54,92.0,63.0,15,0.91,33
兰州市,2025-11-21,82,良,289,58,97.0,66.0,20,1.03,29
兰州市,2025-11-22,82,良,243,60,99.0,66.0,24,1.09,23
兰州市,2025-11-23,140,轻度污染,318,78,214.5,60.0,17,1.1,36
兰州市,2025-11-24,66,良,162,35,83.0,31.0,5,0.48,57
兰州市,2025-11-25,75,良,248,53,94.0,60.0,12,1.18,19
兰州市,2025-11-26,110,轻度污染,276,51,170.0,41.0,8,0.87,32
兰州市,2025-11-27,134,轻度污染,275,60,214.5,63.0,13,1.26,20
兰州市,2025-11-28,82,良,194,46,88.0,66.0,17,1.33,20
兰州市,2025-11-29,84,良,231,52,92.0,67.0,18,1.39,20
兰州市,2025-11-30,82,良,215,47,114.0,50.0,13,0.91,28
兰州市,2025-12-01,88,良,230,50,127.0,46.0,18,0.91,36
兰州市,2025-12-02,66,良,215,32,83.0,37.0,12,0.59,43
兰州市,2025-12-03,68,良,273,39,86.0,54.0,14,0.87,30
兰州市,2025-12-04,85,良,315,56,99.0,68.0,19,1.23,22
兰州市,2025-12-05,94,良,296,67,108.0,75.0,25,1.38,22
兰州市,2025-12-06,100,良,279,75,116.0,77.0,26,1.5,22
兰州市,2025-12-07,75,良,180,52,87.0,60.0,22,1.2,31
兰州市,2025-12-08,81,良,256,50,91.0,65.0,22,1.16,28
兰州市,2025-12-09,94,良,261,68,111.0,75.0,20,1.47,25
兰州市,2025-12-10,84,良,191,57,117.0,60.0,16,1.39,26
兰州市,2025-12-11,104,轻度污染,245,54,159.0,49.0,20,1.06,36
兰州市,2025-12-12,86,良,260,36,121.0,8.0,5,0.4,65
兰州市,2025-12-13,73,良,287,34,96.0,36.0,10,0.89,40
兰州市,2025-12-14,81,良,289,57,110.0,65.0,13,1.41,22
兰州市,2025-12-15,100,良,308,75,129.0,80.0,15,1.79,21
兰州市,2025-12-16,90,良,253,67,113.0,69.0,21,1.5,25
兰州市,2025-12-17,96,良,229,66,116.0,77.0,20,1.53,21
兰州市,2025-12-18,120,轻度污染,255,91,142.0,90.5,20,1.83,17
兰州市,2025-12-19,64,良,130,38,79.0,40.0,12,0.8,35
兰州市,2025-12-20,48,优,119,30,48.0,21.0,5,0.41,49
兰州市,2025-12-21,88,良,311,65,87.0,49.0,9,0.99,12
兰州市,2025-12-22,82,良,299,61,114.0,40.0,11,1.0,23
兰州市,2025-12-23,54,良,167,26,57.0,32.0,9,0.59,43
兰州市,2025-12-24,56,良,185,33,61.0,34.0,10,0.78,33
兰州市,2025-12-25,60,良,247,37,66.0,48.0,11,0.96,28
兰州市,2025-12-26,68,良,282,48,79.0,54.0,13,1.17,25
兰州市,2025-12-27,89,良,292,66,97.0,61.0,21,1.5,23
兰州市,2025-12-28,108,轻度污染,280,81,117.0,66.0,21,1.65,24
兰州市,2025-12-29,95,良,248,71,108.0,64.0,22,1.58,28
兰州市,2025-12-30,108,轻度污染,243,81,115.0,66.0,25,1.66,25
兰州市,2025-12-31,70,良,257,51,75.0,28.0,10,0.77,40
兰州市,2026-01-01,92,良,329,69,86.0,29.0,6,0.93,37
兰州市,2026-01-02,80,良,282,59,75.0,32.0,9,0.88,40
兰州市,2026-01-03,81,良,230,60,70.0,21.0,6,0.76,54
兰州市,2026-01-04,72,良,205,53,69.0,31.0,8,0.94,49
兰州市,2026-01-05,50,优,139,35,51.0,20.0,8,0.58,62
兰州市,2026-01-06,72,良,256,53,77.0,50.0,11,1.32,28
兰州市,2026-01-07,85,良,319,63,90.0,57.0,20,1.49,26
兰州市,2026-01-08,78,良,302,57,86.0,56.0,20,1.41,28
兰州市,2026-01-09,64,良,152,45,79.0,51.0,19,1.28,31
兰州市,2026-01-10,68,良,185,37,85.0,43.0,12,0.81,36
兰州市,2026-01-11,76,良,272,54,101.0,59.0,19,1.3,23
兰州市,2026-01-12,95,良,292,66,116.0,76.0,22,1.84,19
兰州市,2026-01-13,85,良,221,52,95.0,68.0,30,1.71,18
兰州市,2026-01-14,104,轻度污染,233,48,157.0,61.0,18,1.33,29
兰州市,2026-01-15,84,良,179,42,119.0,57.0,15,1.23,31
兰州市,2026-01-16,100,良,224,49,150.0,57.0,20,1.17,26
兰州市,2026-01-17,98,良,230,60,147.0,65.0,28,1.47,24
兰州市,2026-01-18,80,良,221,32,111.0,11.0,10,0.43,64
兰州市,2026-01-19,58,良,231,24,66.0,14.0,7,0.53,56
兰州市,2026-01-20,59,良,285,33,68.0,28.0,13,0.83,40
兰州市,2026-01-21,64,良,283,43,79.0,33.0,14,0.87,44
兰州市,2026-01-22,71,良,255,50,92.0,50.0,15,1.09,33
兰州市,2026-01-23,95,良,279,71,116.0,69.0,22,1.41,29
兰州市,2026-01-24,112,轻度污染,266,75,174.0,65.0,22,1.38,37
兰州市,2026-01-25,141,轻度污染,338,91,214.5,21.0,8,0.59,50
兰州市,2026-01-26,141,轻度污染,336,91,214.5,46.0,12,1.13,23
兰州市,2026-01-27,141,轻度污染,330,89,214.5,45.0,16,0.98,40
兰州市,2026-01-28,141,轻度污染,315,83,214.5,58.0,21,1.25,35
兰州市,2026-01-29,121,轻度污染,294,68,192.0,44.0,12,0.96,34
兰州市,2026-01-30,106,轻度污染,285,60,163.0,31.0,9,0.82,43
兰州市,2026-01-31,104,轻度污染,271,68,159.0,41.0,9,1.07,30
兰州市,2026-02-01,92,良,261,63,134.0,43.0,11,1.08,39
兰州市,2026-02-02,84,良,257,59,117.0,48.0,14,1.13,38
兰州市,2026-02-03,86,良,237,62,122.0,45.0,16,1.1,43
兰州市,2026-02-04,81,良,191,59,112.0,56.0,15,1.25,36
兰州市,2026-02-05,69,良,145,49,88.0,52.0,20,1.14,41
兰州市,2026-02-06,75,良,253,32,100.0,17.0,8,0.5,71
兰州市,2026-02-07,68,良,275,33,85.0,20.0,8,0.54,68
兰州市,2026-02-08,71,良,288,47,92.0,42.0,16,0.87,42
兰州市,2026-02-09,91,良,313,54,132.0,31.0,15,0.88,50
兰州市,2026-02-10,108,轻度污染,306,46,165.0,27.0,10,0.62,62
兰州市,2026-02-11,81,良,225,47,112.0,49.0,15,1.04,42
兰州市,2026-02-12,79,良,193,50,108.0,52.0,23,1.15,33
兰州市,2026-02-13,84,良,227,62,108.0,61.0,21,1.54,38
兰州市,2026-02-14,77,良,213,38,104.0,33.0,14,0.94,50
兰州市,2026-02-15,96,良,318,39,141.0,10.0,9,0.42,77
兰州市,2026-02-16,64,良,288,31,79.0,14.0,11,0.56,68
兰州市,2026-02-17,71,良,142,48,92.0,16.0,17,0.71,68
兰州市,2026-02-18,55,良,162,27,60.0,15.0,11,0.6,73
兰州市,2026-02-19,51,良,108,24,51.0,19.0,12,0.56,77
兰州市,2026-02-20,58,良,183,32,66.0,31.0,17,0.92,58
兰州市,2026-02-21,141,轻度污染,293,80,214.5,23.0,13,0.71,55
兰州市,2026-02-22,141,轻度污染,333,91,214.5,20.0,13,0.63,59
兰州市,2026-02-23,118,轻度污染,294,59,186.0,21.0,12,0.6,58
兰州市,2026-02-24,76,良,296,43,103.0,39.0,14,0.88,58
兰州市,2026-02-25,108,轻度污染,322,51,166.0,25.0,8,0.66,59
兰州市,2026-02-26,90,良,327,43,129.0,25.0,16,0.76,60
兰州市,2026-02-27,89,良,303,48,128.0,35.0,14,0.83,55
兰州市,2026-02-28,91,良,312,51,132.0,30.0,14,0.8,57
兰州市,2026-03-01,92,良,310,45,133.0,20.0,13,0.6,71
兰州市,2026-03-02,92,良,293,51,133.0,18.0,12,0.72,87
兰州市,2026-03-03,133,轻度污染,306,74,214.5,24.0,13,0.63,68
兰州市,2026-03-04,124,轻度污染,314,61,197.0,27.0,20,0.76,56
兰州市,2026-03-05,76,良,288,34,102.0,15.0,10,0.55,81
兰州市,2026-03-06,68,良,270,32,86.0,25.0,13,0.65,68
兰州市,2026-03-07,62,良,228,35,75.0,31.0,16,0.74,61
兰州市,2026-03-08,51,良,134,31,52.0,21.0,9,0.67,60
兰州市,2026-03-09,59,良,214,42,64.0,33.0,8,0.88,57
兰州市,2026-03-10,57,良,190,37,64.0,39.0,13,0.96,50
兰州市,2026-03-11,56,良,185,30,61.0,35.0,14,0.85,56
兰州市,2026-03-12,141,轻度污染,321,88,214.5,23.0,7,0.56,57
兰州市,2026-03-13,141,轻度污染,318,91,214.5,6.0,6,0.42,73
兰州市,2026-03-14,82,良,255,45,115.0,12.0,6,0.5,71
兰州市,2026-03-15,97,良,289,57,144.0,23.0,8,0.7,58
兰州市,2026-03-16,89,良,281,58,128.0,24.0,9,0.71,52
兰州市,2026-03-17,72,良,233,35,94.0,8.0,6,0.42,84
兰州市,2026-03-18,86,良,310,38,121.0,11.0,7,0.39,77
兰州市,2026-03-19,92,良,313,44,134.0,22.0,9,0.5,64
兰州市,2026-03-20,80,良,244,43,109.0,28.0,14,0.64,68
兰州市,2026-03-21,105,轻度污染,296,53,160.0,29.0,12,0.6,59
兰州市,2026-03-22,115,轻度污染,312,65,180.0,23.0,8,0.41,65
兰州市,2026-03-23,94,良,261,52,139.0,29.0,12,0.53,59
兰州市,2026-03-24,74,良,220,41,97.0,34.0,11,0.66,69
兰州市,2026-03-25,68,良,177,39,86.0,38.0,10,0.7,62
兰州市,2026-03-26,51,良,107,25,49.0,24.0,8,0.55,79
兰州市,2026-03-27,48,优,109,25,43.0,19.0,7,0.47,77
兰州市,2026-03-28,50,优,110,22,48.0,15.0,8,0.35,89
兰州市,2026-03-29,51,良,125,27,52.0,34.0,7,0.53,56
兰州市,2026-03-30,42,优,107,27,42.0,23.0,6,0.52,69
兰州市,2026-03-31,52,良,182,29,53.0,25.0,8,0.55,67
兰州市,2026-04-01,57,良,176,29,64.0,37.0,13,0.67,62
兰州市,2026-04-02,66,良,219,31,82.0,40.0,12,0.63,67
兰州市,2026-04-03,110,轻度污染,305,53,171.0,10.0,7,0.35,103
兰州市,2026-04-04,92,良,327,40,134.0,24.0,10,0.47,76
兰州市,2026-04-05,92,良,315,46,135.0,26.0,9,0.47,78
兰州市,2026-04-06,67,良,251,31,84.0,26.0,10,0.48,68
兰州市,2026-04-07,58,良,205,26,67.0,25.0,7,0.49,70
兰州市,2026-04-08,53,良,159,23,56.0,25.0,8,0.55,64
兰州市,2026-04-09,69,良,294,32,88.0,27.0,10,0.65,79
兰州市,2026-04-10,60,良,247,23,71.0,29.0,9,0.58,68
兰州市,2026-04-11,70,良,287,27,73.0,26.0,9,0.43,90
兰州市,2026-04-12,64,良,225,30,78.0,28.0,9,0.46,77
兰州市,2026-04-13,59,良,221,26,61.0,16.0,13,0.4,91
兰州市,2026-04-14,66,良,258,18,38.0,14.0,7,0.36,102
兰州市,2026-04-15,57,良,173,31,64.0,29.0,11,0.53,67
兰州市,2026-04-16,61,良,216,18,44.0,16.0,6,0.38,89
兰州市,2026-04-17,70,良,282,24,52.0,38.0,9,0.57,74
兰州市,2026-04-18,85,良,311,30,72.0,41.0,12,0.61,91
兰州市,2026-04-19,141,轻度污染,313,91,214.5,6.0,6,0.33,96
兰州市,2026-04-20,74,良,196,39,98.0,16.0,7,0.43,78
兰州市,2026-04-21,88,良,326,57,125.0,17.0,8,0.45,76
兰州市,2026-04-22,74,良,318,45,99.0,25.0,10,0.47,79
兰州市,2026-04-23,84,良,323,57,117.0,31.0,9,0.53,84
兰州市,2026-04-24,82,良,326,54,114.0,29.0,10,0.43,82
兰州市,2026-04-25,85,良,317,31,80.0,34.0,13,0.56,97
兰州市,2026-04-26,87,良,299,25,75.0,27.0,12,0.43,96
兰州市,2026-04-27,61,良,175,20,48.0,11.0,7,0.28,100
兰州市,2026-04-28,52,良,184,22,53.0,14.0,9,0.38,89
兰州市,2026-04-29,91,良,332,32,69.0,18.0,10,0.5,111
兰州市,2026-04-30,58,良,189,22,56.0,14.0,6,0.41,79
兰州市,2026-05-01,48,优,84,22,46.0,13.0,7,0.38,83
兰州市,2026-05-02,68,良,296,24,60.0,9.0,7,0.37,106
兰州市,2026-05-03,74,良,327,21,43.0,25.0,7,0.49,88
兰州市,2026-05-04,65,良,306,19,47.0,38.0,9,0.51,71
兰州市,2026-05-05,78,良,297,21,51.0,32.0,14,0.6,95
兰州市,2026-05-06,83,良,313,39,116.0,8.0,7,0.33,102
兰州市,2026-05-07,58,良,239,27,67.0,23.0,8,0.49,76
兰州市,2026-05-08,61,良,246,21,52.0,32.0,8,0.48,81
兰州市,2026-05-09,57,良,162,24,61.0,32.0,9,0.45,79
兰州市,2026-05-10,66,良,177,33,77.0,29.0,8,0.46,87
兰州市,2026-05-11,68,良,181,36,85.0,36.0,11,0.55,84
兰州市,2026-05-12,64,良,141,27,79.0,26.0,7,0.45,86
兰州市,2026-05-13,62,良,170,20,48.0,16.0,8,0.47,91
兰州市,2026-05-14,140,轻度污染,326,84,214.5,13.0,9,0.44,87
兰州市,2026-05-15,63,良,226,39,76.0,16.0,7,0.47,76
兰州市,2026-05-16,53,良,215,32,56.0,18.0,8,0.58,78
兰州市,2026-05-17,72,良,311,23,51.0,11.0,8,0.45,107
兰州市,2026-05-18,62,良,284,31,70.0,21.0,12,0.49,86
兰州市,2026-05-19,61,良,273,18,45.0,27.0,8,0.57,82
兰州市,2026-05-20,61,良,274,19,50.0,14.0,8,0.51,90
兰州市,2026-05-21,141,轻度污染,329,91,214.5,12.0,9,0.46,89
兰州市,2026-05-22,112,轻度污染,328,74,175.0,15.0,13,0.51,101
兰州市,2026-05-23,74,良,307,48,97.0,21.0,11,0.54,94
兰州市,2026-05-24,48,优,192,20,41.0,15.0,9,0.58,71
兰州市,2026-05-25,56,良,283,28,62.0,18.0,8,0.58,82
兰州市,2026-05-26,88,良,324,43,127.0,17.0,10,0.48,89
兰州市,2026-05-27,92,良,335,46,133.0,18.0,9,0.45,83
兰州市,2026-05-28,49,优,126,24,49.0,16.0,8,0.5,80
兰州市,2026-05-29,61,良,188,22,52.0,29.0,9,0.54,83
兰州市,2026-05-30,82,良,227,26,57.0,29.0,12,0.53,106
兰州市,2026-05-31,89,良,200,49,128.0,11.0,9,0.39,114
兰州市,2026-06-01,76,良,185,27,61.0,26.0,10,0.46,98
兰州市,2026-06-02,89,良,226,24,56.0,29.0,15,0.55,105
兰州市,2026-06-03,76,良,247,28,74.0,14.0,11,0.38,111
兰州市,2026-06-04,76,良,260,31,61.0,25.0,10,0.46,94
兰州市,2026-06-05,78,良,248,32,69.0,30.0,15,0.5,99
兰州市,2026-06-06,141,轻度污染,334,91,214.5,17.0,10,0.44,85
兰州市,2026-06-07,72,良,312,47,94.0,16.0,10,0.54,77
