日期,城市,质量等级,AQI,PM2.5,PM10,NO2,SO2,CO,O3,年份,月份,季节,星期几,是否周末,AQI_lag1,PM2.5_roll7_mean
2014-01-02,兰州市,轻度污染,128,77,154.0,28.0,38,1.6,21,2014,1,冬季,4,0,141.0,84.0
2014-01-03,兰州市,轻度污染,101,69,141.0,33.0,38,1.53,20,2014,1,冬季,5,0,128.0,79.0
2014-01-04,兰州市,轻度污染,122,91,164.0,37.0,38,1.58,20,2014,1,冬季,6,1,101.0,82.0
2014-01-05,兰州市,轻度污染,116,87,162.0,35.0,38,1.74,18,2014,1,冬季,7,1,122.0,83.0
2014-01-06,兰州市,良,98,62,134.0,26.0,38,1.3,36,2014,1,冬季,1,0,116.0,79.5
2014-01-07,兰州市,良,52,15,56.0,26.0,22,1.26,38,2014,1,冬季,2,0,98.0,70.28571428571429
2014-01-08,兰州市,优,49,23,55.0,35.0,28,1.47,35,2014,1,冬季,3,0,52.0,60.57142857142857
2014-01-09,兰州市,良,84,53,116.0,51.0,38,2.29,25,2014,1,冬季,4,0,49.0,57.142857142857146
2014-01-10,兰州市,良,85,55,118.0,47.0,37,1.69,26,2014,1,冬季,5,0,84.0,55.142857142857146
2014-01-11,兰州市,良,73,40,94.0,37.0,30,1.49,28,2014,1,冬季,6,1,85.0,47.85714285714285
2014-01-12,兰州市,良,82,50,113.0,45.0,38,1.94,22,2014,1,冬季,7,1,73.0,42.57142857142857
2014-01-13,兰州市,轻度污染,105,74,150.0,52.0,38,2.35,21,2014,1,冬季,1,0,82.0,44.285714285714285
2014-01-14,兰州市,轻度污染,102,74,147.0,48.0,38,2.21,24,2014,1,冬季,2,0,105.0,52.71428571428572
2014-01-15,兰州市,轻度污染,141,91,148.0,51.0,38,2.27,26,2014,1,冬季,3,0,102.0,62.42857142857143
2014-01-16,兰州市,轻度污染,117,83,160.0,61.0,38,2.11,55,2014,1,冬季,4,0,141.0,66.71428571428571
2014-01-17,兰州市,轻度污染,135,91,199.0,53.0,38,1.99,21,2014,1,冬季,5,0,117.0,71.85714285714286
2014-01-18,兰州市,轻度污染,139,91,190.0,47.0,37,1.98,32,2014,1,冬季,6,1,135.0,79.14285714285714
2014-01-19,兰州市,轻度污染,141,51,214.5,27.0,27,1.3,45,2014,1,冬季,7,1,139.0,79.28571428571429
2014-01-20,兰州市,轻度污染,123,86,168.0,50.0,38,2.36,24,2014,1,冬季,1,0,141.0,81.0
2014-01-21,兰州市,轻度污染,115,87,135.0,55.0,38,2.28,26,2014,1,冬季,2,0,123.0,82.85714285714286
2014-01-22,兰州市,轻度污染,132,91,142.0,68.0,38,2.79,27,2014,1,冬季,3,0,115.0,82.85714285714286
2014-01-24,兰州市,良,75,36,99.0,31.0,28,1.14,37,2014,1,冬季,5,0,132.0,76.14285714285714
2014-01-25,兰州市,良,73,49,82.0,45.0,37,1.54,33,2014,1,冬季,6,1,75.0,70.14285714285714
2014-01-26,兰州市,良,100,74,113.0,55.0,38,2.62,22,2014,1,冬季,7,1,73.0,67.71428571428571
2014-01-27,兰州市,良,92,66,103.0,41.0,31,2.18,33,2014,1,冬季,1,0,100.0,69.85714285714286
2014-01-28,兰州市,良,71,51,75.0,46.0,37,1.6,37,2014,1,冬季,2,0,92.0,64.85714285714286
2014-01-29,兰州市,轻度污染,136,85,155.0,58.0,38,2.04,41,2014,1,冬季,3,0,71.0,64.57142857142857
2014-01-30,兰州市,轻度污染,104,71,128.0,54.0,38,1.93,45,2014,1,冬季,4,0,136.0,61.71428571428572
2014-01-31,兰州市,轻度污染,141,91,158.0,56.0,38,2.28,41,2014,1,冬季,5,0,104.0,69.57142857142857
2014-02-01,兰州市,轻度污染,105,78,106.0,52.0,38,2.05,43,2014,2,冬季,6,1,141.0,73.71428571428571
2014-02-02,兰州市,轻度污染,114,85,129.0,46.0,38,2.25,38,2014,2,冬季,7,1,105.0,75.28571428571429
2014-02-03,兰州市,良,72,22,94.0,19.0,22,0.76,49,2014,2,冬季,1,0,114.0,69.0
2014-02-04,兰州市,良,69,37,86.0,25.0,30,1.06,36,2014,2,冬季,2,0,72.0,67.0
2014-02-05,兰州市,良,72,38,93.0,15.0,23,0.82,29,2014,2,冬季,3,0,69.0,60.285714285714285
2014-02-06,兰州市,良,77,46,103.0,14.0,20,0.78,34,2014,2,冬季,4,0,72.0,56.71428571428572
2014-02-07,兰州市,轻度污染,106,61,160.0,21.0,23,1.26,35,2014,2,冬季,5,0,77.0,52.42857142857143
2014-02-08,兰州市,良,93,66,123.0,15.0,23,0.74,45,2014,2,冬季,6,1,106.0,50.71428571428572
2014-02-09,兰州市,优,48,31,46.0,12.0,15,0.58,51,2014,2,冬季,7,1,93.0,43.0
2014-02-10,兰州市,良,80,58,72.0,24.0,19,1.15,40,2014,2,冬季,1,0,48.0,48.142857142857146
2014-02-11,兰州市,良,87,64,86.0,24.0,20,1.05,41,2014,2,冬季,2,0,80.0,52.0
2014-02-12,兰州市,良,69,49,70.0,19.0,15,0.75,47,2014,2,冬季,3,0,87.0,53.57142857142857
2014-02-13,兰州市,良,99,74,94.0,30.0,20,1.37,39,2014,2,冬季,4,0,69.0,57.57142857142857
2014-02-14,兰州市,轻度污染,118,88,111.0,45.0,30,1.55,44,2014,2,冬季,5,0,99.0,61.42857142857143
2014-02-15,兰州市,轻度污染,103,77,102.0,45.0,38,1.83,34,2014,2,冬季,6,1,118.0,63.0
2014-02-16,兰州市,良,92,68,83.0,37.0,29,1.61,35,2014,2,冬季,7,1,103.0,68.28571428571429
2014-02-17,兰州市,良,99,74,89.0,45.0,38,1.48,47,2014,2,冬季,1,0,92.0,70.57142857142857
2014-02-18,兰州市,良,97,66,101.0,52.0,38,2.26,36,2014,2,冬季,2,0,99.0,70.85714285714286
2014-02-19,兰州市,良,79,53,98.0,69.0,38,2.07,31,2014,2,冬季,3,0,97.0,71.42857142857143
2014-02-20,兰州市,良,98,72,138.0,71.0,38,2.73,26,2014,2,冬季,4,0,79.0,71.14285714285714
2014-02-21,兰州市,良,89,65,109.0,64.0,38,1.62,53,2014,2,冬季,5,0,98.0,67.85714285714286
2014-02-22,兰州市,良,99,74,120.0,55.0,33,1.87,45,2014,2,冬季,6,1,89.0,67.42857142857143
2014-02-23,兰州市,良,100,74,123.0,51.0,33,1.91,35,2014,2,冬季,7,1,99.0,68.28571428571429
2014-02-24,兰州市,良,87,63,103.0,44.0,26,1.47,36,2014,2,冬季,1,0,100.0,66.71428571428571
2014-02-25,兰州市,轻度污染,105,66,135.0,41.0,23,1.56,38,2014,2,冬季,2,0,87.0,66.71428571428571
2014-02-26,兰州市,轻度污染,141,91,184.0,21.0,15,0.56,64,2014,2,冬季,3,0,105.0,72.14285714285714
2014-02-27,兰州市,良,93,40,135.0,56.0,25,1.34,27,2014,2,冬季,4,0,141.0,67.57142857142857
2014-02-28,兰州市,良,92,32,133.0,26.0,20,0.72,57,2014,2,冬季,5,0,93.0,62.85714285714285
2014-03-01,兰州市,良,94,41,136.0,42.0,29,1.19,53,2014,3,春季,6,1,92.0,58.142857142857146
2014-03-02,兰州市,良,85,40,118.0,37.0,22,0.85,53,2014,3,春季,7,1,94.0,53.285714285714285
2014-03-03,兰州市,良,88,42,123.0,34.0,18,1.03,47,2014,3,春季,1,0,85.0,50.285714285714285
2014-03-04,兰州市,良,86,29,121.0,39.0,20,0.82,50,2014,3,春季,2,0,88.0,45.0
2014-03-05,兰州市,轻度污染,105,38,147.0,40.0,25,0.78,66,2014,3,春季,3,0,86.0,37.42857142857143
2014-03-06,兰州市,良,94,41,124.0,44.0,34,0.96,86,2014,3,春季,4,0,105.0,37.57142857142857
2014-03-07,兰州市,良,88,47,102.0,34.0,24,1.06,92,2014,3,春季,5,0,94.0,39.71428571428572
2014-03-08,兰州市,轻度污染,105,62,146.0,56.0,30,1.45,97,2014,3,春季,6,1,88.0,42.71428571428572
2014-03-09,兰州市,轻度污染,109,69,164.0,73.0,38,1.95,38,2014,3,春季,7,1,105.0,46.85714285714285
2014-03-10,兰州市,轻度污染,101,64,148.0,60.0,35,1.65,31,2014,3,春季,1,0,109.0,50.0
2014-03-11,兰州市,良,91,33,131.0,26.0,21,0.78,45,2014,3,春季,2,0,101.0,50.57142857142857
2014-03-12,兰州市,良,85,27,120.0,18.0,18,0.47,55,2014,3,春季,3,0,91.0,49.0
2014-03-13,兰州市,良,94,44,137.0,56.0,31,1.01,34,2014,3,春季,4,0,85.0,49.42857142857143
2014-03-14,兰州市,轻度污染,120,64,189.0,75.0,38,1.76,30,2014,3,春季,5,0,94.0,51.85714285714285
2014-03-15,兰州市,轻度污染,130,79,204.0,87.0,38,2.23,33,2014,3,春季,6,1,120.0,54.285714285714285
2014-03-16,兰州市,轻度污染,114,66,172.0,64.0,38,1.72,40,2014,3,春季,7,1,130.0,53.85714285714285
2014-03-17,兰州市,轻度污染,107,46,163.0,42.0,24,0.96,41,2014,3,春季,1,0,114.0,51.285714285714285
2014-03-18,兰州市,轻度污染,130,66,208.0,56.0,35,1.41,49,2014,3,春季,2,0,107.0,56.0
2014-03-19,兰州市,轻度污染,141,65,214.5,33.0,29,0.63,62,2014,3,春季,3,0,130.0,61.42857142857143
2014-03-20,兰州市,良,80,28,110.0,32.0,23,0.61,40,2014,3,春季,4,0,141.0,59.142857142857146
2014-03-21,兰州市,良,88,37,125.0,46.0,22,1.07,39,2014,3,春季,5,0,80.0,55.285714285714285
2014-03-22,兰州市,良,65,30,80.0,30.0,14,1.02,29,2014,3,春季,6,1,88.0,48.285714285714285
2014-03-23,兰州市,良,69,38,86.0,43.0,21,1.5,28,2014,3,春季,7,1,65.0,44.285714285714285
2014-03-25,兰州市,轻度污染,127,77,201.0,64.0,38,1.88,18,2014,3,春季,2,0,69.0,48.71428571428572
2014-03-26,兰州市,轻度污染,134,69,214.5,59.0,36,1.73,25,2014,3,春季,3,0,127.0,49.142857142857146
2014-03-27,兰州市,轻度污染,122,63,193.0,30.0,17,0.87,30,2014,3,春季,4,0,134.0,48.85714285714285
2014-03-28,兰州市,良,100,52,149.0,40.0,23,0.95,28,2014,3,春季,5,0,122.0,52.285714285714285
2014-03-29,兰州市,轻度污染,110,67,169.0,65.0,36,1.41,24,2014,3,春季,6,1,100.0,56.57142857142857
2014-03-30,兰州市,良,72,45,89.0,31.0,19,0.9,28,2014,3,春季,7,1,110.0,58.71428571428572
2014-03-31,兰州市,良,86,58,116.0,51.0,24,1.81,25,2014,3,春季,1,0,72.0,61.57142857142857
2014-04-01,兰州市,良,91,51,128.0,50.0,36,1.51,37,2014,4,春季,2,0,86.0,57.85714285714285
2014-04-02,兰州市,良,62,31,74.0,29.0,30,0.79,63,2014,4,春季,3,0,91.0,52.42857142857143
2014-04-03,兰州市,良,68,34,86.0,36.0,30,1.0,44,2014,4,春季,4,0,62.0,48.285714285714285
2014-04-04,兰州市,良,88,54,125.0,59.0,38,1.38,41,2014,4,春季,5,0,68.0,48.57142857142857
2014-04-05,兰州市,良,82,45,112.0,53.0,31,1.46,37,2014,4,春季,6,1,88.0,45.42857142857143
2014-04-06,兰州市,良,74,41,96.0,52.0,23,1.11,36,2014,4,春季,7,1,82.0,44.85714285714285
2014-04-07,兰州市,轻度污染,110,65,167.0,73.0,38,1.68,44,2014,4,春季,1,0,74.0,45.85714285714285
2014-04-08,兰州市,轻度污染,121,65,186.0,68.0,35,1.5,49,2014,4,春季,2,0,110.0,47.85714285714285
2014-04-09,兰州市,良,69,48,77.0,33.0,21,1.15,48,2014,4,春季,3,0,121.0,50.285714285714285
2014-04-10,兰州市,轻度污染,109,58,167.0,61.0,31,1.34,35,2014,4,春季,4,0,69.0,53.71428571428572
2014-04-11,兰州市,良,80,52,106.0,37.0,18,1.02,44,2014,4,春季,5,0,109.0,53.42857142857143
2014-04-12,兰州市,良,77,46,103.0,50.0,23,1.36,32,2014,4,春季,6,1,80.0,53.57142857142857
2014-04-13,兰州市,良,81,43,110.0,56.0,28,1.31,37,2014,4,春季,7,1,77.0,53.85714285714285
2014-04-14,兰州市,良,66,30,81.0,39.0,24,1.28,42,2014,4,春季,1,0,81.0,48.85714285714285
2014-04-15,兰州市,良,60,35,67.0,56.0,27,1.58,31,2014,4,春季,2,0,66.0,44.57142857142857
2014-04-16,兰州市,优,44,24,45.0,26.0,20,1.09,45,2014,4,春季,3,0,60.0,41.142857142857146
2014-04-17,兰州市,良,64,38,77.0,28.0,25,1.02,36,2014,4,春季,4,0,44.0,38.285714285714285
2014-04-18,兰州市,优,44,28,42.0,29.0,17,1.0,33,2014,4,春季,5,0,64.0,34.857142857142854
2014-04-19,兰州市,优,45,28,44.0,34.0,17,1.06,38,2014,4,春季,6,1,44.0,32.285714285714285
2014-04-20,兰州市,良,57,40,57.0,39.0,19,1.17,27,2014,4,春季,7,1,45.0,31.857142857142858
2014-04-21,兰州市,优,43,22,45.0,41.0,14,1.17,34,2014,4,春季,1,0,57.0,30.714285714285715
2014-04-22,兰州市,良,82,47,112.0,67.0,26,1.92,43,2014,4,春季,2,0,43.0,32.42857142857143
2014-04-23,兰州市,良,96,57,141.0,64.0,28,1.67,33,2014,4,春季,3,0,82.0,37.142857142857146
2014-04-24,兰州市,轻度污染,141,91,214.5,37.0,19,1.07,32,2014,4,春季,4,0,96.0,44.71428571428572
2014-04-25,兰州市,轻度污染,141,91,214.5,41.0,18,1.23,36,2014,4,春季,5,0,141.0,53.71428571428572
2014-04-26,兰州市,轻度污染,141,91,214.5,56.0,35,1.72,26,2014,4,春季,6,1,141.0,62.71428571428572
2014-04-27,兰州市,轻度污染,141,80,214.5,51.0,37,1.66,37,2014,4,春季,7,1,141.0,68.42857142857143
2014-04-28,兰州市,轻度污染,132,62,212.0,55.0,31,1.22,45,2014,4,春季,1,0,141.0,74.14285714285714
2014-04-29,兰州市,轻度污染,141,80,214.5,80.0,38,1.76,43,2014,4,春季,2,0,132.0,78.85714285714286
2014-04-30,兰州市,轻度污染,141,91,214.5,72.0,38,1.79,40,2014,4,春季,3,0,141.0,83.71428571428571
2014-05-01,兰州市,轻度污染,101,45,134.0,22.0,12,0.8,60,2014,5,春季,4,0,141.0,77.14285714285714
2014-05-02,兰州市,轻度污染,101,44,151.0,51.0,20,1.28,43,2014,5,春季,5,0,101.0,70.42857142857143
2014-05-03,兰州市,轻度污染,120,56,188.0,61.0,24,1.15,36,2014,5,春季,6,1,101.0,65.42857142857143
2014-05-04,兰州市,良,93,35,134.0,53.0,23,1.24,42,2014,5,春季,7,1,120.0,59.0
2014-05-05,兰州市,良,83,37,115.0,67.0,36,1.6,45,2014,5,春季,1,0,93.0,55.42857142857143
2014-05-06,兰州市,轻度污染,108,56,165.0,78.0,38,1.77,39,2014,5,春季,2,0,83.0,52.0
2014-05-07,兰州市,轻度污染,107,58,163.0,73.0,38,1.75,49,2014,5,春季,3,0,108.0,47.285714285714285
2014-05-08,兰州市,轻度污染,105,54,158.0,70.0,35,1.49,59,2014,5,春季,4,0,107.0,48.57142857142857
2014-05-09,兰州市,轻度污染,141,91,214.5,21.0,11,0.93,59,2014,5,春季,5,0,105.0,55.285714285714285
2014-05-10,兰州市,良,69,41,91.0,25.0,10,1.11,55,2014,5,春季,6,1,141.0,53.142857142857146
2014-05-11,兰州市,良,74,47,82.0,60.0,29,2.03,61,2014,5,春季,7,1,69.0,54.85714285714285
2014-05-12,兰州市,良,84,49,110.0,62.0,38,1.67,58,2014,5,春季,1,0,74.0,56.57142857142857
2014-05-13,兰州市,良,92,49,132.0,37.0,23,1.07,76,2014,5,春季,2,0,84.0,55.57142857142857
2014-05-14,兰州市,良,73,33,90.0,24.0,16,0.81,77,2014,5,春季,3,0,92.0,52.0
2014-05-15,兰州市,良,68,33,83.0,57.0,34,1.42,53,2014,5,春季,4,0,73.0,49.0
2014-05-16,兰州市,良,85,38,117.0,67.0,38,1.48,57,2014,5,春季,5,0,68.0,41.42857142857143
2014-05-17,兰州市,良,77,43,104.0,67.0,38,1.22,44,2014,5,春季,6,1,85.0,41.71428571428572
2014-05-18,兰州市,轻度污染,111,61,165.0,50.0,33,1.33,46,2014,5,春季,7,1,77.0,43.71428571428572
2014-05-19,兰州市,良,56,30,63.0,44.0,21,1.14,58,2014,5,春季,1,0,111.0,41.0
2014-05-20,兰州市,轻度污染,103,60,149.0,72.0,38,1.52,56,2014,5,春季,2,0,56.0,42.57142857142857
2014-05-21,兰州市,良,68,34,85.0,36.0,29,1.03,51,2014,5,春季,3,0,103.0,42.71428571428572
2014-05-22,兰州市,良,66,30,80.0,31.0,16,1.08,51,2014,5,春季,4,0,68.0,42.285714285714285
2014-05-23,兰州市,良,76,43,96.0,33.0,21,1.18,48,2014,5,春季,5,0,66.0,43.0
2014-05-24,兰州市,轻度污染,141,91,214.5,33.0,10,0.95,51,2014,5,春季,6,1,76.0,49.85714285714285
2014-05-25,兰州市,轻度污染,141,91,214.5,43.0,20,0.91,59,2014,5,春季,7,1,141.0,54.142857142857146
2014-05-26,兰州市,轻度污染,125,74,199.0,56.0,29,1.52,65,2014,5,春季,1,0,141.0,60.42857142857143
2014-05-27,兰州市,良,85,55,111.0,56.0,27,1.29,61,2014,5,春季,2,0,125.0,59.71428571428572
2014-05-28,兰州市,良,96,61,134.0,68.0,34,1.56,46,2014,5,春季,3,0,85.0,63.57142857142857
2014-05-29,兰州市,良,88,53,122.0,46.0,35,1.59,53,2014,5,春季,4,0,96.0,66.85714285714286
2014-05-30,兰州市,良,66,33,83.0,36.0,17,1.15,49,2014,5,春季,5,0,88.0,65.42857142857143
2014-05-31,兰州市,良,70,41,84.0,37.0,27,1.51,64,2014,5,春季,6,1,66.0,58.285714285714285
2014-06-01,兰州市,良,83,55,101.0,26.0,27,1.67,60,2014,6,夏季,7,1,70.0,53.142857142857146
2014-06-02,兰州市,良,85,62,86.0,16.0,16,1.33,64,2014,6,夏季,1,0,83.0,51.42857142857143
2014-06-03,兰州市,良,84,61,90.0,16.0,15,1.21,45,2014,6,夏季,2,0,85.0,52.285714285714285
2014-06-04,兰州市,良,78,51,97.0,28.0,18,1.36,47,2014,6,夏季,3,0,84.0,50.85714285714285
2014-06-05,兰州市,良,80,42,108.0,26.0,17,1.55,53,2014,6,夏季,4,0,78.0,49.285714285714285
2014-06-06,兰州市,良,72,37,93.0,15.0,11,1.25,74,2014,6,夏季,5,0,80.0,49.85714285714285
2014-06-07,兰州市,良,92,53,131.0,44.0,31,1.44,45,2014,6,夏季,6,1,72.0,51.57142857142857
2014-06-08,兰州市,良,74,40,96.0,24.0,17,0.73,67,2014,6,夏季,7,1,92.0,49.42857142857143
2014-06-09,兰州市,良,64,34,76.0,26.0,15,0.8,54,2014,6,夏季,1,0,74.0,45.42857142857143
2014-06-10,兰州市,良,68,44,79.0,34.0,21,1.12,46,2014,6,夏季,2,0,64.0,43.0
2014-06-11,兰州市,良,82,56,106.0,37.0,19,1.01,52,2014,6,夏季,3,0,68.0,43.71428571428572
2014-06-12,兰州市,良,66,45,74.0,29.0,19,1.02,66,2014,6,夏季,4,0,82.0,44.142857142857146
2014-06-13,兰州市,良,81,59,72.0,28.0,11,1.02,53,2014,6,夏季,5,0,66.0,47.285714285714285
2014-06-14,兰州市,轻度污染,115,85,126.0,35.0,27,1.36,66,2014,6,夏季,6,1,81.0,51.85714285714285
2014-06-15,兰州市,良,83,52,109.0,32.0,26,1.49,71,2014,6,夏季,7,1,115.0,53.57142857142857
2014-06-16,兰州市,良,74,36,96.0,28.0,24,0.99,72,2014,6,夏季,1,0,83.0,53.85714285714285
2014-06-17,兰州市,良,93,50,132.0,33.0,34,1.28,61,2014,6,夏季,2,0,74.0,54.71428571428572
2014-06-18,兰州市,良,74,48,92.0,16.0,15,0.76,50,2014,6,夏季,3,0,93.0,53.57142857142857
2014-06-19,兰州市,良,59,40,60.0,21.0,7,0.81,45,2014,6,夏季,4,0,74.0,52.85714285714285
2014-06-20,兰州市,良,75,45,95.0,37.0,20,1.24,33,2014,6,夏季,5,0,59.0,50.85714285714285
2014-06-21,兰州市,良,89,53,122.0,37.0,16,1.31,51,2014,6,夏季,6,1,75.0,46.285714285714285
2014-06-22,兰州市,良,82,41,113.0,37.0,16,1.22,39,2014,6,夏季,7,1,89.0,44.71428571428572
2014-06-23,兰州市,良,68,40,83.0,25.0,12,0.95,47,2014,6,夏季,1,0,82.0,45.285714285714285
2014-06-24,兰州市,良,62,37,66.0,21.0,6,0.85,40,2014,6,夏季,2,0,68.0,43.42857142857143
2014-06-25,兰州市,轻度污染,106,79,117.0,41.0,10,1.15,43,2014,6,夏季,3,0,62.0,47.85714285714285
2014-06-26,兰州市,良,92,63,112.0,48.0,28,1.84,45,2014,6,夏季,4,0,106.0,51.142857142857146
2014-06-27,兰州市,良,97,61,141.0,28.0,11,0.84,48,2014,6,夏季,5,0,92.0,53.42857142857143
2014-06-28,兰州市,良,60,41,56.0,30.0,6,0.81,41,2014,6,夏季,6,1,97.0,51.71428571428572
2014-06-29,兰州市,良,69,42,80.0,38.0,14,1.47,40,2014,6,夏季,7,1,60.0,51.85714285714285
2014-06-30,兰州市,良,77,54,86.0,48.0,15,0.91,39,2014,6,夏季,1,0,69.0,53.85714285714285
2014-07-01,兰州市,良,78,53,92.0,43.0,21,1.22,51,2014,7,夏季,2,0,77.0,56.142857142857146
2014-07-02,兰州市,良,86,57,113.0,48.0,23,1.26,53,2014,7,夏季,3,0,78.0,53.0
2014-07-03,兰州市,良,59,38,65.0,37.0,8,0.84,56,2014,7,夏季,4,0,86.0,49.42857142857143
2014-07-04,兰州市,良,84,53,111.0,54.0,21,1.29,56,2014,7,夏季,5,0,59.0,48.285714285714285
2014-07-05,兰州市,良,78,44,102.0,42.0,16,1.04,57,2014,7,夏季,6,1,84.0,48.71428571428572
2014-07-06,兰州市,良,68,42,84.0,26.0,9,0.78,52,2014,7,夏季,7,1,78.0,48.71428571428572
2014-07-07,兰州市,轻度污染,107,68,161.0,25.0,9,0.76,53,2014,7,夏季,1,0,68.0,50.71428571428572
2014-07-08,兰州市,良,60,42,58.0,22.0,6,0.9,39,2014,7,夏季,2,0,107.0,49.142857142857146
2014-07-09,兰州市,优,47,32,39.0,22.0,6,0.85,43,2014,7,夏季,3,0,60.0,45.57142857142857
2014-07-10,兰州市,良,59,39,64.0,27.0,9,0.9,40,2014,7,夏季,4,0,47.0,45.71428571428572
2014-07-11,兰州市,良,85,48,118.0,49.0,14,0.96,31,2014,7,夏季,5,0,59.0,45.0
2014-07-12,兰州市,良,90,48,130.0,36.0,12,0.63,41,2014,7,夏季,6,1,85.0,45.57142857142857
2014-07-13,兰州市,良,68,41,82.0,52.0,12,1.11,35,2014,7,夏季,7,1,90.0,45.42857142857143
2014-07-14,兰州市,良,73,43,94.0,54.0,18,1.5,45,2014,7,夏季,1,0,68.0,41.85714285714285
2014-07-15,兰州市,良,73,43,93.0,41.0,21,0.78,68,2014,7,夏季,2,0,73.0,42.0
2014-07-16,兰州市,良,68,36,83.0,43.0,16,0.87,54,2014,7,夏季,3,0,73.0,42.57142857142857
2014-07-17,兰州市,良,69,39,87.0,41.0,14,0.81,52,2014,7,夏季,4,0,68.0,42.57142857142857
2014-07-18,兰州市,良,61,36,69.0,31.0,8,0.8,43,2014,7,夏季,5,0,69.0,40.85714285714285
2014-07-19,兰州市,良,58,40,60.0,31.0,10,0.92,45,2014,7,夏季,6,1,61.0,39.71428571428572
2014-07-20,兰州市,优,49,29,50.0,31.0,9,0.82,23,2014,7,夏季,7,1,58.0,38.0
2014-07-21,兰州市,良,63,38,73.0,25.0,9,0.79,33,2014,7,夏季,1,0,49.0,37.285714285714285
2014-07-22,兰州市,良,54,37,51.0,35.0,5,0.99,24,2014,7,夏季,2,0,63.0,36.42857142857143
2014-07-23,兰州市,良,65,44,63.0,45.0,7,1.42,38,2014,7,夏季,3,0,54.0,37.57142857142857
2014-07-24,兰州市,良,85,60,95.0,52.0,16,1.75,44,2014,7,夏季,4,0,65.0,40.57142857142857
2014-07-25,兰州市,良,95,54,135.0,54.0,16,1.22,50,2014,7,夏季,5,0,85.0,43.142857142857146
2014-07-26,兰州市,良,82,45,112.0,52.0,17,1.13,45,2014,7,夏季,6,1,95.0,43.85714285714285
2014-07-27,兰州市,良,60,36,68.0,34.0,11,1.19,54,2014,7,夏季,7,1,82.0,44.85714285714285
2014-07-28,兰州市,良,72,38,92.0,39.0,15,1.22,44,2014,7,夏季,1,0,60.0,44.85714285714285
2014-07-29,兰州市,良,80,44,108.0,36.0,16,0.92,48,2014,7,夏季,2,0,72.0,45.85714285714285
2014-07-30,兰州市,良,80,50,109.0,40.0,17,1.31,40,2014,7,夏季,3,0,80.0,46.71428571428572
2014-07-31,兰州市,良,74,47,95.0,36.0,10,0.72,30,2014,7,夏季,4,0,80.0,44.85714285714285
2014-08-01,兰州市,良,71,41,91.0,36.0,15,0.94,41,2014,8,夏季,5,0,74.0,43.0
2014-08-02,兰州市,轻度污染,105,70,157.0,39.0,17,0.8,34,2014,8,夏季,6,1,71.0,46.57142857142857
2014-08-03,兰州市,良,72,44,92.0,26.0,16,0.78,38,2014,8,夏季,7,1,105.0,47.71428571428572
2014-08-04,兰州市,良,51,34,51.0,28.0,10,0.86,31,2014,8,夏季,1,0,72.0,47.142857142857146
2014-08-05,兰州市,良,84,62,81.0,36.0,12,0.99,27,2014,8,夏季,2,0,51.0,49.71428571428572
2014-08-06,兰州市,优,39,26,36.0,27.0,11,0.78,46,2014,8,夏季,3,0,84.0,46.285714285714285
2014-08-07,兰州市,良,70,43,88.0,41.0,18,1.15,51,2014,8,夏季,4,0,39.0,45.71428571428572
2014-08-09,兰州市,良,81,47,108.0,51.0,15,1.23,52,2014,8,夏季,6,1,70.0,46.57142857142857
2014-08-10,兰州市,良,91,50,126.0,56.0,16,1.29,29,2014,8,夏季,7,1,81.0,43.71428571428572
2014-08-11,兰州市,良,55,37,58.0,29.0,11,0.71,48,2014,8,夏季,1,0,91.0,42.71428571428572
2014-08-12,兰州市,良,55,35,54.0,42.0,14,0.74,52,2014,8,夏季,2,0,55.0,42.85714285714285
2014-08-13,兰州市,良,60,33,70.0,44.0,19,0.75,46,2014,8,夏季,3,0,55.0,38.71428571428572
2014-08-14,兰州市,良,68,36,84.0,48.0,19,0.91,63,2014,8,夏季,4,0,60.0,40.142857142857146
2014-08-15,兰州市,良,84,49,116.0,64.0,23,1.23,59,2014,8,夏季,5,0,68.0,41.0
2014-08-16,兰州市,良,78,42,102.0,46.0,16,0.84,62,2014,8,夏季,6,1,84.0,40.285714285714285
2014-08-17,兰州市,良,64,33,77.0,25.0,18,0.68,61,2014,8,夏季,7,1,78.0,37.85714285714285
2014-08-18,兰州市,良,86,49,116.0,40.0,24,1.19,44,2014,8,夏季,1,0,64.0,39.57142857142857
2014-08-19,兰州市,良,79,39,104.0,31.0,16,0.86,62,2014,8,夏季,2,0,86.0,40.142857142857146
2014-08-20,兰州市,良,72,44,91.0,31.0,17,1.09,48,2014,8,夏季,3,0,79.0,41.71428571428572
2014-08-21,兰州市,良,91,67,104.0,38.0,14,1.61,30,2014,8,夏季,4,0,72.0,46.142857142857146
2014-08-23,兰州市,良,79,53,99.0,39.0,9,1.08,33,2014,8,夏季,6,1,91.0,46.71428571428572
2014-08-24,兰州市,良,67,40,81.0,42.0,20,1.45,47,2014,8,夏季,7,1,79.0,46.42857142857143
2014-08-25,兰州市,良,81,46,107.0,46.0,21,1.28,40,2014,8,夏季,1,0,67.0,48.285714285714285
2014-08-26,兰州市,良,69,45,82.0,42.0,26,1.36,58,2014,8,夏季,2,0,81.0,47.71428571428572
2014-08-27,兰州市,良,91,49,129.0,33.0,24,1.38,52,2014,8,夏季,3,0,69.0,49.142857142857146
2014-08-28,兰州市,良,60,31,70.0,18.0,12,0.82,49,2014,8,夏季,4,0,91.0,47.285714285714285
2014-08-29,兰州市,良,57,34,63.0,16.0,8,0.72,43,2014,8,夏季,5,0,60.0,42.57142857142857
2014-08-30,兰州市,良,52,32,53.0,15.0,7,0.64,48,2014,8,夏季,6,1,57.0,39.57142857142857
2014-08-31,兰州市,良,73,43,93.0,28.0,19,1.11,32,2014,8,夏季,7,1,52.0,40.0
2014-09-01,兰州市,良,62,36,76.0,23.0,9,0.79,39,2014,9,秋季,1,0,73.0,38.57142857142857
2014-09-02,兰州市,良,66,36,80.0,26.0,13,0.94,41,2014,9,秋季,2,0,62.0,37.285714285714285
2014-09-03,兰州市,良,88,46,120.0,33.0,20,1.17,51,2014,9,秋季,3,0,66.0,36.85714285714285
2014-09-04,兰州市,良,86,48,119.0,28.0,18,1.03,49,2014,9,秋季,4,0,88.0,39.285714285714285
2014-09-05,兰州市,良,69,38,86.0,21.0,13,0.78,42,2014,9,秋季,5,0,86.0,39.85714285714285
2014-09-06,兰州市,良,62,42,67.0,19.0,12,0.82,36,2014,9,秋季,6,1,69.0,41.285714285714285
2014-09-07,兰州市,良,64,43,70.0,26.0,18,1.01,44,2014,9,秋季,7,1,62.0,41.285714285714285
2014-09-08,兰州市,轻度污染,105,76,126.0,34.0,17,1.18,21,2014,9,秋季,1,0,64.0,47.0
2014-09-09,兰州市,轻度污染,123,90,126.0,33.0,14,1.38,35,2014,9,秋季,2,0,105.0,54.71428571428572
2014-09-10,兰州市,良,62,34,75.0,28.0,13,1.07,26,2014,9,秋季,3,0,123.0,53.0
2014-09-11,兰州市,优,44,30,40.0,19.0,11,0.98,31,2014,9,秋季,4,0,62.0,50.42857142857143
2014-09-12,兰州市,良,74,50,90.0,39.0,23,1.83,24,2014,9,秋季,5,0,44.0,52.142857142857146
2014-09-13,兰州市,轻度污染,121,77,186.0,25.0,15,1.07,27,2014,9,秋季,6,1,74.0,57.142857142857146
2014-09-14,兰州市,良,55,37,61.0,17.0,9,0.71,36,2014,9,秋季,7,1,121.0,56.285714285714285
2014-09-15,兰州市,优,49,29,49.0,22.0,11,0.88,41,2014,9,秋季,1,0,55.0,49.57142857142857
2014-09-16,兰州市,优,41,23,39.0,23.0,9,0.93,37,2014,9,秋季,2,0,49.0,40.0
2014-09-17,兰州市,良,61,36,71.0,37.0,12,1.02,45,2014,9,秋季,3,0,41.0,40.285714285714285
2014-09-18,兰州市,良,82,54,108.0,43.0,20,1.37,44,2014,9,秋季,4,0,61.0,43.71428571428572
2014-09-19,兰州市,良,82,47,107.0,49.0,23,1.25,45,2014,9,秋季,5,0,82.0,43.285714285714285
2014-09-20,兰州市,良,75,34,98.0,42.0,20,1.25,39,2014,9,秋季,6,1,82.0,37.142857142857146
2014-09-21,兰州市,良,51,27,54.0,27.0,13,1.15,27,2014,9,秋季,7,1,75.0,35.714285714285715
2014-09-22,兰州市,优,42,25,40.0,23.0,8,0.85,41,2014,9,秋季,1,0,51.0,35.142857142857146
2014-09-23,兰州市,良,62,43,66.0,42.0,12,1.45,42,2014,9,秋季,2,0,42.0,38.0
2014-09-24,兰州市,良,89,58,119.0,49.0,21,1.67,54,2014,9,秋季,3,0,62.0,41.142857142857146
2014-09-25,兰州市,良,68,35,85.0,36.0,13,1.08,47,2014,9,秋季,4,0,89.0,38.42857142857143
2014-09-26,兰州市,良,77,47,100.0,38.0,22,1.27,37,2014,9,秋季,5,0,68.0,38.42857142857143
2014-09-27,兰州市,良,94,62,126.0,39.0,23,1.43,33,2014,9,秋季,6,1,77.0,42.42857142857143
2014-09-28,兰州市,良,75,50,83.0,31.0,13,1.24,49,2014,9,秋季,7,1,94.0,45.71428571428572
2014-09-29,兰州市,良,90,56,128.0,37.0,21,1.35,44,2014,9,秋季,1,0,75.0,50.142857142857146
2014-09-30,兰州市,良,64,33,76.0,19.0,14,1.06,39,2014,9,秋季,2,0,90.0,48.71428571428572
2014-10-01,兰州市,良,65,36,78.0,17.0,10,0.93,40,2014,10,秋季,3,0,64.0,45.57142857142857
2014-10-02,兰州市,良,99,59,144.0,28.0,16,1.19,44,2014,10,秋季,4,0,65.0,49.0
2014-10-03,兰州市,良,92,51,132.0,22.0,17,0.96,51,2014,10,秋季,5,0,99.0,49.57142857142857
2014-10-04,兰州市,良,60,29,73.0,16.0,11,0.79,50,2014,10,秋季,6,1,92.0,44.85714285714285
2014-10-05,兰州市,良,77,43,101.0,33.0,25,1.42,40,2014,10,秋季,7,1,60.0,43.85714285714285
2014-10-06,兰州市,良,72,39,91.0,27.0,21,1.16,43,2014,10,秋季,1,0,77.0,41.42857142857143
2014-10-07,兰州市,良,75,49,93.0,34.0,24,1.11,37,2014,10,秋季,2,0,72.0,43.71428571428572
2014-10-08,兰州市,良,85,59,101.0,31.0,24,1.21,41,2014,10,秋季,3,0,75.0,47.0
2014-10-09,兰州市,良,57,33,64.0,22.0,10,0.9,41,2014,10,秋季,4,0,85.0,43.285714285714285
2014-10-10,兰州市,良,76,45,91.0,20.0,15,0.93,41,2014,10,秋季,5,0,57.0,42.42857142857143
2014-10-11,兰州市,优,29,12,22.0,13.0,9,0.68,53,2014,10,秋季,6,1,76.0,40.0
2014-10-12,兰州市,优,41,28,39.0,25.0,13,1.05,41,2014,10,秋季,7,1,29.0,37.85714285714285
2014-10-13,兰州市,良,71,50,80.0,35.0,17,1.42,43,2014,10,秋季,1,0,41.0,39.42857142857143
2014-10-14,兰州市,轻度污染,107,79,134.0,44.0,25,1.88,42,2014,10,秋季,2,0,71.0,43.71428571428572
2014-10-15,兰州市,良,92,59,127.0,40.0,22,1.17,28,2014,10,秋季,3,0,107.0,43.71428571428572
2014-10-16,兰州市,良,81,55,98.0,36.0,17,1.44,22,2014,10,秋季,4,0,92.0,46.85714285714285
2014-10-17,兰州市,轻度污染,134,91,136.0,53.0,20,1.75,28,2014,10,秋季,5,0,81.0,53.42857142857143
2014-10-18,兰州市,轻度污染,124,91,132.0,46.0,24,1.44,37,2014,10,秋季,6,1,134.0,64.71428571428571
2014-10-19,兰州市,良,76,47,98.0,41.0,24,1.14,42,2014,10,秋季,7,1,124.0,67.42857142857143
2014-10-20,兰州市,良,74,49,97.0,38.0,19,1.16,33,2014,10,秋季,1,0,76.0,67.28571428571429
2014-10-21,兰州市,良,64,40,73.0,48.0,16,1.25,41,2014,10,秋季,2,0,74.0,61.71428571428572
2014-10-22,兰州市,良,89,59,120.0,48.0,23,1.48,38,2014,10,秋季,3,0,64.0,61.71428571428572
2014-10-23,兰州市,良,98,71,132.0,52.0,30,1.72,31,2014,10,秋季,4,0,89.0,64.0
2014-10-24,兰州市,良,98,70,126.0,60.0,33,1.91,34,2014,10,秋季,5,0,98.0,61.0
2014-10-25,兰州市,良,81,55,105.0,48.0,30,1.69,27,2014,10,秋季,6,1,98.0,55.85714285714285
2014-10-26,兰州市,良,86,63,103.0,46.0,26,1.62,36,2014,10,秋季,7,1,81.0,58.142857142857146
2014-10-27,兰州市,良,68,46,78.0,35.0,17,1.25,34,2014,10,秋季,1,0,86.0,57.71428571428572
2014-10-28,兰州市,优,41,21,45.0,34.0,11,1.06,35,2014,10,秋季,2,0,68.0,55.0
2014-10-29,兰州市,良,70,46,85.0,36.0,18,1.49,37,2014,10,秋季,3,0,41.0,53.142857142857146
2014-10-30,兰州市,优,43,25,41.0,32.0,13,0.96,35,2014,10,秋季,4,0,70.0,46.57142857142857
2014-10-31,兰州市,优,39,22,37.0,31.0,11,0.87,41,2014,10,秋季,5,0,43.0,39.71428571428572
2014-11-01,兰州市,优,46,26,46.0,34.0,11,0.72,52,2014,11,秋季,6,1,39.0,35.57142857142857
2014-11-02,兰州市,良,86,58,115.0,66.0,22,1.64,30,2014,11,秋季,7,1,46.0,34.857142857142854
2014-11-03,兰州市,轻度污染,129,91,166.0,90.5,33,2.33,41,2014,11,秋季,1,0,86.0,41.285714285714285
2014-11-04,兰州市,轻度污染,106,79,129.0,83.0,31,2.5,13,2014,11,秋季,2,0,129.0,49.57142857142857
2014-11-05,兰州市,轻度污染,111,83,135.0,83.0,36,2.75,21,2014,11,秋季,3,0,106.0,54.85714285714285
2014-11-06,兰州市,轻度污染,122,91,150.0,76.0,32,2.76,7,2014,11,秋季,4,0,111.0,64.28571428571429
2014-11-07,兰州市,轻度污染,101,75,122.0,67.0,33,2.09,21,2014,11,秋季,5,0,122.0,71.85714285714286
2014-11-08,兰州市,轻度污染,104,77,119.0,68.0,27,2.26,10,2014,11,秋季,6,1,101.0,79.14285714285714
2014-11-09,兰州市,良,65,44,70.0,45.0,20,1.32,16,2014,11,秋季,7,1,104.0,77.14285714285714
2014-11-10,兰州市,良,79,41,106.0,28.0,16,0.8,43,2014,11,秋季,1,0,65.0,70.0
2014-11-11,兰州市,良,81,44,110.0,42.0,15,1.17,35,2014,11,秋季,2,0,79.0,65.0
2014-11-12,兰州市,良,67,31,82.0,32.0,20,0.97,36,2014,11,秋季,3,0,81.0,57.57142857142857
2014-11-13,兰州市,轻度污染,118,84,159.0,65.0,34,2.33,18,2014,11,秋季,4,0,67.0,56.57142857142857
2014-11-14,兰州市,良,98,71,140.0,42.0,30,1.92,18,2014,11,秋季,5,0,118.0,56.0
2014-11-15,兰州市,良,81,40,109.0,25.0,20,1.12,35,2014,11,秋季,6,1,98.0,50.71428571428572
2014-11-16,兰州市,轻度污染,108,73,161.0,46.0,29,2.14,20,2014,11,秋季,7,1,81.0,54.85714285714285
2014-11-17,兰州市,轻度污染,119,87,170.0,53.0,36,2.59,18,2014,11,秋季,1,0,108.0,61.42857142857143
2014-11-18,兰州市,轻度污染,122,91,167.0,48.0,38,2.82,18,2014,11,秋季,2,0,119.0,68.14285714285714
2014-11-19,兰州市,轻度污染,117,86,156.0,60.0,37,2.0,21,2014,11,秋季,3,0,122.0,76.0
2014-11-20,兰州市,轻度污染,111,75,155.0,54.0,29,1.79,18,2014,11,秋季,4,0,117.0,74.71428571428571
2014-11-21,兰州市,轻度污染,106,79,132.0,66.0,38,2.08,17,2014,11,秋季,5,0,111.0,75.85714285714286
2014-11-22,兰州市,良,97,72,115.0,45.0,37,1.79,28,2014,11,秋季,6,1,106.0,80.42857142857143
2014-11-23,兰州市,良,78,54,99.0,48.0,30,1.55,32,2014,11,秋季,7,1,97.0,77.71428571428571
2014-11-24,兰州市,良,97,72,100.0,46.0,21,1.65,22,2014,11,秋季,1,0,78.0,75.57142857142857
2014-11-25,兰州市,轻度污染,141,91,172.0,68.0,29,3.08,10,2014,11,秋季,2,0,97.0,75.57142857142857
2014-11-26,兰州市,良,94,65,110.0,34.0,22,1.95,29,2014,11,秋季,3,0,141.0,72.57142857142857
2014-11-27,兰州市,优,43,23,41.0,28.0,11,0.85,40,2014,11,秋季,4,0,94.0,65.14285714285714
2014-11-28,兰州市,轻度污染,101,75,118.0,57.0,18,2.14,16,2014,11,秋季,5,0,43.0,64.57142857142857
2014-11-29,兰州市,良,83,59,91.0,40.0,19,1.9,29,2014,11,秋季,6,1,101.0,62.71428571428572
2014-11-30,兰州市,良,56,21,60.0,25.0,12,0.84,52,2014,11,秋季,7,1,83.0,58.0
2014-12-01,兰州市,轻度污染,113,79,156.0,66.0,34,2.73,19,2014,12,冬季,1,0,56.0,59.0
2014-12-02,兰州市,轻度污染,111,82,164.0,57.0,29,2.83,12,2014,12,冬季,2,0,113.0,57.71428571428572
2014-12-03,兰州市,良,70,30,88.0,34.0,24,1.15,46,2014,12,冬季,3,0,111.0,52.71428571428572
2014-12-04,兰州市,轻度污染,105,69,143.0,63.0,38,2.63,32,2014,12,冬季,4,0,70.0,59.285714285714285
2014-12-05,兰州市,轻度污染,141,91,204.0,78.0,38,4.25,27,2014,12,冬季,5,0,105.0,61.57142857142857
2014-12-06,兰州市,良,92,63,104.0,43.0,23,1.79,27,2014,12,冬季,6,1,141.0,62.142857142857146
2014-12-07,兰州市,轻度污染,113,71,165.0,58.0,38,2.53,15,2014,12,冬季,7,1,92.0,69.28571428571429
2014-12-08,兰州市,轻度污染,123,91,145.0,63.0,31,2.91,15,2014,12,冬季,1,0,113.0,71.0
2014-12-09,兰州市,良,67,33,82.0,25.0,15,0.95,32,2014,12,冬季,2,0,123.0,64.0
2014-12-10,兰州市,轻度污染,106,54,159.0,44.0,24,1.41,22,2014,12,冬季,3,0,67.0,67.42857142857143
2014-12-11,兰州市,良,95,36,139.0,23.0,14,0.79,51,2014,12,冬季,4,0,106.0,62.71428571428572
2014-12-12,兰州市,良,95,54,136.0,49.0,20,1.65,19,2014,12,冬季,5,0,95.0,57.42857142857143
2014-12-13,兰州市,轻度污染,125,91,181.0,68.0,36,2.49,12,2014,12,冬季,6,1,95.0,61.42857142857143
2014-12-14,兰州市,轻度污染,138,84,197.0,56.0,38,2.06,25,2014,12,冬季,7,1,125.0,63.285714285714285
2014-12-15,兰州市,轻度污染,104,40,143.0,27.0,16,0.72,53,2014,12,冬季,1,0,138.0,56.0
2014-12-16,兰州市,良,97,65,120.0,68.0,38,2.14,14,2014,12,冬季,2,0,104.0,60.57142857142857
2014-12-17,兰州市,轻度污染,141,91,159.0,69.0,38,3.41,16,2014,12,冬季,3,0,97.0,65.85714285714286
2014-12-18,兰州市,轻度污染,141,91,212.0,82.0,38,3.15,28,2014,12,冬季,4,0,141.0,73.71428571428571
2014-12-19,兰州市,轻度污染,112,84,134.0,54.0,38,2.11,20,2014,12,冬季,5,0,141.0,78.0
2014-12-20,兰州市,良,77,49,95.0,35.0,34,1.39,31,2014,12,冬季,6,1,112.0,72.0
2014-12-21,兰州市,良,66,42,75.0,40.0,33,1.63,27,2014,12,冬季,7,1,77.0,66.0
2014-12-22,兰州市,轻度污染,138,91,155.0,59.0,38,3.05,16,2014,12,冬季,1,0,66.0,73.28571428571429
2014-12-23,兰州市,轻度污染,141,91,163.0,60.0,38,2.87,18,2014,12,冬季,2,0,138.0,77.0
2014-12-24,兰州市,轻度污染,106,79,118.0,52.0,38,2.13,22,2014,12,冬季,3,0,141.0,75.28571428571429
2014-12-25,兰州市,轻度污染,118,88,136.0,60.0,38,2.42,20,2014,12,冬季,4,0,106.0,74.85714285714286
2014-12-26,兰州市,轻度污染,141,91,165.0,56.0,38,2.51,18,2014,12,冬季,5,0,118.0,75.85714285714286
2014-12-27,兰州市,轻度污染,141,91,189.0,62.0,38,2.83,17,2014,12,冬季,6,1,141.0,81.85714285714286
2014-12-28,兰州市,轻度污染,141,91,214.5,71.0,38,3.29,20,2014,12,冬季,7,1,141.0,88.85714285714286
2014-12-29,兰州市,轻度污染,141,91,173.0,66.0,38,3.0,23,2014,12,冬季,1,0,141.0,88.85714285714286
2014-12-30,兰州市,轻度污染,111,81,136.0,50.0,38,2.38,23,2014,12,冬季,2,0,141.0,87.42857142857143
2014-12-31,兰州市,良,69,34,85.0,37.0,35,1.7,16,2014,12,冬季,3,0,111.0,81.0
2015-01-01,兰州市,轻度污染,134,91,164.0,57.0,38,2.91,20,2015,1,冬季,4,0,69.0,81.42857142857143
2015-01-02,兰州市,轻度污染,141,91,179.0,59.0,38,3.21,21,2015,1,冬季,5,0,134.0,81.42857142857143
2015-01-03,兰州市,轻度污染,141,91,212.0,74.0,38,3.69,18,2015,1,冬季,6,1,141.0,81.42857142857143
2015-01-04,兰州市,良,92,56,111.0,37.0,30,1.45,37,2015,1,冬季,7,1,141.0,76.42857142857143
2015-01-05,兰州市,优,48,17,52.0,31.0,25,1.17,39,2015,1,冬季,1,0,92.0,65.85714285714286
2015-01-06,兰州市,良,59,34,66.0,41.0,33,1.81,23,2015,1,冬季,2,0,48.0,59.142857142857146
2015-01-07,兰州市,良,67,46,79.0,40.0,28,1.8,19,2015,1,冬季,3,0,59.0,60.85714285714285
2015-01-08,兰州市,良,91,64,115.0,55.0,38,2.67,18,2015,1,冬季,4,0,67.0,57.0
2015-01-09,兰州市,轻度污染,117,88,138.0,69.0,38,3.41,17,2015,1,冬季,5,0,91.0,56.57142857142857
2015-01-10,兰州市,轻度污染,109,81,133.0,69.0,38,3.62,20,2015,1,冬季,6,1,117.0,55.142857142857146
2015-01-11,兰州市,轻度污染,118,87,149.0,73.0,38,4.21,19,2015,1,冬季,7,1,109.0,59.57142857142857
2015-01-12,兰州市,轻度污染,127,91,161.0,80.0,38,4.03,20,2015,1,冬季,1,0,118.0,70.14285714285714
2015-01-13,兰州市,良,94,69,108.0,46.0,34,2.64,25,2015,1,冬季,2,0,127.0,75.14285714285714
2015-01-14,兰州市,良,96,70,111.0,50.0,31,2.23,23,2015,1,冬季,3,0,94.0,78.57142857142857
2015-01-15,兰州市,良,64,31,75.0,33.0,22,1.37,49,2015,1,冬季,4,0,96.0,73.85714285714286
2015-01-16,兰州市,良,99,68,132.0,73.0,38,3.09,28,2015,1,冬季,5,0,64.0,71.0
2015-01-17,兰州市,良,88,57,114.0,48.0,29,2.21,41,2015,1,冬季,6,1,99.0,67.57142857142857
2015-01-18,兰州市,良,80,50,101.0,62.0,33,2.85,37,2015,1,冬季,7,1,88.0,62.285714285714285
2015-01-19,兰州市,良,91,63,118.0,67.0,38,3.48,32,2015,1,冬季,1,0,80.0,58.285714285714285
2015-01-20,兰州市,良,91,64,120.0,57.0,38,2.76,38,2015,1,冬季,2,0,91.0,57.57142857142857
2015-01-21,兰州市,良,90,53,124.0,86.0,38,3.61,35,2015,1,冬季,3,0,91.0,55.142857142857146
2015-01-22,兰州市,轻度污染,110,79,146.0,84.0,38,3.69,26,2015,1,冬季,4,0,90.0,62.0
2015-01-23,兰州市,轻度污染,118,88,152.0,75.0,38,3.1,29,2015,1,冬季,5,0,110.0,64.85714285714286
2015-01-24,兰州市,良,87,45,120.0,39.0,28,1.89,50,2015,1,冬季,6,1,118.0,63.142857142857146
2015-01-25,兰州市,轻度污染,101,73,137.0,63.0,38,2.97,32,2015,1,冬季,7,1,87.0,66.42857142857143
2015-01-26,兰州市,良,78,33,103.0,25.0,23,1.56,58,2015,1,冬季,1,0,101.0,62.142857142857146
2015-01-27,兰州市,良,62,31,72.0,33.0,27,1.78,46,2015,1,冬季,2,0,78.0,57.42857142857143
2015-01-28,兰州市,良,70,38,87.0,26.0,22,1.55,43,2015,1,冬季,3,0,62.0,55.285714285714285
2015-01-29,兰州市,良,78,32,104.0,28.0,20,1.8,49,2015,1,冬季,4,0,70.0,48.57142857142857
2015-01-30,兰州市,良,67,38,77.0,37.0,18,1.99,36,2015,1,冬季,5,0,78.0,41.42857142857143
2015-01-31,兰州市,良,83,61,73.0,36.0,23,2.41,42,2015,1,冬季,6,1,67.0,43.71428571428572
2015-02-01,兰州市,良,90,66,81.0,39.0,19,2.51,40,2015,2,冬季,7,1,83.0,42.71428571428572
2015-02-02,兰州市,良,81,59,75.0,39.0,24,2.29,47,2015,2,冬季,1,0,90.0,46.42857142857143
2015-02-03,兰州市,良,91,67,98.0,41.0,30,2.39,45,2015,2,冬季,2,0,81.0,51.57142857142857
2015-02-04,兰州市,良,60,42,52.0,20.0,16,1.66,70,2015,2,冬季,3,0,91.0,52.142857142857146
2015-02-05,兰州市,良,80,58,76.0,43.0,22,2.21,44,2015,2,冬季,4,0,60.0,55.85714285714285
2015-02-06,兰州市,良,90,65,96.0,36.0,28,2.1,45,2015,2,冬季,5,0,80.0,59.71428571428572
2015-02-07,兰州市,良,72,42,91.0,37.0,19,1.87,53,2015,2,冬季,6,1,90.0,57.0
2015-02-08,兰州市,良,86,55,116.0,52.0,24,2.22,48,2015,2,冬季,7,1,72.0,55.42857142857143
2015-02-09,兰州市,良,95,68,131.0,63.0,35,2.64,42,2015,2,冬季,1,0,86.0,56.71428571428572
2015-02-10,兰州市,良,95,68,120.0,56.0,35,2.49,42,2015,2,冬季,2,0,95.0,56.85714285714285
2015-02-11,兰州市,良,84,54,111.0,69.0,38,2.66,39,2015,2,冬季,3,0,95.0,58.57142857142857
2015-02-12,兰州市,良,86,58,114.0,75.0,38,3.14,38,2015,2,冬季,4,0,84.0,58.57142857142857
2015-02-13,兰州市,良,80,53,103.0,64.0,38,2.99,36,2015,2,冬季,5,0,86.0,56.85714285714285
2015-02-14,兰州市,轻度污染,141,80,214.5,42.0,32,2.51,46,2015,2,冬季,6,1,80.0,62.285714285714285
2015-02-15,兰州市,良,77,29,103.0,24.0,15,1.42,63,2015,2,冬季,7,1,141.0,58.57142857142857
2015-02-16,兰州市,良,78,45,103.0,49.0,34,2.29,51,2015,2,冬季,1,0,77.0,55.285714285714285
2015-02-17,兰州市,良,76,48,100.0,46.0,38,2.58,53,2015,2,冬季,2,0,78.0,52.42857142857143
2015-02-18,兰州市,良,92,65,120.0,39.0,38,2.31,59,2015,2,冬季,3,0,76.0,54.0
2015-02-19,兰州市,轻度污染,124,91,138.0,30.0,30,2.0,57,2015,2,冬季,4,0,92.0,58.71428571428572
2015-02-20,兰州市,良,77,35,102.0,15.0,15,1.08,73,2015,2,冬季,5,0,124.0,56.142857142857146
2015-02-21,兰州市,良,68,27,84.0,16.0,13,1.15,62,2015,2,冬季,6,1,77.0,48.57142857142857
2015-02-22,兰州市,良,67,30,81.0,26.0,19,1.44,63,2015,2,冬季,7,1,68.0,48.71428571428572
2015-02-23,兰州市,良,75,37,98.0,22.0,16,1.39,66,2015,2,冬季,1,0,67.0,47.57142857142857
2015-02-24,兰州市,良,52,29,57.0,28.0,10,1.58,40,2015,2,冬季,2,0,75.0,44.85714285714285
2015-02-25,兰州市,轻度污染,130,57,208.0,26.0,9,1.43,47,2015,2,冬季,3,0,52.0,43.71428571428572
2015-02-26,兰州市,良,74,38,97.0,31.0,12,1.45,51,2015,2,冬季,4,0,130.0,36.142857142857146
2015-02-27,兰州市,轻度污染,106,43,160.0,17.0,16,1.14,63,2015,2,冬季,5,0,74.0,37.285714285714285
2015-02-28,兰州市,优,45,18,45.0,20.0,15,1.17,58,2015,2,冬季,6,1,106.0,36.0
2015-03-01,兰州市,良,71,46,83.0,37.0,30,2.2,65,2015,3,春季,7,1,45.0,38.285714285714285
2015-03-02,兰州市,轻度污染,141,61,214.5,31.0,23,1.59,48,2015,3,春季,1,0,71.0,41.71428571428572
2015-03-03,兰州市,轻度污染,141,76,214.5,24.0,11,1.34,58,2015,3,春季,2,0,141.0,48.42857142857143
2015-03-04,兰州市,轻度污染,113,52,175.0,26.0,17,1.49,43,2015,3,春季,3,0,141.0,47.71428571428572
2015-03-05,兰州市,良,93,59,123.0,34.0,25,1.84,36,2015,3,春季,4,0,113.0,50.71428571428572
2015-03-06,兰州市,良,85,57,112.0,40.0,22,1.91,39,2015,3,春季,5,0,93.0,52.71428571428572
2015-03-07,兰州市,良,74,42,96.0,31.0,20,1.55,50,2015,3,春季,6,1,85.0,56.142857142857146
2015-03-08,兰州市,良,88,35,123.0,20.0,12,1.05,87,2015,3,春季,7,1,74.0,54.57142857142857
2015-03-09,兰州市,轻度污染,119,47,186.0,17.0,16,0.95,64,2015,3,春季,1,0,88.0,52.57142857142857
2015-03-10,兰州市,良,92,42,132.0,26.0,25,1.18,48,2015,3,春季,2,0,119.0,47.71428571428572
2015-03-11,兰州市,良,99,52,146.0,47.0,29,1.55,49,2015,3,春季,3,0,92.0,47.71428571428572
2015-03-12,兰州市,轻度污染,125,71,199.0,61.0,35,1.56,72,2015,3,春季,4,0,99.0,49.42857142857143
2015-03-13,兰州市,轻度污染,107,42,162.0,35.0,16,0.87,56,2015,3,春季,5,0,125.0,47.285714285714285
2015-03-14,兰州市,轻度污染,140,54,214.5,40.0,13,0.95,52,2015,3,春季,6,1,107.0,49.0
2015-03-15,兰州市,轻度污染,141,67,214.5,63.0,26,1.59,36,2015,3,春季,7,1,140.0,53.57142857142857
2015-03-16,兰州市,轻度污染,126,59,199.0,48.0,19,1.18,39,2015,3,春季,1,0,141.0,55.285714285714285
2015-03-17,兰州市,轻度污染,139,73,214.5,63.0,31,1.9,29,2015,3,春季,2,0,126.0,59.71428571428572
2015-03-18,兰州市,轻度污染,101,46,150.0,39.0,25,1.6,49,2015,3,春季,3,0,139.0,58.85714285714285
2015-03-19,兰州市,良,67,32,81.0,25.0,10,0.92,68,2015,3,春季,4,0,101.0,53.285714285714285
2015-03-20,兰州市,良,82,35,112.0,36.0,18,0.9,56,2015,3,春季,5,0,67.0,52.285714285714285
2015-03-21,兰州市,轻度污染,112,60,171.0,56.0,22,1.34,49,2015,3,春季,6,1,82.0,53.142857142857146
2015-03-22,兰州市,轻度污染,108,64,163.0,64.0,24,1.54,26,2015,3,春季,7,1,112.0,52.71428571428572
2015-03-23,兰州市,良,74,47,93.0,37.0,10,1.04,58,2015,3,春季,1,0,108.0,51.0
2015-03-24,兰州市,良,58,34,65.0,38.0,7,0.81,64,2015,3,春季,2,0,74.0,45.42857142857143
2015-03-25,兰州市,良,73,37,95.0,53.0,13,1.17,48,2015,3,春季,3,0,58.0,44.142857142857146
2015-03-26,兰州市,良,78,40,105.0,56.0,13,1.06,52,2015,3,春季,4,0,73.0,45.285714285714285
2015-03-27,兰州市,轻度污染,102,47,150.0,54.0,13,0.94,47,2015,3,春季,5,0,78.0,47.0
2015-03-28,兰州市,轻度污染,115,51,179.0,64.0,15,0.93,31,2015,3,春季,6,1,102.0,45.71428571428572
2015-03-29,兰州市,良,88,55,119.0,66.0,14,1.1,44,2015,3,春季,7,1,115.0,44.42857142857143
2015-03-30,兰州市,良,77,38,102.0,44.0,13,0.91,61,2015,3,春季,1,0,88.0,43.142857142857146
2015-03-31,兰州市,良,98,48,143.0,52.0,13,0.91,54,2015,3,春季,2,0,77.0,45.142857142857146
2015-04-01,兰州市,轻度污染,101,62,146.0,39.0,14,0.83,42,2015,4,春季,3,0,98.0,48.71428571428572
2015-04-02,兰州市,轻度污染,141,90,214.5,54.0,20,1.0,45,2015,4,春季,4,0,101.0,55.85714285714285
2015-04-03,兰州市,轻度污染,113,53,172.0,29.0,5,0.78,46,2015,4,春季,5,0,141.0,56.71428571428572
2015-04-04,兰州市,轻度污染,115,55,178.0,39.0,16,0.88,32,2015,4,春季,6,1,113.0,57.285714285714285
2015-04-05,兰州市,良,66,22,81.0,30.0,19,0.68,73,2015,4,春季,7,1,115.0,52.57142857142857
2015-04-06,兰州市,优,46,25,46.0,31.0,8,0.77,63,2015,4,春季,1,0,66.0,50.71428571428572
2015-04-07,兰州市,优,49,23,50.0,34.0,8,1.01,63,2015,4,春季,2,0,46.0,47.142857142857146
2015-04-08,兰州市,良,51,26,53.0,30.0,8,0.96,59,2015,4,春季,3,0,49.0,42.0
2015-04-09,兰州市,良,55,30,60.0,29.0,9,0.8,67,2015,4,春季,4,0,51.0,33.42857142857143
2015-04-10,兰州市,良,79,43,106.0,46.0,19,1.1,53,2015,4,春季,5,0,55.0,32.0
2015-04-11,兰州市,良,93,33,133.0,33.0,8,0.64,71,2015,4,春季,6,1,79.0,28.857142857142858
2015-04-12,兰州市,轻度污染,121,40,175.0,30.0,14,0.5,65,2015,4,春季,7,1,93.0,31.428571428571427
2015-04-13,兰州市,良,96,35,140.0,60.0,32,1.04,40,2015,4,春季,1,0,121.0,32.857142857142854
2015-04-14,兰州市,轻度污染,106,42,159.0,56.0,25,1.06,42,2015,4,春季,2,0,96.0,35.57142857142857
2015-04-15,兰州市,轻度污染,141,66,214.5,57.0,34,1.16,66,2015,4,春季,3,0,106.0,41.285714285714285
2015-04-16,兰州市,轻度污染,141,90,214.5,41.0,21,0.85,74,2015,4,春季,4,0,141.0,49.85714285714285
2015-04-17,兰州市,轻度污染,141,72,214.5,43.0,23,1.14,66,2015,4,春季,5,0,141.0,54.0
2015-04-18,兰州市,良,98,40,129.0,20.0,6,0.64,75,2015,4,春季,6,1,141.0,55.0
2015-04-19,兰州市,良,62,22,65.0,30.0,10,0.7,98,2015,4,春季,7,1,98.0,52.42857142857143
2015-04-20,兰州市,良,55,26,60.0,36.0,8,0.71,67,2015,4,春季,1,0,62.0,51.142857142857146
2015-04-21,兰州市,良,56,30,63.0,43.0,9,0.89,60,2015,4,春季,2,0,55.0,49.42857142857143
2015-04-22,兰州市,良,95,49,126.0,62.0,27,0.97,59,2015,4,春季,3,0,56.0,47.0
2015-04-23,兰州市,良,69,31,87.0,53.0,20,0.97,53,2015,4,春季,4,0,95.0,38.57142857142857
2015-04-24,兰州市,良,98,52,140.0,61.0,35,1.1,53,2015,4,春季,5,0,69.0,35.714285714285715
2015-04-25,兰州市,良,69,40,85.0,48.0,17,0.86,65,2015,4,春季,6,1,98.0,35.714285714285715
2015-04-26,兰州市,良,72,37,88.0,54.0,18,0.88,54,2015,4,春季,7,1,69.0,37.85714285714285
2015-04-27,兰州市,良,95,53,120.0,63.0,26,1.08,70,2015,4,春季,1,0,72.0,41.71428571428572
2015-04-28,兰州市,良,84,50,111.0,51.0,25,1.02,60,2015,4,春季,2,0,95.0,44.57142857142857
2015-04-29,兰州市,良,75,42,93.0,48.0,17,0.91,70,2015,4,春季,3,0,84.0,43.57142857142857
2015-04-30,兰州市,良,100,57,133.0,35.0,9,0.69,51,2015,4,春季,4,0,75.0,47.285714285714285
2015-05-01,兰州市,良,64,38,68.0,36.0,7,0.83,66,2015,5,春季,5,0,100.0,45.285714285714285
2015-05-02,兰州市,良,67,34,83.0,39.0,16,0.78,61,2015,5,春季,6,1,64.0,44.42857142857143
2015-05-03,兰州市,良,51,22,40.0,21.0,6,0.52,89,2015,5,春季,7,1,67.0,42.285714285714285
2015-05-04,兰州市,良,67,30,76.0,39.0,10,0.78,75,2015,5,春季,1,0,51.0,39.0
2015-05-05,兰州市,良,67,35,84.0,49.0,16,0.93,50,2015,5,春季,2,0,67.0,36.85714285714285
2015-05-06,兰州市,轻度污染,118,60,170.0,45.0,11,0.92,59,2015,5,春季,3,0,67.0,39.42857142857143
2015-05-07,兰州市,良,100,56,147.0,43.0,19,0.82,52,2015,5,春季,4,0,118.0,39.285714285714285
2015-05-08,兰州市,良,84,43,113.0,38.0,19,0.8,75,2015,5,春季,5,0,100.0,40.0
2015-05-09,兰州市,良,68,36,87.0,49.0,19,1.11,53,2015,5,春季,6,1,84.0,40.285714285714285
2015-05-10,兰州市,轻度污染,132,60,185.0,26.0,5,0.91,57,2015,5,春季,7,1,68.0,45.71428571428572
2015-05-11,兰州市,良,78,37,105.0,41.0,11,0.75,53,2015,5,春季,1,0,132.0,46.71428571428572
2015-05-12,兰州市,轻度污染,102,44,152.0,72.0,21,1.2,43,2015,5,春季,2,0,78.0,48.0
2015-05-13,兰州市,轻度污染,101,49,150.0,58.0,18,1.01,61,2015,5,春季,3,0,102.0,46.42857142857143
2015-05-14,兰州市,轻度污染,108,50,164.0,56.0,11,0.86,47,2015,5,春季,4,0,101.0,45.57142857142857
2015-05-15,兰州市,轻度污染,108,54,165.0,51.0,19,0.84,53,2015,5,春季,5,0,108.0,47.142857142857146
2015-05-16,兰州市,良,92,47,132.0,51.0,16,0.68,56,2015,5,春季,6,1,108.0,48.71428571428572
2015-05-17,兰州市,轻度污染,102,51,134.0,52.0,14,0.9,63,2015,5,春季,7,1,92.0,47.42857142857143
2015-05-18,兰州市,轻度污染,141,91,214.5,50.0,19,0.79,55,2015,5,春季,1,0,102.0,55.142857142857146
2015-05-19,兰州市,轻度污染,120,64,189.0,43.0,14,0.69,57,2015,5,春季,2,0,141.0,58.0
2015-05-20,兰州市,优,50,25,53.0,32.0,7,0.55,59,2015,5,春季,3,0,120.0,54.57142857142857
2015-05-21,兰州市,良,51,32,52.0,32.0,7,0.74,77,2015,5,春季,4,0,50.0,52.0
2015-05-22,兰州市,良,76,47,98.0,48.0,10,0.76,55,2015,5,春季,5,0,51.0,51.0
2015-05-23,兰州市,良,62,31,71.0,41.0,13,0.78,66,2015,5,春季,6,1,76.0,48.71428571428572
2015-05-24,兰州市,良,74,33,96.0,48.0,17,0.92,53,2015,5,春季,7,1,62.0,46.142857142857146
2015-05-25,兰州市,良,65,23,77.0,32.0,7,0.71,51,2015,5,春季,1,0,74.0,36.42857142857143
2015-05-26,兰州市,良,75,33,98.0,47.0,13,1.11,51,2015,5,春季,2,0,65.0,32.0
2015-05-27,兰州市,轻度污染,141,88,214.5,53.0,11,0.88,34,2015,5,春季,3,0,75.0,41.0
2015-05-28,兰州市,优,47,22,48.0,27.0,6,0.74,43,2015,5,春季,4,0,141.0,39.57142857142857
2015-05-29,兰州市,良,62,27,72.0,42.0,7,0.78,46,2015,5,春季,5,0,47.0,36.71428571428572
2015-05-30,兰州市,良,65,30,77.0,53.0,13,0.71,50,2015,5,春季,6,1,62.0,36.57142857142857
2015-05-31,兰州市,良,84,34,116.0,57.0,17,0.76,40,2015,5,春季,7,1,65.0,36.71428571428572
2015-06-01,兰州市,轻度污染,141,79,214.5,41.0,5,0.55,48,2015,6,夏季,1,0,84.0,44.71428571428572
2015-06-02,兰州市,轻度污染,114,47,177.0,45.0,11,0.66,42,2015,6,夏季,2,0,141.0,46.71428571428572
2015-06-03,兰州市,良,70,26,89.0,37.0,7,0.53,47,2015,6,夏季,3,0,114.0,37.85714285714285
2015-06-04,兰州市,良,54,17,52.0,29.0,7,0.46,80,2015,6,夏季,4,0,70.0,37.142857142857146
2015-06-05,兰州市,良,93,39,127.0,57.0,22,0.79,73,2015,6,夏季,5,0,54.0,38.85714285714285
2015-06-06,兰州市,良,80,32,107.0,41.0,15,0.67,65,2015,6,夏季,6,1,93.0,39.142857142857146
2015-06-07,兰州市,良,80,35,109.0,36.0,13,0.52,60,2015,6,夏季,7,1,80.0,39.285714285714285
2015-06-08,兰州市,良,83,37,111.0,54.0,17,0.97,62,2015,6,夏季,1,0,80.0,33.285714285714285
2015-06-09,兰州市,轻度污染,107,55,162.0,61.0,36,1.0,59,2015,6,夏季,2,0,83.0,34.42857142857143
2015-06-10,兰州市,轻度污染,128,66,203.0,26.0,6,0.49,73,2015,6,夏季,3,0,107.0,40.142857142857146
2015-06-11,兰州市,良,100,41,144.0,44.0,16,0.76,70,2015,6,夏季,4,0,128.0,43.57142857142857
2015-06-12,兰州市,良,71,27,89.0,48.0,15,0.81,60,2015,6,夏季,5,0,100.0,41.85714285714285
2015-06-13,兰州市,良,72,30,93.0,49.0,21,1.06,58,2015,6,夏季,6,1,71.0,41.57142857142857
2015-06-14,兰州市,良,70,25,87.0,36.0,7,0.71,76,2015,6,夏季,7,1,72.0,40.142857142857146
2015-06-15,兰州市,良,68,28,85.0,36.0,7,0.7,74,2015,6,夏季,1,0,70.0,38.85714285714285
2015-06-16,兰州市,良,73,31,93.0,45.0,9,0.69,62,2015,6,夏季,2,0,68.0,35.42857142857143
2015-06-17,兰州市,良,81,38,110.0,57.0,14,0.87,50,2015,6,夏季,3,0,73.0,31.428571428571427
2015-06-18,兰州市,良,78,33,99.0,51.0,8,0.8,70,2015,6,夏季,4,0,81.0,30.285714285714285
2015-06-19,兰州市,良,64,32,75.0,22.0,10,0.59,94,2015,6,夏季,5,0,78.0,31.0
2015-06-20,兰州市,良,60,38,66.0,30.0,4,0.64,73,2015,6,夏季,6,1,64.0,32.142857142857146
2015-06-21,兰州市,良,77,45,95.0,51.0,13,0.95,68,2015,6,夏季,7,1,60.0,35.0
2015-06-22,兰州市,良,72,37,88.0,52.0,9,0.92,37,2015,6,夏季,1,0,77.0,36.285714285714285
2015-06-23,兰州市,良,60,36,63.0,37.0,6,0.8,68,2015,6,夏季,2,0,72.0,37.0
2015-06-24,兰州市,良,65,37,76.0,44.0,7,0.95,45,2015,6,夏季,3,0,60.0,36.85714285714285
2015-06-25,兰州市,良,76,48,87.0,47.0,7,1.0,64,2015,6,夏季,4,0,65.0,39.0
2015-06-26,兰州市,良,67,29,81.0,41.0,9,0.83,54,2015,6,夏季,5,0,76.0,38.57142857142857
2015-06-27,兰州市,优,49,17,51.0,22.0,5,0.72,44,2015,6,夏季,6,1,67.0,35.57142857142857
2015-06-28,兰州市,良,74,37,98.0,32.0,6,0.86,34,2015,6,夏季,7,1,49.0,34.42857142857143
2015-06-29,兰州市,轻度污染,134,76,214.5,60.0,8,0.99,33,2015,6,夏季,1,0,74.0,40.0
2015-06-30,兰州市,良,98,53,144.0,42.0,5,0.77,47,2015,6,夏季,2,0,134.0,42.42857142857143
2015-07-01,兰州市,良,78,44,104.0,45.0,8,0.76,36,2015,7,夏季,3,0,98.0,43.42857142857143
2015-07-02,兰州市,良,66,45,71.0,37.0,5,0.92,27,2015,7,夏季,4,0,78.0,43.0
2015-07-03,兰州市,良,86,63,88.0,48.0,8,1.02,31,2015,7,夏季,5,0,66.0,47.85714285714285
2015-07-04,兰州市,轻度污染,117,88,122.0,61.0,10,1.34,21,2015,7,夏季,6,1,86.0,58.0
2015-07-05,兰州市,良,71,47,67.0,43.0,8,0.85,38,2015,7,夏季,7,1,117.0,59.42857142857143
2015-07-06,兰州市,良,81,48,109.0,61.0,18,1.19,43,2015,7,夏季,1,0,71.0,55.42857142857143
2015-07-07,兰州市,良,78,38,103.0,46.0,11,0.88,40,2015,7,夏季,2,0,81.0,53.285714285714285
2015-07-08,兰州市,良,62,39,69.0,30.0,7,0.67,36,2015,7,夏季,3,0,78.0,52.57142857142857
2015-07-09,兰州市,良,52,33,45.0,32.0,7,0.73,56,2015,7,夏季,4,0,62.0,50.85714285714285
2015-07-10,兰州市,良,73,38,93.0,47.0,13,1.08,39,2015,7,夏季,5,0,52.0,47.285714285714285
2015-07-11,兰州市,良,66,36,80.0,29.0,5,0.98,44,2015,7,夏季,6,1,73.0,39.85714285714285
2015-07-12,兰州市,良,80,53,105.0,29.0,5,0.87,44,2015,7,夏季,7,1,66.0,40.71428571428572
2015-07-13,兰州市,良,76,41,99.0,37.0,11,1.0,59,2015,7,夏季,1,0,80.0,39.71428571428572
2015-07-14,兰州市,良,66,40,79.0,44.0,7,1.11,46,2015,7,夏季,2,0,76.0,40.0
2015-07-15,兰州市,良,72,38,93.0,48.0,9,1.24,46,2015,7,夏季,3,0,66.0,39.85714285714285
2015-07-16,兰州市,良,73,39,95.0,41.0,10,0.97,46,2015,7,夏季,4,0,72.0,40.71428571428572
2015-07-17,兰州市,良,73,46,92.0,51.0,12,1.3,51,2015,7,夏季,5,0,73.0,41.85714285714285
2015-07-18,兰州市,良,76,37,93.0,54.0,13,1.25,69,2015,7,夏季,6,1,73.0,42.0
2015-07-19,兰州市,良,99,40,129.0,58.0,21,1.31,70,2015,7,夏季,7,1,76.0,40.142857142857146
2015-07-20,兰州市,良,80,30,87.0,38.0,15,1.06,91,2015,7,夏季,1,0,99.0,38.57142857142857
2015-07-21,兰州市,良,65,32,78.0,43.0,13,1.05,74,2015,7,夏季,2,0,80.0,37.42857142857143
2015-07-22,兰州市,良,67,37,82.0,45.0,17,1.33,68,2015,7,夏季,3,0,65.0,37.285714285714285
2015-07-23,兰州市,良,58,25,53.0,38.0,7,0.98,80,2015,7,夏季,4,0,67.0,35.285714285714285
2015-07-24,兰州市,良,82,42,107.0,60.0,18,1.61,57,2015,7,夏季,5,0,58.0,34.714285714285715
2015-07-25,兰州市,良,94,45,126.0,62.0,16,1.58,62,2015,7,夏季,6,1,82.0,35.857142857142854
2015-07-26,兰州市,良,80,43,104.0,51.0,16,1.42,60,2015,7,夏季,7,1,94.0,36.285714285714285
2015-07-27,兰州市,良,74,43,94.0,47.0,14,1.27,63,2015,7,夏季,1,0,80.0,38.142857142857146
2015-07-28,兰州市,良,67,42,81.0,39.0,9,1.25,60,2015,7,夏季,2,0,74.0,39.57142857142857
2015-07-29,兰州市,良,72,47,91.0,42.0,14,1.14,48,2015,7,夏季,3,0,67.0,41.0
2015-07-30,兰州市,良,73,51,89.0,44.0,14,1.06,55,2015,7,夏季,4,0,72.0,44.71428571428572
2015-07-31,兰州市,良,70,48,83.0,35.0,8,0.88,59,2015,7,夏季,5,0,73.0,45.57142857142857
2015-08-01,兰州市,良,75,51,96.0,45.0,15,1.1,49,2015,8,夏季,6,1,70.0,46.42857142857143
2015-08-02,兰州市,良,67,35,82.0,33.0,10,0.82,65,2015,8,夏季,7,1,75.0,45.285714285714285
2015-08-03,兰州市,良,60,41,60.0,28.0,6,0.73,52,2015,8,夏季,1,0,67.0,45.0
2015-08-04,兰州市,良,58,36,61.0,38.0,7,0.81,51,2015,8,夏季,2,0,60.0,44.142857142857146
2015-08-05,兰州市,良,74,35,81.0,47.0,23,1.14,68,2015,8,夏季,3,0,58.0,42.42857142857143
2015-08-06,兰州市,良,69,31,77.0,47.0,17,0.96,72,2015,8,夏季,4,0,74.0,39.57142857142857
2015-08-07,兰州市,良,63,25,74.0,35.0,8,0.68,65,2015,8,夏季,5,0,69.0,36.285714285714285
2015-08-08,兰州市,优,45,24,43.0,27.0,8,0.71,66,2015,8,夏季,6,1,63.0,32.42857142857143
2015-08-09,兰州市,优,38,19,36.0,29.0,6,0.74,55,2015,8,夏季,7,1,45.0,30.142857142857142
2015-08-10,兰州市,良,56,26,56.0,41.0,14,0.88,72,2015,8,夏季,1,0,38.0,28.0
2015-08-11,兰州市,良,66,27,75.0,46.0,11,0.96,51,2015,8,夏季,2,0,56.0,26.714285714285715
2015-08-12,兰州市,良,63,29,74.0,34.0,16,0.96,67,2015,8,夏季,3,0,66.0,25.857142857142858
2015-08-13,兰州市,良,94,46,136.0,20.0,8,0.56,69,2015,8,夏季,4,0,63.0,28.0
2015-08-14,兰州市,良,63,29,69.0,46.0,9,0.96,62,2015,8,夏季,5,0,94.0,28.571428571428573
2015-08-15,兰州市,良,77,33,102.0,53.0,14,1.07,52,2015,8,夏季,6,1,63.0,29.857142857142858
2015-08-16,兰州市,轻度污染,141,62,214.5,35.0,9,0.77,47,2015,8,夏季,7,1,77.0,36.0
2015-08-17,兰州市,轻度污染,114,56,177.0,30.0,12,0.86,60,2015,8,夏季,1,0,141.0,40.285714285714285
2015-08-18,兰州市,良,70,43,89.0,33.0,8,0.82,44,2015,8,夏季,2,0,114.0,42.57142857142857
2015-08-19,兰州市,良,67,36,83.0,49.0,16,1.12,44,2015,8,夏季,3,0,70.0,43.57142857142857
2015-08-20,兰州市,良,75,36,100.0,50.0,14,1.18,47,2015,8,夏季,4,0,67.0,42.142857142857146
2015-08-21,兰州市,良,61,24,68.0,40.0,11,0.95,62,2015,8,夏季,5,0,75.0,41.42857142857143
2015-08-22,兰州市,良,85,37,117.0,49.0,17,1.18,54,2015,8,夏季,6,1,61.0,42.0
2015-08-23,兰州市,良,62,30,72.0,43.0,15,1.15,56,2015,8,夏季,7,1,85.0,37.42857142857143
2015-08-24,兰州市,良,72,32,90.0,48.0,17,1.26,59,2015,8,夏季,1,0,62.0,34.0
2015-08-25,兰州市,良,79,34,107.0,58.0,14,1.2,48,2015,8,夏季,2,0,72.0,32.714285714285715
2015-08-26,兰州市,良,72,32,91.0,42.0,10,1.03,54,2015,8,夏季,3,0,79.0,32.142857142857146
2015-08-27,兰州市,良,60,28,68.0,36.0,6,0.94,56,2015,8,夏季,4,0,72.0,31.0
2015-08-28,兰州市,良,67,33,82.0,44.0,10,1.1,54,2015,8,夏季,5,0,60.0,32.285714285714285
2015-08-29,兰州市,良,78,38,102.0,59.0,14,1.08,53,2015,8,夏季,6,1,67.0,32.42857142857143
2015-08-30,兰州市,良,77,37,102.0,51.0,11,1.07,59,2015,8,夏季,7,1,78.0,33.42857142857143
2015-08-31,兰州市,良,61,28,69.0,25.0,14,0.81,65,2015,8,夏季,1,0,77.0,32.857142857142854
2015-09-01,兰州市,良,58,28,64.0,30.0,10,1.17,68,2015,9,秋季,2,0,61.0,32.0
2015-09-02,兰州市,良,51,29,54.0,29.0,5,0.86,55,2015,9,秋季,3,0,58.0,31.571428571428573
2015-09-03,兰州市,优,50,33,45.0,37.0,5,0.95,31,2015,9,秋季,4,0,51.0,32.285714285714285
2015-09-04,兰州市,优,45,26,43.0,37.0,9,0.99,48,2015,9,秋季,5,0,50.0,31.285714285714285
2015-09-05,兰州市,良,73,33,94.0,49.0,13,1.15,44,2015,9,秋季,6,1,45.0,30.571428571428573
2015-09-06,兰州市,良,71,32,91.0,47.0,18,1.06,49,2015,9,秋季,7,1,73.0,29.857142857142858
2015-09-07,兰州市,良,58,27,65.0,30.0,9,0.76,56,2015,9,秋季,1,0,71.0,29.714285714285715
2015-09-08,兰州市,优,43,29,36.0,23.0,9,0.88,51,2015,9,秋季,2,0,58.0,29.857142857142858
2015-09-09,兰州市,优,31,20,24.0,27.0,7,0.87,52,2015,9,秋季,3,0,43.0,28.571428571428573
2015-09-10,兰州市,优,33,18,31.0,30.0,9,0.76,42,2015,9,秋季,4,0,31.0,26.428571428571427
2015-09-11,兰州市,良,54,26,59.0,52.0,10,0.89,27,2015,9,秋季,5,0,33.0,26.428571428571427
2015-09-12,兰州市,良,57,28,65.0,45.0,12,1.5,38,2015,9,秋季,6,1,54.0,25.714285714285715
2015-09-13,兰州市,良,64,27,70.0,49.0,15,0.95,66,2015,9,秋季,7,1,57.0,25.0
2015-09-14,兰州市,良,76,38,99.0,59.0,17,1.08,45,2015,9,秋季,1,0,64.0,26.571428571428573
2015-09-15,兰州市,良,60,26,67.0,33.0,10,0.91,39,2015,9,秋季,2,0,76.0,26.142857142857142
2015-09-16,兰州市,良,60,35,71.0,31.0,10,0.82,36,2015,9,秋季,3,0,60.0,28.285714285714285
2015-09-17,兰州市,良,75,39,99.0,48.0,18,1.11,26,2015,9,秋季,4,0,60.0,31.285714285714285
2015-09-18,兰州市,良,76,40,100.0,48.0,12,1.28,33,2015,9,秋季,5,0,75.0,33.285714285714285
2015-09-19,兰州市,良,77,41,101.0,45.0,11,1.25,9,2015,9,秋季,6,1,76.0,35.142857142857146
2015-09-20,兰州市,良,55,25,59.0,23.0,8,0.95,55,2015,9,秋季,7,1,77.0,34.857142857142854
2015-09-21,兰州市,良,93,42,117.0,27.0,22,1.21,35,2015,9,秋季,1,0,55.0,35.42857142857143
2015-09-22,兰州市,良,54,28,61.0,29.0,11,0.82,56,2015,9,秋季,2,0,93.0,35.714285714285715
2015-09-23,兰州市,良,90,53,115.0,62.0,13,1.32,13,2015,9,秋季,3,0,54.0,38.285714285714285
2015-09-24,兰州市,良,77,53,79.0,44.0,11,1.12,40,2015,9,秋季,4,0,90.0,40.285714285714285
2015-09-25,兰州市,轻度污染,107,49,163.0,53.0,13,0.99,49,2015,9,秋季,5,0,77.0,41.57142857142857
2015-09-26,兰州市,良,96,57,140.0,72.0,18,1.36,49,2015,9,秋季,6,1,107.0,43.85714285714285
2015-09-27,兰州市,良,59,33,67.0,37.0,12,0.84,39,2015,9,秋季,7,1,96.0,45.0
2015-09-28,兰州市,良,52,30,59.0,36.0,10,0.85,46,2015,9,秋季,1,0,59.0,43.285714285714285
2015-09-29,兰州市,良,65,46,71.0,51.0,12,1.1,39,2015,9,秋季,2,0,52.0,45.85714285714285
2015-09-30,兰州市,良,84,40,114.0,36.0,20,0.91,27,2015,9,秋季,3,0,65.0,44.0
2015-10-01,兰州市,轻度污染,111,40,170.0,51.0,16,1.0,34,2015,10,秋季,4,0,84.0,42.142857142857146
2015-10-02,兰州市,良,84,39,115.0,50.0,18,0.97,44,2015,10,秋季,5,0,111.0,40.71428571428572
2015-10-03,兰州市,良,97,39,142.0,58.0,17,0.94,38,2015,10,秋季,6,1,84.0,38.142857142857146
2015-10-04,兰州市,良,87,43,122.0,61.0,17,1.08,49,2015,10,秋季,7,1,97.0,39.57142857142857
2015-10-05,兰州市,良,81,35,110.0,42.0,16,1.06,45,2015,10,秋季,1,0,87.0,40.285714285714285
2015-10-06,兰州市,良,65,29,80.0,41.0,15,1.1,34,2015,10,秋季,2,0,81.0,37.85714285714285
2015-10-07,兰州市,良,96,47,140.0,38.0,19,0.94,42,2015,10,秋季,3,0,65.0,38.85714285714285
2015-10-08,兰州市,良,70,27,87.0,28.0,11,0.78,54,2015,10,秋季,4,0,96.0,37.0
2015-10-09,兰州市,良,77,36,102.0,53.0,16,1.11,45,2015,10,秋季,5,0,70.0,36.57142857142857
2015-10-10,兰州市,良,79,34,106.0,60.0,18,0.93,39,2015,10,秋季,6,1,77.0,35.857142857142854
2015-10-11,兰州市,良,77,33,103.0,62.0,17,1.01,34,2015,10,秋季,7,1,79.0,34.42857142857143
2015-10-12,兰州市,良,83,42,115.0,64.0,20,1.12,46,2015,10,秋季,1,0,77.0,35.42857142857143
2015-10-13,兰州市,良,68,41,83.0,54.0,13,0.99,53,2015,10,秋季,2,0,83.0,37.142857142857146
2015-10-14,兰州市,良,81,42,110.0,73.0,22,1.29,43,2015,10,秋季,3,0,68.0,36.42857142857143
2015-10-15,兰州市,良,99,60,145.0,76.0,24,1.62,39,2015,10,秋季,4,0,81.0,41.142857142857146
2015-10-16,兰州市,良,80,48,108.0,21.0,14,1.03,46,2015,10,秋季,5,0,99.0,42.85714285714285
2015-10-17,兰州市,良,63,23,75.0,21.0,10,0.74,48,2015,10,秋季,6,1,80.0,41.285714285714285
2015-10-18,兰州市,良,82,45,108.0,39.0,14,1.32,58,2015,10,秋季,7,1,63.0,43.0
2015-10-19,兰州市,轻度污染,105,61,157.0,52.0,21,1.78,30,2015,10,秋季,1,0,82.0,45.71428571428572
2015-10-20,兰州市,良,100,58,146.0,44.0,21,1.46,32,2015,10,秋季,2,0,105.0,48.142857142857146
2015-10-21,兰州市,良,58,24,64.0,11.0,11,0.57,44,2015,10,秋季,3,0,100.0,45.57142857142857
2015-10-22,兰州市,优,46,24,48.0,28.0,8,0.95,32,2015,10,秋季,4,0,58.0,40.42857142857143
2015-10-23,兰州市,良,67,45,79.0,42.0,11,1.1,30,2015,10,秋季,5,0,46.0,40.0
2015-10-24,兰州市,良,54,35,57.0,30.0,8,1.06,34,2015,10,秋季,6,1,67.0,41.71428571428572
2015-10-25,兰州市,优,50,29,51.0,27.0,8,0.95,33,2015,10,秋季,7,1,54.0,39.42857142857143
2015-10-26,兰州市,优,45,20,47.0,23.0,9,0.73,46,2015,10,秋季,1,0,50.0,33.57142857142857
2015-10-27,兰州市,良,74,49,88.0,46.0,16,1.07,32,2015,10,秋季,2,0,45.0,32.285714285714285
2015-10-28,兰州市,良,93,68,115.0,50.0,23,1.35,22,2015,10,秋季,3,0,74.0,38.57142857142857
2015-10-29,兰州市,良,58,25,64.0,42.0,25,0.82,38,2015,10,秋季,4,0,93.0,38.71428571428572
2015-10-30,兰州市,良,61,31,70.0,30.0,23,0.79,41,2015,10,秋季,5,0,58.0,36.71428571428572
2015-10-31,兰州市,良,56,40,57.0,45.0,18,1.18,42,2015,10,秋季,6,1,61.0,37.42857142857143
2015-11-01,兰州市,良,97,71,131.0,88.0,34,2.14,32,2015,11,秋季,7,1,56.0,43.42857142857143
2015-11-02,兰州市,良,79,51,102.0,50.0,22,1.61,27,2015,11,秋季,1,0,97.0,47.85714285714285
2015-11-03,兰州市,良,63,37,74.0,30.0,16,1.39,44,2015,11,秋季,2,0,79.0,46.142857142857146
2015-11-04,兰州市,良,74,24,95.0,28.0,22,0.95,39,2015,11,秋季,3,0,63.0,39.85714285714285
2015-11-05,兰州市,良,74,35,96.0,37.0,20,1.18,21,2015,11,秋季,4,0,74.0,41.285714285714285
2015-11-06,兰州市,优,49,32,48.0,22.0,23,0.9,33,2015,11,秋季,5,0,74.0,41.42857142857143
2015-11-07,兰州市,良,69,38,87.0,28.0,11,1.09,36,2015,11,秋季,6,1,49.0,41.142857142857146
2015-11-08,兰州市,良,95,64,132.0,52.0,19,1.89,23,2015,11,秋季,7,1,69.0,40.142857142857146
2015-11-09,兰州市,轻度污染,112,83,143.0,77.0,22,2.22,32,2015,11,秋季,1,0,95.0,44.71428571428572
2015-11-10,兰州市,良,93,68,116.0,63.0,23,1.86,26,2015,11,秋季,2,0,112.0,49.142857142857146
2015-11-11,兰州市,良,79,56,92.0,59.0,21,1.59,19,2015,11,秋季,3,0,93.0,53.71428571428572
2015-11-12,兰州市,良,68,47,78.0,58.0,17,1.8,25,2015,11,秋季,4,0,79.0,55.42857142857143
2015-11-13,兰州市,良,92,61,128.0,78.0,29,2.3,24,2015,11,秋季,5,0,68.0,59.57142857142857
2015-11-14,兰州市,良,73,39,95.0,39.0,24,1.57,23,2015,11,秋季,6,1,92.0,59.71428571428572
2015-11-15,兰州市,良,99,44,146.0,48.0,29,1.34,43,2015,11,秋季,7,1,73.0,56.85714285714285
2015-11-16,兰州市,良,98,41,144.0,48.0,25,1.44,29,2015,11,秋季,1,0,99.0,50.85714285714285
2015-11-17,兰州市,良,77,40,101.0,40.0,23,1.1,31,2015,11,秋季,2,0,98.0,46.85714285714285
2015-11-18,兰州市,良,93,69,110.0,45.0,19,1.38,25,2015,11,秋季,3,0,77.0,48.71428571428572
2015-11-19,兰州市,良,87,63,114.0,44.0,35,1.42,18,2015,11,秋季,4,0,93.0,51.0
2015-11-20,兰州市,轻度污染,107,76,145.0,77.0,31,2.23,20,2015,11,秋季,5,0,87.0,53.142857142857146
2015-11-21,兰州市,轻度污染,112,84,142.0,80.0,33,2.23,27,2015,11,秋季,6,1,107.0,59.57142857142857
2015-11-22,兰州市,良,90,65,113.0,51.0,25,1.58,32,2015,11,秋季,7,1,112.0,62.57142857142857
2015-11-23,兰州市,良,65,28,79.0,32.0,29,0.85,31,2015,11,秋季,1,0,90.0,60.71428571428572
2015-11-24,兰州市,优,45,23,45.0,29.0,20,0.77,35,2015,11,秋季,2,0,65.0,58.285714285714285
2015-11-25,兰州市,良,68,40,84.0,53.0,25,1.59,17,2015,11,秋季,3,0,45.0,54.142857142857146
2015-11-26,兰州市,轻度污染,120,85,169.0,87.0,30,2.3,24,2015,11,秋季,4,0,68.0,57.285714285714285
2015-11-27,兰州市,轻度污染,141,91,192.0,90.0,30,2.42,23,2015,11,秋季,5,0,120.0,59.42857142857143
2015-11-28,兰州市,轻度污染,121,89,175.0,90.0,35,2.39,22,2015,11,秋季,6,1,141.0,60.142857142857146
2015-11-29,兰州市,轻度污染,141,91,200.0,90.5,36,2.72,24,2015,11,秋季,7,1,121.0,63.85714285714285
2015-11-30,兰州市,轻度污染,141,91,214.5,90.5,38,3.01,31,2015,11,秋季,1,0,141.0,72.85714285714286
2015-12-01,兰州市,轻度污染,109,64,158.0,62.0,24,1.82,32,2015,12,冬季,2,0,141.0,78.71428571428571
2015-12-02,兰州市,良,88,32,123.0,46.0,21,1.19,34,2015,12,冬季,3,0,109.0,77.57142857142857
2015-12-03,兰州市,良,76,35,100.0,61.0,29,1.43,21,2015,12,冬季,4,0,88.0,70.42857142857143
2015-12-04,兰州市,良,97,56,141.0,70.0,37,2.12,17,2015,12,冬季,5,0,76.0,65.42857142857143
2015-12-05,兰州市,轻度污染,127,91,190.0,69.0,38,3.01,13,2015,12,冬季,6,1,97.0,65.71428571428571
2015-12-06,兰州市,轻度污染,139,91,186.0,79.0,38,2.75,29,2015,12,冬季,7,1,127.0,65.71428571428571
2015-12-07,兰州市,轻度污染,133,91,195.0,90.0,38,2.98,16,2015,12,冬季,1,0,139.0,65.71428571428571
2015-12-08,兰州市,轻度污染,116,87,164.0,80.0,38,2.69,17,2015,12,冬季,2,0,133.0,69.0
2015-12-09,兰州市,轻度污染,111,83,145.0,81.0,36,2.43,20,2015,12,冬季,3,0,116.0,76.28571428571429
2015-12-10,兰州市,轻度污染,104,77,136.0,85.0,33,2.22,28,2015,12,冬季,4,0,111.0,82.28571428571429
2015-12-11,兰州市,轻度污染,126,91,160.0,90.5,32,2.77,25,2015,12,冬季,5,0,104.0,87.28571428571429
2015-12-12,兰州市,良,58,40,58.0,28.0,13,1.08,34,2015,12,冬季,6,1,126.0,80.0
2015-12-13,兰州市,优,36,24,34.0,28.0,16,0.85,48,2015,12,冬季,7,1,58.0,70.42857142857143
2015-12-14,兰州市,良,62,43,71.0,51.0,21,1.3,32,2015,12,冬季,1,0,36.0,63.57142857142857
2015-12-15,兰州市,良,63,40,73.0,37.0,27,1.34,29,2015,12,冬季,2,0,62.0,56.85714285714285
2015-12-16,兰州市,良,69,42,81.0,45.0,24,1.48,25,2015,12,冬季,3,0,63.0,51.0
2015-12-17,兰州市,良,98,72,121.0,48.0,29,1.77,21,2015,12,冬季,4,0,69.0,50.285714285714285
2015-12-18,兰州市,轻度污染,101,72,122.0,75.0,31,1.95,25,2015,12,冬季,5,0,98.0,47.57142857142857
2015-12-19,兰州市,轻度污染,103,77,126.0,75.0,31,2.12,24,2015,12,冬季,6,1,101.0,52.85714285714285
2015-12-20,兰州市,轻度污染,128,91,149.0,87.0,30,2.22,23,2015,12,冬季,7,1,103.0,62.42857142857143
2015-12-21,兰州市,轻度污染,133,91,157.0,90.5,30,2.44,26,2015,12,冬季,1,0,128.0,69.28571428571429
2015-12-22,兰州市,轻度污染,118,89,132.0,81.0,27,1.97,27,2015,12,冬季,2,0,133.0,76.28571428571429
2015-12-23,兰州市,轻度污染,115,85,130.0,74.0,36,2.05,21,2015,12,冬季,3,0,118.0,82.42857142857143
2015-12-24,兰州市,良,95,70,113.0,66.0,33,2.04,24,2015,12,冬季,4,0,115.0,82.14285714285714
2015-12-25,兰州市,轻度污染,121,90,149.0,77.0,38,2.69,24,2015,12,冬季,5,0,95.0,84.71428571428571
2015-12-26,兰州市,轻度污染,139,91,171.0,90.5,38,3.26,15,2015,12,冬季,6,1,121.0,86.71428571428571
2015-12-27,兰州市,良,73,48,90.0,25.0,38,2.78,19,2015,12,冬季,7,1,139.0,80.57142857142857
2015-12-28,兰州市,良,89,60,117.0,40.0,38,2.86,20,2015,12,冬季,1,0,73.0,76.14285714285714
2015-12-29,兰州市,轻度污染,111,82,134.0,51.0,38,3.07,26,2015,12,冬季,2,0,89.0,75.14285714285714
2015-12-30,兰州市,轻度污染,141,91,173.0,59.0,38,3.11,26,2015,12,冬季,3,0,111.0,76.0
2015-12-31,兰州市,轻度污染,141,91,174.0,68.0,38,3.29,23,2015,12,冬季,4,0,141.0,79.0
2016-01-01,兰州市,轻度污染,141,91,178.0,90.5,38,3.64,29,2016,1,冬季,5,0,141.0,79.14285714285714
2016-01-02,兰州市,良,100,74,118.0,83.0,38,3.34,29,2016,1,冬季,6,1,141.0,76.71428571428571
2016-01-03,兰州市,良,96,69,125.0,75.0,38,2.99,24,2016,1,冬季,7,1,100.0,79.71428571428571
2016-01-04,兰州市,良,100,73,134.0,69.0,38,2.51,29,2016,1,冬季,1,0,96.0,81.57142857142857
2016-01-05,兰州市,良,68,38,83.0,59.0,32,1.58,30,2016,1,冬季,2,0,100.0,75.28571428571429
2016-01-06,兰州市,良,80,55,103.0,57.0,33,1.86,26,2016,1,冬季,3,0,68.0,70.14285714285714
2016-01-07,兰州市,良,79,54,98.0,62.0,38,1.96,31,2016,1,冬季,4,0,80.0,64.85714285714286
2016-01-08,兰州市,轻度污染,109,81,132.0,76.0,38,2.44,30,2016,1,冬季,5,0,79.0,63.42857142857143
2016-01-09,兰州市,轻度污染,128,91,146.0,76.0,34,2.55,28,2016,1,冬季,6,1,109.0,65.85714285714286
2016-01-10,兰州市,轻度污染,105,76,118.0,56.0,35,1.87,32,2016,1,冬季,7,1,128.0,66.85714285714286
2016-01-11,兰州市,良,70,45,82.0,35.0,21,1.24,41,2016,1,冬季,1,0,105.0,62.85714285714285
2016-01-12,兰州市,良,66,39,79.0,35.0,24,1.13,36,2016,1,冬季,2,0,70.0,63.0
2016-01-13,兰州市,良,85,59,105.0,55.0,31,1.53,34,2016,1,冬季,3,0,66.0,63.57142857142857
2016-01-14,兰州市,良,89,60,110.0,72.0,31,1.77,29,2016,1,冬季,4,0,85.0,64.42857142857143
2016-01-15,兰州市,轻度污染,138,91,166.0,90.5,38,2.67,31,2016,1,冬季,5,0,89.0,65.85714285714286
2016-01-16,兰州市,轻度污染,122,88,151.0,79.0,38,2.23,35,2016,1,冬季,6,1,138.0,65.42857142857143
2016-01-17,兰州市,轻度污染,125,50,197.0,60.0,23,1.46,34,2016,1,冬季,7,1,122.0,61.71428571428572
2016-01-18,兰州市,良,76,41,99.0,56.0,29,1.42,37,2016,1,冬季,1,0,125.0,61.142857142857146
2016-01-19,兰州市,良,94,54,135.0,52.0,34,1.65,33,2016,1,冬季,2,0,76.0,63.285714285714285
2016-01-20,兰州市,良,63,29,73.0,50.0,25,1.29,32,2016,1,冬季,3,0,94.0,59.0
2016-01-21,兰州市,良,80,40,107.0,43.0,31,1.51,35,2016,1,冬季,4,0,63.0,56.142857142857146
2016-01-22,兰州市,优,39,12,38.0,15.0,14,0.68,57,2016,1,冬季,5,0,80.0,44.85714285714285
2016-01-23,兰州市,良,56,20,61.0,31.0,16,0.9,47,2016,1,冬季,6,1,39.0,35.142857142857146
2016-01-24,兰州市,优,49,23,53.0,42.0,24,1.11,43,2016,1,冬季,7,1,56.0,31.285714285714285
2016-01-25,兰州市,良,85,60,102.0,62.0,34,1.92,32,2016,1,冬季,1,0,49.0,34.0
2016-01-26,兰州市,良,91,66,113.0,58.0,38,2.12,31,2016,1,冬季,2,0,85.0,35.714285714285715
2016-01-27,兰州市,轻度污染,109,82,127.0,46.0,38,2.3,33,2016,1,冬季,3,0,91.0,43.285714285714285
2016-01-28,兰州市,轻度污染,101,75,116.0,55.0,37,2.1,36,2016,1,冬季,4,0,109.0,48.285714285714285
2016-01-29,兰州市,轻度污染,127,91,139.0,62.0,38,2.39,42,2016,1,冬季,5,0,101.0,59.57142857142857
2016-01-30,兰州市,轻度污染,116,86,129.0,38.0,38,1.68,38,2016,1,冬季,6,1,127.0,69.0
2016-01-31,兰州市,良,65,35,78.0,25.0,28,1.01,51,2016,1,冬季,7,1,116.0,70.71428571428571
2016-02-01,兰州市,良,73,48,86.0,37.0,34,1.37,45,2016,2,冬季,1,0,65.0,69.0
2016-02-02,兰州市,轻度污染,101,75,124.0,56.0,34,1.97,34,2016,2,冬季,2,0,73.0,70.28571428571429
2016-02-03,兰州市,良,100,74,116.0,49.0,34,1.7,39,2016,2,冬季,3,0,101.0,69.14285714285714
2016-02-04,兰州市,良,88,59,114.0,42.0,25,1.33,52,2016,2,冬季,4,0,100.0,66.85714285714286
2016-02-05,兰州市,良,75,38,98.0,33.0,18,1.05,43,2016,2,冬季,5,0,88.0,59.285714285714285
2016-02-06,兰州市,良,70,45,87.0,52.0,23,1.44,36,2016,2,冬季,6,1,75.0,53.42857142857143
2016-02-07,兰州市,轻度污染,105,75,128.0,70.0,38,2.11,43,2016,2,冬季,7,1,70.0,59.142857142857146
2016-02-08,兰州市,轻度污染,137,91,153.0,67.0,38,2.25,45,2016,2,冬季,1,0,105.0,65.28571428571429
2016-02-09,兰州市,轻度污染,104,77,122.0,67.0,37,2.3,43,2016,2,冬季,2,0,137.0,65.57142857142857
2016-02-10,兰州市,轻度污染,113,84,127.0,72.0,37,2.48,48,2016,2,冬季,3,0,104.0,67.0
2016-02-11,兰州市,轻度污染,113,78,137.0,50.0,29,2.0,52,2016,2,冬季,4,0,113.0,69.71428571428571
2016-02-12,兰州市,良,85,28,117.0,12.0,11,0.58,65,2016,2,冬季,5,0,113.0,68.28571428571429
2016-02-13,兰州市,良,52,15,54.0,16.0,14,0.62,61,2016,2,冬季,6,1,85.0,64.0
2016-02-14,兰州市,良,57,31,61.0,31.0,20,0.96,46,2016,2,冬季,7,1,52.0,57.71428571428572
2016-02-15,兰州市,良,64,41,70.0,38.0,20,1.08,52,2016,2,冬季,1,0,57.0,50.57142857142857
2016-02-16,兰州市,良,79,56,89.0,49.0,23,1.3,50,2016,2,冬季,2,0,64.0,47.57142857142857
2016-02-17,兰州市,良,93,68,109.0,59.0,27,1.61,46,2016,2,冬季,3,0,79.0,45.285714285714285
2016-02-18,兰州市,轻度污染,141,73,214.5,44.0,26,1.17,44,2016,2,冬季,4,0,93.0,44.57142857142857
2016-02-19,兰州市,轻度污染,141,81,214.5,23.0,11,0.64,67,2016,2,冬季,5,0,141.0,52.142857142857146
2016-02-20,兰州市,轻度污染,141,88,214.5,42.0,16,1.01,52,2016,2,冬季,6,1,141.0,62.57142857142857
2016-02-21,兰州市,轻度污染,141,62,214.5,48.0,25,1.21,38,2016,2,冬季,7,1,141.0,67.0
2016-02-22,兰州市,轻度污染,128,59,205.0,38.0,22,1.1,47,2016,2,冬季,1,0,141.0,69.57142857142857
2016-02-23,兰州市,轻度污染,117,57,182.0,38.0,16,0.91,59,2016,2,冬季,2,0,128.0,69.71428571428571
2016-02-24,兰州市,良,83,45,113.0,39.0,15,1.02,62,2016,2,冬季,3,0,117.0,66.42857142857143
2016-02-25,兰州市,良,71,40,89.0,42.0,16,1.04,55,2016,2,冬季,4,0,83.0,61.71428571428572
2016-02-26,兰州市,良,74,46,90.0,60.0,20,1.49,49,2016,2,冬季,5,0,71.0,56.71428571428572
2016-02-27,兰州市,良,79,47,103.0,48.0,20,1.32,51,2016,2,冬季,6,1,74.0,50.85714285714285
2016-02-28,兰州市,轻度污染,141,77,214.5,41.0,14,0.99,40,2016,2,冬季,7,1,79.0,53.0
2016-02-29,兰州市,良,72,35,92.0,61.0,23,1.53,51,2016,2,冬季,1,0,141.0,49.57142857142857
2016-03-01,兰州市,良,67,32,82.0,38.0,19,1.21,59,2016,3,春季,2,0,72.0,46.0
2016-03-02,兰州市,良,61,26,71.0,46.0,15,1.42,51,2016,3,春季,3,0,67.0,43.285714285714285
2016-03-03,兰州市,良,66,33,72.0,58.0,27,1.63,64,2016,3,春季,4,0,61.0,42.285714285714285
2016-03-04,兰州市,轻度污染,141,54,214.5,32.0,11,0.93,57,2016,3,春季,5,0,66.0,43.42857142857143
2016-03-05,兰州市,轻度污染,129,41,206.0,38.0,13,0.97,55,2016,3,春季,6,1,141.0,42.57142857142857
2016-03-06,兰州市,轻度污染,141,61,214.5,49.0,21,1.3,54,2016,3,春季,7,1,129.0,40.285714285714285
2016-03-07,兰州市,轻度污染,141,66,214.5,46.0,19,1.21,64,2016,3,春季,1,0,141.0,44.71428571428572
2016-03-08,兰州市,轻度污染,140,53,214.5,41.0,20,1.2,63,2016,3,春季,2,0,141.0,47.71428571428572
2016-03-09,兰州市,轻度污染,141,58,214.5,16.0,17,0.82,64,2016,3,春季,3,0,140.0,52.285714285714285
2016-03-10,兰州市,良,71,42,90.0,30.0,12,1.07,59,2016,3,春季,4,0,141.0,53.57142857142857
2016-03-11,兰州市,良,88,53,124.0,43.0,16,1.3,62,2016,3,春季,5,0,71.0,53.42857142857143
2016-03-12,兰州市,轻度污染,141,82,214.5,32.0,12,1.03,55,2016,3,春季,6,1,88.0,59.285714285714285
2016-03-13,兰州市,良,81,41,109.0,39.0,11,1.05,61,2016,3,春季,7,1,141.0,56.42857142857143
2016-03-14,兰州市,良,86,49,121.0,46.0,15,1.17,60,2016,3,春季,1,0,81.0,54.0
2016-03-15,兰州市,良,83,42,114.0,50.0,14,1.0,67,2016,3,春季,2,0,86.0,52.42857142857143
2016-03-16,兰州市,良,72,42,92.0,37.0,13,1.02,66,2016,3,春季,3,0,83.0,50.142857142857146
2016-03-17,兰州市,轻度污染,103,47,154.0,46.0,10,0.96,60,2016,3,春季,4,0,72.0,50.85714285714285
2016-03-18,兰州市,轻度污染,131,68,210.0,71.0,19,1.49,62,2016,3,春季,5,0,103.0,53.0
2016-03-19,兰州市,轻度污染,103,54,154.0,41.0,10,1.05,75,2016,3,春季,6,1,131.0,49.0
2016-03-20,兰州市,轻度污染,112,67,171.0,46.0,12,1.32,66,2016,3,春季,7,1,103.0,52.71428571428572
2016-03-21,兰州市,优,48,30,48.0,33.0,9,1.41,64,2016,3,春季,1,0,112.0,50.0
2016-03-22,兰州市,良,89,57,125.0,39.0,10,1.17,64,2016,3,春季,2,0,48.0,52.142857142857146
2016-03-23,兰州市,良,67,41,82.0,28.0,7,0.91,72,2016,3,春季,3,0,89.0,52.0
2016-03-24,兰州市,良,53,26,54.0,36.0,6,0.86,67,2016,3,春季,4,0,67.0,49.0
2016-03-25,兰州市,良,60,33,69.0,44.0,9,0.93,56,2016,3,春季,5,0,53.0,44.0
2016-03-26,兰州市,良,68,25,84.0,49.0,8,0.91,64,2016,3,春季,6,1,60.0,39.85714285714285
2016-03-27,兰州市,良,74,32,96.0,58.0,10,1.05,60,2016,3,春季,7,1,68.0,34.857142857142854
2016-03-28,兰州市,良,90,36,129.0,50.0,10,0.99,65,2016,3,春季,1,0,74.0,35.714285714285715
2016-03-29,兰州市,良,85,35,118.0,51.0,10,0.98,61,2016,3,春季,2,0,90.0,32.57142857142857
2016-03-30,兰州市,良,84,39,116.0,62.0,11,1.12,64,2016,3,春季,3,0,85.0,32.285714285714285
2016-03-31,兰州市,良,98,44,140.0,74.0,14,1.32,71,2016,3,春季,4,0,84.0,34.857142857142854
2016-04-01,兰州市,轻度污染,141,59,214.5,32.0,8,0.75,78,2016,4,春季,5,0,98.0,38.57142857142857
2016-04-02,兰州市,良,83,27,114.0,25.0,15,0.76,71,2016,4,春季,6,1,141.0,38.85714285714285
2016-04-03,兰州市,轻度污染,103,34,153.0,36.0,15,1.0,76,2016,4,春季,7,1,83.0,39.142857142857146
2016-04-04,兰州市,良,88,38,125.0,40.0,13,1.07,75,2016,4,春季,1,0,103.0,39.42857142857143
2016-04-05,兰州市,良,67,36,82.0,38.0,10,0.98,79,2016,4,春季,2,0,88.0,39.57142857142857
2016-04-06,兰州市,良,65,33,79.0,35.0,5,0.92,65,2016,4,春季,3,0,67.0,38.71428571428572
2016-04-07,兰州市,良,77,32,102.0,37.0,8,0.95,80,2016,4,春季,4,0,65.0,37.0
2016-04-08,兰州市,良,72,24,92.0,37.0,7,1.01,67,2016,4,春季,5,0,77.0,32.0
2016-04-09,兰州市,良,57,25,61.0,42.0,7,1.02,69,2016,4,春季,6,1,72.0,31.714285714285715
2016-04-10,兰州市,良,86,40,117.0,62.0,14,0.96,73,2016,4,春季,7,1,57.0,32.57142857142857
2016-04-11,兰州市,良,88,41,125.0,48.0,13,0.91,77,2016,4,春季,1,0,86.0,33.0
2016-04-12,兰州市,良,88,34,124.0,32.0,9,0.67,74,2016,4,春季,2,0,88.0,32.714285714285715
2016-04-13,兰州市,良,85,37,118.0,40.0,7,0.83,65,2016,4,春季,3,0,88.0,33.285714285714285
2016-04-14,兰州市,良,72,30,89.0,45.0,9,0.79,77,2016,4,春季,4,0,85.0,33.0
2016-04-15,兰州市,良,68,25,86.0,20.0,4,0.58,85,2016,4,春季,5,0,72.0,33.142857142857146
2016-04-16,兰州市,优,48,22,48.0,21.0,3,0.58,84,2016,4,春季,6,1,68.0,32.714285714285715
2016-04-17,兰州市,良,55,19,51.0,30.0,3,0.6,94,2016,4,春季,7,1,48.0,29.714285714285715
2016-04-18,兰州市,良,90,40,118.0,66.0,12,1.12,83,2016,4,春季,1,0,55.0,29.571428571428573
2016-04-19,兰州市,良,77,31,102.0,39.0,7,0.76,73,2016,4,春季,2,0,90.0,29.142857142857142
2016-04-20,兰州市,良,88,34,125.0,46.0,10,0.84,72,2016,4,春季,3,0,77.0,28.714285714285715
2016-04-21,兰州市,良,78,31,102.0,48.0,12,0.89,83,2016,4,春季,4,0,88.0,28.857142857142858
2016-04-22,兰州市,良,83,33,114.0,50.0,9,0.85,67,2016,4,春季,5,0,78.0,30.0
2016-04-23,兰州市,良,51,26,47.0,35.0,4,0.76,81,2016,4,春季,6,1,83.0,30.571428571428573
2016-04-24,兰州市,良,90,38,89.0,52.0,7,0.97,96,2016,4,春季,7,1,51.0,33.285714285714285
2016-04-25,兰州市,良,79,34,106.0,33.0,5,0.87,84,2016,4,春季,1,0,90.0,32.42857142857143
2016-04-26,兰州市,良,64,30,71.0,30.0,4,0.63,95,2016,4,春季,2,0,79.0,32.285714285714285
2016-04-27,兰州市,良,85,41,87.0,54.0,9,0.9,98,2016,4,春季,3,0,64.0,33.285714285714285
2016-04-28,兰州市,良,100,49,132.0,63.0,15,0.94,94,2016,4,春季,4,0,85.0,35.857142857142854
2016-04-29,兰州市,轻度污染,101,49,137.0,56.0,15,0.97,88,2016,4,春季,5,0,100.0,38.142857142857146
2016-04-30,兰州市,良,84,44,115.0,43.0,9,0.8,91,2016,4,春季,6,1,101.0,40.71428571428572
2016-05-01,兰州市,轻度污染,141,74,214.5,33.0,11,0.67,82,2016,5,春季,7,1,84.0,45.85714285714285
2016-05-02,兰州市,良,77,24,50.0,24.0,4,0.57,130,2016,5,春季,1,0,141.0,44.42857142857143
2016-05-03,兰州市,良,99,50,131.0,61.0,11,0.96,97,2016,5,春季,2,0,77.0,47.285714285714285
2016-05-04,兰州市,轻度污染,123,66,190.0,49.0,16,0.95,103,2016,5,春季,3,0,99.0,50.85714285714285
2016-05-05,兰州市,良,100,52,147.0,23.0,9,0.6,95,2016,5,春季,4,0,123.0,51.285714285714285
2016-05-06,兰州市,良,98,47,144.0,17.0,13,0.66,75,2016,5,春季,5,0,100.0,51.0
2016-05-07,兰州市,良,84,49,109.0,37.0,8,0.77,70,2016,5,春季,6,1,98.0,51.71428571428572
2016-05-08,兰州市,轻度污染,112,64,172.0,47.0,16,0.87,69,2016,5,春季,7,1,84.0,50.285714285714285
2016-05-09,兰州市,良,74,35,90.0,26.0,8,0.66,94,2016,5,春季,1,0,112.0,51.85714285714285
2016-05-10,兰州市,良,95,48,117.0,59.0,12,0.98,92,2016,5,春季,2,0,74.0,51.57142857142857
2016-05-11,兰州市,轻度污染,141,91,214.5,53.0,18,1.03,87,2016,5,春季,3,0,95.0,55.142857142857146
2016-05-12,兰州市,良,96,32,105.0,18.0,6,0.5,133,2016,5,春季,4,0,141.0,52.285714285714285
2016-05-13,兰州市,良,92,33,132.0,36.0,10,0.72,95,2016,5,春季,5,0,96.0,50.285714285714285
2016-05-14,兰州市,良,63,32,71.0,27.0,4,0.63,88,2016,5,春季,6,1,92.0,47.85714285714285
2016-05-15,兰州市,轻度污染,109,60,161.0,53.0,11,0.69,77,2016,5,春季,7,1,63.0,47.285714285714285
2016-05-16,兰州市,良,72,39,81.0,59.0,11,0.89,77,2016,5,春季,1,0,109.0,47.85714285714285
2016-05-17,兰州市,良,65,44,78.0,27.0,6,0.74,87,2016,5,春季,2,0,72.0,47.285714285714285
2016-05-18,兰州市,良,70,41,73.0,47.0,9,0.85,84,2016,5,春季,3,0,65.0,40.142857142857146
2016-05-19,兰州市,良,66,28,62.0,31.0,9,0.73,105,2016,5,春季,4,0,70.0,39.57142857142857
2016-05-20,兰州市,轻度污染,125,75,184.0,14.0,11,0.56,82,2016,5,春季,5,0,66.0,45.57142857142857
2016-05-21,兰州市,优,39,24,37.0,20.0,5,0.66,62,2016,5,春季,6,1,125.0,44.42857142857143
2016-05-22,兰州市,优,32,19,26.0,18.0,7,0.59,62,2016,5,春季,7,1,39.0,38.57142857142857
2016-05-23,兰州市,优,40,21,33.0,29.0,5,0.73,89,2016,5,春季,1,0,32.0,36.0
2016-05-24,兰州市,良,73,39,92.0,30.0,14,0.79,82,2016,5,春季,2,0,40.0,35.285714285714285
2016-05-25,兰州市,优,45,21,43.0,18.0,4,0.51,78,2016,5,春季,3,0,73.0,32.42857142857143
2016-05-26,兰州市,优,49,24,44.0,28.0,4,0.6,82,2016,5,春季,4,0,45.0,31.857142857142858
2016-05-27,兰州市,良,64,31,72.0,35.0,7,0.73,101,2016,5,春季,5,0,49.0,25.571428571428573
2016-05-28,兰州市,良,86,52,118.0,60.0,15,1.12,68,2016,5,春季,6,1,64.0,29.571428571428573
2016-05-29,兰州市,良,82,43,96.0,50.0,12,0.96,94,2016,5,春季,7,1,86.0,33.0
2016-05-30,兰州市,良,69,32,76.0,35.0,7,0.82,92,2016,5,春季,1,0,82.0,34.57142857142857
2016-05-31,兰州市,良,68,39,82.0,33.0,8,0.81,82,2016,5,春季,2,0,69.0,34.57142857142857
2016-06-01,兰州市,良,74,49,93.0,48.0,9,0.89,62,2016,6,夏季,3,0,68.0,38.57142857142857
2016-06-02,兰州市,良,70,42,86.0,44.0,10,0.78,68,2016,6,夏季,4,0,74.0,41.142857142857146
2016-06-03,兰州市,良,84,39,100.0,52.0,13,0.78,87,2016,6,夏季,5,0,70.0,42.285714285714285
2016-06-04,兰州市,良,52,22,52.0,32.0,7,0.62,66,2016,6,夏季,6,1,84.0,38.0
2016-06-05,兰州市,良,79,31,84.0,50.0,11,0.83,85,2016,6,夏季,7,1,52.0,36.285714285714285
2016-06-06,兰州市,良,74,35,95.0,55.0,13,0.84,67,2016,6,夏季,1,0,79.0,36.71428571428572
2016-06-07,兰州市,良,63,28,55.0,32.0,8,0.78,89,2016,6,夏季,2,0,74.0,35.142857142857146
2016-06-08,兰州市,优,50,19,40.0,24.0,5,0.7,86,2016,6,夏季,3,0,63.0,30.857142857142858
2016-06-09,兰州市,良,53,25,57.0,38.0,9,0.71,62,2016,6,夏季,4,0,50.0,28.428571428571427
2016-06-10,兰州市,良,63,29,70.0,42.0,9,0.84,72,2016,6,夏季,5,0,53.0,27.0
2016-06-11,兰州市,良,88,48,125.0,43.0,12,0.8,57,2016,6,夏季,6,1,63.0,30.714285714285715
2016-06-12,兰州市,良,66,31,69.0,48.0,7,0.81,75,2016,6,夏季,7,1,88.0,30.714285714285715
2016-06-13,兰州市,良,75,30,93.0,50.0,8,0.82,71,2016,6,夏季,1,0,66.0,30.0
2016-06-14,兰州市,轻度污染,109,49,166.0,24.0,7,0.56,49,2016,6,夏季,2,0,75.0,33.0
2016-06-15,兰州市,良,55,27,61.0,21.0,10,0.62,50,2016,6,夏季,3,0,109.0,34.142857142857146
2016-06-16,兰州市,良,70,30,83.0,47.0,10,0.97,81,2016,6,夏季,4,0,55.0,34.857142857142854
2016-06-17,兰州市,良,79,35,105.0,55.0,14,0.95,66,2016,6,夏季,5,0,70.0,35.714285714285715
2016-06-18,兰州市,良,96,53,138.0,77.0,21,1.31,59,2016,6,夏季,6,1,79.0,36.42857142857143
2016-06-19,兰州市,良,80,40,99.0,48.0,12,0.97,79,2016,6,夏季,7,1,96.0,37.71428571428572
2016-06-20,兰州市,良,59,33,72.0,39.0,7,0.81,56,2016,6,夏季,1,0,80.0,38.142857142857146
2016-06-21,兰州市,良,76,43,85.0,41.0,8,0.95,82,2016,6,夏季,2,0,59.0,37.285714285714285
2016-06-22,兰州市,良,80,50,104.0,58.0,21,1.08,79,2016,6,夏季,3,0,76.0,40.57142857142857
2016-06-23,兰州市,良,53,32,53.0,25.0,8,0.79,74,2016,6,夏季,4,0,80.0,40.85714285714285
2016-06-24,兰州市,良,77,46,94.0,58.0,7,1.06,55,2016,6,夏季,5,0,53.0,42.42857142857143
2016-06-25,兰州市,良,71,30,67.0,40.0,6,0.84,86,2016,6,夏季,6,1,77.0,39.142857142857146
2016-06-26,兰州市,良,68,36,81.0,28.0,4,0.8,88,2016,6,夏季,7,1,71.0,38.57142857142857
2016-06-27,兰州市,轻度污染,112,59,168.0,42.0,9,0.9,81,2016,6,夏季,1,0,68.0,42.285714285714285
2016-06-28,兰州市,良,80,35,101.0,71.0,8,1.07,59,2016,6,夏季,2,0,112.0,41.142857142857146
2016-06-29,兰州市,良,100,44,125.0,58.0,17,1.11,94,2016,6,夏季,3,0,80.0,40.285714285714285
2016-06-30,兰州市,良,69,27,80.0,44.0,8,0.9,73,2016,6,夏季,4,0,100.0,39.57142857142857
2016-07-01,兰州市,良,78,33,100.0,46.0,11,0.9,83,2016,7,夏季,5,0,69.0,37.71428571428572
2016-07-02,兰州市,良,91,37,99.0,53.0,12,0.84,105,2016,7,夏季,6,1,78.0,38.71428571428572
2016-07-03,兰州市,良,82,26,90.0,41.0,10,0.87,112,2016,7,夏季,7,1,91.0,37.285714285714285
2016-07-04,兰州市,良,80,33,96.0,36.0,8,0.94,99,2016,7,夏季,1,0,82.0,33.57142857142857
2016-07-05,兰州市,良,65,31,79.0,19.0,4,0.75,80,2016,7,夏季,2,0,80.0,33.0
2016-07-06,兰州市,良,55,24,60.0,21.0,4,0.76,68,2016,7,夏季,3,0,65.0,30.142857142857142
2016-07-07,兰州市,良,52,20,55.0,21.0,4,0.81,63,2016,7,夏季,4,0,55.0,29.142857142857142
2016-07-08,兰州市,良,51,20,55.0,23.0,5,0.7,56,2016,7,夏季,5,0,52.0,27.285714285714285
2016-07-09,兰州市,良,71,36,92.0,26.0,4,0.93,45,2016,7,夏季,6,1,51.0,27.142857142857142
2016-07-10,兰州市,良,56,35,61.0,19.0,5,0.77,44,2016,7,夏季,7,1,71.0,28.428571428571427
2016-07-11,兰州市,优,33,20,30.0,21.0,4,0.75,57,2016,7,夏季,1,0,56.0,26.571428571428573
2016-07-12,兰州市,良,63,31,56.0,34.0,5,0.94,81,2016,7,夏季,2,0,33.0,26.571428571428573
2016-07-13,兰州市,良,57,24,60.0,38.0,4,0.84,63,2016,7,夏季,3,0,63.0,26.571428571428573
2016-07-14,兰州市,良,61,30,68.0,42.0,5,0.92,64,2016,7,夏季,4,0,57.0,28.0
2016-07-15,兰州市,良,80,28,83.0,45.0,9,1.01,87,2016,7,夏季,5,0,61.0,29.142857142857142
2016-07-16,兰州市,良,64,24,76.0,39.0,8,0.84,72,2016,7,夏季,6,1,80.0,27.428571428571427
2016-07-17,兰州市,良,83,34,111.0,51.0,11,0.98,74,2016,7,夏季,7,1,64.0,27.285714285714285
2016-07-18,兰州市,优,46,22,39.0,24.0,4,0.86,82,2016,7,夏季,1,0,83.0,27.571428571428573
2016-07-19,兰州市,良,72,33,71.0,42.0,7,1.0,88,2016,7,夏季,2,0,46.0,27.857142857142858
2016-07-20,兰州市,良,75,32,81.0,44.0,7,1.0,89,2016,7,夏季,3,0,72.0,29.0
2016-07-21,兰州市,良,94,48,136.0,46.0,9,0.97,73,2016,7,夏季,4,0,75.0,31.571428571428573
2016-07-22,兰州市,良,89,51,112.0,33.0,5,0.97,93,2016,7,夏季,5,0,94.0,34.857142857142854
2016-07-23,兰州市,良,67,23,64.0,33.0,5,0.94,91,2016,7,夏季,6,1,89.0,34.714285714285715
2016-07-24,兰州市,良,51,18,36.0,14.0,4,0.76,98,2016,7,夏季,7,1,67.0,32.42857142857143
2016-07-25,兰州市,良,63,31,73.0,39.0,6,0.91,60,2016,7,夏季,1,0,51.0,33.714285714285715
2016-07-26,兰州市,良,69,30,75.0,38.0,5,0.96,90,2016,7,夏季,2,0,63.0,33.285714285714285
2016-07-27,兰州市,良,83,32,94.0,43.0,9,0.93,93,2016,7,夏季,3,0,69.0,33.285714285714285
2016-07-28,兰州市,良,83,28,82.0,49.0,10,1.02,96,2016,7,夏季,4,0,83.0,30.428571428571427
2016-07-29,兰州市,良,77,31,91.0,42.0,9,1.19,91,2016,7,夏季,5,0,83.0,27.571428571428573
2016-07-30,兰州市,良,61,26,61.0,22.0,4,0.89,85,2016,7,夏季,6,1,77.0,28.0
2016-07-31,兰州市,良,60,20,54.0,17.0,5,0.87,89,2016,7,夏季,7,1,61.0,28.285714285714285
2016-08-01,兰州市,良,58,19,56.0,18.0,4,0.86,89,2016,8,夏季,1,0,60.0,26.571428571428573
2016-08-02,兰州市,良,57,19,61.0,21.0,4,0.93,78,2016,8,夏季,2,0,58.0,25.0
2016-08-03,兰州市,良,60,23,64.0,20.0,3,0.77,83,2016,8,夏季,3,0,57.0,23.714285714285715
2016-08-04,兰州市,良,63,28,68.0,21.0,5,0.67,88,2016,8,夏季,4,0,60.0,23.714285714285715
2016-08-05,兰州市,良,72,27,82.0,32.0,6,0.76,90,2016,8,夏季,5,0,63.0,23.142857142857142
2016-08-06,兰州市,良,80,37,101.0,43.0,10,0.94,95,2016,8,夏季,6,1,72.0,24.714285714285715
2016-08-07,兰州市,良,100,39,112.0,51.0,11,0.98,103,2016,8,夏季,7,1,80.0,27.428571428571427
2016-08-08,兰州市,良,77,25,75.0,26.0,4,0.99,115,2016,8,夏季,1,0,100.0,28.285714285714285
2016-08-09,兰州市,良,67,26,71.0,19.0,4,0.97,102,2016,8,夏季,2,0,77.0,29.285714285714285
2016-08-10,兰州市,良,100,39,147.0,19.0,5,0.85,89,2016,8,夏季,3,0,67.0,31.571428571428573
2016-08-11,兰州市,良,63,23,66.0,23.0,6,1.01,87,2016,8,夏季,4,0,100.0,30.857142857142858
2016-08-12,兰州市,良,73,32,91.0,23.0,6,0.93,84,2016,8,夏季,5,0,63.0,31.571428571428573
2016-08-13,兰州市,良,68,27,78.0,22.0,7,0.97,86,2016,8,夏季,6,1,73.0,30.142857142857142
2016-08-14,兰州市,良,63,32,74.0,18.0,6,0.85,83,2016,8,夏季,7,1,68.0,29.142857142857142
2016-08-15,兰州市,良,52,33,56.0,35.0,3,0.88,77,2016,8,夏季,1,0,63.0,30.285714285714285
2016-08-16,兰州市,良,79,46,98.0,52.0,4,1.22,82,2016,8,夏季,2,0,52.0,33.142857142857146
2016-08-17,兰州市,良,67,32,76.0,31.0,4,1.18,82,2016,8,夏季,3,0,79.0,32.142857142857146
2016-08-18,兰州市,优,47,22,49.0,15.0,9,0.81,72,2016,8,夏季,4,0,67.0,32.0
2016-08-19,兰州市,优,43,17,38.0,17.0,8,0.86,80,2016,8,夏季,5,0,47.0,29.857142857142858
2016-08-20,兰州市,良,52,24,55.0,21.0,10,0.92,74,2016,8,夏季,6,1,43.0,29.428571428571427
2016-08-21,兰州市,良,77,46,96.0,29.0,9,1.11,89,2016,8,夏季,7,1,52.0,31.428571428571427
2016-08-22,兰州市,良,64,41,76.0,20.0,5,1.15,83,2016,8,夏季,1,0,77.0,32.57142857142857
2016-08-23,兰州市,优,34,18,32.0,21.0,4,0.76,55,2016,8,夏季,2,0,64.0,28.571428571428573
2016-08-24,兰州市,优,42,23,42.0,25.0,4,0.95,49,2016,8,夏季,3,0,34.0,27.285714285714285
2016-08-25,兰州市,优,40,16,30.0,14.0,3,0.98,78,2016,8,夏季,4,0,42.0,26.428571428571427
2016-08-26,兰州市,良,53,22,53.0,31.0,8,0.91,67,2016,8,夏季,5,0,40.0,27.142857142857142
2016-08-27,兰州市,良,65,29,78.0,44.0,6,1.04,57,2016,8,夏季,6,1,53.0,27.857142857142858
2016-08-28,兰州市,良,76,31,87.0,46.0,6,0.99,83,2016,8,夏季,7,1,65.0,25.714285714285715
2016-08-29,兰州市,良,55,30,59.0,30.0,4,0.96,67,2016,8,夏季,1,0,76.0,24.142857142857142
2016-08-30,兰州市,良,67,32,77.0,50.0,5,0.98,72,2016,8,夏季,2,0,55.0,26.142857142857142
2016-08-31,兰州市,良,85,43,119.0,64.0,9,1.17,54,2016,8,夏季,3,0,67.0,29.0
2016-09-01,兰州市,良,83,42,106.0,58.0,9,1.16,72,2016,9,秋季,4,0,85.0,32.714285714285715
2016-09-02,兰州市,良,84,38,115.0,56.0,12,1.06,53,2016,9,秋季,5,0,83.0,35.0
2016-09-03,兰州市,良,74,40,96.0,49.0,6,0.94,66,2016,9,秋季,6,1,84.0,36.57142857142857
2016-09-04,兰州市,良,87,45,120.0,56.0,8,1.07,67,2016,9,秋季,7,1,74.0,38.57142857142857
2016-09-05,兰州市,良,78,37,104.0,52.0,11,0.93,60,2016,9,秋季,1,0,87.0,39.57142857142857
2016-09-06,兰州市,良,54,23,44.0,35.0,5,0.83,88,2016,9,秋季,2,0,78.0,38.285714285714285
2016-09-07,兰州市,良,78,38,103.0,67.0,10,1.15,67,2016,9,秋季,3,0,54.0,37.57142857142857
2016-09-08,兰州市,良,80,39,105.0,56.0,10,1.09,70,2016,9,秋季,4,0,78.0,37.142857142857146
2016-09-09,兰州市,良,57,24,52.0,34.0,5,0.82,92,2016,9,秋季,5,0,80.0,35.142857142857146
2016-09-10,兰州市,良,73,37,94.0,52.0,8,1.02,56,2016,9,秋季,6,1,57.0,34.714285714285715
2016-09-11,兰州市,良,73,36,91.0,46.0,12,0.96,71,2016,9,秋季,7,1,73.0,33.42857142857143
2016-09-12,兰州市,良,52,26,47.0,36.0,4,0.82,79,2016,9,秋季,1,0,73.0,31.857142857142858
2016-09-13,兰州市,良,67,34,79.0,49.0,6,1.04,65,2016,9,秋季,2,0,52.0,33.42857142857143
2016-09-14,兰州市,良,70,43,87.0,45.0,6,1.06,63,2016,9,秋季,3,0,67.0,34.142857142857146
2016-09-15,兰州市,良,66,39,77.0,48.0,6,1.11,70,2016,9,秋季,4,0,70.0,34.142857142857146
2016-09-16,兰州市,良,70,37,84.0,41.0,6,0.97,76,2016,9,秋季,5,0,66.0,36.0
2016-09-17,兰州市,良,56,29,59.0,25.0,6,0.88,85,2016,9,秋季,6,1,70.0,34.857142857142854
2016-09-18,兰州市,良,55,34,58.0,35.0,4,0.87,61,2016,9,秋季,7,1,56.0,34.57142857142857
2016-09-19,兰州市,良,74,44,95.0,49.0,7,1.01,56,2016,9,秋季,1,0,55.0,37.142857142857146
2016-09-20,兰州市,良,73,37,91.0,54.0,8,1.04,68,2016,9,秋季,2,0,74.0,37.57142857142857
2016-09-21,兰州市,良,77,36,102.0,60.0,8,1.18,56,2016,9,秋季,3,0,73.0,36.57142857142857
2016-09-22,兰州市,良,87,40,122.0,59.0,9,1.3,45,2016,9,秋季,4,0,77.0,36.71428571428572
2016-09-23,兰州市,良,82,45,113.0,63.0,11,1.29,49,2016,9,秋季,5,0,87.0,37.85714285714285
2016-09-24,兰州市,良,80,41,108.0,58.0,12,1.25,51,2016,9,秋季,6,1,82.0,39.57142857142857
2016-09-25,兰州市,良,67,29,80.0,50.0,7,1.19,61,2016,9,秋季,7,1,80.0,38.85714285714285
2016-09-26,兰州市,良,80,35,107.0,36.0,8,1.06,64,2016,9,秋季,1,0,67.0,37.57142857142857
2016-09-27,兰州市,良,67,32,86.0,22.0,5,0.79,63,2016,9,秋季,2,0,80.0,36.85714285714285
2016-09-28,兰州市,良,67,39,83.0,42.0,7,1.16,57,2016,9,秋季,3,0,67.0,37.285714285714285
2016-09-29,兰州市,良,73,41,95.0,55.0,10,1.08,44,2016,9,秋季,4,0,67.0,37.42857142857143
2016-09-30,兰州市,良,79,42,106.0,65.0,14,1.31,59,2016,9,秋季,5,0,73.0,37.0
2016-10-01,兰州市,良,79,38,105.0,51.0,12,1.23,56,2016,10,秋季,6,1,79.0,36.57142857142857
2016-10-02,兰州市,良,90,36,127.0,66.0,14,1.27,58,2016,10,秋季,7,1,79.0,37.57142857142857
2016-10-03,兰州市,轻度污染,141,68,214.5,43.0,18,1.18,70,2016,10,秋季,1,0,90.0,42.285714285714285
2016-10-04,兰州市,良,81,32,111.0,22.0,5,0.71,73,2016,10,秋季,2,0,141.0,42.285714285714285
2016-10-05,兰州市,良,79,35,106.0,41.0,10,0.92,51,2016,10,秋季,3,0,81.0,41.71428571428572
2016-10-06,兰州市,良,56,29,62.0,32.0,14,0.91,49,2016,10,秋季,4,0,79.0,40.0
2016-10-07,兰州市,良,64,25,75.0,26.0,17,0.52,65,2016,10,秋季,5,0,56.0,37.57142857142857
2016-10-08,兰州市,良,84,38,116.0,54.0,12,0.97,48,2016,10,秋季,6,1,64.0,37.57142857142857
2016-10-09,兰州市,良,60,37,67.0,38.0,7,0.95,66,2016,10,秋季,7,1,84.0,37.71428571428572
2016-10-10,兰州市,良,70,43,87.0,54.0,12,1.17,38,2016,10,秋季,1,0,60.0,34.142857142857146
2016-10-11,兰州市,良,95,66,126.0,69.0,13,1.3,26,2016,10,秋季,2,0,70.0,39.0
2016-10-12,兰州市,良,82,53,110.0,59.0,17,1.21,35,2016,10,秋季,3,0,95.0,41.57142857142857
2016-10-13,兰州市,良,81,46,109.0,53.0,14,1.14,49,2016,10,秋季,4,0,82.0,44.0
2016-10-14,兰州市,良,61,33,70.0,44.0,10,0.91,35,2016,10,秋季,5,0,81.0,45.142857142857146
2016-10-15,兰州市,良,79,51,106.0,56.0,13,1.3,46,2016,10,秋季,6,1,61.0,47.0
2016-10-16,兰州市,良,77,35,102.0,45.0,10,0.81,53,2016,10,秋季,7,1,79.0,46.71428571428572
2016-10-17,兰州市,良,86,49,119.0,61.0,14,1.52,43,2016,10,秋季,1,0,77.0,47.57142857142857
2016-10-18,兰州市,良,96,50,140.0,62.0,18,1.44,44,2016,10,秋季,2,0,86.0,45.285714285714285
2016-10-19,兰州市,良,84,45,115.0,49.0,15,1.18,32,2016,10,秋季,3,0,96.0,44.142857142857146
2016-10-20,兰州市,轻度污染,122,52,160.0,31.0,15,1.05,49,2016,10,秋季,4,0,84.0,45.0
2016-10-21,兰州市,轻度污染,114,49,173.0,19.0,13,0.56,77,2016,10,秋季,5,0,122.0,47.285714285714285
2016-10-22,兰州市,优,49,28,51.0,31.0,9,0.79,50,2016,10,秋季,6,1,114.0,44.0
2016-10-23,兰州市,良,82,56,100.0,51.0,13,1.14,22,2016,10,秋季,7,1,49.0,47.0
2016-10-24,兰州市,良,53,34,56.0,34.0,11,0.8,47,2016,10,秋季,1,0,82.0,44.85714285714285
2016-10-25,兰州市,良,66,38,81.0,46.0,15,1.01,36,2016,10,秋季,2,0,53.0,43.142857142857146
2016-10-26,兰州市,良,75,47,97.0,55.0,15,1.04,40,2016,10,秋季,3,0,66.0,43.42857142857143
2016-10-27,兰州市,良,51,30,58.0,20.0,11,0.52,63,2016,10,秋季,4,0,75.0,40.285714285714285
2016-10-28,兰州市,优,41,20,36.0,26.0,12,0.61,58,2016,10,秋季,5,0,51.0,36.142857142857146
2016-10-29,兰州市,良,60,39,71.0,41.0,10,0.97,42,2016,10,秋季,6,1,41.0,37.71428571428572
2016-10-30,兰州市,良,77,49,101.0,37.0,15,1.19,43,2016,10,秋季,7,1,60.0,36.71428571428572
2016-10-31,兰州市,良,98,51,141.0,62.0,18,1.38,35,2016,10,秋季,1,0,77.0,39.142857142857146
2016-11-01,兰州市,轻度污染,104,63,156.0,65.0,22,1.68,31,2016,11,秋季,2,0,98.0,42.71428571428572
2016-11-02,兰州市,轻度污染,114,76,174.0,85.0,28,2.02,35,2016,11,秋季,3,0,104.0,46.85714285714285
2016-11-03,兰州市,轻度污染,138,91,209.0,90.5,29,2.4,44,2016,11,秋季,4,0,114.0,55.57142857142857
2016-11-04,兰州市,轻度污染,141,91,212.0,90.5,27,2.4,34,2016,11,秋季,5,0,138.0,65.71428571428571
2016-11-05,兰州市,轻度污染,137,91,206.0,90.5,30,2.31,30,2016,11,秋季,6,1,141.0,73.14285714285714
2016-11-06,兰州市,轻度污染,102,51,151.0,47.0,22,0.96,57,2016,11,秋季,7,1,137.0,73.42857142857143
2016-11-07,兰州市,轻度污染,122,54,191.0,31.0,14,0.74,64,2016,11,秋季,1,0,102.0,73.85714285714286
2016-11-08,兰州市,轻度污染,122,68,192.0,65.0,25,1.35,34,2016,11,秋季,2,0,122.0,74.57142857142857
2016-11-09,兰州市,轻度污染,121,71,191.0,73.0,29,1.67,37,2016,11,秋季,3,0,122.0,73.85714285714286
2016-11-10,兰州市,轻度污染,141,91,214.5,88.0,32,1.9,47,2016,11,秋季,4,0,121.0,73.85714285714286
2016-11-11,兰州市,轻度污染,141,91,214.5,78.0,33,2.03,31,2016,11,秋季,5,0,141.0,73.85714285714286
2016-11-12,兰州市,轻度污染,141,90,214.5,83.0,38,2.09,36,2016,11,秋季,6,1,141.0,73.71428571428571
2016-11-13,兰州市,轻度污染,141,91,214.5,90.5,38,2.24,30,2016,11,秋季,7,1,141.0,79.42857142857143
2016-11-14,兰州市,轻度污染,118,66,184.0,80.0,38,1.77,39,2016,11,秋季,1,0,141.0,81.14285714285714
2016-11-15,兰州市,轻度污染,130,91,205.0,90.5,38,2.48,43,2016,11,秋季,2,0,118.0,84.42857142857143
2016-11-16,兰州市,轻度污染,141,91,214.5,90.5,38,2.6,42,2016,11,秋季,3,0,130.0,87.28571428571429
2016-11-17,兰州市,轻度污染,141,91,214.5,90.5,38,2.9,33,2016,11,秋季,4,0,141.0,87.28571428571429
2016-11-18,兰州市,轻度污染,141,91,214.5,87.0,32,2.25,53,2016,11,秋季,5,0,141.0,87.28571428571429
2016-11-19,兰州市,轻度污染,141,79,214.5,57.0,22,1.22,44,2016,11,秋季,6,1,141.0,85.71428571428571
2016-11-20,兰州市,轻度污染,141,89,214.5,90.0,38,2.24,32,2016,11,秋季,7,1,141.0,85.42857142857143
2016-11-21,兰州市,轻度污染,103,44,153.0,33.0,24,0.65,51,2016,11,秋季,1,0,141.0,82.28571428571429
2016-11-22,兰州市,良,70,32,88.0,29.0,18,0.77,46,2016,11,秋季,2,0,103.0,73.85714285714286
2016-11-23,兰州市,良,82,47,112.0,47.0,35,1.27,32,2016,11,秋季,3,0,70.0,67.57142857142857
2016-11-24,兰州市,良,96,62,139.0,53.0,38,1.42,33,2016,11,秋季,4,0,82.0,63.42857142857143
2016-11-25,兰州市,轻度污染,121,62,188.0,48.0,38,1.11,37,2016,11,秋季,5,0,96.0,59.285714285714285
2016-11-26,兰州市,轻度污染,141,91,214.5,75.0,38,2.01,31,2016,11,秋季,6,1,121.0,61.0
2016-11-27,兰州市,轻度污染,141,91,214.5,86.0,38,2.51,32,2016,11,秋季,7,1,141.0,61.285714285714285
2016-11-28,兰州市,轻度污染,117,76,181.0,55.0,38,1.72,40,2016,11,秋季,1,0,141.0,65.85714285714286
2016-11-29,兰州市,良,97,49,143.0,50.0,29,1.14,49,2016,11,秋季,2,0,117.0,68.28571428571429
2016-11-30,兰州市,轻度污染,121,79,189.0,84.0,38,2.22,37,2016,11,秋季,3,0,97.0,72.85714285714286
2016-12-01,兰州市,轻度污染,133,91,201.0,90.5,38,2.55,33,2016,12,冬季,4,0,121.0,77.0
2016-12-02,兰州市,轻度污染,141,91,198.0,90.5,34,2.55,29,2016,12,冬季,5,0,133.0,81.14285714285714
2016-12-03,兰州市,轻度污染,141,91,214.5,90.5,38,2.79,31,2016,12,冬季,6,1,141.0,81.14285714285714
2016-12-04,兰州市,轻度污染,141,91,214.5,90.5,38,3.19,37,2016,12,冬季,7,1,141.0,81.14285714285714
2016-12-05,兰州市,轻度污染,102,54,146.0,59.0,25,1.33,44,2016,12,冬季,1,0,141.0,78.0
2016-12-06,兰州市,轻度污染,113,70,173.0,88.0,38,2.43,32,2016,12,冬季,2,0,102.0,81.0
2016-12-07,兰州市,轻度污染,125,91,189.0,90.5,38,2.75,34,2016,12,冬季,3,0,113.0,82.71428571428571
2016-12-08,兰州市,轻度污染,141,91,213.0,90.5,38,2.92,28,2016,12,冬季,4,0,125.0,82.71428571428571
2016-12-09,兰州市,轻度污染,137,91,193.0,90.5,38,2.69,27,2016,12,冬季,5,0,141.0,82.71428571428571
2016-12-10,兰州市,轻度污染,141,91,191.0,90.5,38,2.63,40,2016,12,冬季,6,1,137.0,82.71428571428571
2016-12-11,兰州市,轻度污染,141,91,214.0,90.5,29,2.81,37,2016,12,冬季,7,1,141.0,82.71428571428571
2016-12-12,兰州市,轻度污染,112,74,167.0,66.0,24,1.62,29,2016,12,冬季,1,0,141.0,85.57142857142857
2016-12-13,兰州市,轻度污染,122,83,182.0,75.0,29,2.08,29,2016,12,冬季,2,0,112.0,87.42857142857143
2016-12-14,兰州市,轻度污染,105,73,155.0,78.0,30,2.03,23,2016,12,冬季,3,0,122.0,84.85714285714286
2016-12-15,兰州市,良,100,69,146.0,77.0,33,2.03,25,2016,12,冬季,4,0,105.0,81.71428571428571
2016-12-16,兰州市,轻度污染,126,91,174.0,90.5,34,2.53,30,2016,12,冬季,5,0,100.0,81.71428571428571
2016-12-17,兰州市,轻度污染,141,91,195.0,90.5,38,2.71,26,2016,12,冬季,6,1,126.0,81.71428571428571
2016-12-18,兰州市,轻度污染,141,91,214.0,90.5,38,3.18,34,2016,12,冬季,7,1,141.0,81.71428571428571
2016-12-19,兰州市,轻度污染,141,91,207.0,90.5,38,2.93,29,2016,12,冬季,1,0,141.0,84.14285714285714
2016-12-20,兰州市,轻度污染,141,91,214.5,73.0,37,2.31,39,2016,12,冬季,2,0,141.0,85.28571428571429
2016-12-21,兰州市,轻度污染,141,67,214.5,52.0,23,1.27,39,2016,12,冬季,3,0,141.0,84.42857142857143
2016-12-22,兰州市,轻度污染,141,75,214.5,77.0,38,2.44,16,2016,12,冬季,4,0,141.0,85.28571428571429
2016-12-23,兰州市,轻度污染,138,91,214.5,90.5,38,2.78,31,2016,12,冬季,5,0,141.0,85.28571428571429
2016-12-24,兰州市,轻度污染,115,85,167.0,81.0,38,2.4,42,2016,12,冬季,6,1,138.0,84.42857142857143
2016-12-25,兰州市,良,94,45,132.0,37.0,22,1.0,49,2016,12,冬季,7,1,115.0,77.85714285714286
2016-12-26,兰州市,良,74,34,97.0,33.0,20,0.9,55,2016,12,冬季,1,0,94.0,69.71428571428571
2016-12-27,兰州市,轻度污染,101,68,139.0,81.0,34,2.09,44,2016,12,冬季,2,0,74.0,66.42857142857143
2016-12-28,兰州市,良,91,61,126.0,70.0,35,2.02,34,2016,12,冬季,3,0,101.0,65.57142857142857
2016-12-29,兰州市,良,82,50,111.0,74.0,38,1.94,24,2016,12,冬季,4,0,91.0,62.0
2016-12-30,兰州市,轻度污染,113,84,151.0,85.0,38,2.53,29,2016,12,冬季,5,0,82.0,61.0
2016-12-31,兰州市,轻度污染,122,91,160.0,90.5,38,2.82,24,2016,12,冬季,6,1,113.0,61.85714285714285
2017-01-01,兰州市,良,95,68,126.0,73.0,38,2.18,22,2017,1,冬季,7,1,122.0,65.14285714285714
2017-01-02,兰州市,轻度污染,128,91,157.0,86.0,38,2.62,30,2017,1,冬季,1,0,95.0,73.28571428571429
2017-01-03,兰州市,轻度污染,141,91,178.0,90.5,38,3.08,29,2017,1,冬季,2,0,128.0,76.57142857142857
2017-01-04,兰州市,轻度污染,141,91,210.0,90.5,38,3.53,31,2017,1,冬季,3,0,141.0,80.85714285714286
2017-01-05,兰州市,轻度污染,141,91,201.0,90.5,38,3.15,34,2017,1,冬季,4,0,141.0,86.71428571428571
2017-01-06,兰州市,良,84,51,116.0,53.0,33,1.26,45,2017,1,冬季,5,0,141.0,82.0
2017-01-07,兰州市,良,73,47,91.0,65.0,31,1.61,36,2017,1,冬季,6,1,84.0,75.71428571428571
2017-01-08,兰州市,良,68,44,84.0,52.0,31,1.32,42,2017,1,冬季,7,1,73.0,72.28571428571429
2017-01-09,兰州市,良,53,31,56.0,41.0,28,0.97,50,2017,1,冬季,1,0,68.0,63.71428571428572
2017-01-10,兰州市,优,47,25,47.0,28.0,20,0.75,65,2017,1,冬季,2,0,53.0,54.285714285714285
2017-01-11,兰州市,良,77,52,91.0,61.0,31,1.55,28,2017,1,冬季,3,0,47.0,48.71428571428572
2017-01-12,兰州市,轻度污染,115,86,142.0,78.0,36,2.14,32,2017,1,冬季,4,0,77.0,48.0
2017-01-13,兰州市,轻度污染,128,91,163.0,84.0,38,2.17,33,2017,1,冬季,5,0,115.0,53.71428571428572
2017-01-14,兰州市,轻度污染,117,87,149.0,74.0,38,1.89,43,2017,1,冬季,6,1,128.0,59.42857142857143
2017-01-15,兰州市,良,87,55,119.0,56.0,38,1.27,53,2017,1,冬季,7,1,117.0,61.0
2017-01-16,兰州市,良,79,39,107.0,50.0,34,0.98,50,2017,1,冬季,1,0,87.0,62.142857142857146
2017-01-17,兰州市,良,67,39,83.0,45.0,30,1.0,52,2017,1,冬季,2,0,79.0,64.14285714285714
2017-01-18,兰州市,良,86,59,113.0,55.0,36,1.3,50,2017,1,冬季,3,0,67.0,65.14285714285714
2017-01-19,兰州市,轻度污染,141,74,214.5,40.0,23,0.89,65,2017,1,冬季,4,0,86.0,63.42857142857143
2017-01-20,兰州市,轻度污染,138,71,214.5,63.0,38,1.67,35,2017,1,冬季,5,0,141.0,60.57142857142857
2017-01-21,兰州市,良,99,60,145.0,70.0,38,1.97,38,2017,1,冬季,6,1,138.0,56.71428571428572
2017-01-22,兰州市,良,86,54,118.0,70.0,38,1.93,40,2017,1,冬季,7,1,99.0,56.57142857142857
2017-01-23,兰州市,轻度污染,107,78,147.0,83.0,38,2.51,37,2017,1,冬季,1,0,86.0,62.142857142857146
2017-01-24,兰州市,轻度污染,124,91,167.0,90.5,38,2.79,39,2017,1,冬季,2,0,107.0,69.57142857142857
2017-01-25,兰州市,轻度污染,141,91,214.5,77.0,38,2.39,45,2017,1,冬季,3,0,124.0,74.14285714285714
2017-01-26,兰州市,轻度污染,141,91,214.5,28.0,15,0.68,58,2017,1,冬季,4,0,141.0,76.57142857142857
2017-01-27,兰州市,轻度污染,141,63,214.5,49.0,27,1.4,44,2017,1,冬季,5,0,141.0,75.42857142857143
2017-01-28,兰州市,轻度污染,141,56,214.5,30.0,28,0.9,56,2017,1,冬季,6,1,141.0,74.85714285714286
2017-01-29,兰州市,轻度污染,102,35,152.0,27.0,18,0.8,66,2017,1,冬季,7,1,141.0,72.14285714285714
2017-01-30,兰州市,良,93,37,133.0,31.0,28,1.04,56,2017,1,冬季,1,0,102.0,66.28571428571429
2017-01-31,兰州市,良,86,39,120.0,37.0,27,1.11,52,2017,1,冬季,2,0,93.0,58.85714285714285
2017-02-01,兰州市,良,81,46,109.0,46.0,32,1.44,43,2017,2,冬季,3,0,86.0,52.42857142857143
2017-02-02,兰州市,良,89,63,115.0,45.0,19,1.67,50,2017,2,冬季,4,0,81.0,48.42857142857143
2017-02-03,兰州市,良,91,66,121.0,51.0,27,1.66,46,2017,2,冬季,5,0,89.0,48.85714285714285
2017-02-04,兰州市,良,88,59,121.0,68.0,29,1.84,49,2017,2,冬季,6,1,91.0,49.285714285714285
2017-02-05,兰州市,轻度污染,113,83,150.0,85.0,36,2.31,51,2017,2,冬季,7,1,88.0,56.142857142857146
2017-02-06,兰州市,轻度污染,101,62,144.0,38.0,30,1.4,46,2017,2,冬季,1,0,113.0,59.71428571428572
2017-02-07,兰州市,良,86,30,121.0,19.0,14,0.6,76,2017,2,冬季,2,0,101.0,58.42857142857143
2017-02-08,兰州市,良,63,33,71.0,29.0,14,0.76,68,2017,2,冬季,3,0,86.0,56.57142857142857
2017-02-09,兰州市,良,84,61,100.0,46.0,15,1.23,55,2017,2,冬季,4,0,63.0,56.285714285714285
2017-02-10,兰州市,良,55,30,58.0,34.0,24,0.83,70,2017,2,冬季,5,0,84.0,51.142857142857146
2017-02-11,兰州市,良,89,59,104.0,64.0,27,1.64,55,2017,2,冬季,6,1,55.0,51.142857142857146
2017-02-12,兰州市,轻度污染,125,91,152.0,81.0,28,2.15,49,2017,2,冬季,7,1,89.0,52.285714285714285
2017-02-13,兰州市,轻度污染,109,81,139.0,71.0,32,1.91,65,2017,2,冬季,1,0,125.0,55.0
2017-02-14,兰州市,良,87,61,114.0,72.0,25,1.92,52,2017,2,冬季,2,0,109.0,59.42857142857143
2017-02-15,兰州市,轻度污染,108,68,148.0,68.0,27,2.06,61,2017,2,冬季,3,0,87.0,64.42857142857143
2017-02-16,兰州市,轻度污染,132,50,211.0,42.0,23,1.36,54,2017,2,冬季,4,0,108.0,62.85714285714285
2017-02-17,兰州市,轻度污染,115,50,179.0,49.0,22,1.35,53,2017,2,冬季,5,0,132.0,65.71428571428571
2017-02-18,兰州市,轻度污染,117,66,181.0,72.0,31,2.08,53,2017,2,冬季,6,1,115.0,66.71428571428571
2017-02-19,兰州市,轻度污染,119,76,186.0,75.0,34,2.24,53,2017,2,冬季,7,1,117.0,64.57142857142857
2017-02-20,兰州市,轻度污染,141,62,214.5,41.0,21,1.4,65,2017,2,冬季,1,0,119.0,61.85714285714285
2017-02-21,兰州市,轻度污染,141,70,214.5,25.0,22,0.73,63,2017,2,冬季,2,0,141.0,63.142857142857146
2017-02-22,兰州市,轻度污染,117,52,182.0,32.0,23,0.78,66,2017,2,冬季,3,0,141.0,60.85714285714285
2017-02-23,兰州市,良,89,52,124.0,49.0,17,1.21,62,2017,2,冬季,4,0,117.0,61.142857142857146
2017-02-24,兰州市,良,90,64,121.0,51.0,16,1.3,71,2017,2,冬季,5,0,89.0,63.142857142857146
2017-02-25,兰州市,良,63,37,74.0,43.0,19,1.01,75,2017,2,冬季,6,1,90.0,59.0
2017-02-26,兰州市,良,71,46,90.0,50.0,24,1.22,77,2017,2,冬季,7,1,63.0,54.71428571428572
2017-02-27,兰州市,良,80,53,105.0,53.0,25,1.33,78,2017,2,冬季,1,0,71.0,53.42857142857143
2017-02-28,兰州市,良,92,34,125.0,33.0,16,0.81,90,2017,2,冬季,2,0,80.0,48.285714285714285
2017-03-01,兰州市,轻度污染,141,50,214.5,42.0,11,0.82,78,2017,3,春季,3,0,92.0,48.0
2017-03-02,兰州市,良,99,42,146.0,54.0,22,1.22,67,2017,3,春季,4,0,141.0,46.57142857142857
2017-03-03,兰州市,轻度污染,101,46,150.0,57.0,23,1.26,67,2017,3,春季,5,0,99.0,44.0
2017-03-04,兰州市,良,79,44,104.0,52.0,20,1.12,62,2017,3,春季,6,1,101.0,45.0
2017-03-05,兰州市,良,59,30,62.0,35.0,12,0.75,81,2017,3,春季,7,1,79.0,42.71428571428572
2017-03-06,兰州市,良,68,39,83.0,49.0,16,1.11,69,2017,3,春季,1,0,59.0,40.71428571428572
2017-03-07,兰州市,良,59,30,64.0,40.0,17,0.79,88,2017,3,春季,2,0,68.0,40.142857142857146
2017-03-08,兰州市,良,71,43,90.0,58.0,21,1.16,72,2017,3,春季,3,0,59.0,39.142857142857146
2017-03-09,兰州市,良,70,43,88.0,50.0,25,1.09,66,2017,3,春季,4,0,71.0,39.285714285714285
2017-03-10,兰州市,良,66,44,77.0,40.0,14,1.08,58,2017,3,春季,5,0,70.0,39.0
2017-03-11,兰州市,良,65,45,72.0,35.0,15,0.82,88,2017,3,春季,6,1,66.0,39.142857142857146
2017-03-12,兰州市,良,63,43,64.0,33.0,12,0.83,76,2017,3,春季,7,1,65.0,41.0
2017-03-13,兰州市,良,64,43,66.0,32.0,15,0.83,81,2017,3,春季,1,0,63.0,41.57142857142857
2017-03-14,兰州市,良,68,48,67.0,44.0,11,1.04,73,2017,3,春季,2,0,64.0,44.142857142857146
2017-03-15,兰州市,良,78,56,89.0,53.0,12,1.23,79,2017,3,春季,3,0,68.0,46.0
2017-03-16,兰州市,轻度污染,107,79,131.0,59.0,15,1.41,85,2017,3,春季,4,0,78.0,51.142857142857146
2017-03-17,兰州市,良,69,45,82.0,34.0,10,0.93,76,2017,3,春季,5,0,107.0,51.285714285714285
2017-03-18,兰州市,良,84,59,107.0,55.0,14,1.46,60,2017,3,春季,6,1,69.0,53.285714285714285
2017-03-19,兰州市,良,66,46,71.0,39.0,8,1.27,76,2017,3,春季,7,1,84.0,53.71428571428572
2017-03-20,兰州市,良,84,48,113.0,51.0,14,1.3,65,2017,3,春季,1,0,66.0,54.42857142857143
2017-03-21,兰州市,良,72,41,91.0,47.0,11,1.17,65,2017,3,春季,2,0,84.0,53.42857142857143
2017-03-22,兰州市,良,73,46,91.0,50.0,12,1.28,50,2017,3,春季,3,0,72.0,52.0
2017-03-23,兰州市,良,68,40,83.0,29.0,8,0.68,70,2017,3,春季,4,0,73.0,46.42857142857143
2017-03-24,兰州市,良,90,45,129.0,33.0,11,0.71,64,2017,3,春季,5,0,68.0,46.42857142857143
2017-03-25,兰州市,良,91,32,129.0,25.0,9,0.58,83,2017,3,春季,6,1,90.0,42.57142857142857
2017-03-26,兰州市,轻度污染,107,43,162.0,54.0,13,0.96,67,2017,3,春季,7,1,91.0,42.142857142857146
2017-03-27,兰州市,轻度污染,120,54,179.0,56.0,18,1.19,71,2017,3,春季,1,0,107.0,43.0
2017-03-28,兰州市,轻度污染,141,84,214.5,41.0,12,0.83,64,2017,3,春季,2,0,120.0,49.142857142857146
2017-03-29,兰州市,轻度污染,125,58,198.0,45.0,16,0.96,64,2017,3,春季,3,0,141.0,50.85714285714285
2017-03-30,兰州市,良,59,28,67.0,29.0,9,0.65,83,2017,3,春季,4,0,125.0,49.142857142857146
2017-03-31,兰州市,良,62,28,67.0,33.0,15,0.7,83,2017,3,春季,5,0,59.0,46.71428571428572
2017-04-01,兰州市,良,76,34,100.0,55.0,13,0.85,66,2017,4,春季,6,1,62.0,47.0
2017-04-02,兰州市,良,79,40,106.0,50.0,11,0.9,62,2017,4,春季,7,1,76.0,46.57142857142857
2017-04-03,兰州市,良,69,45,83.0,46.0,8,0.94,54,2017,4,春季,1,0,79.0,45.285714285714285
2017-04-04,兰州市,良,87,60,103.0,47.0,10,1.07,70,2017,4,春季,2,0,69.0,41.85714285714285
2017-04-05,兰州市,良,98,55,138.0,66.0,14,1.07,72,2017,4,春季,3,0,87.0,41.42857142857143
2017-04-06,兰州市,良,97,48,141.0,38.0,8,0.79,76,2017,4,春季,4,0,98.0,44.285714285714285
2017-04-07,兰州市,轻度污染,129,66,206.0,31.0,12,0.71,70,2017,4,春季,5,0,97.0,49.71428571428572
2017-04-08,兰州市,优,50,32,50.0,23.0,6,0.62,56,2017,4,春季,6,1,129.0,49.42857142857143
2017-04-09,兰州市,良,57,39,58.0,31.0,6,0.68,49,2017,4,春季,7,1,50.0,49.285714285714285
2017-04-10,兰州市,良,56,39,54.0,30.0,7,0.58,61,2017,4,春季,1,0,57.0,48.42857142857143
2017-04-11,兰州市,良,60,37,67.0,46.0,8,0.78,57,2017,4,春季,2,0,56.0,45.142857142857146
2017-04-12,兰州市,良,82,42,112.0,45.0,10,0.89,60,2017,4,春季,3,0,60.0,43.285714285714285
2017-04-13,兰州市,良,87,47,119.0,54.0,13,0.83,70,2017,4,春季,4,0,82.0,43.142857142857146
2017-04-14,兰州市,轻度污染,107,49,162.0,51.0,14,0.84,72,2017,4,春季,5,0,87.0,40.71428571428572
2017-04-15,兰州市,良,61,34,71.0,34.0,5,0.58,81,2017,4,春季,6,1,107.0,41.0
2017-04-16,兰州市,良,82,45,111.0,40.0,9,0.62,57,2017,4,春季,7,1,61.0,41.85714285714285
2017-04-17,兰州市,轻度污染,141,91,214.5,45.0,11,0.75,69,2017,4,春季,1,0,82.0,49.285714285714285
2017-04-18,兰州市,轻度污染,141,91,214.5,40.0,7,0.65,71,2017,4,春季,2,0,141.0,57.0
2017-04-19,兰州市,良,70,32,85.0,21.0,5,0.43,92,2017,4,春季,3,0,141.0,55.57142857142857
2017-04-20,兰州市,良,93,44,134.0,37.0,8,0.61,66,2017,4,春季,4,0,70.0,55.142857142857146
2017-04-21,兰州市,轻度污染,140,57,214.5,47.0,8,0.67,67,2017,4,春季,5,0,93.0,56.285714285714285
2017-04-22,兰州市,轻度污染,106,42,154.0,51.0,11,0.75,77,2017,4,春季,6,1,140.0,57.42857142857143
2017-04-23,兰州市,良,92,35,120.0,56.0,13,0.79,86,2017,4,春季,7,1,106.0,56.0
2017-04-23,兰州市,良,92,35,120.0,56.0,13,0.79,86,2017,4,春季,7,1,92.0,48.0
2017-04-24,兰州市,良,99,40,144.0,50.0,11,0.66,82,2017,4,春季,1,0,92.0,40.71428571428572
2017-04-25,兰州市,良,65,30,67.0,19.0,6,0.49,106,2017,4,春季,2,0,99.0,40.42857142857143
2017-04-26,兰州市,良,57,28,61.0,33.0,5,0.52,73,2017,4,春季,3,0,65.0,38.142857142857146
2017-04-27,兰州市,良,73,36,87.0,46.0,7,0.65,75,2017,4,春季,4,0,57.0,35.142857142857146
2017-04-28,兰州市,良,87,39,111.0,52.0,14,0.76,78,2017,4,春季,5,0,73.0,34.714285714285715
2017-04-29,兰州市,良,91,41,110.0,54.0,16,0.79,88,2017,4,春季,6,1,87.0,35.57142857142857
2017-04-30,兰州市,良,74,37,88.0,28.0,10,0.59,112,2017,4,春季,7,1,91.0,35.857142857142854
2017-05-01,兰州市,良,94,41,119.0,52.0,14,0.8,95,2017,5,春季,1,0,74.0,36.0
2017-05-02,兰州市,良,80,52,106.0,26.0,5,0.57,91,2017,5,春季,2,0,94.0,39.142857142857146
2017-05-03,兰州市,轻度污染,141,69,214.5,28.0,5,0.45,79,2017,5,春季,3,0,80.0,45.0
2017-05-04,兰州市,轻度污染,141,91,214.5,36.0,9,0.56,78,2017,5,春季,4,0,141.0,52.85714285714285
2017-05-05,兰州市,轻度污染,141,91,214.5,28.0,7,0.37,81,2017,5,春季,5,0,141.0,60.285714285714285
2017-05-06,兰州市,轻度污染,141,88,214.5,46.0,10,0.67,69,2017,5,春季,6,1,141.0,67.0
2017-05-07,兰州市,良,82,47,109.0,32.0,5,0.57,82,2017,5,春季,7,1,141.0,68.42857142857143
2017-05-08,兰州市,良,84,42,102.0,46.0,12,0.69,91,2017,5,春季,1,0,82.0,68.57142857142857
2017-05-09,兰州市,轻度污染,105,47,157.0,43.0,10,0.63,83,2017,5,春季,2,0,84.0,67.85714285714286
2017-05-10,兰州市,轻度污染,120,61,187.0,55.0,10,0.7,51,2017,5,春季,3,0,105.0,66.71428571428571
2017-05-11,兰州市,良,70,30,81.0,39.0,9,0.59,82,2017,5,春季,4,0,120.0,58.0
2017-05-12,兰州市,良,97,37,120.0,55.0,11,0.81,81,2017,5,春季,5,0,70.0,50.285714285714285
2017-05-13,兰州市,轻度污染,106,47,159.0,61.0,19,0.82,72,2017,5,春季,6,1,97.0,44.42857142857143
2017-05-14,兰州市,良,67,27,57.0,22.0,4,0.52,111,2017,5,春季,7,1,106.0,41.57142857142857
2017-05-15,兰州市,良,61,27,63.0,36.0,9,0.58,79,2017,5,春季,1,0,67.0,39.42857142857143
2017-05-16,兰州市,良,73,35,86.0,45.0,10,0.65,74,2017,5,春季,2,0,61.0,37.71428571428572
2017-05-17,兰州市,良,79,39,101.0,50.0,12,0.73,79,2017,5,春季,3,0,73.0,34.57142857142857
2017-05-18,兰州市,良,64,30,65.0,38.0,9,0.61,87,2017,5,春季,4,0,79.0,34.57142857142857
2017-05-19,兰州市,良,90,38,108.0,52.0,11,0.7,94,2017,5,春季,5,0,64.0,34.714285714285715
2017-05-20,兰州市,良,71,39,89.0,32.0,6,0.57,88,2017,5,春季,6,1,90.0,33.57142857142857
2017-05-20,兰州市,良,71,39,89.0,32.0,6,0.57,88,2017,5,春季,6,1,71.0,35.285714285714285
2017-05-21,兰州市,轻度污染,114,53,164.0,23.0,9,0.45,91,2017,5,春季,7,1,71.0,39.0
2017-05-22,兰州市,轻度污染,109,68,162.0,21.0,4,0.5,80,2017,5,春季,1,0,114.0,43.71428571428572
2017-05-23,兰州市,良,69,36,86.0,23.0,5,0.47,96,2017,5,春季,2,0,109.0,43.285714285714285
2017-05-24,兰州市,良,69,37,85.0,31.0,11,0.56,97,2017,5,春季,3,0,69.0,44.285714285714285
2017-05-25,兰州市,良,71,35,86.0,38.0,9,0.67,81,2017,5,春季,4,0,69.0,43.85714285714285
2017-05-26,兰州市,良,83,37,95.0,48.0,7,0.63,90,2017,5,春季,5,0,71.0,43.57142857142857
2017-05-27,兰州市,良,86,35,102.0,54.0,9,0.69,84,2017,5,春季,6,1,83.0,43.0
2017-05-28,兰州市,良,86,33,92.0,46.0,9,0.65,104,2017,5,春季,7,1,86.0,40.142857142857146
2017-05-29,兰州市,轻度污染,107,58,161.0,38.0,9,0.65,127,2017,5,春季,1,0,86.0,38.71428571428572
2017-05-30,兰州市,轻度污染,131,62,207.0,52.0,13,0.77,106,2017,5,春季,2,0,107.0,42.42857142857143
2017-05-31,兰州市,轻度污染,115,62,177.0,50.0,13,0.8,82,2017,5,春季,3,0,131.0,46.0
2017-06-01,兰州市,良,83,43,102.0,36.0,6,0.61,110,2017,6,夏季,4,0,115.0,47.142857142857146
2017-06-02,兰州市,良,88,47,123.0,46.0,8,0.63,81,2017,6,夏季,5,0,83.0,48.57142857142857
2017-06-03,兰州市,良,66,46,72.0,36.0,8,0.72,88,2017,6,夏季,6,1,88.0,50.142857142857146
2017-06-04,兰州市,良,56,37,50.0,29.0,7,0.69,80,2017,6,夏季,7,1,66.0,50.71428571428572
2017-06-05,兰州市,良,58,29,51.0,39.0,5,0.71,76,2017,6,夏季,1,0,56.0,46.57142857142857
2017-06-06,兰州市,良,60,30,53.0,39.0,6,0.78,75,2017,6,夏季,2,0,58.0,42.0
2017-06-07,兰州市,良,67,32,70.0,36.0,10,0.73,86,2017,6,夏季,3,0,60.0,37.71428571428572
2017-06-08,兰州市,良,65,30,61.0,39.0,9,0.71,79,2017,6,夏季,4,0,67.0,35.857142857142854
2017-06-09,兰州市,良,56,26,45.0,30.0,5,0.63,89,2017,6,夏季,5,0,65.0,32.857142857142854
2017-06-10,兰州市,良,77,41,100.0,44.0,8,0.73,74,2017,6,夏季,6,1,56.0,32.142857142857146
2017-06-11,兰州市,良,84,36,106.0,43.0,7,0.69,76,2017,6,夏季,7,1,77.0,32.0
2017-06-12,兰州市,良,79,34,93.0,48.0,9,0.77,76,2017,6,夏季,1,0,84.0,32.714285714285715
2017-06-13,兰州市,良,61,29,67.0,37.0,5,0.66,80,2017,6,夏季,2,0,79.0,32.57142857142857
2017-06-14,兰州市,良,58,29,63.0,32.0,6,0.67,65,2017,6,夏季,3,0,61.0,32.142857142857146
2017-06-15,兰州市,良,61,34,69.0,30.0,11,0.81,84,2017,6,夏季,4,0,58.0,32.714285714285715
2017-06-16,兰州市,良,83,37,81.0,44.0,10,0.82,99,2017,6,夏季,5,0,61.0,34.285714285714285
2017-06-17,兰州市,良,85,39,94.0,50.0,10,0.73,91,2017,6,夏季,6,1,83.0,34.0
2017-06-18,兰州市,良,76,38,84.0,43.0,9,0.72,92,2017,6,夏季,7,1,85.0,34.285714285714285
2017-06-19,兰州市,良,85,41,115.0,53.0,10,0.77,74,2017,6,夏季,1,0,76.0,35.285714285714285
2017-06-20,兰州市,良,69,32,74.0,42.0,7,0.71,79,2017,6,夏季,2,0,85.0,35.714285714285715
2017-06-21,兰州市,良,58,26,56.0,35.0,5,0.69,82,2017,6,夏季,3,0,69.0,35.285714285714285
2017-06-22,兰州市,良,90,32,91.0,43.0,13,0.69,95,2017,6,夏季,4,0,58.0,35.0
2017-06-23,兰州市,良,89,35,125.0,25.0,8,0.46,86,2017,6,夏季,5,0,90.0,34.714285714285715
2017-06-24,兰州市,良,79,30,93.0,46.0,12,0.67,77,2017,6,夏季,6,1,89.0,33.42857142857143
2017-06-25,兰州市,良,89,32,101.0,49.0,11,0.67,93,2017,6,夏季,7,1,79.0,32.57142857142857
2017-06-26,兰州市,良,88,28,90.0,47.0,9,0.71,105,2017,6,夏季,1,0,89.0,30.714285714285715
2017-06-27,兰州市,良,75,31,83.0,39.0,7,0.74,105,2017,6,夏季,2,0,88.0,30.571428571428573
2017-06-28,兰州市,良,76,36,84.0,33.0,8,0.76,108,2017,6,夏季,3,0,75.0,32.0
2017-06-29,兰州市,良,78,33,80.0,44.0,6,0.76,96,2017,6,夏季,4,0,76.0,32.142857142857146
2017-06-30,兰州市,良,74,26,72.0,42.0,7,0.7,100,2017,6,夏季,5,0,78.0,30.857142857142858
2017-07-01,兰州市,良,74,24,63.0,38.0,6,0.67,108,2017,7,夏季,6,1,74.0,30.0
2017-07-02,兰州市,良,77,28,95.0,28.0,6,0.59,94,2017,7,夏季,7,1,74.0,29.428571428571427
2017-07-03,兰州市,良,56,19,43.0,25.0,8,0.61,100,2017,7,夏季,1,0,77.0,28.142857142857142
2017-07-04,兰州市,良,78,32,89.0,50.0,11,0.82,79,2017,7,夏季,2,0,56.0,28.285714285714285
2017-07-05,兰州市,优,48,23,49.0,35.0,6,0.66,65,2017,7,夏季,3,0,78.0,26.428571428571427
2017-07-06,兰州市,良,73,29,73.0,46.0,15,0.75,79,2017,7,夏季,4,0,48.0,25.857142857142858
2017-07-07,兰州市,良,81,30,83.0,56.0,14,0.77,81,2017,7,夏季,5,0,73.0,26.428571428571427
2017-07-08,兰州市,良,81,34,110.0,53.0,16,0.76,73,2017,7,夏季,6,1,81.0,27.857142857142858
2017-07-09,兰州市,良,64,21,67.0,30.0,8,0.62,99,2017,7,夏季,7,1,81.0,26.857142857142858
2017-07-10,兰州市,良,73,24,82.0,41.0,6,0.65,100,2017,7,夏季,1,0,64.0,27.571428571428573
2017-07-11,兰州市,良,94,28,93.0,47.0,8,0.73,112,2017,7,夏季,2,0,73.0,27.0
2017-07-12,兰州市,良,94,30,96.0,52.0,14,0.8,100,2017,7,夏季,3,0,94.0,28.0
2017-07-13,兰州市,良,73,35,82.0,36.0,5,0.72,111,2017,7,夏季,4,0,94.0,28.857142857142858
2017-07-14,兰州市,良,78,30,93.0,39.0,7,0.72,96,2017,7,夏季,5,0,73.0,28.857142857142858
2017-07-15,兰州市,良,75,24,76.0,38.0,6,0.68,101,2017,7,夏季,6,1,78.0,27.428571428571427
2017-07-16,兰州市,良,80,26,69.0,35.0,5,0.56,103,2017,7,夏季,7,1,75.0,28.142857142857142
2017-07-17,兰州市,良,70,25,56.0,28.0,5,0.61,113,2017,7,夏季,1,0,80.0,28.285714285714285
2017-07-18,兰州市,良,75,28,68.0,36.0,8,0.67,108,2017,7,夏季,2,0,70.0,28.285714285714285
2017-07-19,兰州市,良,79,29,83.0,41.0,8,0.74,98,2017,7,夏季,3,0,75.0,28.142857142857142
2017-07-20,兰州市,轻度污染,141,68,213.0,18.0,7,0.61,100,2017,7,夏季,4,0,79.0,32.857142857142854
2017-07-21,兰州市,良,65,24,68.0,26.0,6,0.58,95,2017,7,夏季,5,0,141.0,32.0
2017-07-22,兰州市,良,78,32,104.0,15.0,8,0.46,91,2017,7,夏季,6,1,65.0,33.142857142857146
2017-07-23,兰州市,良,54,19,57.0,17.0,12,0.53,78,2017,7,夏季,7,1,78.0,32.142857142857146
2017-07-24,兰州市,良,52,19,52.0,16.0,10,0.5,95,2017,7,夏季,1,0,54.0,31.285714285714285
2017-07-25,兰州市,良,64,31,60.0,27.0,5,0.61,87,2017,7,夏季,2,0,52.0,31.714285714285715
2017-07-26,兰州市,优,48,26,48.0,20.0,7,0.58,68,2017,7,夏季,3,0,64.0,31.285714285714285
2017-07-27,兰州市,优,41,11,23.0,20.0,4,0.49,82,2017,7,夏季,4,0,48.0,23.142857142857142
2017-07-28,兰州市,优,49,18,35.0,25.0,5,0.66,87,2017,7,夏季,5,0,41.0,22.285714285714285
2017-07-29,兰州市,良,69,26,66.0,40.0,9,0.73,77,2017,7,夏季,6,1,49.0,21.428571428571427
2017-07-30,兰州市,良,86,31,82.0,45.0,9,0.76,89,2017,7,夏季,7,1,69.0,23.142857142857142
2017-07-31,兰州市,良,80,23,83.0,34.0,5,0.61,100,2017,7,夏季,1,0,86.0,23.714285714285715
2017-08-01,兰州市,良,83,37,115.0,21.0,6,0.52,86,2017,8,夏季,2,0,80.0,24.571428571428573
2017-08-02,兰州市,良,84,34,78.0,40.0,8,0.75,92,2017,8,夏季,3,0,83.0,25.714285714285715
2017-08-03,兰州市,良,82,28,108.0,43.0,13,0.65,78,2017,8,夏季,4,0,84.0,28.142857142857142
2017-08-04,兰州市,良,68,24,60.0,26.0,4,0.6,110,2017,8,夏季,5,0,82.0,29.0
2017-08-05,兰州市,良,59,23,61.0,39.0,6,0.71,59,2017,8,夏季,6,1,68.0,28.571428571428573
2017-08-06,兰州市,良,52,21,54.0,36.0,5,0.75,50,2017,8,夏季,7,1,59.0,27.142857142857142
2017-08-07,兰州市,优,50,21,47.0,29.0,7,0.62,85,2017,8,夏季,1,0,52.0,26.857142857142858
2017-08-08,兰州市,良,61,25,67.0,42.0,7,0.62,62,2017,8,夏季,2,0,50.0,25.142857142857142
2017-08-09,兰州市,良,63,20,64.0,41.0,8,0.88,73,2017,8,夏季,3,0,61.0,23.142857142857142
2017-08-10,兰州市,良,81,28,93.0,47.0,17,1.0,82,2017,8,夏季,4,0,63.0,23.142857142857142
2017-08-11,兰州市,良,74,24,82.0,43.0,9,0.76,79,2017,8,夏季,5,0,81.0,23.142857142857142
2017-08-12,兰州市,良,57,20,59.0,30.0,11,0.65,80,2017,8,夏季,6,1,74.0,22.714285714285715
2017-08-13,兰州市,良,53,22,47.0,29.0,5,0.7,80,2017,8,夏季,7,1,57.0,22.857142857142858
2017-08-14,兰州市,良,73,26,83.0,46.0,9,0.68,74,2017,8,夏季,1,0,53.0,23.571428571428573
2017-08-15,兰州市,良,70,25,78.0,44.0,7,0.64,75,2017,8,夏季,2,0,73.0,23.571428571428573
2017-08-16,兰州市,良,70,25,85.0,44.0,8,0.6,68,2017,8,夏季,3,0,70.0,24.285714285714285
2017-08-17,兰州市,良,54,20,58.0,32.0,5,0.64,63,2017,8,夏季,4,0,70.0,23.142857142857142
2017-08-18,兰州市,良,57,22,62.0,35.0,7,0.72,59,2017,8,夏季,5,0,54.0,22.857142857142858
2017-08-19,兰州市,良,56,22,62.0,27.0,6,0.64,59,2017,8,夏季,6,1,57.0,23.142857142857142
2017-08-20,兰州市,优,42,17,33.0,21.0,3,0.43,74,2017,8,夏季,7,1,56.0,22.428571428571427
2017-08-21,兰州市,优,48,26,49.0,36.0,5,0.79,47,2017,8,夏季,1,0,42.0,22.428571428571427
2017-08-22,兰州市,优,42,15,25.0,23.0,4,0.58,82,2017,8,夏季,2,0,48.0,21.0
2017-08-23,兰州市,优,41,27,37.0,26.0,5,0.6,65,2017,8,夏季,3,0,42.0,21.285714285714285
2017-08-24,兰州市,良,60,37,66.0,45.0,9,0.81,31,2017,8,夏季,4,0,41.0,23.714285714285715
2017-08-25,兰州市,优,46,31,44.0,35.0,8,0.67,29,2017,8,夏季,5,0,60.0,25.0
2017-08-26,兰州市,优,39,22,36.0,29.0,5,0.62,60,2017,8,夏季,6,1,46.0,25.0
2017-08-27,兰州市,良,53,29,56.0,41.0,8,0.68,36,2017,8,夏季,7,1,39.0,26.714285714285715
2017-08-28,兰州市,优,47,28,46.0,38.0,6,0.55,47,2017,8,夏季,1,0,53.0,27.0
2017-08-29,兰州市,优,42,22,41.0,33.0,6,0.6,57,2017,8,夏季,2,0,47.0,28.0
2017-08-30,兰州市,良,65,34,77.0,44.0,7,0.8,47,2017,8,夏季,3,0,42.0,29.0
2017-08-31,兰州市,良,92,51,112.0,49.0,10,0.88,72,2017,8,夏季,4,0,65.0,31.0
2017-09-01,兰州市,良,58,26,65.0,36.0,7,0.56,65,2017,9,秋季,5,0,92.0,30.285714285714285
2017-09-02,兰州市,良,75,34,91.0,50.0,9,0.65,58,2017,9,秋季,6,1,58.0,32.0
2017-09-03,兰州市,良,76,30,92.0,46.0,9,0.61,66,2017,9,秋季,7,1,75.0,32.142857142857146
2017-09-04,兰州市,良,60,25,67.0,31.0,8,0.42,60,2017,9,秋季,1,0,76.0,31.714285714285715
2017-09-05,兰州市,良,58,26,66.0,38.0,6,0.44,55,2017,9,秋季,2,0,60.0,32.285714285714285
2017-09-06,兰州市,良,71,31,84.0,45.0,12,0.74,59,2017,9,秋季,3,0,58.0,31.857142857142858
2017-09-07,兰州市,良,80,37,109.0,54.0,14,0.79,61,2017,9,秋季,4,0,71.0,29.857142857142858
2017-09-08,兰州市,良,54,26,56.0,50.0,6,0.5,32,2017,9,秋季,5,0,80.0,29.857142857142858
2017-09-09,兰州市,良,60,26,68.0,30.0,5,0.3,58,2017,9,秋季,6,1,54.0,28.714285714285715
2017-09-10,兰州市,良,78,32,100.0,49.0,12,0.63,59,2017,9,秋季,7,1,60.0,29.0
2017-09-11,兰州市,良,93,40,122.0,59.0,20,0.9,73,2017,9,秋季,1,0,78.0,31.142857142857142
2017-09-12,兰州市,良,73,30,94.0,40.0,8,0.7,53,2017,9,秋季,2,0,93.0,31.714285714285715
2017-09-13,兰州市,良,68,32,84.0,34.0,6,0.59,52,2017,9,秋季,3,0,73.0,31.857142857142858
2017-09-14,兰州市,良,68,39,83.0,41.0,9,0.81,49,2017,9,秋季,4,0,68.0,32.142857142857146
2017-09-15,兰州市,良,71,40,86.0,41.0,8,0.62,58,2017,9,秋季,5,0,68.0,34.142857142857146
2017-09-16,兰州市,良,56,26,58.0,35.0,7,0.61,82,2017,9,秋季,6,1,71.0,34.142857142857146
2017-09-17,兰州市,良,79,39,92.0,43.0,13,0.78,72,2017,9,秋季,7,1,56.0,35.142857142857146
2017-09-18,兰州市,良,63,39,73.0,46.0,11,0.73,40,2017,9,秋季,1,0,79.0,35.0
2017-09-19,兰州市,良,56,37,60.0,45.0,6,0.65,49,2017,9,秋季,2,0,63.0,36.0
2017-09-20,兰州市,良,72,43,89.0,53.0,10,0.9,54,2017,9,秋季,3,0,56.0,37.57142857142857
2017-09-21,兰州市,良,71,38,88.0,50.0,10,0.79,53,2017,9,秋季,4,0,72.0,37.42857142857143
2017-09-22,兰州市,良,74,39,96.0,51.0,20,0.94,52,2017,9,秋季,5,0,71.0,37.285714285714285
2017-09-23,兰州市,良,63,31,74.0,42.0,9,0.73,36,2017,9,秋季,6,1,74.0,38.0
2017-09-24,兰州市,良,74,40,96.0,47.0,10,0.86,47,2017,9,秋季,7,1,63.0,38.142857142857146
2017-09-25,兰州市,良,93,50,134.0,43.0,12,0.84,58,2017,9,秋季,1,0,74.0,39.71428571428572
2017-09-26,兰州市,良,69,39,87.0,29.0,5,0.52,60,2017,9,秋季,2,0,93.0,40.0
2017-09-27,兰州市,良,70,36,82.0,39.0,9,0.63,70,2017,9,秋季,3,0,69.0,39.0
2017-09-28,兰州市,良,82,37,110.0,55.0,15,0.73,67,2017,9,秋季,4,0,70.0,38.85714285714285
2017-09-29,兰州市,良,76,33,100.0,51.0,15,0.71,49,2017,9,秋季,5,0,82.0,38.0
2017-09-30,兰州市,良,75,36,97.0,45.0,13,0.79,60,2017,9,秋季,6,1,76.0,38.71428571428572
2017-10-01,兰州市,轻度污染,107,53,157.0,47.0,12,0.7,83,2017,10,秋季,7,1,75.0,40.57142857142857
2017-10-02,兰州市,轻度污染,115,50,178.0,17.0,6,0.33,75,2017,10,秋季,1,0,107.0,40.57142857142857
2017-10-03,兰州市,良,56,32,61.0,31.0,5,0.57,65,2017,10,秋季,2,0,115.0,39.57142857142857
2017-10-05,兰州市,良,60,35,68.0,36.0,9,0.77,45,2017,10,秋季,4,0,56.0,39.42857142857143
2017-10-06,兰州市,良,52,29,55.0,29.0,8,0.75,30,2017,10,秋季,5,0,60.0,38.285714285714285
2017-10-07,兰州市,良,58,28,64.0,32.0,9,0.77,54,2017,10,秋季,6,1,52.0,37.57142857142857
2017-10-08,兰州市,良,59,29,68.0,16.0,5,0.47,73,2017,10,秋季,7,1,58.0,36.57142857142857
2017-10-09,兰州市,优,33,19,30.0,21.0,4,0.42,60,2017,10,秋季,1,0,59.0,31.714285714285715
2017-10-10,兰州市,良,56,39,54.0,35.0,9,0.74,45,2017,10,秋季,2,0,33.0,30.142857142857142
2017-10-11,兰州市,良,78,57,83.0,40.0,16,0.98,40,2017,10,秋季,3,0,56.0,33.714285714285715
2017-10-12,兰州市,良,72,46,91.0,50.0,12,0.96,37,2017,10,秋季,4,0,78.0,35.285714285714285
2017-10-13,兰州市,良,78,51,99.0,55.0,18,1.2,21,2017,10,秋季,5,0,72.0,38.42857142857143
2017-10-14,兰州市,良,72,51,83.0,51.0,12,1.08,37,2017,10,秋季,6,1,78.0,41.71428571428572
2017-10-15,兰州市,良,98,69,129.0,66.0,17,1.51,28,2017,10,秋季,7,1,72.0,47.42857142857143
2017-10-16,兰州市,良,62,38,72.0,42.0,8,0.95,30,2017,10,秋季,1,0,98.0,50.142857142857146
2017-10-17,兰州市,优,40,25,38.0,33.0,6,0.93,39,2017,10,秋季,2,0,62.0,48.142857142857146
2017-10-18,兰州市,良,59,38,69.0,46.0,10,0.98,48,2017,10,秋季,3,0,40.0,45.42857142857143
2017-10-19,兰州市,良,70,43,89.0,55.0,11,1.15,37,2017,10,秋季,4,0,59.0,45.0
2017-10-20,兰州市,良,72,44,92.0,46.0,12,1.06,33,2017,10,秋季,5,0,70.0,44.0
2017-10-21,兰州市,良,79,39,107.0,49.0,12,0.97,36,2017,10,秋季,6,1,72.0,42.285714285714285
2017-10-22,兰州市,良,90,48,129.0,61.0,20,1.67,31,2017,10,秋季,7,1,79.0,39.285714285714285
2017-10-23,兰州市,良,73,37,94.0,49.0,12,1.44,38,2017,10,秋季,1,0,90.0,39.142857142857146
2017-10-24,兰州市,良,60,34,66.0,44.0,11,1.14,18,2017,10,秋季,2,0,73.0,40.42857142857143
2017-10-25,兰州市,良,61,39,69.0,45.0,13,1.13,29,2017,10,秋季,3,0,60.0,40.57142857142857
2017-10-26,兰州市,良,82,50,111.0,66.0,16,1.47,40,2017,10,秋季,4,0,61.0,41.57142857142857
2017-10-27,兰州市,良,91,54,131.0,53.0,16,1.5,54,2017,10,秋季,5,0,82.0,43.0
2017-10-28,兰州市,良,69,26,86.0,33.0,12,0.62,59,2017,10,秋季,6,1,91.0,41.142857142857146
2017-10-29,兰州市,良,83,41,114.0,44.0,14,0.85,39,2017,10,秋季,7,1,69.0,40.142857142857146
2017-10-30,兰州市,良,91,52,129.0,60.0,19,1.73,26,2017,10,秋季,1,0,83.0,42.285714285714285
2017-10-31,兰州市,良,94,56,137.0,69.0,24,1.79,25,2017,10,秋季,2,0,91.0,45.42857142857143
2017-11-01,兰州市,轻度污染,103,65,151.0,80.0,29,2.1,35,2017,11,秋季,3,0,94.0,49.142857142857146
2017-11-02,兰州市,良,97,57,143.0,72.0,27,1.94,39,2017,11,秋季,4,0,103.0,50.142857142857146
2017-11-03,兰州市,轻度污染,122,59,192.0,70.0,30,2.03,35,2017,11,秋季,5,0,97.0,50.85714285714285
2017-11-04,兰州市,轻度污染,118,68,184.0,75.0,36,2.17,32,2017,11,秋季,6,1,122.0,56.85714285714285
2017-11-05,兰州市,轻度污染,106,73,158.0,78.0,27,2.14,39,2017,11,秋季,7,1,118.0,61.42857142857143
2017-11-06,兰州市,良,92,55,132.0,56.0,25,1.54,42,2017,11,秋季,1,0,106.0,61.85714285714285
2017-11-07,兰州市,良,86,50,119.0,67.0,25,1.37,43,2017,11,秋季,2,0,92.0,61.0
2017-11-08,兰州市,轻度污染,102,62,153.0,81.0,33,2.13,26,2017,11,秋季,3,0,86.0,60.57142857142857
2017-11-09,兰州市,轻度污染,109,45,165.0,40.0,16,0.81,46,2017,11,秋季,4,0,102.0,58.85714285714285
2017-11-10,兰州市,良,93,41,134.0,47.0,18,1.1,35,2017,11,秋季,5,0,109.0,56.285714285714285
2017-11-11,兰州市,良,98,61,143.0,58.0,26,1.84,35,2017,11,秋季,6,1,93.0,55.285714285714285
2017-11-12,兰州市,良,76,39,100.0,45.0,19,1.17,48,2017,11,秋季,7,1,98.0,50.42857142857143
2017-11-13,兰州市,良,75,38,97.0,52.0,22,1.21,46,2017,11,秋季,1,0,76.0,48.0
2017-11-14,兰州市,良,84,47,116.0,67.0,26,1.42,34,2017,11,秋季,2,0,75.0,47.57142857142857
2017-11-15,兰州市,良,100,61,147.0,74.0,32,2.04,24,2017,11,秋季,3,0,84.0,47.42857142857143
2017-11-16,兰州市,轻度污染,118,82,176.0,78.0,34,2.34,29,2017,11,秋季,4,0,100.0,52.71428571428572
2017-11-17,兰州市,良,88,59,121.0,52.0,30,1.37,29,2017,11,秋季,5,0,118.0,55.285714285714285
2017-11-18,兰州市,良,80,44,108.0,52.0,36,1.37,22,2017,11,秋季,6,1,88.0,52.85714285714285
2017-11-19,兰州市,良,75,37,98.0,38.0,38,0.99,37,2017,11,秋季,7,1,80.0,52.57142857142857
2017-11-20,兰州市,良,88,45,124.0,66.0,30,1.43,22,2017,11,秋季,1,0,75.0,53.57142857142857
2017-11-21,兰州市,良,75,39,97.0,48.0,33,1.3,38,2017,11,秋季,2,0,88.0,52.42857142857143
2017-11-22,兰州市,良,77,39,103.0,62.0,28,1.18,40,2017,11,秋季,3,0,75.0,49.285714285714285
2017-11-23,兰州市,良,90,49,128.0,77.0,38,1.59,32,2017,11,秋季,4,0,77.0,44.57142857142857
2017-11-24,兰州市,轻度污染,106,66,159.0,81.0,38,2.48,22,2017,11,秋季,5,0,90.0,45.57142857142857
2017-11-25,兰州市,轻度污染,109,70,164.0,80.0,38,2.72,24,2017,11,秋季,6,1,106.0,49.285714285714285
2017-11-26,兰州市,轻度污染,122,82,183.0,90.5,38,2.9,29,2017,11,秋季,7,1,109.0,55.71428571428572
2017-11-27,兰州市,轻度污染,113,81,168.0,81.0,38,2.45,25,2017,11,秋季,1,0,122.0,60.85714285714285
2017-11-28,兰州市,良,94,55,133.0,67.0,38,1.69,27,2017,11,秋季,2,0,113.0,63.142857142857146
2017-11-29,兰州市,良,95,52,138.0,69.0,38,1.8,27,2017,11,秋季,3,0,94.0,65.0
2017-11-30,兰州市,良,88,47,123.0,82.0,38,1.85,32,2017,11,秋季,4,0,95.0,64.71428571428571
2017-12-01,兰州市,轻度污染,113,75,167.0,90.5,38,2.48,27,2017,12,冬季,5,0,88.0,66.0
2017-12-02,兰州市,轻度污染,131,91,190.0,90.5,38,2.71,25,2017,12,冬季,6,1,113.0,69.0
2017-12-03,兰州市,轻度污染,108,79,152.0,82.0,38,2.13,33,2017,12,冬季,7,1,131.0,68.57142857142857
2017-12-04,兰州市,良,72,41,93.0,65.0,34,1.42,36,2017,12,冬季,1,0,108.0,62.85714285714285
2017-12-05,兰州市,良,76,40,101.0,71.0,32,1.79,27,2017,12,冬季,2,0,72.0,60.71428571428572
2017-12-06,兰州市,良,86,56,120.0,66.0,38,2.05,25,2017,12,冬季,3,0,76.0,61.285714285714285
2017-12-07,兰州市,良,72,41,92.0,56.0,38,1.5,30,2017,12,冬季,4,0,86.0,60.42857142857143
2017-12-08,兰州市,良,76,43,100.0,64.0,38,1.93,21,2017,12,冬季,5,0,72.0,55.85714285714285
2017-12-09,兰州市,良,96,57,139.0,68.0,38,2.11,28,2017,12,冬季,6,1,76.0,51.0
2017-12-10,兰州市,良,98,59,144.0,83.0,38,2.2,29,2017,12,冬季,7,1,96.0,48.142857142857146
2017-12-11,兰州市,轻度污染,116,82,175.0,90.5,38,2.9,26,2017,12,冬季,1,0,98.0,54.0
2017-12-12,兰州市,轻度污染,109,75,163.0,82.0,38,2.7,27,2017,12,冬季,2,0,116.0,59.0
2017-12-13,兰州市,轻度污染,121,88,175.0,81.0,38,2.48,31,2017,12,冬季,3,0,109.0,63.57142857142857
2017-12-14,兰州市,良,88,50,124.0,52.0,34,1.43,34,2017,12,冬季,4,0,121.0,64.85714285714286
2017-12-15,兰州市,良,68,34,85.0,38.0,29,0.92,50,2017,12,冬季,5,0,88.0,63.57142857142857
2017-12-16,兰州市,良,58,30,66.0,45.0,25,1.03,42,2017,12,冬季,6,1,68.0,59.71428571428572
2017-12-17,兰州市,良,93,64,131.0,75.0,38,2.42,24,2017,12,冬季,7,1,58.0,60.42857142857143
2017-12-18,兰州市,良,89,60,121.0,70.0,38,2.37,22,2017,12,冬季,1,0,93.0,57.285714285714285
2017-12-19,兰州市,轻度污染,104,73,142.0,84.0,38,2.84,31,2017,12,冬季,2,0,89.0,57.0
2017-12-20,兰州市,轻度污染,132,91,185.0,90.5,38,3.68,25,2017,12,冬季,3,0,104.0,57.42857142857143
2017-12-21,兰州市,轻度污染,141,91,214.5,90.5,38,4.12,26,2017,12,冬季,4,0,132.0,63.285714285714285
2017-12-22,兰州市,轻度污染,141,91,197.0,90.5,38,3.53,23,2017,12,冬季,5,0,141.0,71.42857142857143
2017-12-23,兰州市,良,97,50,141.0,64.0,38,1.78,34,2017,12,冬季,6,1,141.0,74.28571428571429
2017-12-24,兰州市,轻度污染,115,63,178.0,85.0,38,2.56,25,2017,12,冬季,7,1,97.0,74.14285714285714
2017-12-25,兰州市,轻度污染,111,76,167.0,90.5,38,2.91,26,2017,12,冬季,1,0,115.0,76.42857142857143
2017-12-26,兰州市,轻度污染,121,88,177.0,90.5,38,3.65,23,2017,12,冬季,2,0,111.0,78.57142857142857
2017-12-27,兰州市,轻度污染,141,91,208.0,90.5,38,3.93,29,2017,12,冬季,3,0,121.0,78.57142857142857
2017-12-28,兰州市,轻度污染,141,91,214.5,77.0,38,2.51,32,2017,12,冬季,4,0,141.0,78.57142857142857
2017-12-29,兰州市,轻度污染,141,91,214.5,43.0,13,0.96,44,2017,12,冬季,5,0,141.0,78.57142857142857
2017-12-30,兰州市,轻度污染,141,91,214.5,65.0,22,1.93,23,2017,12,冬季,6,1,141.0,84.42857142857143
2017-12-31,兰州市,轻度污染,141,91,214.5,79.0,38,2.61,26,2017,12,冬季,7,1,141.0,88.42857142857143
2018-01-01,兰州市,轻度污染,141,91,214.5,90.0,38,2.74,40,2018,1,冬季,1,0,141.0,90.57142857142856
2018-01-02,兰州市,良,89,37,125.0,35.0,20,0.78,51,2018,1,冬季,2,0,141.0,83.28571428571429
2018-01-03,兰州市,良,96,65,115.0,46.0,25,1.32,35,2018,1,冬季,3,0,89.0,79.57142857142857
2018-01-04,兰州市,轻度污染,125,91,130.0,60.0,20,2.01,23,2018,1,冬季,4,0,96.0,79.57142857142857
2018-01-05,兰州市,轻度污染,110,82,112.0,46.0,14,1.82,24,2018,1,冬季,5,0,125.0,78.28571428571429
2018-01-06,兰州市,良,91,67,95.0,28.0,16,1.22,52,2018,1,冬季,6,1,110.0,74.85714285714286
2018-01-07,兰州市,良,69,38,87.0,21.0,17,0.67,68,2018,1,冬季,7,1,91.0,67.28571428571429
2018-01-08,兰州市,良,83,50,114.0,59.0,28,1.66,40,2018,1,冬季,1,0,69.0,61.42857142857143
2018-01-09,兰州市,轻度污染,101,73,142.0,81.0,38,2.5,31,2018,1,冬季,2,0,83.0,66.57142857142857
2018-01-10,兰州市,轻度污染,110,79,151.0,90.5,38,2.83,30,2018,1,冬季,3,0,101.0,68.57142857142857
2018-01-11,兰州市,轻度污染,114,85,151.0,90.0,38,2.88,28,2018,1,冬季,4,0,110.0,67.71428571428571
2018-01-12,兰州市,轻度污染,130,91,172.0,90.5,38,3.4,24,2018,1,冬季,5,0,114.0,69.0
2018-01-13,兰州市,轻度污染,140,91,187.0,83.0,38,2.96,37,2018,1,冬季,6,1,130.0,72.42857142857143
2018-01-14,兰州市,轻度污染,117,82,173.0,74.0,38,2.49,30,2018,1,冬季,7,1,140.0,78.71428571428571
2018-01-15,兰州市,轻度污染,113,73,144.0,53.0,29,1.6,40,2018,1,冬季,1,0,117.0,82.0
2018-01-16,兰州市,轻度污染,109,67,165.0,84.0,38,2.63,36,2018,1,冬季,2,0,113.0,81.14285714285714
2018-01-17,兰州市,轻度污染,124,42,169.0,38.0,19,0.83,53,2018,1,冬季,3,0,109.0,75.85714285714286
2018-01-18,兰州市,良,99,60,146.0,75.0,38,2.1,22,2018,1,冬季,4,0,124.0,72.28571428571429
2018-01-19,兰州市,轻度污染,113,79,170.0,78.0,38,2.65,30,2018,1,冬季,5,0,99.0,70.57142857142857
2018-01-20,兰州市,良,91,61,128.0,72.0,38,1.95,28,2018,1,冬季,6,1,113.0,66.28571428571429
2018-01-21,兰州市,良,85,49,119.0,61.0,38,1.69,31,2018,1,冬季,7,1,91.0,61.57142857142857
2018-01-22,兰州市,良,94,53,135.0,62.0,38,1.85,39,2018,1,冬季,1,0,85.0,58.71428571428572
2018-01-23,兰州市,良,94,57,136.0,62.0,38,1.78,38,2018,1,冬季,2,0,94.0,57.285714285714285
2018-01-24,兰州市,良,92,62,128.0,56.0,32,1.56,29,2018,1,冬季,3,0,94.0,60.142857142857146
2018-01-25,兰州市,轻度污染,102,73,129.0,46.0,29,1.38,40,2018,1,冬季,4,0,92.0,62.0
2018-01-26,兰州市,轻度污染,123,91,135.0,59.0,35,2.13,37,2018,1,冬季,5,0,102.0,63.71428571428572
2018-01-27,兰州市,轻度污染,105,78,113.0,32.0,28,1.28,56,2018,1,冬季,6,1,123.0,66.14285714285714
2018-01-28,兰州市,良,72,38,92.0,24.0,19,0.73,56,2018,1,冬季,7,1,105.0,64.57142857142857
2018-01-29,兰州市,良,83,56,110.0,43.0,24,1.32,39,2018,1,冬季,1,0,72.0,65.0
2018-01-30,兰州市,良,75,41,98.0,25.0,28,0.72,56,2018,1,冬季,2,0,83.0,62.71428571428572
2018-01-31,兰州市,轻度污染,110,60,169.0,62.0,30,1.91,33,2018,1,冬季,3,0,75.0,62.42857142857143
2018-02-01,兰州市,良,91,53,131.0,50.0,32,1.6,45,2018,2,冬季,4,0,110.0,59.57142857142857
2018-02-02,兰州市,良,75,35,97.0,38.0,17,1.03,55,2018,2,冬季,5,0,91.0,51.57142857142857
2018-02-03,兰州市,良,83,53,115.0,50.0,27,1.62,42,2018,2,冬季,6,1,75.0,48.0
2018-02-04,兰州市,良,83,56,114.0,59.0,29,1.63,41,2018,2,冬季,7,1,83.0,50.57142857142857
2018-02-05,兰州市,轻度污染,105,77,140.0,70.0,38,2.19,40,2018,2,冬季,1,0,83.0,53.57142857142857
2018-02-06,兰州市,良,97,71,127.0,70.0,38,1.95,42,2018,2,冬季,2,0,105.0,57.85714285714285
2018-02-07,兰州市,良,93,61,134.0,72.0,38,1.87,34,2018,2,冬季,3,0,97.0,58.0
2018-02-08,兰州市,良,91,60,128.0,62.0,33,2.02,36,2018,2,冬季,4,0,93.0,59.0
2018-02-09,兰州市,轻度污染,141,91,214.5,21.0,12,0.67,73,2018,2,冬季,5,0,91.0,67.0
2018-02-10,兰州市,良,81,32,111.0,26.0,11,0.72,68,2018,2,冬季,6,1,141.0,64.0
2018-02-11,兰州市,良,91,51,130.0,53.0,38,1.58,45,2018,2,冬季,7,1,81.0,63.285714285714285
2018-02-12,兰州市,良,85,53,119.0,67.0,38,1.99,40,2018,2,冬季,1,0,91.0,59.85714285714285
2018-02-13,兰州市,轻度污染,106,78,147.0,86.0,38,2.83,38,2018,2,冬季,2,0,85.0,60.85714285714285
2018-02-14,兰州市,良,95,62,127.0,66.0,36,1.94,40,2018,2,冬季,3,0,106.0,61.0
2018-02-15,兰州市,良,75,47,98.0,58.0,38,1.79,43,2018,2,冬季,4,0,95.0,59.142857142857146
2018-02-16,兰州市,良,100,71,139.0,65.0,38,2.1,50,2018,2,冬季,5,0,75.0,56.285714285714285
2018-02-17,兰州市,良,84,39,115.0,25.0,20,0.76,78,2018,2,冬季,6,1,100.0,57.285714285714285
2018-02-18,兰州市,良,64,32,75.0,22.0,23,0.8,68,2018,2,冬季,7,1,84.0,54.57142857142857
2018-02-19,兰州市,良,72,43,90.0,30.0,21,1.1,64,2018,2,冬季,1,0,64.0,53.142857142857146
2018-02-20,兰州市,良,63,35,75.0,18.0,21,0.67,79,2018,2,冬季,2,0,72.0,47.0
2018-02-21,兰州市,良,51,34,51.0,29.0,20,0.93,65,2018,2,冬季,3,0,63.0,43.0
2018-02-22,兰州市,良,68,47,78.0,60.0,31,1.55,52,2018,2,冬季,4,0,51.0,43.0
2018-02-23,兰州市,良,75,39,98.0,44.0,26,1.21,48,2018,2,冬季,5,0,68.0,38.42857142857143
2018-02-24,兰州市,轻度污染,128,50,203.0,49.0,27,1.3,50,2018,2,冬季,6,1,75.0,40.0
2018-02-25,兰州市,良,95,53,138.0,69.0,36,1.9,58,2018,2,冬季,7,1,128.0,43.0
2018-02-26,兰州市,良,85,53,118.0,64.0,38,1.64,46,2018,2,冬季,1,0,95.0,44.42857142857143
2018-02-27,兰州市,良,85,60,104.0,60.0,18,1.62,44,2018,2,冬季,2,0,85.0,48.0
2018-02-28,兰州市,良,75,49,93.0,55.0,32,1.7,60,2018,2,冬季,3,0,85.0,50.142857142857146
2018-03-01,兰州市,良,64,32,76.0,56.0,30,1.26,56,2018,3,春季,4,0,75.0,48.0
2018-03-02,兰州市,良,89,57,119.0,78.0,38,2.13,46,2018,3,春季,5,0,64.0,50.57142857142857
2018-03-03,兰州市,良,95,47,136.0,48.0,31,1.44,53,2018,3,春季,6,1,89.0,50.142857142857146
2018-03-04,兰州市,良,66,34,80.0,33.0,12,0.78,70,2018,3,春季,7,1,95.0,47.42857142857143
2018-03-05,兰州市,良,59,35,65.0,41.0,14,0.98,57,2018,3,春季,1,0,66.0,44.85714285714285
2018-03-06,兰州市,良,68,47,80.0,51.0,19,1.28,50,2018,3,春季,2,0,59.0,43.0
2018-03-07,兰州市,轻度污染,119,53,187.0,42.0,18,0.91,56,2018,3,春季,3,0,68.0,43.57142857142857
2018-03-08,兰州市,良,90,42,128.0,61.0,22,1.29,50,2018,3,春季,4,0,119.0,45.0
2018-03-09,兰州市,良,83,46,115.0,69.0,31,1.71,48,2018,3,春季,5,0,90.0,43.42857142857143
2018-03-10,兰州市,良,82,47,108.0,71.0,26,1.49,61,2018,3,春季,6,1,83.0,43.42857142857143
2018-03-11,兰州市,良,86,55,120.0,74.0,34,1.7,59,2018,3,春季,7,1,82.0,46.42857142857143
2018-03-12,兰州市,良,93,57,132.0,78.0,29,1.63,63,2018,3,春季,1,0,86.0,49.57142857142857
2018-03-13,兰州市,良,84,49,115.0,74.0,30,1.5,52,2018,3,春季,2,0,93.0,49.85714285714285
2018-03-14,兰州市,良,86,44,109.0,76.0,36,1.49,63,2018,3,春季,3,0,84.0,48.57142857142857
2018-03-15,兰州市,轻度污染,141,58,214.5,50.0,19,0.97,59,2018,3,春季,4,0,86.0,50.85714285714285
2018-03-16,兰州市,轻度污染,141,66,214.5,51.0,22,1.11,80,2018,3,春季,5,0,141.0,53.71428571428572
2018-03-17,兰州市,轻度污染,141,89,214.5,25.0,16,0.66,85,2018,3,春季,6,1,141.0,59.71428571428572
2018-03-18,兰州市,轻度污染,141,72,214.5,30.0,16,0.66,74,2018,3,春季,7,1,141.0,62.142857142857146
2018-03-19,兰州市,轻度污染,141,73,214.5,47.0,18,1.17,57,2018,3,春季,1,0,141.0,64.42857142857143
2018-03-20,兰州市,轻度污染,141,71,214.5,32.0,7,0.84,68,2018,3,春季,2,0,141.0,67.57142857142857
2018-03-21,兰州市,轻度污染,141,61,214.5,46.0,13,0.89,67,2018,3,春季,3,0,141.0,70.0
2018-03-22,兰州市,良,97,43,141.0,64.0,22,1.33,46,2018,3,春季,4,0,141.0,67.85714285714286
2018-03-23,兰州市,良,76,34,101.0,53.0,17,0.92,59,2018,3,春季,5,0,97.0,63.285714285714285
2018-03-24,兰州市,良,78,32,103.0,55.0,18,1.03,66,2018,3,春季,6,1,76.0,55.142857142857146
2018-03-25,兰州市,良,89,44,123.0,59.0,22,1.13,75,2018,3,春季,7,1,78.0,51.142857142857146
2018-03-26,兰州市,轻度污染,141,61,214.5,70.0,24,1.35,53,2018,3,春季,1,0,89.0,49.42857142857143
2018-03-27,兰州市,轻度污染,123,58,195.0,70.0,28,1.52,60,2018,3,春季,2,0,141.0,47.57142857142857
2018-03-28,兰州市,轻度污染,103,52,154.0,67.0,31,1.33,66,2018,3,春季,3,0,123.0,46.285714285714285
2018-03-29,兰州市,轻度污染,118,44,183.0,55.0,16,1.09,68,2018,3,春季,4,0,103.0,46.42857142857143
2018-03-30,兰州市,轻度污染,141,68,214.5,25.0,7,0.54,73,2018,3,春季,5,0,118.0,51.285714285714285
2018-03-31,兰州市,轻度污染,141,63,214.5,37.0,12,0.88,57,2018,3,春季,6,1,141.0,55.71428571428572
2018-04-01,兰州市,轻度污染,123,56,194.0,58.0,16,1.19,61,2018,4,春季,7,1,141.0,57.42857142857143
2018-04-02,兰州市,轻度污染,109,52,163.0,63.0,24,1.4,83,2018,4,春季,1,0,123.0,56.142857142857146
2018-04-03,兰州市,轻度污染,141,66,214.5,25.0,9,0.54,74,2018,4,春季,2,0,109.0,57.285714285714285
2018-04-04,兰州市,轻度污染,141,91,214.5,38.0,16,0.66,59,2018,4,春季,3,0,141.0,62.85714285714285
2018-04-05,兰州市,轻度污染,141,78,214.5,14.0,5,0.58,83,2018,4,春季,4,0,141.0,67.71428571428571
2018-04-05,兰州市,轻度污染,141,78,214.5,14.0,5,0.58,83,2018,4,春季,4,0,141.0,69.14285714285714
2018-04-06,兰州市,轻度污染,141,50,214.5,23.0,7,0.6,79,2018,4,春季,5,0,141.0,67.28571428571429
2018-04-07,兰州市,良,97,43,142.0,60.0,20,1.21,56,2018,4,春季,6,1,141.0,65.42857142857143
2018-04-08,兰州市,轻度污染,103,48,149.0,69.0,25,1.42,59,2018,4,春季,7,1,97.0,64.85714285714286
2018-04-09,兰州市,轻度污染,141,74,214.5,53.0,23,1.2,66,2018,4,春季,1,0,103.0,66.0
2018-04-10,兰州市,轻度污染,141,91,214.5,45.0,11,0.82,52,2018,4,春季,2,0,141.0,66.0
2018-04-11,兰州市,轻度污染,141,64,214.5,58.0,22,1.11,56,2018,4,春季,3,0,141.0,64.0
2018-04-12,兰州市,轻度污染,118,64,182.0,54.0,10,0.89,44,2018,4,春季,4,0,141.0,62.0
2018-04-13,兰州市,良,94,44,137.0,19.0,5,0.4,82,2018,4,春季,5,0,118.0,61.142857142857146
2018-04-14,兰州市,良,93,47,133.0,42.0,7,0.74,77,2018,4,春季,6,1,94.0,61.71428571428572
2018-04-15,兰州市,良,92,52,124.0,61.0,15,1.0,69,2018,4,春季,7,1,93.0,62.285714285714285
2018-04-16,兰州市,良,97,48,120.0,69.0,16,1.19,73,2018,4,春季,1,0,92.0,58.57142857142857
2018-04-17,兰州市,轻度污染,101,46,129.0,78.0,26,1.28,81,2018,4,春季,2,0,97.0,52.142857142857146
2018-04-18,兰州市,良,99,47,142.0,63.0,24,1.08,85,2018,4,春季,3,0,101.0,49.71428571428572
2018-04-19,兰州市,良,83,49,102.0,35.0,7,0.63,108,2018,4,春季,4,0,99.0,47.57142857142857
2018-04-20,兰州市,轻度污染,105,64,148.0,37.0,5,0.7,102,2018,4,春季,5,0,83.0,50.42857142857143
2018-04-21,兰州市,良,89,45,127.0,55.0,11,0.8,60,2018,4,春季,6,1,105.0,50.142857142857146
2018-04-22,兰州市,良,78,36,104.0,44.0,15,0.79,69,2018,4,春季,7,1,89.0,47.85714285714285
2018-04-23,兰州市,良,58,33,70.0,19.0,4,0.51,71,2018,4,春季,1,0,78.0,45.71428571428572
2018-04-24,兰州市,优,41,23,35.0,27.0,5,0.52,74,2018,4,春季,2,0,58.0,42.42857142857143
2018-04-25,兰州市,良,64,40,75.0,46.0,12,0.66,64,2018,4,春季,3,0,41.0,41.42857142857143
2018-04-26,兰州市,良,74,35,96.0,39.0,12,0.63,76,2018,4,春季,4,0,64.0,39.42857142857143
2018-04-27,兰州市,良,83,43,109.0,49.0,15,0.84,78,2018,4,春季,5,0,74.0,36.42857142857143
2018-04-28,兰州市,良,85,40,104.0,56.0,11,0.8,77,2018,4,春季,6,1,83.0,35.714285714285715
2018-04-29,兰州市,良,85,39,117.0,49.0,9,0.83,76,2018,4,春季,7,1,85.0,36.142857142857146
2018-04-30,兰州市,良,57,28,54.0,23.0,4,0.45,96,2018,4,春季,1,0,85.0,35.42857142857143
2018-05-01,兰州市,良,75,37,97.0,33.0,10,0.51,82,2018,5,春季,2,0,57.0,37.42857142857143
2018-05-02,兰州市,良,94,39,136.0,45.0,12,0.69,86,2018,5,春季,3,0,75.0,37.285714285714285
2018-05-03,兰州市,良,87,38,116.0,50.0,12,0.78,86,2018,5,春季,4,0,94.0,37.71428571428572
2018-05-04,兰州市,轻度污染,114,51,166.0,28.0,5,0.64,91,2018,5,春季,5,0,87.0,38.85714285714285
2018-05-05,兰州市,良,73,31,84.0,19.0,4,0.36,106,2018,5,春季,6,1,114.0,37.57142857142857
2018-05-06,兰州市,良,59,27,59.0,37.0,5,0.64,84,2018,5,春季,7,1,73.0,35.857142857142854
2018-05-07,兰州市,良,77,28,74.0,40.0,9,0.7,115,2018,5,春季,1,0,59.0,35.857142857142854
2018-05-08,兰州市,良,60,26,65.0,33.0,4,0.55,78,2018,5,春季,2,0,77.0,34.285714285714285
2018-05-09,兰州市,良,87,41,120.0,23.0,4,0.56,75,2018,5,春季,3,0,60.0,34.57142857142857
2018-05-10,兰州市,优,44,25,44.0,27.0,4,0.6,65,2018,5,春季,4,0,87.0,32.714285714285715
2018-05-11,兰州市,良,76,35,80.0,43.0,10,0.73,91,2018,5,春季,5,0,44.0,30.428571428571427
2018-05-12,兰州市,良,94,43,132.0,54.0,16,0.87,93,2018,5,春季,6,1,76.0,32.142857142857146
2018-05-13,兰州市,轻度污染,122,55,182.0,65.0,21,1.09,71,2018,5,春季,7,1,94.0,36.142857142857146
2018-05-14,兰州市,良,93,42,113.0,50.0,14,0.88,94,2018,5,春季,1,0,122.0,38.142857142857146
2018-05-15,兰州市,良,91,44,129.0,37.0,10,0.7,87,2018,5,春季,2,0,93.0,40.71428571428572
2018-05-16,兰州市,轻度污染,141,75,214.5,24.0,6,0.43,79,2018,5,春季,3,0,91.0,45.57142857142857
2018-05-17,兰州市,良,97,46,142.0,31.0,10,0.52,73,2018,5,春季,4,0,141.0,48.57142857142857
2018-05-18,兰州市,轻度污染,126,55,174.0,30.0,9,0.58,97,2018,5,春季,5,0,97.0,51.42857142857143
2018-05-19,兰州市,轻度污染,108,63,150.0,23.0,5,0.51,97,2018,5,春季,6,1,126.0,54.285714285714285
2018-05-20,兰州市,良,65,32,77.0,38.0,10,0.6,71,2018,5,春季,7,1,108.0,51.0
2018-05-21,兰州市,良,70,38,89.0,27.0,6,0.46,86,2018,5,春季,1,0,65.0,50.42857142857143
2018-05-22,兰州市,良,60,22,59.0,33.0,11,0.58,92,2018,5,春季,2,0,70.0,47.285714285714285
2018-05-23,兰州市,良,67,23,73.0,43.0,12,0.65,84,2018,5,春季,3,0,60.0,39.85714285714285
2018-05-24,兰州市,良,66,28,76.0,38.0,10,0.65,76,2018,5,春季,4,0,67.0,37.285714285714285
2018-05-25,兰州市,轻度污染,141,58,214.5,28.0,13,0.58,98,2018,5,春季,5,0,66.0,37.71428571428572
2018-05-26,兰州市,轻度污染,141,68,214.5,27.0,6,0.56,116,2018,5,春季,6,1,141.0,38.42857142857143
2018-05-27,兰州市,轻度污染,124,57,195.0,54.0,15,0.82,74,2018,5,春季,7,1,141.0,42.0
2018-05-28,兰州市,良,100,41,136.0,58.0,22,0.84,84,2018,5,春季,1,0,124.0,42.42857142857143
2018-05-29,兰州市,良,79,30,100.0,52.0,16,0.58,72,2018,5,春季,2,0,100.0,43.57142857142857
2018-05-30,兰州市,良,86,31,95.0,51.0,20,0.66,91,2018,5,春季,3,0,79.0,44.71428571428572
2018-05-31,兰州市,良,67,25,82.0,35.0,8,0.49,91,2018,5,春季,4,0,86.0,44.285714285714285
2018-06-01,兰州市,良,73,31,79.0,34.0,8,0.6,112,2018,6,夏季,5,0,67.0,40.42857142857143
2018-06-02,兰州市,良,92,35,130.0,37.0,14,0.95,90,2018,6,夏季,6,1,73.0,35.714285714285715
2018-06-03,兰州市,良,71,34,82.0,20.0,5,0.5,100,2018,6,夏季,7,1,92.0,32.42857142857143
2018-06-04,兰州市,良,63,26,69.0,47.0,13,0.89,70,2018,6,夏季,1,0,71.0,30.285714285714285
2018-06-05,兰州市,良,97,34,95.0,61.0,21,1.0,99,2018,6,夏季,2,0,63.0,30.857142857142858
2018-06-06,兰州市,良,86,39,110.0,46.0,13,0.74,66,2018,6,夏季,3,0,97.0,32.0
2018-06-07,兰州市,良,68,37,83.0,44.0,14,0.64,67,2018,6,夏季,4,0,86.0,33.714285714285715
2018-06-08,兰州市,良,57,24,45.0,30.0,8,0.59,87,2018,6,夏季,5,0,68.0,32.714285714285715
2018-06-09,兰州市,良,75,23,54.0,38.0,16,0.77,104,2018,6,夏季,6,1,57.0,31.0
2018-06-10,兰州市,良,78,24,62.0,40.0,14,0.65,109,2018,6,夏季,7,1,75.0,29.571428571428573
2018-06-11,兰州市,良,91,27,72.0,47.0,16,0.78,112,2018,6,夏季,1,0,78.0,29.714285714285715
2018-06-12,兰州市,轻度污染,102,31,95.0,48.0,22,0.81,115,2018,6,夏季,2,0,91.0,29.285714285714285
2018-06-13,兰州市,良,78,27,82.0,41.0,10,0.64,105,2018,6,夏季,3,0,102.0,27.571428571428573
2018-06-14,兰州市,良,97,29,89.0,50.0,19,0.68,113,2018,6,夏季,4,0,78.0,26.428571428571427
2018-06-15,兰州市,良,61,27,60.0,25.0,6,0.61,99,2018,6,夏季,5,0,97.0,26.857142857142858
2018-06-16,兰州市,良,65,28,63.0,32.0,10,0.69,98,2018,6,夏季,6,1,61.0,27.571428571428573
2018-06-17,兰州市,良,82,38,104.0,62.0,24,1.11,75,2018,6,夏季,7,1,65.0,29.571428571428573
2018-06-18,兰州市,良,72,36,75.0,55.0,13,0.96,81,2018,6,夏季,1,0,82.0,30.857142857142858
2018-06-19,兰州市,良,71,35,77.0,51.0,14,0.98,82,2018,6,夏季,2,0,72.0,31.428571428571427
2018-06-20,兰州市,良,92,29,70.0,45.0,12,0.79,110,2018,6,夏季,3,0,71.0,31.714285714285715
2018-06-21,兰州市,良,65,27,59.0,36.0,9,0.77,101,2018,6,夏季,4,0,92.0,31.428571428571427
2018-06-22,兰州市,良,89,32,87.0,49.0,15,0.75,105,2018,6,夏季,5,0,65.0,32.142857142857146
2018-06-23,兰州市,良,75,26,71.0,35.0,9,0.52,111,2018,6,夏季,6,1,89.0,31.857142857142858
2018-06-24,兰州市,良,75,31,92.0,18.0,7,0.5,102,2018,6,夏季,7,1,75.0,30.857142857142858
2018-06-25,兰州市,良,55,30,60.0,41.0,10,0.86,83,2018,6,夏季,1,0,75.0,30.0
2018-06-26,兰州市,良,64,27,66.0,39.0,10,0.73,77,2018,6,夏季,2,0,55.0,28.857142857142858
2018-06-27,兰州市,优,50,18,45.0,28.0,8,0.58,73,2018,6,夏季,3,0,64.0,27.285714285714285
2018-06-28,兰州市,良,57,19,45.0,31.0,8,0.65,91,2018,6,夏季,4,0,50.0,26.142857142857142
2018-06-29,兰州市,良,64,22,62.0,34.0,11,0.63,88,2018,6,夏季,5,0,57.0,24.714285714285715
2018-06-30,兰州市,良,64,20,55.0,37.0,10,0.74,86,2018,6,夏季,6,1,64.0,23.857142857142858
2018-07-01,兰州市,优,45,21,41.0,26.0,6,0.58,69,2018,7,夏季,7,1,64.0,22.428571428571427
2018-07-02,兰州市,优,43,21,40.0,32.0,5,0.65,70,2018,7,夏季,1,0,45.0,21.142857142857142
2018-07-03,兰州市,良,53,30,54.0,44.0,13,0.88,52,2018,7,夏季,2,0,43.0,21.571428571428573
2018-07-04,兰州市,良,52,19,38.0,32.0,9,0.77,88,2018,7,夏季,3,0,53.0,21.714285714285715
2018-07-05,兰州市,良,61,24,60.0,44.0,11,0.9,65,2018,7,夏季,4,0,52.0,22.428571428571427
2018-07-06,兰州市,良,54,23,52.0,34.0,10,0.79,75,2018,7,夏季,5,0,61.0,22.571428571428573
2018-07-07,兰州市,良,55,28,58.0,40.0,11,0.87,64,2018,7,夏季,6,1,54.0,23.714285714285715
2018-07-08,兰州市,优,43,24,38.0,37.0,8,0.69,56,2018,7,夏季,7,1,55.0,24.142857142857142
2018-07-09,兰州市,良,75,28,45.0,33.0,8,0.71,102,2018,7,夏季,1,0,43.0,25.142857142857142
2018-07-10,兰州市,优,45,19,44.0,39.0,8,0.78,46,2018,7,夏季,2,0,75.0,23.571428571428573
2018-07-11,兰州市,良,73,29,68.0,40.0,9,0.76,90,2018,7,夏季,3,0,45.0,25.0
2018-07-12,兰州市,良,88,34,87.0,46.0,20,0.8,98,2018,7,夏季,4,0,73.0,26.428571428571427
2018-07-13,兰州市,良,87,26,82.0,43.0,15,0.79,91,2018,7,夏季,5,0,88.0,26.857142857142858
2018-07-14,兰州市,良,52,20,53.0,29.0,17,0.54,61,2018,7,夏季,6,1,87.0,25.714285714285715
2018-07-15,兰州市,轻度污染,141,73,214.5,25.0,7,0.55,91,2018,7,夏季,7,1,52.0,32.714285714285715
2018-07-16,兰州市,良,93,37,96.0,48.0,8,0.81,97,2018,7,夏季,1,0,141.0,34.0
2018-07-17,兰州市,良,73,27,86.0,46.0,11,0.71,71,2018,7,夏季,2,0,93.0,35.142857142857146
2018-07-18,兰州市,优,44,19,43.0,22.0,6,0.56,62,2018,7,夏季,3,0,73.0,33.714285714285715
2018-07-19,兰州市,良,65,27,50.0,25.0,8,0.66,100,2018,7,夏季,4,0,44.0,32.714285714285715
2018-07-20,兰州市,优,48,24,40.0,26.0,5,0.52,74,2018,7,夏季,5,0,65.0,32.42857142857143
2018-07-21,兰州市,良,61,22,52.0,41.0,7,0.9,84,2018,7,夏季,6,1,48.0,32.714285714285715
2018-07-22,兰州市,良,79,28,69.0,45.0,11,0.84,85,2018,7,夏季,7,1,61.0,26.285714285714285
2018-07-23,兰州市,优,47,19,35.0,33.0,6,0.58,87,2018,7,夏季,1,0,79.0,23.714285714285715
2018-07-24,兰州市,良,85,32,68.0,50.0,7,0.88,98,2018,7,夏季,2,0,47.0,24.428571428571427
2018-07-25,兰州市,良,83,27,79.0,47.0,11,0.87,90,2018,7,夏季,3,0,85.0,25.571428571428573
2018-07-26,兰州市,良,63,30,69.0,31.0,6,0.67,76,2018,7,夏季,4,0,83.0,26.0
2018-07-27,兰州市,良,60,31,65.0,29.0,5,0.63,72,2018,7,夏季,5,0,63.0,27.0
2018-07-28,兰州市,优,48,20,45.0,22.0,4,0.58,71,2018,7,夏季,6,1,60.0,26.714285714285715
2018-07-29,兰州市,良,67,27,81.0,19.0,5,0.61,77,2018,7,夏季,7,1,48.0,26.571428571428573
2018-07-30,兰州市,良,54,20,53.0,23.0,4,0.6,77,2018,7,夏季,1,0,67.0,26.714285714285715
2018-07-31,兰州市,良,52,21,48.0,28.0,5,0.7,83,2018,7,夏季,2,0,54.0,25.142857142857142
2018-08-01,兰州市,良,51,18,49.0,29.0,4,0.61,66,2018,8,夏季,3,0,52.0,23.857142857142858
2018-08-02,兰州市,优,39,19,38.0,28.0,5,0.6,46,2018,8,夏季,4,0,51.0,22.285714285714285
2018-08-03,兰州市,优,31,15,30.0,24.0,4,0.64,37,2018,8,夏季,5,0,39.0,20.0
2018-08-04,兰州市,良,60,27,58.0,37.0,5,0.88,81,2018,8,夏季,6,1,31.0,21.0
2018-08-05,兰州市,良,90,31,80.0,41.0,9,0.83,116,2018,8,夏季,7,1,60.0,21.571428571428573
2018-08-06,兰州市,良,73,32,92.0,22.0,7,0.55,87,2018,8,夏季,1,0,90.0,23.285714285714285
2018-08-07,兰州市,优,42,20,38.0,23.0,9,0.62,76,2018,8,夏季,2,0,73.0,23.142857142857142
2018-08-08,兰州市,优,50,20,38.0,29.0,4,0.9,88,2018,8,夏季,3,0,42.0,23.428571428571427
2018-08-09,兰州市,良,69,23,54.0,33.0,7,0.78,94,2018,8,夏季,4,0,50.0,24.0
2018-08-10,兰州市,良,60,24,44.0,29.0,4,0.65,96,2018,8,夏季,5,0,69.0,25.285714285714285
2018-08-11,兰州市,良,74,29,68.0,38.0,10,0.89,93,2018,8,夏季,6,1,60.0,25.571428571428573
2018-08-12,兰州市,良,65,31,77.0,48.0,12,0.88,63,2018,8,夏季,7,1,74.0,25.571428571428573
2018-08-13,兰州市,良,62,30,51.0,32.0,5,0.72,97,2018,8,夏季,1,0,65.0,25.285714285714285
2018-08-14,兰州市,良,56,27,54.0,30.0,8,0.79,74,2018,8,夏季,2,0,62.0,26.285714285714285
2018-08-15,兰州市,良,54,28,59.0,25.0,4,0.64,72,2018,8,夏季,3,0,56.0,27.428571428571427
2018-08-16,兰州市,优,50,21,51.0,25.0,7,0.56,79,2018,8,夏季,4,0,54.0,27.142857142857142
2018-08-17,兰州市,良,58,22,58.0,32.0,11,0.69,86,2018,8,夏季,5,0,50.0,26.857142857142858
2018-08-18,兰州市,良,77,34,81.0,38.0,20,0.83,99,2018,8,夏季,6,1,58.0,27.571428571428573
2018-08-19,兰州市,良,91,39,86.0,42.0,14,1.01,104,2018,8,夏季,7,1,77.0,28.714285714285715
2018-08-20,兰州市,良,63,28,71.0,33.0,12,0.77,78,2018,8,夏季,1,0,91.0,28.428571428571427
2018-08-21,兰州市,优,45,20,29.0,22.0,5,0.68,93,2018,8,夏季,2,0,63.0,27.428571428571427
2018-08-22,兰州市,良,70,25,52.0,35.0,6,0.76,99,2018,8,夏季,3,0,45.0,27.0
2018-08-23,兰州市,良,87,28,66.0,41.0,10,0.71,105,2018,8,夏季,4,0,70.0,28.0
2018-08-25,兰州市,优,49,26,49.0,28.0,7,0.71,88,2018,8,夏季,6,1,87.0,28.571428571428573
2018-08-27,兰州市,良,52,31,52.0,28.0,4,0.8,78,2018,8,夏季,1,0,49.0,28.142857142857142
2018-08-29,兰州市,良,68,39,80.0,26.0,5,0.87,88,2018,8,夏季,3,0,52.0,28.142857142857142
2018-08-31,兰州市,良,53,35,53.0,30.0,6,0.98,54,2018,8,夏季,5,0,68.0,29.142857142857142
2018-09-02,兰州市,优,41,18,40.0,28.0,8,0.64,63,2018,9,秋季,7,1,53.0,28.857142857142858
2018-09-03,兰州市,良,70,27,61.0,37.0,7,0.67,101,2018,9,秋季,1,0,41.0,29.142857142857142
2018-09-04,兰州市,优,46,20,46.0,42.0,8,0.66,39,2018,9,秋季,2,0,70.0,28.0
2018-09-05,兰州市,优,43,23,43.0,41.0,7,0.7,57,2018,9,秋季,3,0,46.0,27.571428571428573
2018-09-06,兰州市,良,54,21,57.0,34.0,10,0.49,48,2018,9,秋季,4,0,43.0,26.142857142857142
2018-09-07,兰州市,良,55,21,60.0,36.0,10,0.52,42,2018,9,秋季,5,0,54.0,23.571428571428573
2018-09-08,兰州市,良,58,19,64.0,39.0,11,0.82,48,2018,9,秋季,6,1,55.0,21.285714285714285
2018-09-09,兰州市,优,45,20,44.0,28.0,5,0.51,53,2018,9,秋季,7,1,58.0,21.571428571428573
2018-09-10,兰州市,良,56,27,59.0,40.0,8,0.84,50,2018,9,秋季,1,0,45.0,21.571428571428573
2018-09-11,兰州市,良,53,24,55.0,35.0,6,0.64,51,2018,9,秋季,2,0,56.0,22.142857142857142
2018-09-12,兰州市,良,65,23,55.0,38.0,15,0.59,78,2018,9,秋季,3,0,53.0,22.142857142857142
2018-09-13,兰州市,优,44,21,41.0,34.0,9,0.55,66,2018,9,秋季,4,0,65.0,22.142857142857142
2018-09-14,兰州市,良,56,24,62.0,32.0,8,0.53,48,2018,9,秋季,5,0,44.0,22.571428571428573
2018-09-15,兰州市,优,30,16,24.0,22.0,6,0.51,55,2018,9,秋季,6,1,56.0,22.142857142857142
2018-09-16,兰州市,优,40,22,36.0,28.0,6,0.56,51,2018,9,秋季,7,1,30.0,22.428571428571427
2018-09-17,兰州市,优,34,16,33.0,30.0,6,0.54,44,2018,9,秋季,1,0,40.0,20.857142857142858
2018-09-18,兰州市,优,32,18,31.0,31.0,6,0.77,39,2018,9,秋季,2,0,34.0,20.0
2018-09-19,兰州市,优,47,21,42.0,41.0,6,0.81,64,2018,9,秋季,3,0,32.0,19.714285714285715
2018-09-20,兰州市,良,62,27,65.0,46.0,15,0.92,58,2018,9,秋季,4,0,47.0,20.571428571428573
2018-09-21,兰州市,良,65,28,75.0,42.0,13,0.73,60,2018,9,秋季,5,0,62.0,21.142857142857142
2018-09-22,兰州市,良,78,28,82.0,48.0,13,0.79,71,2018,9,秋季,6,1,65.0,22.857142857142858
2018-09-23,兰州市,良,62,25,68.0,43.0,16,0.68,54,2018,9,秋季,7,1,78.0,23.285714285714285
2018-09-24,兰州市,优,43,17,41.0,28.0,5,0.62,45,2018,9,秋季,1,0,62.0,23.428571428571427
2018-09-25,兰州市,优,35,16,30.0,26.0,7,0.69,58,2018,9,秋季,2,0,43.0,23.142857142857142
2018-09-26,兰州市,优,38,17,36.0,33.0,7,0.69,53,2018,9,秋季,3,0,35.0,22.571428571428573
2018-09-27,兰州市,优,50,24,54.0,26.0,6,0.44,57,2018,9,秋季,4,0,38.0,22.142857142857142
2018-09-28,兰州市,良,65,28,77.0,43.0,9,0.82,40,2018,9,秋季,5,0,50.0,22.142857142857142
2018-09-29,兰州市,良,70,30,81.0,52.0,15,0.85,56,2018,9,秋季,6,1,65.0,22.428571428571427
2018-09-30,兰州市,良,63,27,77.0,45.0,20,0.84,42,2018,9,秋季,7,1,70.0,22.714285714285715
2018-10-01,兰州市,良,56,25,59.0,39.0,8,0.72,57,2018,10,秋季,1,0,63.0,23.857142857142858
2018-10-02,兰州市,良,60,26,66.0,46.0,16,0.72,58,2018,10,秋季,2,0,56.0,25.285714285714285
2018-10-03,兰州市,良,63,33,74.0,50.0,19,0.84,58,2018,10,秋季,3,0,60.0,27.571428571428573
2018-10-04,兰州市,良,61,30,68.0,49.0,15,0.71,55,2018,10,秋季,4,0,63.0,28.428571428571427
2018-10-05,兰州市,良,56,23,61.0,32.0,9,0.48,48,2018,10,秋季,5,0,61.0,27.714285714285715
2018-10-06,兰州市,良,58,20,64.0,22.0,11,0.43,66,2018,10,秋季,6,1,56.0,26.285714285714285
2018-10-07,兰州市,良,58,26,64.0,33.0,11,0.65,59,2018,10,秋季,7,1,58.0,26.142857142857142
2018-10-08,兰州市,优,45,24,45.0,32.0,9,0.49,63,2018,10,秋季,1,0,58.0,26.0
2018-10-09,兰州市,良,64,26,77.0,46.0,17,0.73,40,2018,10,秋季,2,0,45.0,26.0
2018-10-10,兰州市,良,67,29,82.0,54.0,20,0.91,46,2018,10,秋季,3,0,64.0,25.428571428571427
2018-10-11,兰州市,良,70,32,86.0,61.0,18,0.92,53,2018,10,秋季,4,0,67.0,25.714285714285715
2018-10-12,兰州市,良,64,35,77.0,47.0,11,0.8,44,2018,10,秋季,5,0,70.0,27.428571428571427
2018-10-13,兰州市,良,59,35,66.0,47.0,10,0.77,23,2018,10,秋季,6,1,64.0,29.571428571428573
2018-10-14,兰州市,良,58,36,64.0,44.0,13,0.86,44,2018,10,秋季,7,1,59.0,31.0
2018-10-15,兰州市,良,64,38,74.0,52.0,19,0.97,49,2018,10,秋季,1,0,58.0,33.0
2018-10-16,兰州市,良,59,32,68.0,45.0,13,0.85,42,2018,10,秋季,2,0,64.0,33.857142857142854
2018-10-17,兰州市,优,45,24,45.0,38.0,7,0.79,32,2018,10,秋季,3,0,59.0,33.142857142857146
2018-10-18,兰州市,优,46,25,46.0,34.0,7,0.72,32,2018,10,秋季,4,0,45.0,32.142857142857146
2018-10-19,兰州市,优,28,17,24.0,25.0,4,0.59,45,2018,10,秋季,5,0,46.0,29.571428571428573
2018-10-20,兰州市,优,45,28,45.0,37.0,8,0.86,24,2018,10,秋季,6,1,28.0,28.571428571428573
2018-10-21,兰州市,良,67,36,88.0,32.0,7,0.79,32,2018,10,秋季,7,1,45.0,28.571428571428573
2018-10-22,兰州市,轻度污染,117,55,182.0,33.0,10,0.46,49,2018,10,秋季,1,0,67.0,31.0
2018-10-23,兰州市,轻度污染,104,54,157.0,56.0,14,0.97,34,2018,10,秋季,2,0,117.0,34.142857142857146
2018-10-24,兰州市,良,80,44,107.0,44.0,11,0.85,31,2018,10,秋季,3,0,104.0,37.0
2018-10-25,兰州市,良,69,25,86.0,37.0,11,0.52,53,2018,10,秋季,4,0,80.0,37.0
2018-10-26,兰州市,良,81,37,111.0,57.0,15,0.85,41,2018,10,秋季,5,0,69.0,39.85714285714285
2018-10-27,兰州市,良,81,43,109.0,64.0,21,0.99,43,2018,10,秋季,6,1,81.0,42.0
2018-10-28,兰州市,良,73,38,90.0,63.0,23,0.95,61,2018,10,秋季,7,1,81.0,42.285714285714285
2018-10-29,兰州市,良,78,41,103.0,65.0,24,1.02,37,2018,10,秋季,1,0,73.0,40.285714285714285
2018-10-30,兰州市,良,79,39,107.0,65.0,27,1.02,44,2018,10,秋季,2,0,78.0,38.142857142857146
2018-10-31,兰州市,良,83,43,115.0,78.0,28,1.35,36,2018,10,秋季,3,0,79.0,38.0
2018-11-01,兰州市,良,85,50,119.0,80.0,26,1.54,28,2018,11,秋季,4,0,83.0,41.57142857142857
2018-11-02,兰州市,良,73,47,94.0,51.0,19,1.13,40,2018,11,秋季,5,0,85.0,43.0
2018-11-03,兰州市,良,57,23,64.0,19.0,13,0.33,63,2018,11,秋季,6,1,73.0,40.142857142857146
2018-11-04,兰州市,优,38,24,37.0,26.0,8,0.58,45,2018,11,秋季,7,1,57.0,38.142857142857146
2018-11-05,兰州市,优,41,26,38.0,36.0,6,0.69,40,2018,11,秋季,1,0,38.0,36.0
2018-11-06,兰州市,优,50,34,48.0,38.0,8,0.76,36,2018,11,秋季,2,0,41.0,35.285714285714285
2018-11-07,兰州市,优,50,34,51.0,39.0,7,0.83,45,2018,11,秋季,3,0,50.0,34.0
2018-11-08,兰州市,良,73,48,91.0,63.0,15,1.53,41,2018,11,秋季,4,0,50.0,33.714285714285715
2018-11-09,兰州市,良,79,52,104.0,62.0,25,1.53,39,2018,11,秋季,5,0,73.0,34.42857142857143
2018-11-10,兰州市,良,61,29,70.0,35.0,12,0.71,60,2018,11,秋季,6,1,79.0,35.285714285714285
2018-11-11,兰州市,良,93,65,129.0,71.0,23,1.72,33,2018,11,秋季,7,1,61.0,41.142857142857146
2018-11-12,兰州市,轻度污染,106,79,146.0,82.0,25,2.13,36,2018,11,秋季,1,0,93.0,48.71428571428572
2018-11-13,兰州市,轻度污染,105,78,140.0,85.0,22,1.74,32,2018,11,秋季,2,0,106.0,55.0
2018-11-14,兰州市,良,82,36,111.0,32.0,9,0.57,47,2018,11,秋季,3,0,105.0,55.285714285714285
2018-11-15,兰州市,优,48,23,49.0,27.0,20,0.45,48,2018,11,秋季,4,0,82.0,51.71428571428572
2018-11-16,兰州市,良,51,26,52.0,33.0,15,0.58,39,2018,11,秋季,5,0,48.0,48.0
2018-11-17,兰州市,良,61,40,66.0,45.0,18,0.95,31,2018,11,秋季,6,1,51.0,49.57142857142857
2018-11-18,兰州市,良,67,45,80.0,51.0,20,1.21,30,2018,11,秋季,7,1,61.0,46.71428571428572
2018-11-19,兰州市,良,78,53,103.0,60.0,27,1.52,28,2018,11,秋季,1,0,67.0,43.0
2018-11-20,兰州市,良,65,38,78.0,42.0,23,0.89,42,2018,11,秋季,2,0,78.0,37.285714285714285
2018-11-21,兰州市,良,62,30,73.0,45.0,17,0.84,47,2018,11,秋季,3,0,65.0,36.42857142857143
2018-11-22,兰州市,良,89,59,124.0,73.0,33,1.66,30,2018,11,秋季,4,0,62.0,41.57142857142857
2018-11-23,兰州市,良,84,56,116.0,71.0,29,1.9,28,2018,11,秋季,5,0,89.0,45.85714285714285
2018-11-24,兰州市,良,85,57,115.0,69.0,38,1.77,28,2018,11,秋季,6,1,84.0,48.285714285714285
2018-11-25,兰州市,轻度污染,103,74,140.0,83.0,32,2.18,28,2018,11,秋季,7,1,85.0,52.42857142857143
2018-11-26,兰州市,轻度污染,141,91,214.5,37.0,14,0.58,36,2018,11,秋季,1,0,103.0,57.85714285714285
2018-11-27,兰州市,轻度污染,141,91,214.5,55.0,24,1.41,22,2018,11,秋季,2,0,141.0,65.42857142857143
2018-11-28,兰州市,轻度污染,141,91,214.5,81.0,33,2.09,26,2018,11,秋季,3,0,141.0,74.14285714285714
2018-11-29,兰州市,轻度污染,141,80,214.5,82.0,36,2.06,27,2018,11,秋季,4,0,141.0,77.14285714285714
2018-11-30,兰州市,良,99,54,145.0,65.0,29,1.67,27,2018,11,秋季,5,0,141.0,76.85714285714286
2018-12-01,兰州市,良,90,56,126.0,71.0,28,1.8,33,2018,12,冬季,6,1,99.0,76.71428571428571
2018-12-02,兰州市,轻度污染,141,75,214.5,35.0,15,0.82,40,2018,12,冬季,7,1,90.0,76.85714285714286
2018-12-03,兰州市,轻度污染,141,62,214.5,30.0,14,0.69,40,2018,12,冬季,1,0,141.0,72.71428571428571
2018-12-04,兰州市,轻度污染,108,44,164.0,37.0,14,0.83,40,2018,12,冬季,2,0,141.0,66.0
2018-12-05,兰州市,良,100,42,148.0,38.0,16,0.88,36,2018,12,冬季,3,0,108.0,59.0
2018-12-06,兰州市,良,70,26,88.0,23.0,11,0.59,48,2018,12,冬季,4,0,100.0,51.285714285714285
2018-12-07,兰州市,良,61,29,71.0,34.0,18,0.78,32,2018,12,冬季,5,0,70.0,47.71428571428572
2018-12-08,兰州市,良,61,29,70.0,32.0,27,0.88,25,2018,12,冬季,6,1,61.0,43.85714285714285
2018-12-09,兰州市,良,73,48,89.0,39.0,16,1.31,19,2018,12,冬季,7,1,61.0,40.0
2018-12-10,兰州市,良,70,45,86.0,31.0,18,0.89,40,2018,12,冬季,1,0,73.0,37.57142857142857
2018-12-11,兰州市,良,89,42,125.0,44.0,17,0.97,35,2018,12,冬季,2,0,70.0,37.285714285714285
2018-12-12,兰州市,良,99,66,143.0,62.0,26,1.86,22,2018,12,冬季,3,0,89.0,40.71428571428572
2018-12-13,兰州市,轻度污染,101,74,144.0,65.0,35,1.92,21,2018,12,冬季,4,0,99.0,47.57142857142857
2018-12-14,兰州市,良,85,61,112.0,47.0,26,1.54,22,2018,12,冬季,5,0,101.0,52.142857142857146
2018-12-15,兰州市,良,80,56,104.0,55.0,25,1.62,21,2018,12,冬季,6,1,85.0,56.0
2018-12-16,兰州市,良,94,68,122.0,65.0,33,2.05,23,2018,12,冬季,7,1,80.0,58.85714285714285
2018-12-17,兰州市,轻度污染,105,77,141.0,80.0,38,2.53,28,2018,12,冬季,1,0,94.0,63.42857142857143
2018-12-18,兰州市,轻度污染,109,82,145.0,86.0,38,2.81,21,2018,12,冬季,2,0,105.0,69.14285714285714
2018-12-19,兰州市,良,99,72,131.0,81.0,38,2.49,24,2018,12,冬季,3,0,109.0,70.0
2018-12-20,兰州市,良,79,50,100.0,56.0,25,1.53,34,2018,12,冬季,4,0,99.0,66.57142857142857
2018-12-21,兰州市,良,65,31,78.0,59.0,38,1.25,28,2018,12,冬季,5,0,79.0,62.285714285714285
2018-12-28,兰州市,良,65,27,77.0,27.0,20,0.77,35,2018,12,冬季,5,0,65.0,58.142857142857146
2018-12-29,兰州市,良,75,48,91.0,46.0,25,1.33,26,2018,12,冬季,6,1,65.0,55.285714285714285
2018-12-30,兰州市,良,94,69,106.0,50.0,21,1.75,24,2018,12,冬季,7,1,75.0,54.142857142857146
2018-12-31,兰州市,良,89,65,100.0,48.0,26,1.35,32,2018,12,冬季,1,0,94.0,51.71428571428572
2019-01-01,兰州市,轻度污染,111,82,118.0,64.0,22,2.14,31,2019,1,冬季,2,0,89.0,53.142857142857146
2019-01-02,兰州市,轻度污染,126,91,137.0,73.0,26,2.61,24,2019,1,冬季,3,0,111.0,59.0
2019-01-03,兰州市,良,73,52,81.0,49.0,31,1.43,29,2019,1,冬季,4,0,126.0,62.0
2019-01-04,兰州市,良,74,52,91.0,57.0,29,1.32,32,2019,1,冬季,5,0,73.0,65.57142857142857
2019-01-05,兰州市,良,93,68,115.0,70.0,36,2.08,24,2019,1,冬季,6,1,74.0,68.42857142857143
2019-01-06,兰州市,良,84,59,100.0,51.0,26,1.53,35,2019,1,冬季,7,1,93.0,67.0
2019-01-07,兰州市,良,62,31,71.0,39.0,23,0.84,45,2019,1,冬季,1,0,84.0,62.142857142857146
2019-01-08,兰州市,良,68,39,83.0,45.0,22,1.19,36,2019,1,冬季,2,0,62.0,56.0
2019-01-09,兰州市,良,79,55,100.0,51.0,26,1.53,30,2019,1,冬季,3,0,68.0,50.85714285714285
2019-01-10,兰州市,良,70,40,88.0,41.0,18,0.95,42,2019,1,冬季,4,0,79.0,49.142857142857146
2019-01-11,兰州市,轻度污染,105,77,137.0,73.0,31,2.3,26,2019,1,冬季,5,0,70.0,52.71428571428572
2019-01-12,兰州市,良,93,58,133.0,73.0,32,1.79,34,2019,1,冬季,6,1,105.0,51.285714285714285
2019-01-13,兰州市,良,88,61,120.0,80.0,37,2.13,30,2019,1,冬季,7,1,93.0,51.57142857142857
2019-01-14,兰州市,良,62,35,72.0,45.0,20,1.02,42,2019,1,冬季,1,0,88.0,52.142857142857146
2019-01-15,兰州市,优,49,21,49.0,35.0,14,0.67,48,2019,1,冬季,2,0,62.0,49.57142857142857
2019-01-16,兰州市,良,62,37,71.0,49.0,25,1.3,29,2019,1,冬季,3,0,49.0,47.0
2019-01-17,兰州市,良,70,46,87.0,54.0,27,1.57,32,2019,1,冬季,4,0,62.0,47.85714285714285
2019-01-18,兰州市,良,56,26,61.0,35.0,18,0.69,49,2019,1,冬季,5,0,70.0,40.57142857142857
2019-01-19,兰州市,良,63,34,74.0,46.0,23,1.05,34,2019,1,冬季,6,1,56.0,37.142857142857146
2019-01-20,兰州市,良,52,27,54.0,34.0,20,0.76,41,2019,1,冬季,7,1,63.0,32.285714285714285
2019-01-21,兰州市,良,74,52,82.0,58.0,20,1.33,34,2019,1,冬季,1,0,52.0,34.714285714285715
2019-01-22,兰州市,良,81,58,98.0,72.0,25,2.04,33,2019,1,冬季,2,0,74.0,40.0
2019-01-23,兰州市,良,76,54,96.0,71.0,30,2.06,30,2019,1,冬季,3,0,81.0,42.42857142857143
2019-01-24,兰州市,良,67,44,82.0,55.0,22,1.24,33,2019,1,冬季,4,0,76.0,42.142857142857146
2019-01-25,兰州市,良,67,42,82.0,59.0,21,1.25,38,2019,1,冬季,5,0,67.0,44.42857142857143
2019-01-26,兰州市,良,66,38,81.0,47.0,24,1.2,44,2019,1,冬季,6,1,67.0,45.0
2019-01-27,兰州市,优,50,23,52.0,30.0,16,0.59,58,2019,1,冬季,7,1,66.0,44.42857142857143
2019-01-28,兰州市,良,57,30,62.0,43.0,38,0.94,37,2019,1,冬季,1,0,50.0,41.285714285714285
2019-01-29,兰州市,良,54,29,57.0,45.0,26,1.04,38,2019,1,冬季,2,0,57.0,37.142857142857146
2019-01-30,兰州市,良,59,25,65.0,24.0,14,0.64,53,2019,1,冬季,3,0,54.0,33.0
2019-01-31,兰州市,良,68,30,84.0,32.0,10,0.67,49,2019,1,冬季,4,0,59.0,31.0
2019-02-01,兰州市,良,86,53,121.0,63.0,20,1.75,38,2019,2,冬季,5,0,68.0,32.57142857142857
2019-02-02,兰州市,良,77,29,102.0,34.0,20,0.69,51,2019,2,冬季,6,1,86.0,31.285714285714285
2019-02-03,兰州市,良,62,25,71.0,31.0,15,0.74,53,2019,2,冬季,7,1,77.0,31.571428571428573
2019-02-04,兰州市,良,69,38,86.0,45.0,25,1.21,51,2019,2,冬季,1,0,62.0,32.714285714285715
2019-02-05,兰州市,良,67,40,82.0,40.0,32,1.3,52,2019,2,冬季,2,0,69.0,34.285714285714285
2019-02-06,兰州市,优,50,24,51.0,30.0,20,0.81,57,2019,2,冬季,3,0,67.0,34.142857142857146
2019-02-07,兰州市,良,63,23,75.0,25.0,21,0.66,58,2019,2,冬季,4,0,50.0,33.142857142857146
2019-02-08,兰州市,良,88,31,125.0,17.0,18,0.52,61,2019,2,冬季,5,0,63.0,30.0
2019-02-09,兰州市,良,63,24,74.0,18.0,14,0.56,56,2019,2,冬季,6,1,88.0,29.285714285714285
2019-02-10,兰州市,良,68,30,83.0,24.0,15,0.71,52,2019,2,冬季,7,1,63.0,30.0
2019-02-11,兰州市,良,73,38,93.0,39.0,21,1.08,47,2019,2,冬季,1,0,68.0,30.0
2019-02-12,兰州市,良,77,37,101.0,45.0,20,1.08,51,2019,2,冬季,2,0,73.0,29.571428571428573
2019-02-13,兰州市,良,99,45,132.0,51.0,23,1.34,48,2019,2,冬季,3,0,77.0,32.57142857142857
2019-02-14,兰州市,轻度污染,120,35,174.0,19.0,8,0.43,64,2019,2,冬季,4,0,99.0,34.285714285714285
2019-02-15,兰州市,良,80,31,108.0,30.0,17,0.77,50,2019,2,冬季,5,0,120.0,34.285714285714285
2019-02-16,兰州市,良,66,31,80.0,26.0,27,0.73,55,2019,2,冬季,6,1,80.0,35.285714285714285
2019-02-17,兰州市,良,58,31,64.0,25.0,29,0.72,57,2019,2,冬季,7,1,66.0,35.42857142857143
2019-02-18,兰州市,良,61,37,70.0,31.0,15,0.9,62,2019,2,冬季,1,0,58.0,35.285714285714285
2019-02-19,兰州市,良,82,55,108.0,53.0,22,1.23,46,2019,2,冬季,2,0,61.0,37.85714285714285
2019-02-20,兰州市,良,65,39,77.0,39.0,13,1.08,46,2019,2,冬季,3,0,82.0,37.0
2019-02-21,兰州市,良,59,34,66.0,38.0,14,0.99,63,2019,2,冬季,4,0,65.0,36.85714285714285
2019-02-22,兰州市,良,66,45,79.0,46.0,15,1.21,43,2019,2,冬季,5,0,59.0,38.85714285714285
2019-02-23,兰州市,良,65,42,78.0,47.0,15,1.14,43,2019,2,冬季,6,1,66.0,40.42857142857143
2019-02-24,兰州市,良,57,38,62.0,28.0,13,0.76,67,2019,2,冬季,7,1,65.0,41.42857142857143
2019-02-25,兰州市,良,62,38,72.0,30.0,12,0.75,58,2019,2,冬季,1,0,57.0,41.57142857142857
2019-02-26,兰州市,良,70,43,88.0,33.0,15,0.82,54,2019,2,冬季,2,0,62.0,39.85714285714285
2019-02-27,兰州市,良,57,37,60.0,42.0,8,0.95,46,2019,2,冬季,3,0,70.0,39.57142857142857
2019-02-28,兰州市,良,56,38,60.0,47.0,10,1.18,38,2019,2,冬季,4,0,57.0,40.142857142857146
2019-03-01,兰州市,良,53,34,54.0,48.0,8,1.08,31,2019,3,春季,5,0,56.0,38.57142857142857
2019-03-02,兰州市,良,60,39,68.0,46.0,11,1.23,46,2019,3,春季,6,1,53.0,38.142857142857146
2019-03-03,兰州市,良,66,43,79.0,59.0,13,1.33,50,2019,3,春季,7,1,60.0,38.85714285714285
2019-03-04,兰州市,良,64,37,76.0,48.0,17,1.02,54,2019,3,春季,1,0,66.0,38.71428571428572
2019-03-05,兰州市,良,63,37,73.0,45.0,19,0.85,71,2019,3,春季,2,0,64.0,37.85714285714285
2019-03-06,兰州市,良,65,40,77.0,56.0,14,1.08,57,2019,3,春季,3,0,63.0,38.285714285714285
2019-03-07,兰州市,良,52,31,53.0,38.0,8,0.87,61,2019,3,春季,4,0,65.0,37.285714285714285
2019-03-08,兰州市,良,52,27,57.0,33.0,10,0.83,61,2019,3,春季,5,0,52.0,36.285714285714285
2019-03-09,兰州市,良,61,34,70.0,33.0,10,0.73,70,2019,3,春季,6,1,52.0,35.57142857142857
2019-03-10,兰州市,良,63,27,74.0,29.0,9,0.53,77,2019,3,春季,7,1,61.0,33.285714285714285
2019-03-11,兰州市,良,58,22,64.0,31.0,14,0.57,69,2019,3,春季,1,0,63.0,31.142857142857142
2019-03-12,兰州市,良,67,29,83.0,49.0,17,0.96,61,2019,3,春季,2,0,58.0,30.0
2019-03-13,兰州市,良,56,24,61.0,34.0,20,0.61,65,2019,3,春季,3,0,67.0,27.714285714285715
2019-03-14,兰州市,良,64,34,76.0,50.0,16,1.14,56,2019,3,春季,4,0,56.0,28.142857142857142
2019-03-15,兰州市,良,67,33,81.0,59.0,18,0.96,61,2019,3,春季,5,0,64.0,29.0
2019-03-16,兰州市,良,69,34,85.0,51.0,16,0.94,58,2019,3,春季,6,1,67.0,29.0
2019-03-17,兰州市,良,61,32,70.0,38.0,15,0.76,69,2019,3,春季,7,1,69.0,29.714285714285715
2019-03-18,兰州市,良,70,38,86.0,51.0,15,0.93,68,2019,3,春季,1,0,61.0,32.0
2019-03-19,兰州市,良,69,31,85.0,41.0,18,0.81,66,2019,3,春季,2,0,70.0,32.285714285714285
2019-03-20,兰州市,良,93,33,133.0,21.0,8,0.38,76,2019,3,春季,3,0,69.0,33.57142857142857
2019-03-21,兰州市,良,84,30,116.0,26.0,11,0.48,70,2019,3,春季,4,0,93.0,33.0
2019-03-22,兰州市,良,71,28,89.0,35.0,18,0.56,60,2019,3,春季,5,0,84.0,32.285714285714285
2019-03-23,兰州市,良,73,33,94.0,52.0,13,0.78,63,2019,3,春季,6,1,71.0,32.142857142857146
2019-03-24,兰州市,良,76,33,99.0,40.0,12,0.68,74,2019,3,春季,7,1,73.0,32.285714285714285
2019-03-25,兰州市,良,80,36,109.0,51.0,17,0.85,72,2019,3,春季,1,0,76.0,32.0
2019-03-26,兰州市,良,86,39,119.0,48.0,22,0.8,66,2019,3,春季,2,0,80.0,33.142857142857146
2019-03-27,兰州市,轻度污染,113,46,175.0,46.0,13,0.81,62,2019,3,春季,3,0,86.0,35.0
2019-03-28,兰州市,轻度污染,141,55,214.5,40.0,10,0.62,64,2019,3,春季,4,0,113.0,38.57142857142857
2019-03-29,兰州市,良,84,29,116.0,26.0,10,0.5,71,2019,3,春季,5,0,141.0,38.71428571428572
2019-03-30,兰州市,良,81,31,109.0,39.0,11,0.65,67,2019,3,春季,6,1,84.0,38.42857142857143
2019-03-31,兰州市,良,73,32,92.0,52.0,18,0.87,67,2019,3,春季,7,1,81.0,38.285714285714285
2019-04-01,兰州市,良,87,36,121.0,53.0,19,0.85,70,2019,4,春季,1,0,73.0,38.285714285714285
2019-04-02,兰州市,良,63,24,72.0,39.0,11,0.57,87,2019,4,春季,2,0,87.0,36.142857142857146
2019-04-03,兰州市,良,73,32,89.0,56.0,16,0.72,73,2019,4,春季,3,0,63.0,34.142857142857146
2019-04-04,兰州市,良,68,28,81.0,40.0,10,0.63,91,2019,4,春季,4,0,73.0,30.285714285714285
2019-04-05,兰州市,良,76,31,95.0,57.0,19,0.88,65,2019,4,春季,5,0,68.0,30.571428571428573
2019-04-06,兰州市,轻度污染,108,42,164.0,48.0,17,0.78,67,2019,4,春季,6,1,76.0,32.142857142857146
2019-04-07,兰州市,良,97,38,141.0,42.0,15,0.81,74,2019,4,春季,7,1,108.0,33.0
2019-04-08,兰州市,良,68,28,84.0,24.0,7,0.56,87,2019,4,春季,1,0,97.0,31.857142857142858
2019-04-09,兰州市,优,43,18,40.0,21.0,9,0.5,77,2019,4,春季,2,0,68.0,31.0
2019-04-10,兰州市,优,48,16,46.0,17.0,11,0.44,89,2019,4,春季,3,0,43.0,28.714285714285715
2019-04-11,兰州市,良,56,19,59.0,33.0,14,0.47,76,2019,4,春季,4,0,48.0,27.428571428571427
2019-04-12,兰州市,良,54,21,55.0,25.0,6,0.53,90,2019,4,春季,5,0,56.0,26.0
2019-04-13,兰州市,优,48,22,46.0,24.0,6,0.44,73,2019,4,春季,6,1,54.0,23.142857142857142
2019-04-14,兰州市,良,56,24,58.0,39.0,8,0.65,68,2019,4,春季,7,1,48.0,21.142857142857142
2019-04-15,兰州市,良,59,25,67.0,49.0,12,0.6,53,2019,4,春季,1,0,56.0,20.714285714285715
2019-04-16,兰州市,良,73,31,81.0,62.0,12,1.02,68,2019,4,春季,2,0,59.0,22.571428571428573
2019-04-17,兰州市,良,91,30,90.0,66.0,15,0.95,84,2019,4,春季,3,0,73.0,24.571428571428573
2019-04-18,兰州市,良,61,23,68.0,43.0,10,0.78,65,2019,4,春季,4,0,91.0,25.142857142857142
2019-04-19,兰州市,良,87,37,123.0,39.0,11,0.63,64,2019,4,春季,5,0,61.0,27.428571428571427
2019-04-20,兰州市,良,73,35,92.0,27.0,5,0.5,76,2019,4,春季,6,1,87.0,29.285714285714285
2019-04-21,兰州市,良,74,30,83.0,50.0,14,0.86,71,2019,4,春季,7,1,73.0,30.142857142857142
2019-04-22,兰州市,良,74,27,80.0,49.0,9,0.67,78,2019,4,春季,1,0,74.0,30.428571428571427
2019-04-23,兰州市,良,77,27,70.0,55.0,13,0.7,87,2019,4,春季,2,0,74.0,29.857142857142858
2019-04-24,兰州市,轻度污染,101,36,142.0,26.0,5,0.44,79,2019,4,春季,3,0,77.0,30.714285714285715
2019-04-25,兰州市,良,74,31,94.0,38.0,15,0.56,82,2019,4,春季,4,0,101.0,31.857142857142858
2019-04-26,兰州市,良,87,37,122.0,45.0,9,0.62,76,2019,4,春季,5,0,74.0,31.857142857142858
2019-04-27,兰州市,良,68,37,84.0,19.0,6,0.48,93,2019,4,春季,6,1,87.0,32.142857142857146
2019-04-28,兰州市,良,58,29,62.0,29.0,8,0.5,82,2019,4,春季,7,1,68.0,32.0
2019-04-29,兰州市,良,52,23,55.0,24.0,9,0.46,66,2019,4,春季,1,0,58.0,31.428571428571427
2019-04-30,兰州市,优,42,17,39.0,27.0,5,0.52,68,2019,4,春季,2,0,52.0,30.0
2019-05-01,兰州市,良,58,25,65.0,36.0,6,0.55,61,2019,5,春季,3,0,42.0,28.428571428571427
2019-05-02,兰州市,良,57,23,62.0,38.0,7,0.58,57,2019,5,春季,4,0,58.0,27.285714285714285
2019-05-03,兰州市,优,47,18,41.0,24.0,8,0.64,84,2019,5,春季,5,0,57.0,24.571428571428573
2019-05-04,兰州市,良,57,22,56.0,40.0,8,0.62,70,2019,5,春季,6,1,47.0,22.428571428571427
2019-05-05,兰州市,优,46,18,36.0,19.0,4,0.52,81,2019,5,春季,7,1,57.0,20.857142857142858
2019-05-06,兰州市,优,41,14,29.0,23.0,4,0.55,84,2019,5,春季,1,0,46.0,19.571428571428573
2019-05-07,兰州市,优,43,13,26.0,24.0,5,0.65,82,2019,5,春季,2,0,41.0,19.0
2019-05-08,兰州市,优,40,15,30.0,17.0,7,0.42,81,2019,5,春季,3,0,43.0,17.571428571428573
2019-05-09,兰州市,优,40,16,37.0,31.0,5,0.51,63,2019,5,春季,4,0,40.0,16.571428571428573
2019-05-10,兰州市,优,47,19,43.0,32.0,8,0.54,70,2019,5,春季,5,0,40.0,16.714285714285715
2019-05-11,兰州市,优,48,19,42.0,30.0,5,0.5,76,2019,5,春季,6,1,47.0,16.285714285714285
2019-05-12,兰州市,轻度污染,141,91,214.5,18.0,4,0.42,78,2019,5,春季,7,1,48.0,26.714285714285715
2019-05-13,兰州市,轻度污染,141,91,214.5,39.0,7,0.64,55,2019,5,春季,1,0,141.0,37.71428571428572
2019-05-14,兰州市,良,69,28,81.0,30.0,5,0.53,83,2019,5,春季,2,0,141.0,39.85714285714285
2019-05-15,兰州市,轻度污染,121,49,168.0,33.0,4,0.53,71,2019,5,春季,3,0,69.0,44.71428571428572
2019-05-16,兰州市,良,79,32,106.0,34.0,6,0.7,73,2019,5,春季,4,0,121.0,47.0
2019-05-17,兰州市,良,63,25,75.0,35.0,10,0.74,72,2019,5,春季,5,0,79.0,47.85714285714285
2019-05-18,兰州市,良,88,36,123.0,20.0,5,0.5,83,2019,5,春季,6,1,63.0,50.285714285714285
2019-05-19,兰州市,良,86,36,120.0,16.0,5,0.42,88,2019,5,春季,7,1,88.0,42.42857142857143
2019-05-20,兰州市,良,69,25,84.0,39.0,7,0.58,61,2019,5,春季,1,0,86.0,33.0
2019-05-21,兰州市,良,66,23,76.0,42.0,12,0.67,67,2019,5,春季,2,0,69.0,32.285714285714285
2019-05-22,兰州市,良,66,21,71.0,45.0,13,0.66,72,2019,5,春季,3,0,66.0,28.285714285714285
2019-05-23,兰州市,良,61,23,68.0,49.0,15,0.7,68,2019,5,春季,4,0,66.0,27.0
2019-05-24,兰州市,良,61,20,61.0,45.0,9,0.59,71,2019,5,春季,5,0,61.0,26.285714285714285
2019-05-25,兰州市,良,87,37,122.0,40.0,11,0.61,63,2019,5,春季,6,1,61.0,26.428571428571427
2019-05-26,兰州市,良,75,28,99.0,21.0,6,0.36,81,2019,5,春季,7,1,87.0,25.285714285714285
2019-05-27,兰州市,优,47,17,37.0,18.0,4,0.53,84,2019,5,春季,1,0,75.0,24.142857142857142
2019-05-28,兰州市,良,52,22,53.0,30.0,7,0.66,66,2019,5,春季,2,0,47.0,24.0
2019-05-29,兰州市,良,55,20,52.0,36.0,10,0.49,71,2019,5,春季,3,0,52.0,23.857142857142858
2019-05-30,兰州市,良,56,16,47.0,34.0,7,0.53,91,2019,5,春季,4,0,55.0,22.857142857142858
2019-05-31,兰州市,良,61,25,72.0,49.0,14,0.8,56,2019,5,春季,5,0,56.0,23.571428571428573
2019-06-01,兰州市,良,62,26,71.0,40.0,9,0.72,64,2019,6,夏季,6,1,61.0,22.0
2019-06-02,兰州市,良,57,19,56.0,33.0,7,0.51,86,2019,6,夏季,7,1,62.0,20.714285714285715
2019-06-03,兰州市,良,55,16,47.0,32.0,8,0.48,90,2019,6,夏季,1,0,57.0,20.571428571428573
2019-06-04,兰州市,良,51,21,55.0,35.0,8,0.5,63,2019,6,夏季,2,0,55.0,20.428571428571427
2019-06-05,兰州市,优,45,18,42.0,32.0,8,0.57,71,2019,6,夏季,3,0,51.0,20.142857142857142
2019-06-06,兰州市,良,51,18,48.0,33.0,10,0.51,75,2019,6,夏季,4,0,45.0,20.428571428571427
2019-06-07,兰州市,良,56,21,57.0,31.0,17,0.49,72,2019,6,夏季,5,0,51.0,19.857142857142858
2019-06-08,兰州市,良,54,20,53.0,29.0,18,0.5,78,2019,6,夏季,6,1,56.0,19.0
2019-06-09,兰州市,良,52,17,47.0,31.0,7,0.47,80,2019,6,夏季,7,1,54.0,18.714285714285715
2019-06-10,兰州市,良,52,19,47.0,35.0,9,0.59,75,2019,6,夏季,1,0,52.0,19.142857142857142
2019-06-11,兰州市,优,44,19,43.0,29.0,5,0.44,66,2019,6,夏季,2,0,52.0,18.857142857142858
2019-06-14,兰州市,良,55,34,61.0,20.0,4,0.38,70,2019,6,夏季,5,0,44.0,21.142857142857142
2019-06-15,兰州市,优,45,21,48.0,24.0,6,0.48,77,2019,6,夏季,6,1,55.0,21.571428571428573
2019-06-17,兰州市,良,58,22,60.0,52.0,15,0.86,71,2019,6,夏季,1,0,45.0,21.714285714285715
2019-06-18,兰州市,优,49,21,54.0,52.0,13,0.69,55,2019,6,夏季,2,0,58.0,21.857142857142858
2019-06-19,兰州市,优,36,15,31.0,30.0,7,0.58,88,2019,6,夏季,3,0,49.0,21.571428571428573
2019-06-20,兰州市,优,38,13,33.0,32.0,12,0.7,62,2019,6,夏季,4,0,36.0,20.714285714285715
2019-06-25,兰州市,优,45,16,46.0,27.0,7,0.58,78,2019,6,夏季,2,0,38.0,20.285714285714285
2019-06-26,兰州市,优,38,13,35.0,23.0,5,0.45,64,2019,6,夏季,3,0,45.0,17.285714285714285
2019-06-27,兰州市,优,39,10,23.0,22.0,4,0.52,75,2019,6,夏季,4,0,38.0,15.714285714285714
2019-06-28,兰州市,优,47,13,36.0,35.0,5,0.6,76,2019,6,夏季,5,0,39.0,14.428571428571429
2019-06-29,兰州市,良,61,22,70.0,52.0,15,0.75,44,2019,6,夏季,6,1,47.0,14.571428571428571
2019-06-30,兰州市,良,51,17,51.0,38.0,10,0.55,58,2019,6,夏季,7,1,61.0,14.857142857142858
2019-07-01,兰州市,良,64,22,63.0,42.0,11,0.7,70,2019,7,夏季,1,0,51.0,16.142857142857142
2019-07-02,兰州市,良,53,18,54.0,38.0,8,0.57,60,2019,7,夏季,2,0,64.0,16.428571428571427
2019-07-03,兰州市,良,54,20,50.0,35.0,11,0.63,69,2019,7,夏季,3,0,53.0,17.428571428571427
2019-07-04,兰州市,良,57,16,41.0,36.0,8,0.62,87,2019,7,夏季,4,0,54.0,18.285714285714285
2019-07-05,兰州市,良,74,25,95.0,39.0,10,0.63,74,2019,7,夏季,5,0,57.0,20.0
2019-07-06,兰州市,良,71,22,84.0,38.0,8,0.64,74,2019,7,夏季,6,1,74.0,20.0
2019-07-07,兰州市,良,55,17,56.0,23.0,4,0.46,88,2019,7,夏季,7,1,71.0,20.0
2019-07-12,兰州市,良,58,18,41.0,42.0,7,0.66,113,2019,7,夏季,5,0,55.0,19.428571428571427
2019-07-13,兰州市,良,73,20,49.0,41.0,14,0.77,124,2019,7,夏季,6,1,58.0,19.714285714285715
2019-07-14,兰州市,优,50,20,55.0,43.0,9,0.7,78,2019,7,夏季,7,1,73.0,19.714285714285715
2019-07-15,兰州市,优,37,17,32.0,38.0,5,0.66,84,2019,7,夏季,1,0,50.0,19.857142857142858
2019-07-16,兰州市,优,49,17,46.0,47.0,7,0.89,83,2019,7,夏季,2,0,37.0,18.714285714285715
2019-07-17,兰州市,良,55,19,50.0,47.0,10,0.97,88,2019,7,夏季,3,0,49.0,18.285714285714285
2019-07-18,兰州市,优,50,20,54.0,49.0,9,0.68,64,2019,7,夏季,4,0,55.0,18.714285714285715
2019-07-19,兰州市,优,33,12,24.0,28.0,5,0.5,93,2019,7,夏季,5,0,50.0,17.857142857142858
2019-07-20,兰州市,良,54,14,43.0,46.0,8,0.8,82,2019,7,夏季,6,1,33.0,17.0
2019-07-21,兰州市,优,37,13,36.0,43.0,6,0.58,59,2019,7,夏季,7,1,54.0,16.0
2019-07-22,兰州市,良,58,17,56.0,41.0,7,0.79,88,2019,7,夏季,1,0,37.0,16.0
2019-07-23,兰州市,良,62,21,68.0,45.0,15,0.85,83,2019,7,夏季,2,0,58.0,16.571428571428573
2019-07-24,兰州市,优,49,18,53.0,36.0,5,0.59,76,2019,7,夏季,3,0,62.0,16.428571428571427
2019-07-25,兰州市,良,52,17,52.0,52.0,11,0.86,56,2019,7,夏季,4,0,49.0,16.0
2019-07-26,兰州市,良,55,16,58.0,43.0,11,0.72,77,2019,7,夏季,5,0,52.0,16.571428571428573
2019-08-06,兰州市,良,58,16,49.0,38.0,7,0.78,81,2019,8,夏季,2,0,55.0,16.857142857142858
2019-08-07,兰州市,良,66,21,60.0,40.0,10,0.77,78,2019,8,夏季,3,0,58.0,18.0
2019-08-08,兰州市,优,48,17,45.0,23.0,5,0.45,80,2019,8,夏季,4,0,66.0,18.0
2019-08-09,兰州市,优,49,15,41.0,31.0,6,0.61,76,2019,8,夏季,5,0,48.0,17.142857142857142
2019-08-10,兰州市,良,57,17,47.0,38.0,9,0.74,79,2019,8,夏季,6,1,49.0,17.0
2019-08-11,兰州市,良,66,18,56.0,39.0,12,0.82,82,2019,8,夏季,7,1,57.0,17.142857142857142
2019-08-21,兰州市,优,38,16,38.0,31.0,6,0.57,51,2019,8,夏季,3,0,66.0,17.142857142857142
2019-08-22,兰州市,优,39,19,40.0,23.0,23,0.6,64,2019,8,夏季,4,0,38.0,17.571428571428573
2019-08-23,兰州市,优,34,15,34.0,32.0,8,0.71,51,2019,8,夏季,5,0,39.0,16.714285714285715
2019-08-24,兰州市,优,36,15,37.0,46.0,6,0.72,47,2019,8,夏季,6,1,34.0,16.428571428571427
2019-08-25,兰州市,优,48,15,49.0,38.0,8,0.89,56,2019,8,夏季,7,1,36.0,16.428571428571427
2019-08-26,兰州市,优,34,13,28.0,27.0,5,0.63,83,2019,8,夏季,1,0,48.0,15.857142857142858
2019-08-27,兰州市,良,54,18,53.0,42.0,9,0.88,77,2019,8,夏季,2,0,34.0,15.857142857142858
2019-08-28,兰州市,优,43,20,39.0,34.0,10,0.76,66,2019,8,夏季,3,0,54.0,16.428571428571427
2019-09-01,兰州市,良,52,22,54.0,40.0,14,0.8,68,2019,9,秋季,7,1,43.0,16.857142857142858
2019-09-02,兰州市,优,42,17,41.0,30.0,6,0.67,61,2019,9,秋季,1,0,52.0,17.142857142857142
2019-09-03,兰州市,优,33,15,33.0,23.0,5,0.59,55,2019,9,秋季,2,0,42.0,17.142857142857142
2019-09-04,兰州市,优,48,22,50.0,32.0,7,0.83,61,2019,9,秋季,3,0,33.0,18.142857142857142
2019-09-05,兰州市,优,49,21,49.0,34.0,8,0.7,62,2019,9,秋季,4,0,48.0,19.285714285714285
2019-09-06,兰州市,优,48,19,49.0,33.0,8,0.77,56,2019,9,秋季,5,0,49.0,19.428571428571427
2019-09-07,兰州市,良,58,24,67.0,33.0,11,0.74,69,2019,9,秋季,6,1,48.0,20.0
2019-09-08,兰州市,良,62,29,77.0,28.0,13,0.81,70,2019,9,秋季,7,1,58.0,21.0
2019-09-09,兰州市,优,30,12,23.0,16.0,8,0.48,91,2019,9,秋季,1,0,62.0,20.285714285714285
2019-09-10,兰州市,优,45,19,46.0,43.0,8,0.8,50,2019,9,秋季,2,0,30.0,20.857142857142858
2019-09-11,兰州市,良,52,21,48.0,41.0,11,0.85,71,2019,9,秋季,3,0,45.0,20.714285714285715
2019-09-12,兰州市,优,28,12,27.0,23.0,8,0.56,49,2019,9,秋季,4,0,52.0,19.428571428571427
2019-09-13,兰州市,优,32,16,32.0,28.0,14,0.54,49,2019,9,秋季,5,0,28.0,19.0
2019-09-14,兰州市,优,42,19,43.0,32.0,9,0.66,56,2019,9,秋季,6,1,32.0,18.285714285714285
2019-09-15,兰州市,优,44,19,46.0,42.0,7,0.69,52,2019,9,秋季,7,1,42.0,16.857142857142858
2019-09-16,兰州市,良,57,25,66.0,46.0,15,1.13,37,2019,9,秋季,1,0,44.0,18.714285714285715
2019-09-17,兰州市,优,33,16,32.0,32.0,6,0.63,57,2019,9,秋季,2,0,57.0,18.285714285714285
2019-09-18,兰州市,优,34,16,33.0,30.0,6,0.49,58,2019,9,秋季,3,0,33.0,17.571428571428573
2019-09-19,兰州市,优,45,23,48.0,40.0,8,0.82,38,2019,9,秋季,4,0,34.0,19.142857142857142
2019-09-20,兰州市,良,56,29,62.0,46.0,9,0.6,58,2019,9,秋季,5,0,45.0,21.0
2019-09-21,兰州市,良,67,31,85.0,59.0,16,0.95,42,2019,9,秋季,6,1,56.0,22.714285714285715
2019-09-22,兰州市,良,63,29,77.0,59.0,17,0.88,51,2019,9,秋季,7,1,67.0,24.142857142857142
2019-09-23,兰州市,良,59,27,69.0,52.0,20,0.92,48,2019,9,秋季,1,0,63.0,24.428571428571427
2019-09-24,兰州市,良,59,30,69.0,52.0,16,0.88,50,2019,9,秋季,2,0,59.0,26.428571428571427
2019-09-25,兰州市,良,63,31,77.0,63.0,18,1.17,55,2019,9,秋季,3,0,59.0,28.571428571428573
2019-09-26,兰州市,良,68,33,87.0,64.0,17,1.08,47,2019,9,秋季,4,0,63.0,30.0
2019-09-27,兰州市,良,68,33,87.0,66.0,18,1.09,44,2019,9,秋季,5,0,68.0,30.571428571428573
2019-09-28,兰州市,良,65,31,81.0,57.0,21,0.9,53,2019,9,秋季,6,1,68.0,30.571428571428573
2019-09-29,兰州市,良,63,27,77.0,56.0,14,1.01,53,2019,9,秋季,7,1,65.0,30.285714285714285
2019-09-30,兰州市,良,59,28,70.0,43.0,10,0.82,47,2019,9,秋季,1,0,63.0,30.428571428571427
2019-10-01,兰州市,良,55,30,61.0,36.0,8,0.73,64,2019,10,秋季,2,0,59.0,30.428571428571427
2019-10-02,兰州市,优,42,20,42.0,30.0,7,0.68,50,2019,10,秋季,3,0,55.0,28.857142857142858
2019-10-03,兰州市,良,54,21,59.0,29.0,12,0.58,47,2019,10,秋季,4,0,42.0,27.142857142857142
2019-10-04,兰州市,优,43,22,46.0,23.0,5,0.6,51,2019,10,秋季,5,0,54.0,25.571428571428573
2019-10-05,兰州市,优,46,25,48.0,33.0,8,0.73,26,2019,10,秋季,6,1,43.0,24.714285714285715
2019-10-06,兰州市,优,29,17,28.0,19.0,9,0.52,49,2019,10,秋季,7,1,46.0,23.285714285714285
2019-10-07,兰州市,优,47,26,49.0,36.0,12,1.2,30,2019,10,秋季,1,0,29.0,23.0
2019-10-08,兰州市,优,49,27,52.0,43.0,9,0.68,27,2019,10,秋季,2,0,47.0,22.571428571428573
2019-10-09,兰州市,良,51,25,54.0,42.0,11,0.82,28,2019,10,秋季,3,0,49.0,23.285714285714285
2019-10-10,兰州市,良,60,29,71.0,55.0,12,0.95,26,2019,10,秋季,4,0,51.0,24.428571428571427
2019-10-11,兰州市,良,69,36,89.0,65.0,19,1.13,17,2019,10,秋季,5,0,60.0,26.428571428571427
2019-10-12,兰州市,良,61,31,73.0,49.0,19,0.83,48,2019,10,秋季,6,1,69.0,27.285714285714285
2019-10-13,兰州市,良,63,33,75.0,57.0,18,0.93,25,2019,10,秋季,7,1,61.0,29.571428571428573
2019-10-14,兰州市,良,55,30,61.0,40.0,12,0.75,43,2019,10,秋季,1,0,63.0,30.142857142857142
2019-10-15,兰州市,优,42,24,41.0,27.0,17,0.64,38,2019,10,秋季,2,0,55.0,29.714285714285715
2019-10-16,兰州市,优,42,26,44.0,39.0,6,0.7,46,2019,10,秋季,3,0,42.0,29.857142857142858
2019-10-17,兰州市,良,69,40,88.0,67.0,14,1.1,38,2019,10,秋季,4,0,42.0,31.428571428571427
2019-10-18,兰州市,良,77,44,103.0,64.0,19,1.57,29,2019,10,秋季,5,0,69.0,32.57142857142857
2019-10-19,兰州市,良,66,33,83.0,35.0,11,0.7,39,2019,10,秋季,6,1,77.0,32.857142857142854
2019-10-20,兰州市,良,81,35,112.0,53.0,14,0.95,38,2019,10,秋季,7,1,66.0,33.142857142857146
2019-10-21,兰州市,良,76,40,102.0,57.0,20,1.08,21,2019,10,秋季,1,0,81.0,34.57142857142857
2019-10-22,兰州市,良,63,40,76.0,60.0,22,1.07,35,2019,10,秋季,2,0,76.0,36.85714285714285
2019-10-23,兰州市,良,64,40,78.0,44.0,14,0.88,34,2019,10,秋季,3,0,63.0,38.85714285714285
2019-10-24,兰州市,优,49,25,57.0,28.0,5,0.61,42,2019,10,秋季,4,0,64.0,36.71428571428572
2019-10-25,兰州市,良,61,36,72.0,40.0,10,1.03,27,2019,10,秋季,5,0,49.0,35.57142857142857
2019-10-26,兰州市,良,63,34,76.0,55.0,12,1.04,28,2019,10,秋季,6,1,61.0,35.714285714285715
2019-10-27,兰州市,良,74,44,97.0,59.0,19,1.35,22,2019,10,秋季,7,1,63.0,37.0
2019-10-28,兰州市,良,92,56,132.0,77.0,27,1.84,31,2019,10,秋季,1,0,74.0,39.285714285714285
2019-10-29,兰州市,良,90,56,130.0,72.0,28,1.78,23,2019,10,秋季,2,0,92.0,41.57142857142857
2019-10-30,兰州市,良,96,52,142.0,76.0,28,1.76,18,2019,10,秋季,3,0,90.0,43.285714285714285
2019-10-31,兰州市,良,87,49,123.0,65.0,38,1.5,13,2019,10,秋季,4,0,87.0,48.57142857142857
2019-10-31,兰州市,良,87,49,123.0,65.0,38,1.5,13,2019,10,秋季,4,0,96.0,46.71428571428572
2019-11-01,兰州市,良,73,44,95.0,61.0,21,1.4,24,2019,11,秋季,5,0,87.0,50.0
2019-11-02,兰州市,良,85,51,120.0,75.0,27,1.81,26,2019,11,秋季,6,1,73.0,51.0
2019-11-03,兰州市,良,87,53,125.0,77.0,27,1.82,26,2019,11,秋季,7,1,85.0,50.57142857142857
2019-11-04,兰州市,良,76,47,102.0,67.0,20,1.49,22,2019,11,秋季,1,0,87.0,49.285714285714285
2019-11-05,兰州市,良,74,50,81.0,63.0,22,1.6,7,2019,11,秋季,2,0,76.0,49.0
2019-11-06,兰州市,良,67,48,75.0,57.0,9,1.13,21,2019,11,秋季,3,0,74.0,48.85714285714285
2019-11-07,兰州市,良,76,50,99.0,68.0,16,1.52,21,2019,11,秋季,4,0,67.0,49.0
2019-11-08,兰州市,良,64,39,77.0,53.0,14,1.2,26,2019,11,秋季,5,0,76.0,48.285714285714285
2019-11-09,兰州市,良,58,32,68.0,35.0,14,0.63,56,2019,11,秋季,6,1,64.0,45.57142857142857
2019-11-10,兰州市,良,77,46,103.0,71.0,23,1.62,17,2019,11,秋季,7,1,58.0,44.57142857142857
2019-11-11,兰州市,良,81,50,111.0,71.0,29,1.44,29,2019,11,秋季,1,0,77.0,45.0
2019-11-12,兰州市,良,61,31,74.0,49.0,21,0.87,33,2019,11,秋季,2,0,81.0,42.285714285714285
2019-11-13,兰州市,良,62,31,79.0,52.0,14,1.06,37,2019,11,秋季,3,0,61.0,39.85714285714285
2019-11-14,兰州市,轻度污染,102,55,155.0,81.0,25,2.08,26,2019,11,秋季,4,0,62.0,40.57142857142857
2019-11-15,兰州市,良,97,60,144.0,84.0,38,1.7,20,2019,11,秋季,5,0,102.0,43.57142857142857
2019-11-16,兰州市,良,96,53,144.0,65.0,35,1.38,31,2019,11,秋季,6,1,97.0,46.57142857142857
2019-11-17,兰州市,轻度污染,131,55,186.0,31.0,7,0.52,53,2019,11,秋季,7,1,96.0,47.85714285714285
2019-11-18,兰州市,良,99,58,148.0,69.0,27,1.23,15,2019,11,秋季,1,0,131.0,49.0
2019-11-19,兰州市,轻度污染,117,79,183.0,88.0,28,1.8,16,2019,11,秋季,2,0,99.0,55.85714285714285
2019-11-20,兰州市,良,83,52,115.0,72.0,20,1.34,25,2019,11,秋季,3,0,117.0,58.85714285714285
2019-11-21,兰州市,良,96,66,141.0,76.0,21,1.78,13,2019,11,秋季,4,0,83.0,60.42857142857143
2019-11-22,兰州市,良,72,46,93.0,46.0,18,1.19,29,2019,11,秋季,5,0,96.0,58.42857142857143
2019-11-23,兰州市,良,70,33,90.0,48.0,23,0.84,31,2019,11,秋季,6,1,72.0,55.57142857142857
2019-11-24,兰州市,良,54,30,60.0,33.0,16,0.72,45,2019,11,秋季,7,1,70.0,52.0
2019-11-25,兰州市,良,73,47,93.0,58.0,20,1.4,18,2019,11,秋季,1,0,54.0,50.42857142857143
2019-11-26,兰州市,良,63,40,75.0,44.0,14,1.15,28,2019,11,秋季,2,0,73.0,44.85714285714285
2019-11-27,兰州市,良,71,38,91.0,43.0,17,0.98,42,2019,11,秋季,3,0,63.0,42.85714285714285
2019-11-28,兰州市,良,70,47,87.0,48.0,17,1.31,23,2019,11,秋季,4,0,71.0,40.142857142857146
2019-11-29,兰州市,良,65,36,80.0,32.0,13,0.76,37,2019,11,秋季,5,0,70.0,38.71428571428572
2019-11-30,兰州市,良,53,28,57.0,32.0,9,0.61,47,2019,11,秋季,6,1,65.0,38.0
2019-12-01,兰州市,良,58,40,62.0,47.0,11,0.86,38,2019,12,冬季,7,1,53.0,39.42857142857143
2019-12-02,兰州市,良,79,57,98.0,60.0,16,1.47,27,2019,12,冬季,1,0,58.0,40.85714285714285
2019-12-03,兰州市,轻度污染,107,80,134.0,74.0,22,1.83,24,2019,12,冬季,2,0,79.0,46.57142857142857
2019-12-04,兰州市,轻度污染,112,84,148.0,83.0,36,2.15,17,2019,12,冬季,3,0,107.0,53.142857142857146
2019-12-05,兰州市,轻度污染,128,91,168.0,90.5,32,2.5,16,2019,12,冬季,4,0,112.0,59.42857142857143
2019-12-06,兰州市,轻度污染,128,91,173.0,90.5,38,2.75,20,2019,12,冬季,5,0,128.0,67.28571428571429
2019-12-07,兰州市,轻度污染,107,77,145.0,85.0,38,2.33,17,2019,12,冬季,6,1,128.0,74.28571428571429
2019-12-08,兰州市,轻度污染,132,91,178.0,90.5,38,2.68,18,2019,12,冬季,7,1,107.0,81.57142857142857
2019-12-09,兰州市,轻度污染,132,91,182.0,90.5,38,2.96,24,2019,12,冬季,1,0,132.0,86.42857142857143
2019-12-10,兰州市,轻度污染,117,88,164.0,87.0,38,2.85,21,2019,12,冬季,2,0,132.0,87.57142857142857
2019-12-11,兰州市,轻度污染,109,80,154.0,90.0,38,2.56,18,2019,12,冬季,3,0,117.0,87.0
2019-12-12,兰州市,轻度污染,111,82,154.0,88.0,38,2.34,17,2019,12,冬季,4,0,109.0,85.71428571428571
2019-12-13,兰州市,轻度污染,116,86,162.0,90.5,38,2.71,18,2019,12,冬季,5,0,111.0,85.0
2019-12-14,兰州市,轻度污染,120,91,159.0,90.5,38,2.37,22,2019,12,冬季,6,1,116.0,87.0
2019-12-15,兰州市,轻度污染,101,75,129.0,68.0,38,1.79,20,2019,12,冬季,7,1,120.0,84.71428571428571
2019-12-16,兰州市,良,60,35,71.0,34.0,18,0.73,53,2019,12,冬季,1,0,101.0,76.71428571428571
2019-12-17,兰州市,优,45,26,46.0,29.0,23,0.65,63,2019,12,冬季,2,0,60.0,67.85714285714286
2019-12-18,兰州市,良,61,37,70.0,54.0,20,1.22,37,2019,12,冬季,3,0,45.0,61.71428571428572
2019-12-19,兰州市,良,58,36,68.0,51.0,26,1.26,44,2019,12,冬季,4,0,61.0,55.142857142857146
2019-12-20,兰州市,良,95,69,125.0,84.0,34,1.99,22,2019,12,冬季,5,0,58.0,52.71428571428572
2019-12-21,兰州市,轻度污染,108,80,148.0,90.5,38,2.67,20,2019,12,冬季,6,1,95.0,51.142857142857146
2019-12-22,兰州市,良,91,65,126.0,84.0,38,2.5,18,2019,12,冬季,7,1,108.0,49.71428571428572
2019-12-23,兰州市,轻度污染,105,77,148.0,87.0,38,3.0,16,2019,12,冬季,1,0,91.0,55.71428571428572
2019-12-24,兰州市,良,91,57,129.0,67.0,33,1.9,20,2019,12,冬季,2,0,105.0,60.142857142857146
2019-12-25,兰州市,良,63,30,75.0,32.0,14,0.78,43,2019,12,冬季,3,0,91.0,59.142857142857146
2019-12-26,兰州市,良,72,37,95.0,59.0,29,1.65,21,2019,12,冬季,4,0,63.0,59.285714285714285
2019-12-27,兰州市,良,96,66,134.0,75.0,38,2.6,15,2019,12,冬季,5,0,72.0,58.85714285714285
2019-12-28,兰州市,良,96,69,137.0,90.5,38,2.88,19,2019,12,冬季,6,1,96.0,57.285714285714285
2019-12-29,兰州市,良,69,42,89.0,62.0,38,1.83,21,2019,12,冬季,7,1,96.0,54.0
2019-12-30,兰州市,良,73,44,95.0,74.0,38,1.86,19,2019,12,冬季,1,0,69.0,49.285714285714285
2019-12-31,兰州市,良,97,68,133.0,90.5,38,2.63,16,2019,12,冬季,2,0,73.0,50.85714285714285
2020-01-01,兰州市,良,99,73,124.0,90.5,38,2.3,19,2020,1,冬季,3,0,97.0,57.0
2020-01-02,兰州市,良,87,64,107.0,76.0,27,2.11,12,2020,1,冬季,4,0,99.0,60.85714285714285
2020-01-03,兰州市,轻度污染,127,91,159.0,90.5,30,3.1,13,2020,1,冬季,5,0,87.0,64.42857142857143
2020-01-04,兰州市,轻度污染,126,91,157.0,90.5,38,2.72,18,2020,1,冬季,6,1,127.0,67.57142857142857
2020-01-05,兰州市,良,67,44,84.0,58.0,17,1.18,31,2020,1,冬季,7,1,126.0,67.85714285714286
2020-01-06,兰州市,良,53,34,54.0,45.0,10,0.85,54,2020,1,冬季,1,0,67.0,66.42857142857143
2020-01-07,兰州市,良,73,53,78.0,54.0,25,1.42,31,2020,1,冬季,2,0,53.0,64.28571428571429
2020-01-08,兰州市,轻度污染,107,81,121.0,81.0,26,1.92,21,2020,1,冬季,3,0,73.0,65.42857142857143
2020-01-09,兰州市,良,81,59,87.0,41.0,22,1.03,55,2020,1,冬季,4,0,107.0,64.71428571428571
2020-01-10,兰州市,良,69,50,61.0,38.0,19,0.97,64,2020,1,冬季,5,0,81.0,58.85714285714285
2020-01-11,兰州市,良,83,61,83.0,65.0,15,1.39,44,2020,1,冬季,6,1,69.0,54.57142857142857
2020-01-12,兰州市,良,67,48,72.0,68.0,23,1.53,31,2020,1,冬季,7,1,83.0,55.142857142857146
2020-01-13,兰州市,良,59,40,66.0,60.0,20,1.12,38,2020,1,冬季,1,0,67.0,56.0
2020-01-14,兰州市,良,75,55,87.0,61.0,17,1.62,29,2020,1,冬季,2,0,59.0,56.285714285714285
2020-01-15,兰州市,良,75,55,78.0,47.0,18,1.23,33,2020,1,冬季,3,0,75.0,52.57142857142857
2020-01-16,兰州市,轻度污染,104,78,113.0,72.0,20,1.88,25,2020,1,冬季,4,0,75.0,55.285714285714285
2020-01-17,兰州市,轻度污染,120,91,132.0,82.0,22,2.25,22,2020,1,冬季,5,0,104.0,61.142857142857146
2020-01-18,兰州市,良,70,47,75.0,54.0,18,1.23,40,2020,1,冬季,6,1,120.0,59.142857142857146
2020-01-19,兰州市,良,65,42,73.0,69.0,28,1.56,28,2020,1,冬季,7,1,70.0,58.285714285714285
2020-01-20,兰州市,良,80,58,93.0,75.0,29,2.19,25,2020,1,冬季,1,0,65.0,60.85714285714285
2020-01-21,兰州市,轻度污染,101,75,112.0,88.0,29,2.25,31,2020,1,冬季,2,0,80.0,63.71428571428572
2020-01-22,兰州市,良,89,67,100.0,73.0,27,1.81,32,2020,1,冬季,3,0,101.0,65.42857142857143
2020-01-23,兰州市,良,62,43,65.0,50.0,21,1.16,47,2020,1,冬季,4,0,89.0,60.42857142857143
2020-01-24,兰州市,良,55,36,56.0,37.0,16,0.87,62,2020,1,冬季,5,0,62.0,52.57142857142857
2020-01-25,兰州市,轻度污染,102,76,101.0,46.0,24,1.58,49,2020,1,冬季,6,1,55.0,56.71428571428572
2020-01-26,兰州市,良,79,58,73.0,42.0,15,1.26,44,2020,1,冬季,7,1,102.0,59.0
2020-01-27,兰州市,良,91,67,88.0,46.0,20,1.6,42,2020,1,冬季,1,0,79.0,60.285714285714285
2020-01-28,兰州市,良,96,71,97.0,50.0,28,1.79,47,2020,1,冬季,2,0,91.0,59.71428571428572
2020-01-29,兰州市,良,90,66,93.0,59.0,27,1.88,46,2020,1,冬季,3,0,96.0,59.57142857142857
2020-01-30,兰州市,良,77,56,81.0,62.0,28,1.72,51,2020,1,冬季,4,0,90.0,61.42857142857143
2020-01-31,兰州市,良,72,52,75.0,57.0,27,1.52,58,2020,1,冬季,5,0,77.0,63.71428571428572
2020-02-01,兰州市,良,57,40,54.0,26.0,16,0.85,78,2020,2,冬季,6,1,72.0,58.57142857142857
2020-02-02,兰州市,优,48,32,48.0,37.0,18,1.22,54,2020,2,冬季,7,1,57.0,54.85714285714285
2020-02-03,兰州市,良,59,40,63.0,54.0,23,1.45,50,2020,2,冬季,1,0,48.0,51.0
2020-02-04,兰州市,良,61,42,67.0,54.0,29,1.58,52,2020,2,冬季,2,0,59.0,46.85714285714285
2020-02-05,兰州市,良,66,47,70.0,47.0,24,1.31,46,2020,2,冬季,3,0,61.0,44.142857142857146
2020-02-06,兰州市,良,69,49,71.0,47.0,26,1.75,45,2020,2,冬季,4,0,66.0,43.142857142857146
2020-02-07,兰州市,良,62,44,63.0,41.0,19,1.35,56,2020,2,冬季,5,0,69.0,42.0
2020-02-08,兰州市,良,59,40,64.0,39.0,19,1.04,65,2020,2,冬季,6,1,62.0,42.0
2020-02-09,兰州市,良,73,52,80.0,53.0,25,1.51,52,2020,2,冬季,7,1,59.0,44.85714285714285
2020-02-10,兰州市,良,80,58,87.0,63.0,27,1.69,46,2020,2,冬季,1,0,73.0,47.42857142857143
2020-02-11,兰州市,良,66,45,72.0,59.0,25,1.49,58,2020,2,冬季,2,0,80.0,47.85714285714285
2020-02-12,兰州市,良,57,35,65.0,62.0,27,1.55,50,2020,2,冬季,3,0,66.0,46.142857142857146
2020-02-13,兰州市,轻度污染,115,40,158.0,39.0,20,1.14,49,2020,2,冬季,4,0,57.0,44.85714285714285
2020-02-14,兰州市,轻度污染,102,34,154.0,10.0,8,0.37,77,2020,2,冬季,5,0,115.0,43.42857142857143
2020-02-15,兰州市,良,53,20,56.0,20.0,9,0.53,71,2020,2,冬季,6,1,102.0,40.57142857142857
2020-02-16,兰州市,良,58,32,67.0,39.0,20,1.05,57,2020,2,冬季,7,1,53.0,37.71428571428572
2020-02-17,兰州市,良,64,40,78.0,56.0,25,1.26,50,2020,2,冬季,1,0,58.0,35.142857142857146
2020-02-18,兰州市,良,64,37,77.0,44.0,19,1.08,53,2020,2,冬季,2,0,64.0,34.0
2020-02-19,兰州市,良,76,43,102.0,57.0,24,1.36,46,2020,2,冬季,3,0,64.0,35.142857142857146
2020-02-20,兰州市,轻度污染,141,54,214.5,18.0,9,0.45,72,2020,2,冬季,4,0,76.0,37.142857142857146
2020-02-21,兰州市,轻度污染,102,40,155.0,37.0,14,0.9,57,2020,2,冬季,5,0,141.0,38.0
2020-02-22,兰州市,良,88,48,125.0,60.0,22,1.2,49,2020,2,冬季,6,1,102.0,42.0
2020-02-23,兰州市,良,89,57,129.0,77.0,26,1.54,42,2020,2,冬季,7,1,88.0,45.57142857142857
2020-02-24,兰州市,良,76,46,101.0,58.0,19,1.41,44,2020,2,冬季,1,0,89.0,46.42857142857143
2020-02-25,兰州市,良,80,41,111.0,59.0,28,1.12,49,2020,2,冬季,2,0,76.0,47.0
2020-02-26,兰州市,良,78,41,107.0,52.0,26,1.08,66,2020,2,冬季,3,0,80.0,46.71428571428572
2020-02-27,兰州市,良,68,36,86.0,31.0,12,0.79,77,2020,2,冬季,4,0,78.0,44.142857142857146
2020-02-28,兰州市,优,47,29,55.0,45.0,11,0.88,37,2020,2,冬季,5,0,68.0,42.57142857142857
2020-02-29,兰州市,良,67,27,84.0,38.0,13,0.88,56,2020,2,冬季,6,1,47.0,39.57142857142857
2020-03-01,兰州市,良,58,19,66.0,17.0,10,0.52,84,2020,3,春季,7,1,67.0,34.142857142857146
2020-03-02,兰州市,良,59,25,68.0,37.0,14,0.75,59,2020,3,春季,1,0,58.0,31.142857142857142
2020-03-03,兰州市,良,54,23,59.0,44.0,15,0.75,68,2020,3,春季,2,0,59.0,28.571428571428573
2020-03-04,兰州市,良,66,36,82.0,63.0,22,1.19,50,2020,3,春季,3,0,54.0,27.857142857142858
2020-03-05,兰州市,良,62,34,74.0,53.0,20,1.08,56,2020,3,春季,4,0,66.0,27.571428571428573
2020-03-06,兰州市,良,58,30,65.0,42.0,12,1.09,52,2020,3,春季,5,0,62.0,27.714285714285715
2020-03-07,兰州市,良,71,39,92.0,65.0,23,1.28,58,2020,3,春季,6,1,58.0,29.428571428571427
2020-03-08,兰州市,良,69,28,88.0,18.0,6,0.46,80,2020,3,春季,7,1,71.0,30.714285714285715
2020-03-09,兰州市,良,80,36,109.0,21.0,11,0.53,73,2020,3,春季,1,0,69.0,32.285714285714285
2020-03-10,兰州市,良,79,41,109.0,60.0,21,1.29,46,2020,3,春季,2,0,80.0,34.857142857142854
2020-03-11,兰州市,良,75,42,100.0,62.0,24,1.15,58,2020,3,春季,3,0,79.0,35.714285714285715
2020-03-12,兰州市,良,95,40,139.0,33.0,9,0.63,66,2020,3,春季,4,0,75.0,36.57142857142857
2020-03-13,兰州市,轻度污染,111,48,172.0,27.0,8,0.62,81,2020,3,春季,5,0,95.0,39.142857142857146
2020-03-14,兰州市,良,90,45,129.0,46.0,14,0.9,66,2020,3,春季,6,1,111.0,40.0
2020-03-15,兰州市,良,73,38,94.0,61.0,13,1.08,35,2020,3,春季,7,1,90.0,41.42857142857143
2020-03-16,兰州市,良,58,37,63.0,39.0,7,0.75,61,2020,3,春季,1,0,73.0,41.57142857142857
2020-03-17,兰州市,良,73,44,96.0,67.0,14,1.26,57,2020,3,春季,2,0,58.0,42.0
2020-03-18,兰州市,良,78,44,106.0,65.0,19,1.21,55,2020,3,春季,3,0,73.0,42.285714285714285
2020-03-19,兰州市,轻度污染,103,46,155.0,64.0,21,1.3,52,2020,3,春季,4,0,78.0,43.142857142857146
2020-03-20,兰州市,良,92,44,135.0,55.0,16,1.05,60,2020,3,春季,5,0,103.0,42.57142857142857
2020-03-21,兰州市,良,71,35,91.0,41.0,8,0.82,83,2020,3,春季,6,1,92.0,41.142857142857146
2020-03-22,兰州市,良,82,41,114.0,55.0,17,1.15,67,2020,3,春季,7,1,71.0,41.57142857142857
2020-03-23,兰州市,良,76,35,103.0,40.0,11,0.83,76,2020,3,春季,1,0,82.0,41.285714285714285
2020-03-24,兰州市,良,78,39,107.0,55.0,17,0.87,64,2020,3,春季,2,0,76.0,40.57142857142857
2020-03-25,兰州市,轻度污染,141,62,214.5,51.0,16,0.79,54,2020,3,春季,3,0,78.0,43.142857142857146
2020-03-26,兰州市,良,87,42,121.0,20.0,5,0.6,72,2020,3,春季,4,0,141.0,42.57142857142857
2020-03-27,兰州市,良,56,28,63.0,37.0,7,0.78,60,2020,3,春季,5,0,87.0,40.285714285714285
2020-03-28,兰州市,良,59,30,68.0,43.0,9,0.79,49,2020,3,春季,6,1,56.0,39.57142857142857
2020-03-29,兰州市,良,79,38,108.0,40.0,10,0.75,60,2020,3,春季,7,1,59.0,39.142857142857146
2020-03-30,兰州市,良,84,40,118.0,54.0,13,0.93,46,2020,3,春季,1,0,79.0,39.85714285714285
2020-03-31,兰州市,良,90,39,129.0,37.0,11,0.7,72,2020,3,春季,2,0,84.0,39.85714285714285
2020-04-01,兰州市,良,57,34,64.0,20.0,5,0.58,68,2020,4,春季,3,0,90.0,35.857142857142854
2020-04-02,兰州市,优,50,31,54.0,29.0,11,0.66,57,2020,4,春季,4,0,57.0,34.285714285714285
2020-04-03,兰州市,良,51,33,52.0,33.0,6,0.81,62,2020,4,春季,5,0,50.0,35.0
2020-04-04,兰州市,良,51,32,55.0,44.0,8,1.0,54,2020,4,春季,6,1,51.0,35.285714285714285
2020-04-05,兰州市,良,64,35,78.0,51.0,11,1.09,69,2020,4,春季,7,1,51.0,34.857142857142854
2020-04-06,兰州市,良,62,36,74.0,38.0,16,0.78,86,2020,4,春季,1,0,64.0,34.285714285714285
2020-04-07,兰州市,良,56,32,62.0,34.0,8,0.68,85,2020,4,春季,2,0,62.0,33.285714285714285
2020-04-08,兰州市,良,68,32,86.0,51.0,11,1.13,63,2020,4,春季,3,0,56.0,33.0
2020-04-09,兰州市,良,76,32,102.0,59.0,14,0.85,61,2020,4,春季,4,0,68.0,33.142857142857146
2020-04-10,兰州市,轻度污染,141,60,214.5,34.0,12,0.48,67,2020,4,春季,5,0,76.0,37.0
2020-04-11,兰州市,良,73,31,97.0,28.0,14,0.44,78,2020,4,春季,6,1,141.0,36.85714285714285
2020-04-12,兰州市,良,70,30,91.0,51.0,13,0.83,67,2020,4,春季,7,1,73.0,36.142857142857146
2020-04-13,兰州市,良,88,40,125.0,53.0,12,0.78,69,2020,4,春季,1,0,70.0,36.71428571428572
2020-04-14,兰州市,轻度污染,105,47,160.0,59.0,16,1.0,57,2020,4,春季,2,0,88.0,38.85714285714285
2020-04-15,兰州市,轻度污染,126,53,202.0,56.0,21,0.85,70,2020,4,春季,3,0,105.0,41.85714285714285
2020-04-16,兰州市,良,71,27,93.0,21.0,10,0.4,83,2020,4,春季,4,0,126.0,41.142857142857146
2020-04-17,兰州市,良,85,30,120.0,42.0,13,0.58,66,2020,4,春季,5,0,71.0,36.85714285714285
2020-04-18,兰州市,良,81,39,113.0,27.0,10,0.78,94,2020,4,春季,6,1,85.0,38.0
2020-04-19,兰州市,良,98,44,146.0,46.0,14,0.73,74,2020,4,春季,7,1,81.0,40.0
2020-04-20,兰州市,轻度污染,101,42,152.0,19.0,11,0.44,79,2020,4,春季,1,0,98.0,40.285714285714285
2020-04-21,兰州市,良,61,28,72.0,22.0,5,0.41,84,2020,4,春季,2,0,101.0,37.57142857142857
2020-04-22,兰州市,良,61,29,72.0,42.0,11,0.71,72,2020,4,春季,3,0,61.0,34.142857142857146
2020-04-23,兰州市,良,65,26,79.0,32.0,11,0.42,95,2020,4,春季,4,0,61.0,34.0
2020-04-24,兰州市,良,59,25,68.0,36.0,11,0.53,92,2020,4,春季,5,0,65.0,33.285714285714285
2020-04-25,兰州市,良,68,28,88.0,54.0,18,0.67,65,2020,4,春季,6,1,59.0,31.714285714285715
2020-04-26,兰州市,良,76,35,103.0,61.0,25,1.01,63,2020,4,春季,7,1,68.0,30.428571428571427
2020-04-27,兰州市,良,79,37,107.0,68.0,24,0.98,66,2020,4,春季,1,0,76.0,29.714285714285715
2020-04-28,兰州市,良,82,37,113.0,66.0,26,0.91,69,2020,4,春季,2,0,79.0,31.0
2020-04-29,兰州市,良,80,36,110.0,63.0,18,0.8,68,2020,4,春季,3,0,82.0,32.0
2020-04-30,兰州市,良,86,34,120.0,65.0,20,0.95,71,2020,4,春季,4,0,80.0,33.142857142857146
2020-05-01,兰州市,良,87,36,112.0,73.0,20,0.97,80,2020,5,春季,5,0,86.0,34.714285714285715
2020-05-02,兰州市,良,88,38,107.0,77.0,22,1.01,86,2020,5,春季,6,1,87.0,36.142857142857146
2020-05-03,兰州市,轻度污染,141,54,214.5,54.0,12,0.73,73,2020,5,春季,7,1,88.0,38.85714285714285
2020-05-04,兰州市,良,100,46,149.0,23.0,8,0.62,106,2020,5,春季,1,0,141.0,40.142857142857146
2020-05-05,兰州市,良,82,35,113.0,50.0,12,0.7,86,2020,5,春季,2,0,100.0,39.85714285714285
2020-05-06,兰州市,优,46,26,48.0,26.0,11,0.55,100,2020,5,春季,3,0,82.0,38.42857142857143
2020-05-07,兰州市,良,51,30,56.0,27.0,5,0.48,66,2020,5,春季,4,0,46.0,37.85714285714285
2020-05-08,兰州市,良,62,27,76.0,16.0,6,0.29,81,2020,5,春季,5,0,51.0,36.57142857142857
2020-05-09,兰州市,良,51,22,51.0,26.0,5,0.49,88,2020,5,春季,6,1,62.0,34.285714285714285
2020-05-10,兰州市,良,84,38,116.0,45.0,14,0.68,65,2020,5,春季,7,1,51.0,32.0
2020-05-11,兰州市,良,71,34,94.0,33.0,5,0.47,74,2020,5,春季,1,0,84.0,30.285714285714285
2020-05-12,兰州市,良,68,28,87.0,50.0,14,0.77,70,2020,5,春季,2,0,71.0,29.285714285714285
2020-05-13,兰州市,良,62,25,75.0,32.0,8,0.64,82,2020,5,春季,3,0,68.0,29.142857142857142
2020-05-14,兰州市,良,77,33,103.0,50.0,12,0.69,72,2020,5,春季,4,0,62.0,29.571428571428573
2020-05-15,兰州市,良,69,33,89.0,39.0,13,0.6,78,2020,5,春季,5,0,77.0,30.428571428571427
2020-05-16,兰州市,良,51,21,52.0,38.0,7,0.45,83,2020,5,春季,6,1,69.0,30.285714285714285
2020-05-17,兰州市,良,82,30,114.0,45.0,16,0.73,74,2020,5,春季,7,1,51.0,29.142857142857142
2020-05-18,兰州市,良,81,34,113.0,34.0,10,0.61,80,2020,5,春季,1,0,82.0,29.142857142857142
2020-05-19,兰州市,良,76,32,101.0,52.0,14,0.73,74,2020,5,春季,2,0,81.0,29.714285714285715
2020-05-20,兰州市,良,70,31,90.0,59.0,19,0.95,70,2020,5,春季,3,0,76.0,30.571428571428573
2020-05-21,兰州市,良,64,28,77.0,51.0,13,0.78,81,2020,5,春季,4,0,70.0,29.857142857142858
2020-05-22,兰州市,良,77,32,104.0,49.0,17,0.68,73,2020,5,春季,5,0,64.0,29.714285714285715
2020-05-23,兰州市,优,43,25,45.0,27.0,5,0.49,79,2020,5,春季,6,1,77.0,30.285714285714285
2020-05-24,兰州市,优,40,22,40.0,35.0,8,0.48,59,2020,5,春季,7,1,43.0,29.142857142857142
2020-05-25,兰州市,优,48,22,51.0,35.0,9,0.71,71,2020,5,春季,1,0,40.0,27.428571428571427
2020-05-26,兰州市,优,29,17,27.0,28.0,6,0.5,64,2020,5,春季,2,0,48.0,25.285714285714285
2020-05-27,兰州市,优,41,19,34.0,34.0,5,0.59,76,2020,5,春季,3,0,29.0,23.571428571428573
2020-05-28,兰州市,良,54,20,55.0,42.0,10,0.86,74,2020,5,春季,4,0,41.0,22.428571428571427
2020-05-29,兰州市,良,67,27,82.0,41.0,14,0.68,77,2020,5,春季,5,0,54.0,21.714285714285715
2020-05-30,兰州市,良,54,30,61.0,31.0,5,0.56,82,2020,5,春季,6,1,67.0,22.428571428571427
2020-05-31,兰州市,良,68,29,81.0,48.0,14,0.87,85,2020,5,春季,7,1,54.0,23.428571428571427
2020-06-01,兰州市,良,54,23,59.0,34.0,8,0.6,85,2020,6,夏季,1,0,68.0,23.571428571428573
2020-06-02,兰州市,良,61,24,70.0,48.0,12,0.89,79,2020,6,夏季,2,0,54.0,24.571428571428573
2020-06-03,兰州市,良,66,26,70.0,47.0,15,0.94,91,2020,6,夏季,3,0,61.0,25.571428571428573
2020-06-04,兰州市,良,58,25,68.0,48.0,13,0.65,75,2020,6,夏季,4,0,66.0,26.285714285714285
2020-06-05,兰州市,良,67,24,67.0,52.0,12,0.96,88,2020,6,夏季,5,0,58.0,25.857142857142858
2020-06-06,兰州市,良,71,31,92.0,72.0,18,0.83,53,2020,6,夏季,6,1,67.0,26.0
2020-06-07,兰州市,良,76,37,101.0,33.0,8,0.53,84,2020,6,夏季,7,1,71.0,27.142857142857142
2020-06-08,兰州市,优,43,22,44.0,19.0,5,0.5,88,2020,6,夏季,1,0,76.0,27.0
2020-06-09,兰州市,良,65,27,76.0,35.0,11,0.63,98,2020,6,夏季,2,0,43.0,27.428571428571427
2020-06-10,兰州市,良,72,32,95.0,33.0,9,0.6,89,2020,6,夏季,3,0,65.0,28.285714285714285
2020-06-11,兰州市,优,46,24,43.0,17.0,6,0.48,115,2020,6,夏季,4,0,72.0,28.142857142857142
2020-06-12,兰州市,良,54,24,51.0,24.0,10,0.55,112,2020,6,夏季,5,0,46.0,28.142857142857142
2020-06-13,兰州市,良,56,29,63.0,25.0,5,0.5,79,2020,6,夏季,6,1,54.0,27.857142857142858
2020-06-14,兰州市,良,54,25,61.0,37.0,11,0.88,70,2020,6,夏季,7,1,56.0,26.142857142857142
2020-06-15,兰州市,良,53,26,57.0,24.0,13,0.69,92,2020,6,夏季,1,0,54.0,26.714285714285715
2020-06-16,兰州市,优,42,22,42.0,31.0,5,0.71,78,2020,6,夏季,2,0,53.0,26.0
2020-06-17,兰州市,优,41,20,37.0,37.0,7,0.65,84,2020,6,夏季,3,0,42.0,24.285714285714285
2020-06-18,兰州市,良,66,25,68.0,51.0,12,0.99,87,2020,6,夏季,4,0,41.0,24.428571428571427
2020-06-19,兰州市,良,56,20,54.0,35.0,8,0.58,97,2020,6,夏季,5,0,66.0,23.857142857142858
2020-06-20,兰州市,良,57,23,50.0,25.0,8,0.59,109,2020,6,夏季,6,1,56.0,23.0
2020-06-21,兰州市,优,49,24,54.0,21.0,8,0.59,84,2020,6,夏季,7,1,57.0,22.857142857142858
2020-06-22,兰州市,优,36,19,34.0,23.0,5,0.54,93,2020,6,夏季,1,0,49.0,21.857142857142858
2020-06-23,兰州市,良,56,22,60.0,47.0,7,0.69,77,2020,6,夏季,2,0,36.0,21.857142857142858
2020-06-24,兰州市,良,68,26,73.0,56.0,14,0.87,77,2020,6,夏季,3,0,56.0,22.714285714285715
2020-06-25,兰州市,良,69,33,91.0,50.0,17,0.83,63,2020,6,夏季,4,0,68.0,23.857142857142858
2020-06-26,兰州市,优,43,18,34.0,22.0,6,0.47,111,2020,6,夏季,5,0,69.0,23.571428571428573
2020-06-27,兰州市,良,53,19,55.0,41.0,11,0.9,78,2020,6,夏季,6,1,43.0,23.0
2020-06-28,兰州市,良,79,35,105.0,22.0,8,0.58,114,2020,6,夏季,7,1,53.0,24.571428571428573
2020-06-29,兰州市,良,59,21,68.0,41.0,9,0.63,77,2020,6,夏季,1,0,79.0,24.857142857142858
2020-06-30,兰州市,良,59,23,69.0,45.0,14,0.75,71,2020,6,夏季,2,0,59.0,25.0
2020-07-01,兰州市,优,38,17,34.0,26.0,7,0.54,90,2020,7,夏季,3,0,59.0,23.714285714285715
2020-07-02,兰州市,良,62,24,71.0,40.0,16,0.77,91,2020,7,夏季,4,0,38.0,22.428571428571427
2020-07-03,兰州市,良,62,30,74.0,38.0,7,0.52,70,2020,7,夏季,5,0,62.0,24.142857142857142
2020-07-04,兰州市,良,67,29,68.0,43.0,8,0.66,92,2020,7,夏季,6,1,62.0,25.571428571428573
2020-07-05,兰州市,良,79,30,91.0,58.0,16,0.78,85,2020,7,夏季,7,1,67.0,24.857142857142858
2020-07-06,兰州市,良,61,25,68.0,46.0,14,0.63,91,2020,7,夏季,1,0,79.0,25.428571428571427
2020-07-07,兰州市,良,55,18,46.0,41.0,8,0.66,102,2020,7,夏季,2,0,61.0,24.714285714285715
2020-07-08,兰州市,优,47,18,43.0,27.0,10,0.44,103,2020,7,夏季,3,0,55.0,24.857142857142858
2020-07-09,兰州市,优,44,19,45.0,28.0,10,0.49,87,2020,7,夏季,4,0,47.0,24.142857142857142
2020-07-10,兰州市,优,42,18,37.0,23.0,6,0.55,103,2020,7,夏季,5,0,44.0,22.428571428571427
2020-07-11,兰州市,优,29,13,27.0,31.0,6,0.55,61,2020,7,夏季,6,1,42.0,20.142857142857142
2020-07-12,兰州市,优,45,15,33.0,36.0,6,0.66,90,2020,7,夏季,7,1,29.0,18.0
2020-07-13,兰州市,良,52,19,56.0,52.0,12,0.91,51,2020,7,夏季,1,0,45.0,17.142857142857142
2020-07-14,兰州市,优,32,14,28.0,29.0,7,0.61,69,2020,7,夏季,2,0,52.0,16.571428571428573
2020-07-15,兰州市,优,39,10,33.0,32.0,9,0.88,76,2020,7,夏季,3,0,32.0,15.428571428571429
2020-07-16,兰州市,优,40,15,40.0,34.0,11,0.76,59,2020,7,夏季,4,0,39.0,14.857142857142858
2020-07-17,兰州市,优,48,18,43.0,31.0,11,0.68,88,2020,7,夏季,5,0,40.0,14.857142857142858
2020-07-18,兰州市,优,31,14,24.0,22.0,5,0.44,91,2020,7,夏季,6,1,48.0,15.0
2020-07-19,兰州市,优,48,18,39.0,39.0,11,0.73,91,2020,7,夏季,7,1,31.0,15.428571428571429
2020-07-20,兰州市,良,55,17,52.0,44.0,12,0.72,80,2020,7,夏季,1,0,48.0,15.142857142857142
2020-07-21,兰州市,优,42,16,40.0,26.0,8,0.49,85,2020,7,夏季,2,0,55.0,15.428571428571429
2020-07-22,兰州市,优,41,16,37.0,26.0,8,0.81,83,2020,7,夏季,3,0,42.0,16.285714285714285
2020-07-23,兰州市,优,38,16,39.0,26.0,6,0.53,50,2020,7,夏季,4,0,41.0,16.428571428571427
2020-07-24,兰州市,优,48,23,50.0,30.0,6,0.73,58,2020,7,夏季,5,0,38.0,17.142857142857142
2020-07-25,兰州市,优,40,14,44.0,30.0,6,0.53,74,2020,7,夏季,6,1,48.0,17.142857142857142
2020-07-26,兰州市,良,70,27,86.0,51.0,11,0.88,75,2020,7,夏季,7,1,40.0,18.428571428571427
2020-07-27,兰州市,良,73,24,85.0,56.0,16,0.97,84,2020,7,夏季,1,0,70.0,19.428571428571427
2020-07-28,兰州市,优,50,18,52.0,38.0,8,0.63,76,2020,7,夏季,2,0,73.0,19.714285714285715
2020-07-29,兰州市,优,50,18,52.0,27.0,7,0.72,84,2020,7,夏季,3,0,50.0,20.0
2020-07-30,兰州市,优,49,19,53.0,28.0,9,0.8,99,2020,7,夏季,4,0,50.0,20.428571428571427
2020-07-31,兰州市,良,68,26,78.0,43.0,15,0.73,89,2020,7,夏季,5,0,49.0,20.857142857142858
2020-08-01,兰州市,优,47,16,42.0,27.0,7,0.53,108,2020,8,夏季,6,1,68.0,21.142857142857142
2020-08-02,兰州市,良,57,21,62.0,38.0,16,0.91,87,2020,8,夏季,7,1,47.0,20.285714285714285
2020-08-03,兰州市,优,46,16,45.0,28.0,9,0.68,92,2020,8,夏季,1,0,57.0,19.142857142857142
2020-08-04,兰州市,优,38,19,37.0,28.0,11,0.83,78,2020,8,夏季,2,0,46.0,19.285714285714285
2020-08-05,兰州市,优,32,14,28.0,19.0,9,0.72,79,2020,8,夏季,3,0,38.0,18.714285714285715
2020-08-06,兰州市,优,37,16,36.0,31.0,10,0.79,62,2020,8,夏季,4,0,32.0,18.285714285714285
2020-08-07,兰州市,良,55,20,61.0,52.0,13,1.18,61,2020,8,夏季,5,0,37.0,17.428571428571427
2020-08-08,兰州市,良,52,17,51.0,38.0,7,0.8,80,2020,8,夏季,6,1,55.0,17.571428571428573
2020-08-09,兰州市,良,56,18,57.0,47.0,15,1.24,73,2020,8,夏季,7,1,52.0,17.142857142857142
2020-08-10,兰州市,良,65,25,77.0,53.0,20,1.08,75,2020,8,夏季,1,0,56.0,18.428571428571427
2020-08-11,兰州市,优,34,16,33.0,29.0,8,0.95,64,2020,8,夏季,2,0,65.0,18.0
2020-08-12,兰州市,优,46,19,48.0,23.0,6,0.73,81,2020,8,夏季,3,0,34.0,18.714285714285715
2020-08-13,兰州市,优,50,15,51.0,44.0,14,1.0,64,2020,8,夏季,4,0,46.0,18.571428571428573
2020-08-14,兰州市,优,35,12,33.0,40.0,7,0.59,43,2020,8,夏季,5,0,50.0,17.428571428571427
2020-08-15,兰州市,优,45,17,44.0,50.0,9,0.8,58,2020,8,夏季,6,1,35.0,17.428571428571427
2020-08-16,兰州市,良,57,20,67.0,36.0,7,0.55,61,2020,8,夏季,7,1,45.0,17.714285714285715
2020-08-17,兰州市,优,33,13,30.0,28.0,6,0.53,84,2020,8,夏季,1,0,57.0,16.0
2020-08-18,兰州市,优,44,14,42.0,42.0,10,0.89,60,2020,8,夏季,2,0,33.0,15.714285714285714
2020-08-19,兰州市,优,46,16,45.0,39.0,11,0.65,75,2020,8,夏季,3,0,44.0,15.285714285714286
2020-08-20,兰州市,优,43,14,43.0,32.0,8,0.57,58,2020,8,夏季,4,0,46.0,15.142857142857142
2020-08-21,兰州市,优,30,12,30.0,20.0,6,0.5,62,2020,8,夏季,5,0,43.0,15.142857142857142
2020-08-22,兰州市,优,41,15,41.0,33.0,10,0.81,43,2020,8,夏季,6,1,30.0,14.857142857142858
2020-08-23,兰州市,优,31,12,22.0,29.0,5,0.5,69,2020,8,夏季,7,1,41.0,13.714285714285714
2020-08-24,兰州市,优,47,17,43.0,43.0,9,1.03,69,2020,8,夏季,1,0,31.0,14.285714285714286
2020-08-25,兰州市,良,63,17,55.0,54.0,8,0.76,86,2020,8,夏季,2,0,47.0,14.714285714285714
2020-08-26,兰州市,良,76,25,79.0,63.0,15,1.14,80,2020,8,夏季,3,0,63.0,16.0
2020-08-27,兰州市,良,83,33,116.0,48.0,17,0.94,62,2020,8,夏季,4,0,76.0,18.714285714285715
2020-08-28,兰州市,良,73,29,98.0,39.0,10,0.69,68,2020,8,夏季,5,0,83.0,21.142857142857142
2020-08-29,兰州市,优,43,17,47.0,25.0,6,0.55,64,2020,8,夏季,6,1,73.0,21.428571428571427
2020-08-30,兰州市,优,23,10,19.0,24.0,4,0.64,59,2020,8,夏季,7,1,43.0,21.142857142857142
2020-08-31,兰州市,优,43,15,39.0,37.0,9,1.03,62,2020,8,夏季,1,0,23.0,20.857142857142858
2020-09-01,兰州市,优,42,14,43.0,38.0,15,0.69,46,2020,9,秋季,2,0,43.0,20.428571428571427
2020-09-02,兰州市,良,53,18,57.0,44.0,14,0.84,61,2020,9,秋季,3,0,42.0,19.428571428571427
2020-09-03,兰州市,良,64,22,78.0,64.0,16,0.98,40,2020,9,秋季,4,0,53.0,17.857142857142858
2020-09-04,兰州市,良,62,25,75.0,55.0,16,1.01,61,2020,9,秋季,5,0,64.0,17.285714285714285
2020-09-05,兰州市,良,51,23,54.0,53.0,12,0.77,33,2020,9,秋季,6,1,62.0,18.142857142857142
2020-09-06,兰州市,良,58,22,68.0,54.0,14,1.08,52,2020,9,秋季,7,1,51.0,19.857142857142858
2020-09-07,兰州市,良,61,21,72.0,46.0,13,0.72,60,2020,9,秋季,1,0,58.0,20.714285714285715
2020-09-08,兰州市,良,56,21,62.0,47.0,8,0.58,52,2020,9,秋季,2,0,61.0,21.714285714285715
2020-09-09,兰州市,优,43,21,44.0,36.0,9,0.58,58,2020,9,秋季,3,0,56.0,22.142857142857142
2020-09-10,兰州市,良,52,22,57.0,44.0,13,1.0,52,2020,9,秋季,4,0,43.0,22.142857142857142
2020-09-11,兰州市,良,51,21,51.0,43.0,9,0.62,62,2020,9,秋季,5,0,52.0,21.571428571428573
2020-09-12,兰州市,良,54,22,60.0,44.0,11,0.75,40,2020,9,秋季,6,1,51.0,21.428571428571427
2020-09-13,兰州市,优,38,16,39.0,41.0,7,0.6,37,2020,9,秋季,7,1,54.0,20.571428571428573
2020-09-14,兰州市,优,35,18,35.0,30.0,5,0.57,64,2020,9,秋季,1,0,38.0,20.142857142857142
2020-09-15,兰州市,优,38,18,39.0,32.0,7,0.55,72,2020,9,秋季,2,0,35.0,19.714285714285715
2020-09-16,兰州市,良,53,22,62.0,54.0,12,0.93,32,2020,9,秋季,3,0,38.0,19.857142857142858
2020-09-17,兰州市,优,40,17,38.0,39.0,7,0.53,70,2020,9,秋季,4,0,53.0,19.142857142857142
2020-09-18,兰州市,良,63,25,77.0,51.0,13,0.87,49,2020,9,秋季,5,0,40.0,19.714285714285715
2020-09-19,兰州市,优,48,18,50.0,33.0,7,0.54,43,2020,9,秋季,6,1,63.0,19.142857142857142
2020-09-20,兰州市,优,35,17,35.0,30.0,6,0.55,44,2020,9,秋季,7,1,48.0,19.285714285714285
2020-09-21,兰州市,优,26,15,25.0,36.0,6,0.71,32,2020,9,秋季,1,0,35.0,18.857142857142858
2020-09-22,兰州市,优,37,18,35.0,35.0,10,0.68,52,2020,9,秋季,2,0,26.0,18.857142857142858
2020-09-23,兰州市,良,56,26,64.0,53.0,10,0.86,43,2020,9,秋季,3,0,37.0,19.428571428571427
2020-09-24,兰州市,良,70,31,91.0,57.0,9,0.88,13,2020,9,秋季,4,0,56.0,21.428571428571427
2020-09-25,兰州市,良,59,24,69.0,42.0,8,0.78,33,2020,9,秋季,5,0,70.0,21.285714285714285
2020-09-26,兰州市,优,50,18,53.0,33.0,8,0.68,42,2020,9,秋季,6,1,59.0,21.285714285714285
2020-09-27,兰州市,优,34,12,34.0,26.0,6,0.49,51,2020,9,秋季,7,1,50.0,20.571428571428573
2020-09-28,兰州市,优,27,11,26.0,23.0,7,0.51,55,2020,9,秋季,1,0,34.0,20.0
2020-09-29,兰州市,良,51,17,56.0,42.0,9,0.66,56,2020,9,秋季,2,0,27.0,19.857142857142858
2020-09-30,兰州市,优,38,18,38.0,28.0,7,0.56,48,2020,9,秋季,3,0,51.0,18.714285714285715
2020-10-01,兰州市,优,44,19,44.0,23.0,8,0.48,68,2020,10,秋季,4,0,38.0,17.0
2020-10-02,兰州市,良,51,22,53.0,27.0,8,0.48,69,2020,10,秋季,5,0,44.0,16.714285714285715
2020-10-03,兰州市,良,53,20,59.0,45.0,10,0.53,49,2020,10,秋季,6,1,51.0,17.0
2020-10-04,兰州市,良,51,18,56.0,35.0,12,0.47,41,2020,10,秋季,7,1,53.0,17.857142857142858
2020-10-05,兰州市,良,51,22,54.0,30.0,12,0.51,53,2020,10,秋季,1,0,51.0,19.428571428571427
2020-10-06,兰州市,良,54,25,59.0,46.0,11,0.78,33,2020,10,秋季,2,0,51.0,20.571428571428573
2020-10-07,兰州市,良,55,25,63.0,40.0,9,0.71,35,2020,10,秋季,3,0,54.0,21.571428571428573
2020-10-08,兰州市,优,47,19,51.0,32.0,8,0.61,48,2020,10,秋季,4,0,55.0,21.571428571428573
2020-10-09,兰州市,良,64,28,77.0,54.0,9,0.67,39,2020,10,秋季,5,0,47.0,22.428571428571427
2020-10-10,兰州市,良,62,26,76.0,37.0,8,0.6,66,2020,10,秋季,6,1,64.0,23.285714285714285
2020-10-11,兰州市,良,75,29,102.0,18.0,8,0.28,73,2020,10,秋季,7,1,62.0,24.857142857142858
2020-10-12,兰州市,良,63,26,76.0,33.0,11,0.44,58,2020,10,秋季,1,0,75.0,25.428571428571427
2020-10-13,兰州市,良,56,23,64.0,26.0,9,0.45,64,2020,10,秋季,2,0,63.0,25.142857142857142
2020-10-14,兰州市,优,43,19,44.0,33.0,9,0.51,56,2020,10,秋季,3,0,56.0,24.285714285714285
2020-10-15,兰州市,良,62,27,73.0,42.0,15,0.7,52,2020,10,秋季,4,0,43.0,25.428571428571427
2020-10-16,兰州市,良,55,21,62.0,38.0,9,0.62,65,2020,10,秋季,5,0,62.0,24.428571428571427
2020-10-17,兰州市,良,69,31,89.0,50.0,20,0.84,47,2020,10,秋季,6,1,55.0,25.142857142857142
2020-10-18,兰州市,优,50,23,54.0,37.0,8,0.5,67,2020,10,秋季,7,1,69.0,24.285714285714285
2020-10-19,兰州市,良,68,37,86.0,58.0,17,1.03,38,2020,10,秋季,1,0,50.0,25.857142857142858
2020-10-20,兰州市,良,90,43,130.0,78.0,26,1.09,25,2020,10,秋季,2,0,68.0,28.714285714285715
2020-10-21,兰州市,良,93,52,139.0,78.0,24,1.4,28,2020,10,秋季,3,0,90.0,33.42857142857143
2020-10-22,兰州市,良,96,51,141.0,84.0,25,1.55,25,2020,10,秋季,4,0,93.0,36.85714285714285
2020-10-23,兰州市,良,85,43,120.0,66.0,19,1.1,38,2020,10,秋季,5,0,96.0,40.0
2020-10-24,兰州市,良,70,39,91.0,64.0,10,1.08,31,2020,10,秋季,6,1,85.0,41.142857142857146
2020-10-25,兰州市,良,72,36,96.0,56.0,15,0.99,40,2020,10,秋季,7,1,70.0,43.0
2020-10-26,兰州市,良,55,25,62.0,43.0,16,0.6,54,2020,10,秋季,1,0,72.0,41.285714285714285
2020-10-27,兰州市,优,45,30,38.0,39.0,5,0.69,44,2020,10,秋季,2,0,55.0,39.42857142857143
2020-10-28,兰州市,优,50,34,50.0,45.0,7,0.9,41,2020,10,秋季,3,0,45.0,36.85714285714285
2020-10-29,兰州市,良,73,49,92.0,65.0,14,1.45,24,2020,10,秋季,4,0,50.0,36.57142857142857
2020-10-30,兰州市,良,59,32,68.0,36.0,9,0.7,47,2020,10,秋季,5,0,73.0,35.0
2020-10-31,兰州市,良,78,32,107.0,39.0,13,0.56,60,2020,10,秋季,6,1,59.0,34.0
2020-11-01,兰州市,良,57,24,67.0,41.0,18,0.6,52,2020,11,秋季,7,1,78.0,32.285714285714285
2020-11-02,兰州市,良,75,36,100.0,63.0,14,1.0,35,2020,11,秋季,1,0,57.0,33.857142857142854
2020-11-03,兰州市,良,85,47,119.0,75.0,26,1.43,20,2020,11,秋季,2,0,75.0,36.285714285714285
2020-11-04,兰州市,良,81,46,112.0,76.0,24,1.32,16,2020,11,秋季,3,0,85.0,38.0
2020-11-05,兰州市,良,80,49,100.0,45.0,12,0.82,47,2020,11,秋季,4,0,81.0,38.0
2020-11-06,兰州市,轻度污染,118,52,186.0,53.0,14,0.9,48,2020,11,秋季,5,0,80.0,40.85714285714285
2020-11-07,兰州市,良,99,52,148.0,78.0,25,1.55,25,2020,11,秋季,6,1,118.0,43.71428571428572
2020-11-08,兰州市,良,87,51,124.0,70.0,29,1.48,19,2020,11,秋季,7,1,99.0,47.57142857142857
2020-11-09,兰州市,良,92,63,130.0,79.0,18,1.9,24,2020,11,秋季,1,0,87.0,51.42857142857143
2020-11-10,兰州市,轻度污染,101,70,149.0,89.0,27,2.16,21,2020,11,秋季,2,0,92.0,54.71428571428572
2020-11-11,兰州市,轻度污染,103,74,149.0,90.5,30,1.95,24,2020,11,秋季,3,0,101.0,58.71428571428572
2020-11-12,兰州市,良,95,69,134.0,87.0,28,1.89,23,2020,11,秋季,4,0,103.0,61.57142857142857
2020-11-13,兰州市,轻度污染,107,80,147.0,90.5,31,2.03,22,2020,11,秋季,5,0,95.0,65.57142857142857
2020-11-14,兰州市,轻度污染,110,82,144.0,90.5,22,1.97,26,2020,11,秋季,6,1,107.0,69.85714285714286
2020-11-15,兰州市,轻度污染,121,91,151.0,90.5,18,1.98,25,2020,11,秋季,7,1,110.0,75.57142857142857
2020-11-16,兰州市,轻度污染,110,81,140.0,80.0,18,1.64,30,2020,11,秋季,1,0,121.0,78.14285714285714
2020-11-17,兰州市,良,80,35,111.0,31.0,14,0.69,75,2020,11,秋季,2,0,110.0,73.14285714285714
2020-11-18,兰州市,良,76,39,104.0,52.0,11,0.92,43,2020,11,秋季,3,0,80.0,68.14285714285714
2020-11-19,兰州市,良,84,48,118.0,77.0,22,1.51,23,2020,11,秋季,4,0,76.0,65.14285714285714
2020-11-20,兰州市,良,80,48,108.0,54.0,21,1.3,21,2020,11,秋季,5,0,84.0,60.57142857142857
2020-11-21,兰州市,优,33,21,32.0,20.0,7,0.51,56,2020,11,秋季,6,1,80.0,51.85714285714285
2020-11-22,兰州市,优,47,29,49.0,41.0,12,0.79,35,2020,11,秋季,7,1,33.0,43.0
2020-11-23,兰州市,良,64,43,77.0,59.0,16,1.48,20,2020,11,秋季,1,0,47.0,37.57142857142857
2020-11-24,兰州市,良,66,46,73.0,44.0,12,1.34,28,2020,11,秋季,2,0,64.0,39.142857142857146
2020-11-25,兰州市,良,73,53,81.0,43.0,15,1.0,37,2020,11,秋季,3,0,66.0,41.142857142857146
2020-11-26,兰州市,良,87,63,105.0,58.0,22,1.49,23,2020,11,秋季,4,0,73.0,43.285714285714285
2020-11-27,兰州市,良,63,37,75.0,58.0,25,1.13,22,2020,11,秋季,5,0,87.0,41.71428571428572
2020-11-28,兰州市,良,91,65,121.0,70.0,19,1.58,28,2020,11,秋季,6,1,63.0,48.0
2020-11-29,兰州市,良,66,43,81.0,57.0,24,1.08,35,2020,11,秋季,7,1,91.0,50.0
2020-11-30,兰州市,良,69,43,86.0,55.0,26,1.23,33,2020,11,秋季,1,0,66.0,50.0
2020-12-01,兰州市,良,79,58,89.0,40.0,20,1.04,37,2020,12,冬季,2,0,69.0,51.71428571428572
2020-12-02,兰州市,良,52,35,51.0,28.0,16,0.78,58,2020,12,冬季,3,0,79.0,49.142857142857146
2020-12-03,兰州市,良,56,36,60.0,40.0,14,0.96,41,2020,12,冬季,4,0,52.0,45.285714285714285
2020-12-04,兰州市,良,74,51,93.0,64.0,17,1.37,17,2020,12,冬季,5,0,56.0,47.285714285714285
2020-12-05,兰州市,良,87,64,109.0,64.0,20,1.55,17,2020,12,冬季,6,1,74.0,47.142857142857146
2020-12-06,兰州市,良,80,58,96.0,57.0,22,1.39,18,2020,12,冬季,7,1,87.0,49.285714285714285
2020-12-07,兰州市,良,76,53,97.0,68.0,19,1.42,19,2020,12,冬季,1,0,80.0,50.71428571428572
2020-12-08,兰州市,良,77,56,93.0,66.0,19,1.48,22,2020,12,冬季,2,0,76.0,50.42857142857143
2020-12-09,兰州市,良,51,33,55.0,37.0,11,0.84,52,2020,12,冬季,3,0,77.0,50.142857142857146
2020-12-10,兰州市,良,73,46,95.0,73.0,21,1.52,20,2020,12,冬季,4,0,51.0,51.57142857142857
2020-12-11,兰州市,良,70,43,90.0,66.0,31,1.5,25,2020,12,冬季,5,0,73.0,50.42857142857143
2020-12-12,兰州市,良,64,36,78.0,51.0,21,1.27,36,2020,12,冬季,6,1,70.0,46.42857142857143
2020-12-13,兰州市,良,56,27,65.0,24.0,13,0.72,49,2020,12,冬季,7,1,64.0,42.0
2020-12-14,兰州市,良,77,43,101.0,60.0,23,1.46,18,2020,12,冬季,1,0,56.0,40.57142857142857
2020-12-15,兰州市,良,82,57,110.0,65.0,23,1.73,19,2020,12,冬季,2,0,77.0,40.71428571428572
2020-12-16,兰州市,良,67,40,84.0,60.0,21,1.36,23,2020,12,冬季,3,0,82.0,41.71428571428572
2020-12-17,兰州市,优,45,26,45.0,34.0,16,0.74,55,2020,12,冬季,4,0,67.0,38.85714285714285
2020-12-18,兰州市,良,59,35,69.0,61.0,18,1.38,25,2020,12,冬季,5,0,45.0,37.71428571428572
2020-12-19,兰州市,良,62,36,75.0,63.0,20,1.25,27,2020,12,冬季,6,1,59.0,37.71428571428572
2020-12-20,兰州市,良,90,63,118.0,75.0,31,2.02,16,2020,12,冬季,7,1,62.0,42.85714285714285
2020-12-21,兰州市,轻度污染,108,81,144.0,88.0,38,2.65,14,2020,12,冬季,1,0,90.0,48.285714285714285
2020-12-22,兰州市,轻度污染,113,65,169.0,70.0,32,2.39,20,2020,12,冬季,2,0,108.0,49.42857142857143
2020-12-23,兰州市,良,88,41,125.0,72.0,27,1.88,26,2020,12,冬季,3,0,113.0,49.57142857142857
2020-12-24,兰州市,良,83,46,117.0,74.0,35,2.11,17,2020,12,冬季,4,0,88.0,52.42857142857143
2020-12-25,兰州市,良,95,64,140.0,81.0,38,2.72,12,2020,12,冬季,5,0,83.0,56.57142857142857
2020-12-26,兰州市,轻度污染,108,77,161.0,90.0,38,3.09,15,2020,12,冬季,6,1,95.0,62.42857142857143
2020-12-27,兰州市,轻度污染,121,90,176.0,90.5,38,3.27,14,2020,12,冬季,7,1,108.0,66.28571428571429
2020-12-28,兰州市,良,82,49,111.0,54.0,23,1.94,34,2020,12,冬季,1,0,121.0,61.71428571428572
2020-12-29,兰州市,优,44,20,44.0,24.0,8,0.92,56,2020,12,冬季,2,0,82.0,55.285714285714285
2020-12-30,兰州市,良,53,26,57.0,38.0,17,1.24,41,2020,12,冬季,3,0,44.0,53.142857142857146
2020-12-31,兰州市,良,74,45,98.0,61.0,27,1.97,15,2020,12,冬季,4,0,53.0,53.0
2021-01-01,兰州市,良,89,60,122.0,74.0,36,2.35,13,2021,1,冬季,5,0,74.0,52.42857142857143
2021-01-02,兰州市,良,85,60,116.0,67.0,36,2.13,21,2021,1,冬季,6,1,89.0,50.0
2021-01-03,兰州市,良,65,37,81.0,56.0,25,1.36,30,2021,1,冬季,7,1,85.0,42.42857142857143
2021-01-04,兰州市,良,64,35,78.0,46.0,21,1.09,36,2021,1,冬季,1,0,65.0,40.42857142857143
2021-01-05,兰州市,良,51,29,55.0,39.0,23,0.95,36,2021,1,冬季,2,0,64.0,41.71428571428572
2021-01-06,兰州市,优,49,23,51.0,30.0,16,0.87,48,2021,1,冬季,3,0,51.0,41.285714285714285
2021-01-07,兰州市,良,60,29,71.0,51.0,23,1.18,25,2021,1,冬季,4,0,49.0,39.0
2021-01-08,兰州市,良,82,52,112.0,73.0,30,2.05,13,2021,1,冬季,5,0,60.0,37.85714285714285
2021-01-09,兰州市,良,75,51,100.0,60.0,36,1.82,19,2021,1,冬季,6,1,82.0,36.57142857142857
2021-01-10,兰州市,良,58,30,67.0,36.0,23,0.98,41,2021,1,冬季,7,1,75.0,35.57142857142857
2021-01-11,兰州市,良,80,44,111.0,68.0,21,1.6,22,2021,1,冬季,1,0,58.0,36.85714285714285
2021-01-12,兰州市,轻度污染,104,66,157.0,90.5,38,3.2,13,2021,1,冬季,2,0,80.0,42.142857142857146
2021-01-13,兰州市,良,94,61,136.0,89.0,38,2.78,15,2021,1,冬季,3,0,104.0,47.57142857142857
2021-01-14,兰州市,轻度污染,115,49,178.0,64.0,24,2.28,25,2021,1,冬季,4,0,94.0,50.42857142857143
2021-01-15,兰州市,良,81,31,111.0,43.0,22,1.23,34,2021,1,冬季,5,0,115.0,47.42857142857143
2021-01-16,兰州市,良,52,25,55.0,30.0,18,0.82,45,2021,1,冬季,6,1,81.0,43.71428571428572
2021-01-17,兰州市,良,78,49,107.0,69.0,25,1.96,17,2021,1,冬季,7,1,52.0,46.42857142857143
2021-01-18,兰州市,良,100,63,150.0,85.0,28,3.0,14,2021,1,冬季,1,0,78.0,49.142857142857146
2021-01-19,兰州市,良,81,47,111.0,76.0,31,2.15,23,2021,1,冬季,2,0,100.0,46.42857142857143
2021-01-20,兰州市,良,90,57,127.0,87.0,38,2.23,17,2021,1,冬季,3,0,81.0,45.85714285714285
2021-01-21,兰州市,良,91,63,128.0,83.0,38,2.33,19,2021,1,冬季,4,0,90.0,47.85714285714285
2021-01-22,兰州市,良,85,55,118.0,86.0,38,2.43,16,2021,1,冬季,5,0,91.0,51.285714285714285
2021-01-23,兰州市,良,87,61,121.0,88.0,38,2.42,12,2021,1,冬季,6,1,85.0,56.42857142857143
2021-01-24,兰州市,良,97,64,135.0,64.0,30,1.84,22,2021,1,冬季,7,1,87.0,58.57142857142857
2021-01-25,兰州市,轻度污染,109,67,167.0,55.0,11,1.25,38,2021,1,冬季,1,0,97.0,59.142857142857146
2021-01-26,兰州市,轻度污染,104,51,157.0,57.0,15,1.16,29,2021,1,冬季,2,0,109.0,59.71428571428572
2021-01-27,兰州市,良,93,48,137.0,51.0,21,1.23,30,2021,1,冬季,3,0,104.0,58.42857142857143
2021-01-28,兰州市,轻度污染,119,49,188.0,63.0,25,1.34,27,2021,1,冬季,4,0,93.0,56.42857142857143
2021-01-29,兰州市,良,82,46,116.0,60.0,25,1.35,25,2021,1,冬季,5,0,119.0,55.142857142857146
2021-01-30,兰州市,良,64,37,78.0,63.0,24,1.5,25,2021,1,冬季,6,1,82.0,51.71428571428572
2021-01-31,兰州市,良,65,42,79.0,64.0,26,1.54,31,2021,1,冬季,7,1,64.0,48.57142857142857
2021-02-01,兰州市,良,65,41,80.0,62.0,28,1.45,33,2021,2,冬季,1,0,65.0,44.85714285714285
2021-02-02,兰州市,良,74,45,98.0,69.0,25,1.7,28,2021,2,冬季,2,0,65.0,44.0
2021-02-03,兰州市,良,65,38,81.0,59.0,23,1.6,30,2021,2,冬季,3,0,74.0,42.57142857142857
2021-02-04,兰州市,良,64,35,78.0,63.0,25,1.48,27,2021,2,冬季,4,0,65.0,40.57142857142857
2021-02-05,兰州市,良,69,38,88.0,63.0,24,1.53,32,2021,2,冬季,5,0,64.0,39.42857142857143
2021-02-06,兰州市,良,63,38,77.0,58.0,26,1.53,33,2021,2,冬季,6,1,69.0,39.57142857142857
2021-02-07,兰州市,良,62,38,73.0,63.0,30,1.54,32,2021,2,冬季,7,1,63.0,39.0
2021-02-08,兰州市,良,68,47,85.0,66.0,31,1.75,32,2021,2,冬季,1,0,62.0,39.85714285714285
2021-02-09,兰州市,良,74,52,90.0,71.0,29,1.84,34,2021,2,冬季,2,0,68.0,40.85714285714285
2021-02-10,兰州市,良,81,59,97.0,75.0,32,1.86,39,2021,2,冬季,3,0,74.0,43.85714285714285
2021-02-11,兰州市,良,90,60,114.0,61.0,23,1.68,40,2021,2,冬季,4,0,81.0,47.42857142857143
2021-02-12,兰州市,良,91,60,120.0,38.0,28,1.05,49,2021,2,冬季,5,0,90.0,50.57142857142857
2021-02-13,兰州市,良,52,20,58.0,22.0,10,0.56,66,2021,2,冬季,6,1,91.0,48.0
2021-02-14,兰州市,良,59,27,68.0,29.0,23,0.91,49,2021,2,冬季,7,1,52.0,46.42857142857143
2021-02-15,兰州市,优,49,22,49.0,26.0,16,0.66,63,2021,2,冬季,1,0,59.0,42.85714285714285
2021-02-16,兰州市,优,44,24,44.0,38.0,18,1.18,52,2021,2,冬季,2,0,49.0,38.85714285714285
2021-02-17,兰州市,优,48,28,49.0,49.0,27,1.24,35,2021,2,冬季,3,0,44.0,34.42857142857143
2021-02-18,兰州市,优,50,27,53.0,46.0,21,1.08,45,2021,2,冬季,4,0,48.0,29.714285714285715
2021-02-19,兰州市,良,53,31,59.0,52.0,24,1.31,41,2021,2,冬季,5,0,50.0,25.571428571428573
2021-02-20,兰州市,良,55,29,61.0,54.0,22,1.43,34,2021,2,冬季,6,1,53.0,26.857142857142858
2021-02-21,兰州市,良,63,31,75.0,57.0,25,1.56,34,2021,2,冬季,7,1,55.0,27.428571428571427
2021-02-22,兰州市,良,67,37,84.0,63.0,23,1.38,29,2021,2,冬季,1,0,63.0,29.571428571428573
2021-02-23,兰州市,良,81,44,111.0,52.0,26,1.23,51,2021,2,冬季,2,0,67.0,32.42857142857143
2021-02-24,兰州市,良,77,39,103.0,24.0,14,0.71,93,2021,2,冬季,3,0,81.0,34.0
2021-02-25,兰州市,良,68,49,79.0,29.0,12,0.9,81,2021,2,冬季,4,0,77.0,37.142857142857146
2021-02-26,兰州市,良,56,37,58.0,33.0,8,0.87,53,2021,2,冬季,5,0,68.0,38.0
2021-02-27,兰州市,良,86,35,126.0,20.0,8,0.66,50,2021,2,冬季,6,1,56.0,38.85714285714285
2021-02-28,兰州市,良,66,26,83.0,17.0,12,0.54,67,2021,2,冬季,7,1,86.0,38.142857142857146
2021-03-01,兰州市,良,56,26,63.0,36.0,10,0.71,55,2021,3,春季,1,0,66.0,36.57142857142857
2021-03-02,兰州市,良,74,42,98.0,57.0,21,1.1,33,2021,3,春季,2,0,56.0,36.285714285714285
2021-03-03,兰州市,良,71,40,92.0,62.0,22,1.15,37,2021,3,春季,3,0,74.0,36.42857142857143
2021-03-04,兰州市,良,69,36,87.0,63.0,24,1.13,34,2021,3,春季,4,0,71.0,34.57142857142857
2021-03-05,兰州市,良,69,35,87.0,46.0,18,1.02,44,2021,3,春季,5,0,69.0,34.285714285714285
2021-03-06,兰州市,良,67,33,84.0,52.0,15,0.82,48,2021,3,春季,6,1,69.0,34.0
2021-03-07,兰州市,良,72,40,94.0,53.0,18,1.0,45,2021,3,春季,7,1,67.0,36.0
2021-03-08,兰州市,良,57,31,65.0,53.0,14,1.12,43,2021,3,春季,1,0,72.0,36.71428571428572
2021-03-09,兰州市,良,61,34,72.0,51.0,15,0.94,50,2021,3,春季,2,0,57.0,35.57142857142857
2021-03-10,兰州市,良,52,26,57.0,42.0,8,0.78,65,2021,3,春季,3,0,61.0,33.57142857142857
2021-03-11,兰州市,良,62,35,75.0,61.0,15,1.18,43,2021,3,春季,4,0,52.0,33.42857142857143
2021-03-12,兰州市,良,69,34,87.0,55.0,23,1.2,44,2021,3,春季,5,0,62.0,33.285714285714285
2021-03-13,兰州市,良,78,44,106.0,76.0,23,1.3,38,2021,3,春季,6,1,69.0,34.857142857142854
2021-03-14,兰州市,轻度污染,141,91,214.5,49.0,10,0.83,54,2021,3,春季,7,1,78.0,42.142857142857146
2021-03-15,兰州市,轻度污染,141,74,214.5,76.0,24,1.31,37,2021,3,春季,1,0,141.0,48.285714285714285
2021-03-16,兰州市,轻度污染,141,91,214.5,27.0,6,0.63,38,2021,3,春季,2,0,141.0,56.42857142857143
2021-03-17,兰州市,轻度污染,141,91,214.5,28.0,11,0.68,26,2021,3,春季,3,0,141.0,65.71428571428571
2021-03-18,兰州市,轻度污染,141,91,214.5,39.0,20,0.85,13,2021,3,春季,4,0,141.0,73.71428571428571
2021-03-19,兰州市,轻度污染,141,91,214.5,19.0,5,0.5,49,2021,3,春季,5,0,141.0,81.85714285714286
2021-03-20,兰州市,轻度污染,141,58,214.5,20.0,7,0.44,63,2021,3,春季,6,1,141.0,83.85714285714286
2021-03-21,兰州市,轻度污染,122,41,194.0,29.0,6,0.55,60,2021,3,春季,7,1,141.0,76.71428571428571
2021-03-22,兰州市,轻度污染,122,51,194.0,56.0,12,0.96,40,2021,3,春季,1,0,122.0,73.42857142857143
2021-03-23,兰州市,轻度污染,103,46,155.0,59.0,15,1.09,47,2021,3,春季,2,0,122.0,67.0
2021-03-24,兰州市,轻度污染,141,57,214.5,61.0,13,0.95,44,2021,3,春季,3,0,103.0,62.142857142857146
2021-03-25,兰州市,轻度污染,141,57,214.5,44.0,12,0.84,56,2021,3,春季,4,0,141.0,57.285714285714285
2021-03-26,兰州市,轻度污染,140,53,214.5,28.0,7,0.57,80,2021,3,春季,5,0,141.0,51.85714285714285
2021-03-27,兰州市,轻度污染,115,48,181.0,52.0,18,0.99,54,2021,3,春季,6,1,140.0,50.42857142857143
2021-03-28,兰州市,轻度污染,141,59,214.5,47.0,13,0.95,50,2021,3,春季,7,1,115.0,53.0
2021-03-29,兰州市,轻度污染,141,91,214.5,43.0,13,0.82,47,2021,3,春季,1,0,141.0,58.71428571428572
2021-03-30,兰州市,轻度污染,141,75,214.5,41.0,11,0.85,50,2021,3,春季,2,0,141.0,62.85714285714285
2021-03-31,兰州市,良,73,40,99.0,24.0,7,0.65,62,2021,3,春季,3,0,141.0,60.42857142857143
2021-04-01,兰州市,优,32,20,29.0,22.0,6,0.54,63,2021,4,春季,4,0,73.0,55.142857142857146
2021-04-02,兰州市,优,25,17,20.0,27.0,6,0.58,54,2021,4,春季,5,0,32.0,50.0
2021-04-03,兰州市,优,31,21,29.0,23.0,6,0.59,55,2021,4,春季,6,1,25.0,46.142857142857146
2021-04-04,兰州市,优,30,19,30.0,31.0,5,0.73,51,2021,4,春季,7,1,31.0,40.42857142857143
2021-04-05,兰州市,良,56,29,64.0,48.0,8,1.01,45,2021,4,春季,1,0,30.0,31.571428571428573
2021-04-06,兰州市,轻度污染,101,40,152.0,29.0,7,0.51,76,2021,4,春季,2,0,56.0,26.571428571428573
2021-04-07,兰州市,良,55,25,61.0,38.0,7,0.63,61,2021,4,春季,3,0,101.0,24.428571428571427
2021-04-08,兰州市,良,56,32,64.0,39.0,7,0.73,61,2021,4,春季,4,0,55.0,26.142857142857142
2021-04-09,兰州市,优,45,26,45.0,26.0,8,0.63,76,2021,4,春季,5,0,56.0,27.428571428571427
2021-04-10,兰州市,优,34,21,33.0,25.0,9,0.6,59,2021,4,春季,6,1,45.0,27.428571428571427
2021-04-11,兰州市,优,45,29,42.0,28.0,7,0.61,82,2021,4,春季,7,1,34.0,28.857142857142858
2021-04-12,兰州市,良,68,28,87.0,32.0,8,0.57,70,2021,4,春季,1,0,45.0,28.714285714285715
2021-04-13,兰州市,良,71,34,94.0,28.0,8,0.5,60,2021,4,春季,2,0,68.0,27.857142857142858
2021-04-14,兰州市,良,64,28,77.0,34.0,14,0.62,64,2021,4,春季,3,0,71.0,28.285714285714285
2021-04-15,兰州市,良,88,33,127.0,27.0,7,0.49,84,2021,4,春季,4,0,64.0,28.428571428571427
2021-04-16,兰州市,良,91,34,132.0,41.0,10,0.6,59,2021,4,春季,5,0,88.0,29.571428571428573
2021-04-17,兰州市,良,80,31,110.0,49.0,16,0.66,50,2021,4,春季,6,1,91.0,31.0
2021-04-18,兰州市,良,79,32,109.0,46.0,16,0.76,61,2021,4,春季,7,1,80.0,31.428571428571427
2021-04-19,兰州市,优,42,21,44.0,20.0,7,0.54,80,2021,4,春季,1,0,79.0,30.428571428571427
2021-04-20,兰州市,良,63,36,76.0,41.0,9,0.83,79,2021,4,春季,2,0,42.0,30.714285714285715
2021-04-21,兰州市,良,64,33,77.0,42.0,10,0.77,69,2021,4,春季,3,0,63.0,31.428571428571427
2021-04-22,兰州市,优,50,24,57.0,38.0,7,0.6,45,2021,4,春季,4,0,64.0,30.142857142857142
2021-04-23,兰州市,优,47,24,47.0,36.0,9,0.73,41,2021,4,春季,5,0,50.0,28.714285714285715
2021-04-24,兰州市,优,38,20,42.0,17.0,5,0.46,68,2021,4,春季,6,1,47.0,27.142857142857142
2021-04-25,兰州市,良,78,42,107.0,28.0,8,0.48,53,2021,4,春季,7,1,38.0,28.571428571428573
2021-04-26,兰州市,轻度污染,141,91,214.5,32.0,7,0.52,41,2021,4,春季,1,0,78.0,38.57142857142857
2021-04-27,兰州市,轻度污染,141,84,214.5,37.0,7,0.53,46,2021,4,春季,2,0,141.0,45.42857142857143
2021-04-28,兰州市,优,50,26,54.0,35.0,8,0.58,60,2021,4,春季,3,0,141.0,44.42857142857143
2021-04-29,兰州市,良,68,29,88.0,52.0,14,0.84,44,2021,4,春季,4,0,50.0,45.142857142857146
2021-04-30,兰州市,轻度污染,117,53,184.0,46.0,12,0.68,49,2021,4,春季,5,0,68.0,49.285714285714285
2021-05-01,兰州市,良,80,36,109.0,51.0,15,0.81,51,2021,5,春季,6,1,117.0,51.57142857142857
2021-05-02,兰州市,良,76,31,101.0,41.0,10,0.65,65,2021,5,春季,7,1,80.0,50.0
2021-05-03,兰州市,轻度污染,106,48,163.0,29.0,9,0.54,63,2021,5,春季,1,0,76.0,43.85714285714285
2021-05-04,兰州市,良,83,35,116.0,15.0,7,0.38,94,2021,5,春季,2,0,106.0,36.85714285714285
2021-05-05,兰州市,良,64,29,79.0,29.0,12,0.54,80,2021,5,春季,3,0,83.0,37.285714285714285
2021-05-06,兰州市,轻度污染,130,54,194.0,45.0,17,0.74,63,2021,5,春季,4,0,64.0,40.85714285714285
2021-05-07,兰州市,轻度污染,141,91,214.5,46.0,16,0.68,63,2021,5,春季,5,0,130.0,46.285714285714285
2021-05-08,兰州市,良,89,44,128.0,58.0,18,0.85,65,2021,5,春季,6,1,141.0,47.42857142857143
2021-05-09,兰州市,良,78,32,105.0,51.0,19,0.78,70,2021,5,春季,7,1,89.0,47.57142857142857
2021-05-10,兰州市,良,78,35,106.0,25.0,10,0.44,72,2021,5,春季,1,0,78.0,45.71428571428572
2021-05-11,兰州市,良,52,25,55.0,28.0,8,0.45,78,2021,5,春季,2,0,78.0,44.285714285714285
2021-05-12,兰州市,良,58,24,65.0,47.0,14,0.7,70,2021,5,春季,3,0,52.0,43.57142857142857
2021-05-13,兰州市,良,52,23,56.0,33.0,11,0.58,73,2021,5,春季,4,0,58.0,39.142857142857146
2021-05-14,兰州市,良,74,37,99.0,16.0,7,0.38,74,2021,5,春季,5,0,52.0,31.428571428571427
2021-05-15,兰州市,优,28,17,23.0,22.0,6,0.43,66,2021,5,春季,6,1,74.0,27.571428571428573
2021-05-16,兰州市,优,39,18,36.0,33.0,9,0.53,61,2021,5,春季,7,1,28.0,25.571428571428573
2021-05-17,兰州市,优,47,19,45.0,36.0,11,0.5,80,2021,5,春季,1,0,39.0,23.285714285714285
2021-05-18,兰州市,良,52,25,56.0,42.0,16,0.61,69,2021,5,春季,2,0,47.0,23.285714285714285
2021-05-19,兰州市,优,44,21,43.0,29.0,8,0.47,82,2021,5,春季,3,0,52.0,22.857142857142858
2021-05-20,兰州市,良,56,24,63.0,55.0,16,0.73,59,2021,5,春季,4,0,44.0,23.0
2021-05-21,兰州市,良,64,30,77.0,63.0,16,0.7,45,2021,5,春季,5,0,56.0,22.0
2021-05-22,兰州市,良,59,29,75.0,33.0,7,0.45,55,2021,5,春季,6,1,64.0,23.714285714285715
2021-05-23,兰州市,优,41,20,41.0,33.0,9,0.57,60,2021,5,春季,7,1,59.0,24.0
2021-05-24,兰州市,良,53,23,59.0,39.0,12,0.48,71,2021,5,春季,1,0,41.0,24.571428571428573
2021-05-25,兰州市,良,62,24,74.0,49.0,16,0.66,71,2021,5,春季,2,0,53.0,24.428571428571427
2021-05-26,兰州市,优,45,15,45.0,28.0,9,0.41,102,2021,5,春季,3,0,62.0,23.571428571428573
2021-05-27,兰州市,良,67,26,82.0,50.0,18,0.7,73,2021,5,春季,4,0,45.0,23.857142857142858
2021-05-28,兰州市,良,73,31,96.0,46.0,16,0.7,62,2021,5,春季,5,0,67.0,24.0
2021-05-29,兰州市,良,56,21,64.0,38.0,10,0.51,79,2021,5,春季,6,1,73.0,22.857142857142858
2021-05-30,兰州市,良,69,26,82.0,50.0,13,0.7,85,2021,5,春季,7,1,56.0,23.714285714285715
2021-05-31,兰州市,轻度污染,141,73,214.5,21.0,8,0.39,82,2021,5,春季,1,0,69.0,30.857142857142858
2021-06-01,兰州市,良,58,28,68.0,36.0,10,0.49,79,2021,6,夏季,2,0,141.0,31.428571428571427
2021-06-02,兰州市,良,61,27,73.0,38.0,8,0.45,65,2021,6,夏季,3,0,58.0,33.142857142857146
2021-06-03,兰州市,良,53,23,56.0,30.0,8,0.39,76,2021,6,夏季,4,0,61.0,32.714285714285715
2021-06-04,兰州市,良,57,20,62.0,49.0,16,0.65,76,2021,6,夏季,5,0,53.0,31.142857142857142
2021-06-05,兰州市,良,63,23,74.0,54.0,15,0.68,77,2021,6,夏季,6,1,57.0,31.428571428571427
2021-06-06,兰州市,轻度污染,101,47,149.0,54.0,18,0.67,52,2021,6,夏季,7,1,63.0,34.42857142857143
2021-06-07,兰州市,良,54,24,58.0,29.0,10,0.47,86,2021,6,夏季,1,0,101.0,27.428571428571427
2021-06-08,兰州市,优,45,21,49.0,20.0,8,0.39,91,2021,6,夏季,2,0,54.0,26.428571428571427
2021-06-09,兰州市,优,40,20,38.0,16.0,7,0.29,97,2021,6,夏季,3,0,45.0,25.428571428571427
2021-06-10,兰州市,良,55,21,59.0,30.0,10,0.48,90,2021,6,夏季,4,0,40.0,25.142857142857142
2021-06-11,兰州市,优,38,16,34.0,24.0,7,0.46,98,2021,6,夏季,5,0,55.0,24.571428571428573
2021-06-12,兰州市,良,52,19,51.0,38.0,12,0.65,77,2021,6,夏季,6,1,38.0,24.0
2021-06-13,兰州市,良,58,27,69.0,25.0,8,0.53,77,2021,6,夏季,7,1,52.0,21.142857142857142
2021-06-14,兰州市,优,38,18,36.0,18.0,6,0.4,83,2021,6,夏季,1,0,58.0,20.285714285714285
2021-06-15,兰州市,良,61,28,75.0,33.0,9,0.57,49,2021,6,夏季,2,0,38.0,21.285714285714285
2021-06-16,兰州市,优,34,17,35.0,15.0,8,0.36,77,2021,6,夏季,3,0,61.0,20.857142857142858
2021-06-17,兰州市,优,34,18,31.0,27.0,6,0.49,69,2021,6,夏季,4,0,34.0,20.428571428571427
2021-06-18,兰州市,优,45,18,46.0,45.0,9,0.63,53,2021,6,夏季,5,0,34.0,20.714285714285715
2021-06-19,兰州市,良,51,17,52.0,42.0,8,0.51,71,2021,6,夏季,6,1,45.0,20.428571428571427
2021-06-20,兰州市,优,49,14,40.0,33.0,8,0.45,101,2021,6,夏季,7,1,51.0,18.571428571428573
2021-06-21,兰州市,良,85,36,120.0,48.0,15,0.63,77,2021,6,夏季,1,0,49.0,21.142857142857142
2021-06-22,兰州市,良,81,33,112.0,57.0,17,0.79,70,2021,6,夏季,2,0,85.0,21.857142857142858
2021-06-23,兰州市,优,47,20,48.0,24.0,7,0.47,100,2021,6,夏季,3,0,81.0,22.285714285714285
2021-06-24,兰州市,良,56,27,64.0,21.0,8,0.44,85,2021,6,夏季,4,0,47.0,23.571428571428573
2021-06-25,兰州市,优,40,18,36.0,31.0,6,0.57,67,2021,6,夏季,5,0,56.0,23.571428571428573
2021-06-26,兰州市,优,47,20,47.0,35.0,7,0.48,70,2021,6,夏季,6,1,40.0,24.0
2021-06-27,兰州市,良,51,19,48.0,32.0,10,0.53,89,2021,6,夏季,7,1,47.0,24.714285714285715
2021-06-28,兰州市,优,42,18,41.0,25.0,13,0.49,86,2021,6,夏季,1,0,51.0,22.142857142857142
2021-06-29,兰州市,优,44,19,43.0,27.0,10,0.5,89,2021,6,夏季,2,0,42.0,20.142857142857142
2021-06-30,兰州市,优,46,21,45.0,39.0,10,0.58,76,2021,6,夏季,3,0,44.0,20.285714285714285
2021-07-01,兰州市,优,45,19,42.0,30.0,8,0.48,88,2021,7,夏季,4,0,46.0,19.142857142857142
2021-07-02,兰州市,优,38,14,28.0,22.0,7,0.39,110,2021,7,夏季,5,0,45.0,18.571428571428573
2021-07-03,兰州市,良,56,21,60.0,49.0,14,0.63,73,2021,7,夏季,6,1,38.0,18.714285714285715
2021-07-04,兰州市,良,58,21,59.0,39.0,9,0.47,84,2021,7,夏季,7,1,56.0,19.0
2021-07-05,兰州市,良,61,23,72.0,39.0,12,0.59,86,2021,7,夏季,1,0,58.0,19.714285714285715
2021-07-06,兰州市,优,40,17,35.0,26.0,12,0.45,99,2021,7,夏季,2,0,61.0,19.428571428571427
2021-07-07,兰州市,良,61,18,51.0,41.0,14,0.53,98,2021,7,夏季,3,0,40.0,19.0
2021-07-08,兰州市,良,59,21,60.0,44.0,14,0.69,88,2021,7,夏季,4,0,61.0,19.285714285714285
2021-07-09,兰州市,良,56,19,56.0,45.0,13,0.53,85,2021,7,夏季,5,0,59.0,20.0
2021-07-10,兰州市,优,47,18,48.0,36.0,7,0.44,82,2021,7,夏季,6,1,56.0,19.571428571428573
2021-07-11,兰州市,良,53,18,48.0,35.0,12,0.62,91,2021,7,夏季,7,1,47.0,19.142857142857142
2021-07-12,兰州市,优,43,17,37.0,33.0,14,0.48,93,2021,7,夏季,1,0,53.0,18.285714285714285
2021-07-13,兰州市,良,70,22,71.0,47.0,16,0.65,90,2021,7,夏季,2,0,43.0,19.0
2021-07-14,兰州市,优,46,20,49.0,33.0,7,0.4,68,2021,7,夏季,3,0,70.0,19.285714285714285
2021-07-15,兰州市,优,33,12,28.0,26.0,5,0.4,77,2021,7,夏季,4,0,46.0,18.0
2021-07-16,兰州市,优,43,15,40.0,32.0,7,0.46,82,2021,7,夏季,5,0,33.0,17.428571428571427
2021-07-17,兰州市,良,53,20,56.0,35.0,14,0.49,88,2021,7,夏季,6,1,43.0,17.714285714285715
2021-07-18,兰州市,良,56,16,49.0,37.0,10,0.52,102,2021,7,夏季,7,1,53.0,17.428571428571427
2021-07-19,兰州市,良,55,18,46.0,33.0,14,0.49,107,2021,7,夏季,1,0,56.0,17.571428571428573
2021-07-20,兰州市,优,42,14,38.0,21.0,7,0.44,103,2021,7,夏季,2,0,55.0,16.428571428571427
2021-07-21,兰州市,优,39,13,32.0,17.0,6,0.42,100,2021,7,夏季,3,0,42.0,15.428571428571429
2021-07-22,兰州市,优,44,15,37.0,19.0,7,0.42,101,2021,7,夏季,4,0,39.0,15.857142857142858
2021-07-23,兰州市,优,40,14,36.0,18.0,7,0.45,95,2021,7,夏季,5,0,44.0,15.714285714285714
2021-07-24,兰州市,优,42,15,39.0,19.0,7,0.42,94,2021,7,夏季,6,1,40.0,15.0
2021-07-25,兰州市,优,37,16,38.0,23.0,7,0.42,61,2021,7,夏季,7,1,42.0,15.0
2021-07-26,兰州市,优,36,16,32.0,28.0,6,0.43,94,2021,7,夏季,1,0,37.0,14.714285714285714
2021-07-27,兰州市,良,56,22,63.0,46.0,12,0.75,65,2021,7,夏季,2,0,36.0,15.857142857142858
2021-07-28,兰州市,良,54,17,45.0,37.0,9,0.54,94,2021,7,夏季,3,0,56.0,16.428571428571427
2021-07-29,兰州市,良,55,18,53.0,52.0,13,0.66,83,2021,7,夏季,4,0,54.0,16.857142857142858
2021-07-30,兰州市,良,69,20,61.0,53.0,17,0.69,91,2021,7,夏季,5,0,55.0,17.714285714285715
2021-07-31,兰州市,良,77,24,72.0,56.0,18,0.75,99,2021,7,夏季,6,1,69.0,19.0
2021-08-01,兰州市,良,71,21,66.0,50.0,17,0.69,104,2021,8,夏季,7,1,77.0,19.714285714285715
2021-08-02,兰州市,良,70,29,89.0,34.0,9,0.53,96,2021,8,夏季,1,0,71.0,21.571428571428573
2021-08-03,兰州市,优,45,26,51.0,18.0,7,0.37,83,2021,8,夏季,2,0,70.0,22.142857142857142
2021-08-04,兰州市,优,44,15,38.0,34.0,9,0.58,88,2021,8,夏季,3,0,45.0,21.857142857142858
2021-08-05,兰州市,良,62,18,50.0,37.0,11,0.54,109,2021,8,夏季,4,0,44.0,21.857142857142858
2021-08-06,兰州市,良,56,22,63.0,46.0,16,0.67,78,2021,8,夏季,5,0,62.0,22.142857142857142
2021-08-07,兰州市,良,57,18,51.0,40.0,13,0.59,95,2021,8,夏季,6,1,56.0,21.285714285714285
2021-08-08,兰州市,良,72,33,95.0,16.0,9,0.37,113,2021,8,夏季,7,1,57.0,23.0
2021-08-09,兰州市,优,50,19,45.0,27.0,20,0.52,100,2021,8,夏季,1,0,72.0,21.571428571428573
2021-08-10,兰州市,优,46,17,40.0,24.0,9,0.43,105,2021,8,夏季,2,0,50.0,20.285714285714285
2021-08-11,兰州市,优,46,16,42.0,30.0,8,0.44,96,2021,8,夏季,3,0,46.0,20.428571428571427
2021-08-12,兰州市,良,51,22,55.0,39.0,13,0.6,87,2021,8,夏季,4,0,46.0,21.0
2021-08-13,兰州市,良,75,28,75.0,54.0,15,0.83,92,2021,8,夏季,5,0,51.0,21.857142857142858
2021-08-14,兰州市,良,57,21,58.0,41.0,11,0.55,90,2021,8,夏季,6,1,75.0,22.285714285714285
2021-08-15,兰州市,优,41,16,40.0,14.0,6,0.5,93,2021,8,夏季,7,1,57.0,19.857142857142858
2021-08-16,兰州市,优,35,11,35.0,21.0,7,0.56,60,2021,8,夏季,1,0,41.0,18.714285714285715
2021-08-17,兰州市,优,34,13,35.0,17.0,6,0.59,62,2021,8,夏季,2,0,35.0,18.142857142857142
2021-08-18,兰州市,良,63,30,78.0,19.0,9,0.49,72,2021,8,夏季,3,0,34.0,20.142857142857142
2021-08-19,兰州市,优,33,17,29.0,27.0,7,0.55,82,2021,8,夏季,4,0,63.0,19.428571428571427
2021-08-20,兰州市,良,57,19,52.0,45.0,12,0.56,81,2021,8,夏季,5,0,33.0,18.142857142857142
2021-08-21,兰州市,优,39,14,39.0,37.0,9,0.55,61,2021,8,夏季,6,1,57.0,17.142857142857142
2021-08-22,兰州市,优,44,16,41.0,39.0,8,0.54,73,2021,8,夏季,7,1,39.0,17.142857142857142
2021-08-23,兰州市,良,54,23,60.0,32.0,13,0.5,72,2021,8,夏季,1,0,44.0,18.857142857142858
2021-08-24,兰州市,优,49,21,50.0,30.0,14,0.5,81,2021,8,夏季,2,0,54.0,20.0
2021-08-25,兰州市,良,53,20,59.0,39.0,15,0.62,41,2021,8,夏季,3,0,49.0,18.571428571428573
2021-08-26,兰州市,良,52,20,52.0,43.0,14,0.63,68,2021,8,夏季,4,0,53.0,19.0
2021-08-27,兰州市,良,52,18,55.0,41.0,14,0.57,69,2021,8,夏季,5,0,52.0,18.857142857142858
2021-08-28,兰州市,优,47,20,44.0,24.0,11,0.53,97,2021,8,夏季,6,1,52.0,19.714285714285715
2021-08-29,兰州市,优,48,18,48.0,35.0,15,0.55,81,2021,8,夏季,7,1,47.0,20.0
2021-08-30,兰州市,优,31,15,31.0,23.0,7,0.51,68,2021,8,夏季,1,0,48.0,18.857142857142858
2021-08-31,兰州市,优,44,21,44.0,40.0,10,0.66,66,2021,8,夏季,2,0,31.0,18.857142857142858
2021-09-01,兰州市,优,49,19,47.0,38.0,11,0.67,73,2021,9,秋季,3,0,44.0,18.714285714285715
2021-09-02,兰州市,优,41,14,38.0,29.0,8,0.59,61,2021,9,秋季,4,0,49.0,17.857142857142858
2021-09-03,兰州市,优,32,15,32.0,26.0,9,0.57,60,2021,9,秋季,5,0,41.0,17.428571428571427
2021-09-04,兰州市,良,57,25,64.0,36.0,12,0.62,63,2021,9,秋季,6,1,32.0,18.142857142857142
2021-09-05,兰州市,优,47,20,52.0,38.0,10,0.6,55,2021,9,秋季,7,1,57.0,18.428571428571427
2021-09-06,兰州市,优,39,16,34.0,37.0,12,0.65,68,2021,9,秋季,1,0,47.0,18.571428571428573
2021-09-07,兰州市,良,55,22,59.0,51.0,15,0.8,62,2021,9,秋季,2,0,39.0,18.714285714285715
2021-09-08,兰州市,良,57,22,61.0,48.0,18,0.77,70,2021,9,秋季,3,0,55.0,19.142857142857142
2021-09-09,兰州市,良,53,21,53.0,41.0,16,0.7,83,2021,9,秋季,4,0,57.0,20.142857142857142
2021-09-10,兰州市,良,58,22,64.0,56.0,22,0.88,66,2021,9,秋季,5,0,53.0,21.142857142857142
2021-09-11,兰州市,优,50,20,49.0,33.0,9,0.55,75,2021,9,秋季,6,1,58.0,20.428571428571427
2021-09-12,兰州市,优,40,17,38.0,20.0,7,0.5,79,2021,9,秋季,7,1,50.0,20.0
2021-09-13,兰州市,优,39,16,38.0,20.0,7,0.52,66,2021,9,秋季,1,0,40.0,20.0
2021-09-14,兰州市,优,25,11,24.0,24.0,7,0.55,61,2021,9,秋季,2,0,39.0,18.428571428571427
2021-09-15,兰州市,优,22,10,16.0,24.0,5,0.5,67,2021,9,秋季,3,0,25.0,16.714285714285715
2021-09-16,兰州市,优,30,14,27.0,37.0,7,0.53,53,2021,9,秋季,4,0,22.0,15.714285714285714
2021-09-17,兰州市,优,43,15,41.0,38.0,8,0.6,54,2021,9,秋季,5,0,30.0,14.714285714285714
2021-09-18,兰州市,优,30,15,30.0,32.0,8,0.5,57,2021,9,秋季,6,1,43.0,14.0
2021-09-19,兰州市,优,34,16,34.0,35.0,8,0.48,59,2021,9,秋季,7,1,30.0,13.857142857142858
2021-09-20,兰州市,良,52,20,55.0,46.0,11,0.8,51,2021,9,秋季,1,0,34.0,14.428571428571429
2021-09-21,兰州市,良,62,28,73.0,59.0,17,0.95,54,2021,9,秋季,2,0,52.0,16.857142857142858
2021-09-22,兰州市,优,46,20,46.0,37.0,9,0.55,60,2021,9,秋季,3,0,62.0,18.285714285714285
2021-09-23,兰州市,优,50,20,51.0,42.0,11,0.79,59,2021,9,秋季,4,0,46.0,19.142857142857142
2021-09-24,兰州市,优,42,20,42.0,28.0,14,0.52,61,2021,9,秋季,5,0,50.0,19.857142857142858
2021-09-25,兰州市,优,42,19,42.0,40.0,9,0.63,41,2021,9,秋季,6,1,42.0,20.428571428571427
2021-09-26,兰州市,良,54,23,60.0,38.0,10,0.53,56,2021,9,秋季,7,1,42.0,21.428571428571427
2021-09-27,兰州市,良,62,28,74.0,58.0,11,0.97,35,2021,9,秋季,1,0,54.0,22.571428571428573
2021-09-28,兰州市,良,66,32,82.0,61.0,14,1.16,43,2021,9,秋季,2,0,62.0,23.142857142857142
2021-09-29,兰州市,良,65,29,80.0,66.0,16,0.95,42,2021,9,秋季,3,0,66.0,24.428571428571427
2021-09-30,兰州市,良,65,29,79.0,57.0,16,0.99,54,2021,9,秋季,4,0,65.0,25.714285714285715
2021-10-01,兰州市,良,64,28,77.0,60.0,18,0.95,53,2021,10,秋季,5,0,65.0,26.857142857142858
2021-10-02,兰州市,良,58,24,67.0,52.0,20,0.9,43,2021,10,秋季,6,1,64.0,27.571428571428573
2021-10-03,兰州市,良,59,26,71.0,26.0,8,0.53,55,2021,10,秋季,7,1,58.0,28.0
2021-10-04,兰州市,优,44,22,45.0,20.0,8,0.52,62,2021,10,秋季,1,0,59.0,27.142857142857142
2021-10-05,兰州市,优,46,26,45.0,23.0,8,0.57,57,2021,10,秋季,2,0,44.0,26.285714285714285
2021-10-06,兰州市,优,48,30,51.0,35.0,8,0.83,46,2021,10,秋季,3,0,46.0,26.428571428571427
2021-10-07,兰州市,良,60,36,70.0,49.0,12,0.96,45,2021,10,秋季,4,0,48.0,27.428571428571427
2021-10-08,兰州市,优,44,22,45.0,28.0,7,0.69,58,2021,10,秋季,5,0,60.0,26.571428571428573
2021-10-09,兰州市,良,72,32,95.0,17.0,7,0.39,57,2021,10,秋季,6,1,44.0,27.714285714285715
2021-10-10,兰州市,优,45,19,46.0,28.0,7,0.52,51,2021,10,秋季,7,1,72.0,26.714285714285715
2021-10-11,兰州市,优,36,19,35.0,32.0,7,0.62,47,2021,10,秋季,1,0,45.0,26.285714285714285
2021-10-12,兰州市,优,36,19,37.0,24.0,6,0.55,37,2021,10,秋季,2,0,36.0,25.285714285714285
2021-10-13,兰州市,良,82,38,113.0,33.0,9,0.45,58,2021,10,秋季,3,0,36.0,26.428571428571427
2021-10-14,兰州市,良,65,36,80.0,39.0,10,0.59,52,2021,10,秋季,4,0,82.0,26.428571428571427
2021-10-15,兰州市,良,52,28,57.0,34.0,6,0.54,56,2021,10,秋季,5,0,65.0,27.285714285714285
2021-10-16,兰州市,良,54,33,57.0,47.0,6,0.62,30,2021,10,秋季,6,1,52.0,27.428571428571427
2021-10-17,兰州市,良,56,32,63.0,52.0,8,0.76,30,2021,10,秋季,7,1,54.0,29.285714285714285
2021-10-18,兰州市,良,59,30,68.0,46.0,10,0.67,38,2021,10,秋季,1,0,56.0,30.857142857142858
2021-10-19,兰州市,良,60,33,70.0,56.0,8,0.77,20,2021,10,秋季,2,0,59.0,32.857142857142854
2021-10-20,兰州市,良,52,34,54.0,41.0,11,0.65,41,2021,10,秋季,3,0,60.0,32.285714285714285
2021-10-21,兰州市,良,56,34,62.0,46.0,8,0.63,41,2021,10,秋季,4,0,52.0,32.0
2021-10-22,兰州市,良,58,37,65.0,45.0,8,0.7,45,2021,10,秋季,5,0,56.0,33.285714285714285
2021-10-23,兰州市,良,55,35,58.0,38.0,7,0.7,42,2021,10,秋季,6,1,58.0,33.57142857142857
2021-10-24,兰州市,良,55,36,60.0,41.0,9,0.85,32,2021,10,秋季,7,1,55.0,34.142857142857146
2021-10-25,兰州市,优,47,28,49.0,31.0,8,0.6,42,2021,10,秋季,1,0,55.0,33.857142857142854
2021-10-26,兰州市,良,57,31,64.0,25.0,10,0.6,64,2021,10,秋季,2,0,47.0,33.57142857142857
2021-10-27,兰州市,良,60,42,67.0,40.0,17,0.81,37,2021,10,秋季,3,0,57.0,34.714285714285715
2021-10-28,兰州市,良,62,41,73.0,46.0,11,0.88,38,2021,10,秋季,4,0,60.0,35.714285714285715
2021-10-29,兰州市,良,62,38,74.0,53.0,12,0.92,47,2021,10,秋季,5,0,62.0,35.857142857142854
2021-10-30,兰州市,良,59,37,69.0,47.0,13,0.88,40,2021,10,秋季,6,1,62.0,36.142857142857146
2021-10-31,兰州市,良,54,28,59.0,40.0,14,0.65,52,2021,10,秋季,7,1,59.0,35.0
2021-11-01,兰州市,优,48,28,50.0,42.0,11,0.8,32,2021,11,秋季,1,0,54.0,35.0
2021-11-02,兰州市,良,51,30,53.0,40.0,10,0.7,42,2021,11,秋季,2,0,48.0,34.857142857142854
2021-11-03,兰州市,良,58,34,65.0,53.0,15,0.98,34,2021,11,秋季,3,0,51.0,33.714285714285715
2021-11-04,兰州市,良,66,46,77.0,58.0,15,1.13,25,2021,11,秋季,4,0,58.0,34.42857142857143
2021-11-05,兰州市,轻度污染,124,60,154.0,50.0,15,1.05,37,2021,11,秋季,5,0,66.0,37.57142857142857
2021-11-06,兰州市,良,90,33,130.0,12.0,6,0.26,61,2021,11,秋季,6,1,124.0,37.0
2021-11-07,兰州市,良,64,28,79.0,36.0,11,0.65,50,2021,11,秋季,7,1,90.0,37.0
2021-11-08,兰州市,良,63,39,75.0,54.0,19,0.89,32,2021,11,秋季,1,0,64.0,38.57142857142857
2021-11-09,兰州市,良,58,35,64.0,61.0,19,0.9,32,2021,11,秋季,2,0,63.0,39.285714285714285
2021-11-10,兰州市,良,58,35,66.0,48.0,18,0.78,39,2021,11,秋季,3,0,58.0,39.42857142857143
2021-11-11,兰州市,良,51,24,55.0,41.0,13,0.6,47,2021,11,秋季,4,0,58.0,36.285714285714285
2021-11-12,兰州市,良,68,39,84.0,68.0,16,0.99,31,2021,11,秋季,5,0,51.0,33.285714285714285
2021-11-13,兰州市,良,73,49,94.0,71.0,25,1.16,26,2021,11,秋季,6,1,68.0,35.57142857142857
2021-11-14,兰州市,良,71,43,91.0,63.0,22,0.97,30,2021,11,秋季,7,1,73.0,37.71428571428572
2021-11-15,兰州市,良,81,50,111.0,71.0,26,1.13,28,2021,11,秋季,1,0,71.0,39.285714285714285
2021-11-16,兰州市,良,99,71,139.0,85.0,30,1.5,14,2021,11,秋季,2,0,81.0,44.42857142857143
2021-11-17,兰州市,轻度污染,106,71,160.0,90.0,26,1.58,20,2021,11,秋季,3,0,99.0,49.57142857142857
2021-11-18,兰州市,良,87,57,122.0,87.0,21,1.68,22,2021,11,秋季,4,0,106.0,54.285714285714285
2021-11-19,兰州市,良,86,43,122.0,54.0,20,0.98,32,2021,11,秋季,5,0,87.0,54.85714285714285
2021-11-20,兰州市,良,96,39,143.0,40.0,14,0.58,41,2021,11,秋季,6,1,86.0,53.42857142857143
2021-11-21,兰州市,良,72,31,95.0,37.0,18,0.58,41,2021,11,秋季,7,1,96.0,51.71428571428572
2021-11-22,兰州市,良,77,45,103.0,65.0,20,0.98,21,2021,11,秋季,1,0,72.0,51.0
2021-11-23,兰州市,轻度污染,102,69,152.0,89.0,23,1.46,16,2021,11,秋季,2,0,77.0,50.71428571428572
2021-11-24,兰州市,轻度污染,101,71,149.0,90.5,29,1.58,16,2021,11,秋季,3,0,102.0,50.71428571428572
2021-11-25,兰州市,良,93,64,131.0,90.5,30,1.51,19,2021,11,秋季,4,0,101.0,51.71428571428572
2021-11-26,兰州市,良,92,65,128.0,90.5,34,1.61,13,2021,11,秋季,5,0,93.0,54.85714285714285
2021-11-27,兰州市,良,100,71,142.0,90.5,32,1.73,18,2021,11,秋季,6,1,92.0,59.42857142857143
2021-11-28,兰州市,良,75,43,101.0,56.0,18,1.04,26,2021,11,秋季,7,1,100.0,61.142857142857146
2021-11-29,兰州市,良,84,36,118.0,39.0,12,0.69,47,2021,11,秋季,1,0,75.0,59.85714285714285
2021-11-30,兰州市,良,85,52,122.0,71.0,16,1.18,13,2021,11,秋季,2,0,84.0,57.42857142857143
2021-12-01,兰州市,良,86,59,121.0,71.0,24,1.3,15,2021,12,冬季,3,0,85.0,55.71428571428572
2021-12-02,兰州市,良,85,57,117.0,79.0,30,1.44,14,2021,12,冬季,4,0,86.0,54.71428571428572
2021-12-03,兰州市,良,100,72,141.0,90.5,35,1.74,15,2021,12,冬季,5,0,85.0,55.71428571428572
2021-12-04,兰州市,良,92,68,127.0,88.0,32,1.56,15,2021,12,冬季,6,1,100.0,55.285714285714285
2021-12-05,兰州市,良,98,70,130.0,90.5,31,1.7,18,2021,12,冬季,7,1,92.0,59.142857142857146
2021-12-06,兰州市,良,87,63,119.0,88.0,35,1.58,16,2021,12,冬季,1,0,98.0,63.0
2021-12-07,兰州市,良,81,52,116.0,71.0,32,1.33,7,2021,12,冬季,2,0,87.0,63.0
2021-12-08,兰州市,良,100,64,148.0,76.0,22,1.44,13,2021,12,冬季,3,0,81.0,63.71428571428572
2021-12-09,兰州市,良,86,57,121.0,78.0,23,1.34,18,2021,12,冬季,4,0,100.0,63.71428571428572
2021-12-10,兰州市,良,64,37,79.0,72.0,17,1.14,17,2021,12,冬季,5,0,86.0,58.71428571428572
2021-12-11,兰州市,优,48,24,49.0,30.0,12,0.5,52,2021,12,冬季,6,1,64.0,52.42857142857143
2021-12-12,兰州市,良,55,36,64.0,50.0,12,0.84,35,2021,12,冬季,7,1,48.0,47.57142857142857
2021-12-13,兰州市,良,85,60,109.0,74.0,19,1.29,14,2021,12,冬季,1,0,55.0,47.142857142857146
2021-12-14,兰州市,良,80,58,103.0,70.0,25,1.26,19,2021,12,冬季,2,0,85.0,48.0
2021-12-15,兰州市,良,67,45,83.0,63.0,21,1.05,23,2021,12,冬季,3,0,80.0,45.285714285714285
2021-12-16,兰州市,良,69,30,88.0,46.0,13,0.6,42,2021,12,冬季,4,0,67.0,41.42857142857143
2021-12-17,兰州市,良,62,34,75.0,66.0,18,0.88,22,2021,12,冬季,5,0,69.0,41.0
2021-12-18,兰州市,良,77,51,103.0,77.0,30,1.31,12,2021,12,冬季,6,1,62.0,44.85714285714285
2021-12-19,兰州市,良,90,64,121.0,86.0,35,1.6,10,2021,12,冬季,7,1,77.0,48.85714285714285
2021-12-20,兰州市,轻度污染,103,76,141.0,90.5,30,2.01,11,2021,12,冬季,1,0,90.0,51.142857142857146
2021-12-21,兰州市,轻度污染,104,73,150.0,90.5,32,2.6,11,2021,12,冬季,2,0,103.0,53.285714285714285
2021-12-22,兰州市,良,81,48,113.0,76.0,34,2.52,15,2021,12,冬季,3,0,104.0,53.71428571428572
2021-12-23,兰州市,良,74,43,98.0,74.0,29,2.12,17,2021,12,冬季,4,0,81.0,55.57142857142857
2021-12-24,兰州市,良,70,38,89.0,58.0,26,1.82,26,2021,12,冬季,5,0,74.0,56.142857142857146
2021-12-25,兰州市,良,61,33,73.0,30.0,20,0.68,45,2021,12,冬季,6,1,70.0,53.57142857142857
2021-12-26,兰州市,良,58,37,65.0,38.0,18,0.78,40,2021,12,冬季,7,1,61.0,49.71428571428572
2021-12-27,兰州市,良,80,58,97.0,62.0,26,1.69,18,2021,12,冬季,1,0,58.0,47.142857142857146
2021-12-28,兰州市,良,91,67,113.0,67.0,25,2.14,16,2021,12,冬季,2,0,80.0,46.285714285714285
2021-12-29,兰州市,良,95,69,121.0,78.0,28,2.61,11,2021,12,冬季,3,0,91.0,49.285714285714285
2021-12-30,兰州市,轻度污染,110,83,140.0,83.0,27,2.68,17,2021,12,冬季,4,0,95.0,55.0
2021-12-31,兰州市,良,75,51,95.0,72.0,26,1.28,22,2021,12,冬季,5,0,110.0,56.85714285714285
2022-01-01,兰州市,轻度污染,107,79,140.0,83.0,28,2.36,13,2022,1,冬季,6,1,75.0,63.42857142857143
2022-01-02,兰州市,轻度污染,102,77,133.0,82.0,27,2.38,14,2022,1,冬季,7,1,107.0,69.14285714285714
2022-01-03,兰州市,良,87,63,114.0,79.0,31,1.88,15,2022,1,冬季,1,0,102.0,69.85714285714286
2022-01-04,兰州市,良,97,71,124.0,87.0,26,2.37,13,2022,1,冬季,2,0,87.0,70.42857142857143
2022-01-05,兰州市,轻度污染,107,80,132.0,86.0,27,2.55,16,2022,1,冬季,3,0,97.0,72.0
2022-01-06,兰州市,轻度污染,110,82,135.0,85.0,27,2.54,25,2022,1,冬季,4,0,107.0,71.85714285714286
2022-01-07,兰州市,良,100,75,116.0,67.0,19,1.83,18,2022,1,冬季,5,0,110.0,75.28571428571429
2022-01-08,兰州市,轻度污染,103,77,113.0,62.0,23,1.51,33,2022,1,冬季,6,1,100.0,75.0
2022-01-09,兰州市,轻度污染,124,85,154.0,63.0,23,1.79,35,2022,1,冬季,7,1,103.0,76.14285714285714
2022-01-10,兰州市,良,75,46,101.0,48.0,16,1.02,53,2022,1,冬季,1,0,124.0,73.71428571428571
2022-01-11,兰州市,良,86,60,117.0,74.0,24,1.68,20,2022,1,冬季,2,0,75.0,72.14285714285714
2022-01-12,兰州市,良,61,32,72.0,53.0,18,1.16,40,2022,1,冬季,3,0,86.0,65.28571428571429
2022-01-13,兰州市,良,68,38,86.0,66.0,18,1.5,21,2022,1,冬季,4,0,61.0,59.0
2022-01-14,兰州市,良,73,48,94.0,71.0,23,1.88,22,2022,1,冬季,5,0,68.0,55.142857142857146
2022-01-15,兰州市,良,69,46,88.0,75.0,26,1.63,19,2022,1,冬季,6,1,73.0,50.71428571428572
2022-01-16,兰州市,良,81,56,107.0,85.0,28,1.9,17,2022,1,冬季,7,1,69.0,46.57142857142857
2022-01-17,兰州市,良,81,47,112.0,78.0,24,1.68,21,2022,1,冬季,1,0,81.0,46.71428571428572
2022-01-18,兰州市,良,89,60,125.0,90.0,29,2.77,17,2022,1,冬季,2,0,81.0,46.71428571428572
2022-01-19,兰州市,良,87,62,120.0,90.5,28,2.7,17,2022,1,冬季,3,0,89.0,51.0
2022-01-20,兰州市,良,81,58,103.0,74.0,18,1.65,22,2022,1,冬季,4,0,87.0,53.85714285714285
2022-01-21,兰州市,良,87,63,105.0,67.0,20,1.68,26,2022,1,冬季,5,0,81.0,56.0
2022-01-22,兰州市,良,83,61,93.0,65.0,18,1.37,22,2022,1,冬季,6,1,87.0,58.142857142857146
2022-01-23,兰州市,良,78,57,88.0,57.0,20,1.53,32,2022,1,冬季,7,1,83.0,58.285714285714285
2022-01-24,兰州市,良,83,61,96.0,52.0,16,1.28,44,2022,1,冬季,1,0,78.0,60.285714285714285
2022-01-25,兰州市,良,89,66,99.0,59.0,15,1.59,30,2022,1,冬季,2,0,83.0,61.142857142857146
2022-01-26,兰州市,良,86,63,99.0,35.0,13,1.07,57,2022,1,冬季,3,0,89.0,61.285714285714285
2022-01-27,兰州市,良,62,43,68.0,31.0,11,0.85,67,2022,1,冬季,4,0,86.0,59.142857142857146
2022-01-28,兰州市,良,52,33,56.0,46.0,11,1.07,50,2022,1,冬季,5,0,62.0,54.85714285714285
2022-01-29,兰州市,良,61,42,66.0,55.0,17,1.47,40,2022,1,冬季,6,1,52.0,52.142857142857146
2022-01-30,兰州市,良,58,32,66.0,40.0,14,0.96,53,2022,1,冬季,7,1,61.0,48.57142857142857
2022-01-31,兰州市,良,73,44,77.0,39.0,18,0.99,52,2022,1,冬季,1,0,58.0,46.142857142857146
2022-02-01,兰州市,轻度污染,106,80,116.0,45.0,24,1.38,44,2022,2,冬季,2,0,73.0,48.142857142857146
2022-02-02,兰州市,良,66,45,72.0,48.0,20,1.57,43,2022,2,冬季,3,0,106.0,45.57142857142857
2022-02-03,兰州市,良,63,43,72.0,36.0,19,1.27,54,2022,2,冬季,4,0,66.0,45.57142857142857
2022-02-04,兰州市,良,56,35,63.0,33.0,23,1.21,64,2022,2,冬季,5,0,63.0,45.85714285714285
2022-02-05,兰州市,良,53,31,56.0,19.0,15,0.79,72,2022,2,冬季,6,1,56.0,44.285714285714285
2022-02-06,兰州市,良,55,39,50.0,24.0,19,0.85,67,2022,2,冬季,7,1,53.0,45.285714285714285
2022-02-07,兰州市,良,64,46,55.0,26.0,17,0.92,89,2022,2,冬季,1,0,55.0,45.57142857142857
2022-02-08,兰州市,良,80,58,72.0,37.0,18,1.43,72,2022,2,冬季,2,0,64.0,42.42857142857143
2022-02-09,兰州市,良,78,57,78.0,53.0,17,1.57,53,2022,2,冬季,3,0,80.0,44.142857142857146
2022-02-10,兰州市,良,85,63,82.0,52.0,16,1.4,50,2022,2,冬季,4,0,78.0,47.0
2022-02-11,兰州市,良,60,42,58.0,40.0,12,1.01,59,2022,2,冬季,5,0,85.0,48.0
2022-02-12,兰州市,良,58,30,66.0,36.0,10,0.96,62,2022,2,冬季,6,1,60.0,47.85714285714285
2022-02-13,兰州市,良,64,36,77.0,41.0,13,0.94,52,2022,2,冬季,7,1,58.0,47.42857142857143
2022-02-14,兰州市,良,56,30,64.0,37.0,14,0.8,52,2022,2,冬季,1,0,64.0,45.142857142857146
2022-02-15,兰州市,良,99,71,107.0,55.0,28,1.21,36,2022,2,冬季,2,0,56.0,47.0
2022-02-16,兰州市,良,79,54,93.0,46.0,23,1.38,41,2022,2,冬季,3,0,99.0,46.57142857142857
2022-02-17,兰州市,良,57,31,65.0,29.0,15,0.96,69,2022,2,冬季,4,0,79.0,42.0
2022-02-18,兰州市,优,41,20,43.0,14.0,8,0.49,73,2022,2,冬季,5,0,57.0,38.85714285714285
2022-02-19,兰州市,优,42,21,42.0,30.0,11,0.7,55,2022,2,冬季,6,1,41.0,37.57142857142857
2022-02-20,兰州市,良,52,27,56.0,39.0,16,0.9,46,2022,2,冬季,7,1,42.0,36.285714285714285
2022-02-21,兰州市,优,44,23,45.0,32.0,13,0.81,59,2022,2,冬季,1,0,52.0,35.285714285714285
2022-02-22,兰州市,良,54,28,60.0,44.0,13,0.89,52,2022,2,冬季,2,0,44.0,29.142857142857142
2022-02-23,兰州市,良,57,34,65.0,50.0,17,0.96,50,2022,2,冬季,3,0,54.0,26.285714285714285
2022-02-24,兰州市,良,61,37,72.0,60.0,18,1.11,42,2022,2,冬季,4,0,57.0,27.142857142857142
2022-02-25,兰州市,良,58,35,68.0,57.0,17,1.08,40,2022,2,冬季,5,0,61.0,29.285714285714285
2022-02-26,兰州市,良,91,42,132.0,59.0,19,1.15,38,2022,2,冬季,6,1,58.0,32.285714285714285
2022-02-27,兰州市,良,68,38,87.0,55.0,21,1.05,40,2022,2,冬季,7,1,91.0,33.857142857142854
2022-02-28,兰州市,良,91,35,133.0,24.0,9,0.7,74,2022,2,冬季,1,0,68.0,35.57142857142857
2022-03-01,兰州市,轻度污染,103,43,157.0,47.0,13,1.0,46,2022,3,春季,2,0,91.0,37.71428571428572
2022-03-02,兰州市,良,76,38,103.0,58.0,17,1.14,43,2022,3,春季,3,0,103.0,38.285714285714285
2022-03-03,兰州市,良,72,36,94.0,53.0,17,1.01,50,2022,3,春季,4,0,76.0,38.142857142857146
2022-03-04,兰州市,良,69,30,87.0,35.0,12,0.76,71,2022,3,春季,5,0,72.0,37.42857142857143
2022-03-05,兰州市,良,81,38,112.0,59.0,18,0.98,46,2022,3,春季,6,1,69.0,36.85714285714285
2022-03-06,兰州市,良,75,37,101.0,56.0,15,0.96,50,2022,3,春季,7,1,81.0,36.71428571428572
2022-03-07,兰州市,轻度污染,101,45,152.0,77.0,21,1.37,35,2022,3,春季,1,0,75.0,38.142857142857146
2022-03-08,兰州市,良,84,43,118.0,63.0,19,1.37,49,2022,3,春季,2,0,101.0,38.142857142857146
2022-03-09,兰州市,轻度污染,117,55,185.0,59.0,14,1.09,58,2022,3,春季,3,0,84.0,40.57142857142857
2022-03-10,兰州市,轻度污染,101,52,153.0,77.0,23,1.46,43,2022,3,春季,4,0,117.0,42.85714285714285
2022-03-11,兰州市,轻度污染,111,49,171.0,51.0,17,1.1,64,2022,3,春季,5,0,101.0,45.57142857142857
2022-03-12,兰州市,轻度污染,141,66,214.5,59.0,19,1.15,54,2022,3,春季,6,1,111.0,49.57142857142857
2022-03-13,兰州市,轻度污染,141,72,214.5,52.0,24,1.1,52,2022,3,春季,7,1,141.0,54.57142857142857
2022-03-14,兰州市,轻度污染,141,91,214.5,55.0,15,1.05,56,2022,3,春季,1,0,141.0,61.142857142857146
2022-03-15,兰州市,轻度污染,101,44,152.0,39.0,9,0.82,62,2022,3,春季,2,0,141.0,61.285714285714285
2022-03-16,兰州市,良,82,35,114.0,47.0,16,0.9,51,2022,3,春季,3,0,101.0,58.42857142857143
2022-03-17,兰州市,轻度污染,141,79,214.5,23.0,11,0.68,74,2022,3,春季,4,0,82.0,62.285714285714285
2022-03-18,兰州市,轻度污染,111,43,173.0,29.0,11,0.63,64,2022,3,春季,5,0,141.0,61.42857142857143
2022-03-19,兰州市,良,78,28,105.0,24.0,15,0.67,71,2022,3,春季,6,1,111.0,56.0
2022-03-20,兰州市,良,58,19,66.0,14.0,10,0.71,90,2022,3,春季,7,1,78.0,48.42857142857143
2022-03-21,兰州市,优,50,21,53.0,17.0,8,0.8,80,2022,3,春季,1,0,58.0,38.42857142857143
2022-03-22,兰州市,良,51,23,57.0,21.0,8,0.61,73,2022,3,春季,2,0,50.0,35.42857142857143
2022-03-23,兰州市,良,73,32,95.0,43.0,16,1.0,55,2022,3,春季,3,0,51.0,35.0
2022-03-24,兰州市,轻度污染,141,53,214.5,30.0,12,0.64,58,2022,3,春季,4,0,73.0,31.285714285714285
2022-03-25,兰州市,良,72,32,94.0,12.0,10,0.47,87,2022,3,春季,5,0,141.0,29.714285714285715
2022-03-26,兰州市,优,50,25,51.0,21.0,13,0.53,88,2022,3,春季,6,1,72.0,29.285714285714285
2022-03-27,兰州市,良,51,22,54.0,28.0,12,0.55,76,2022,3,春季,7,1,50.0,29.714285714285715
2022-03-28,兰州市,良,79,36,108.0,43.0,12,0.75,59,2022,3,春季,1,0,51.0,31.857142857142858
2022-03-29,兰州市,良,92,41,134.0,13.0,9,0.48,88,2022,3,春季,2,0,79.0,34.42857142857143
2022-03-30,兰州市,良,68,28,86.0,31.0,14,0.62,66,2022,3,春季,3,0,92.0,33.857142857142854
2022-03-31,兰州市,良,54,21,58.0,28.0,9,0.56,79,2022,3,春季,4,0,68.0,29.285714285714285
2022-04-01,兰州市,良,54,22,60.0,26.0,10,0.52,82,2022,4,春季,5,0,54.0,27.857142857142858
2022-04-02,兰州市,良,62,26,74.0,39.0,14,0.69,70,2022,4,春季,6,1,54.0,28.0
2022-04-03,兰州市,良,63,29,77.0,42.0,14,0.68,63,2022,4,春季,7,1,62.0,29.0
2022-04-04,兰州市,良,61,29,71.0,28.0,12,0.69,74,2022,4,春季,1,0,63.0,28.0
2022-04-05,兰州市,良,90,39,129.0,42.0,15,0.71,67,2022,4,春季,2,0,61.0,27.714285714285715
2022-04-06,兰州市,良,77,32,104.0,43.0,15,0.73,67,2022,4,春季,3,0,90.0,28.285714285714285
2022-04-07,兰州市,良,73,31,97.0,45.0,18,0.78,63,2022,4,春季,4,0,77.0,29.714285714285715
2022-04-08,兰州市,良,73,29,96.0,43.0,15,0.7,61,2022,4,春季,5,0,73.0,30.714285714285715
2022-04-09,兰州市,良,82,34,115.0,51.0,19,0.82,54,2022,4,春季,6,1,73.0,31.857142857142858
2022-04-10,兰州市,良,77,32,104.0,51.0,19,0.79,49,2022,4,春季,7,1,82.0,32.285714285714285
2022-04-11,兰州市,轻度污染,141,89,214.5,15.0,7,0.45,75,2022,4,春季,1,0,77.0,40.85714285714285
2022-04-12,兰州市,轻度污染,122,50,193.0,28.0,13,0.63,61,2022,4,春季,2,0,141.0,42.42857142857143
2022-04-13,兰州市,轻度污染,104,42,157.0,18.0,11,0.53,82,2022,4,春季,3,0,122.0,43.85714285714285
2022-04-14,兰州市,优,42,24,42.0,12.0,8,0.49,85,2022,4,春季,4,0,104.0,42.85714285714285
2022-04-15,兰州市,优,31,16,30.0,17.0,6,0.6,57,2022,4,春季,5,0,42.0,41.0
2022-04-16,兰州市,优,41,20,46.0,17.0,7,0.61,73,2022,4,春季,6,1,31.0,39.0
2022-04-17,兰州市,轻度污染,118,46,163.0,14.0,8,0.48,89,2022,4,春季,7,1,41.0,41.0
2022-04-18,兰州市,良,82,37,114.0,19.0,9,0.54,87,2022,4,春季,1,0,118.0,33.57142857142857
2022-04-19,兰州市,良,61,26,74.0,33.0,9,0.6,69,2022,4,春季,2,0,82.0,30.142857142857142
2022-04-20,兰州市,良,65,29,82.0,49.0,12,0.93,61,2022,4,春季,3,0,61.0,28.285714285714285
2022-04-21,兰州市,轻度污染,121,59,187.0,36.0,14,0.71,58,2022,4,春季,4,0,65.0,33.285714285714285
2022-04-22,兰州市,轻度污染,141,68,214.5,37.0,12,0.69,68,2022,4,春季,5,0,121.0,40.71428571428572
2022-04-23,兰州市,良,98,50,146.0,26.0,10,0.73,91,2022,4,春季,6,1,141.0,45.0
2022-04-24,兰州市,良,53,30,58.0,15.0,9,0.59,102,2022,4,春季,7,1,98.0,42.71428571428572
2022-04-25,兰州市,良,64,31,79.0,36.0,13,0.83,75,2022,4,春季,1,0,53.0,41.85714285714285
2022-04-26,兰州市,良,65,29,81.0,37.0,18,0.89,78,2022,4,春季,2,0,64.0,42.285714285714285
2022-04-27,兰州市,轻度污染,141,91,214.5,14.0,7,0.55,78,2022,4,春季,3,0,65.0,51.142857142857146
2022-04-28,兰州市,轻度污染,130,77,209.0,27.0,10,0.78,67,2022,4,春季,4,0,141.0,53.71428571428572
2022-04-29,兰州市,良,60,38,74.0,17.0,7,0.54,76,2022,4,春季,5,0,130.0,49.42857142857143
2022-04-30,兰州市,良,54,26,60.0,12.0,6,0.4,83,2022,4,春季,6,1,60.0,46.0
2022-05-01,兰州市,良,52,27,57.0,31.0,8,0.68,64,2022,5,春季,7,1,54.0,45.57142857142857
2022-05-02,兰州市,优,46,24,43.0,24.0,11,0.58,88,2022,5,春季,1,0,52.0,44.57142857142857
2022-05-03,兰州市,良,53,23,55.0,47.0,12,0.71,68,2022,5,春季,2,0,46.0,43.71428571428572
2022-05-04,兰州市,良,56,21,60.0,54.0,11,0.83,61,2022,5,春季,3,0,53.0,33.714285714285715
2022-05-05,兰州市,良,61,24,69.0,52.0,13,0.78,66,2022,5,春季,4,0,56.0,26.142857142857142
2022-05-06,兰州市,轻度污染,141,90,214.5,31.0,10,0.64,86,2022,5,春季,5,0,61.0,33.57142857142857
2022-05-07,兰州市,良,76,34,102.0,24.0,10,0.6,107,2022,5,春季,6,1,141.0,34.714285714285715
2022-05-08,兰州市,良,75,39,104.0,15.0,9,0.45,90,2022,5,春季,7,1,76.0,36.42857142857143
2022-05-09,兰州市,良,53,29,57.0,32.0,9,0.68,66,2022,5,春季,1,0,75.0,37.142857142857146
2022-05-10,兰州市,良,88,45,125.0,38.0,12,0.58,66,2022,5,春季,2,0,53.0,40.285714285714285
2022-05-11,兰州市,良,51,26,56.0,18.0,8,0.5,96,2022,5,春季,3,0,88.0,41.0
2022-05-12,兰州市,良,74,32,98.0,35.0,13,0.61,65,2022,5,春季,4,0,51.0,42.142857142857146
2022-05-13,兰州市,优,47,26,48.0,15.0,8,0.55,72,2022,5,春季,5,0,74.0,33.0
2022-05-14,兰州市,优,41,27,40.0,22.0,6,0.5,68,2022,5,春季,6,1,47.0,32.0
2022-05-15,兰州市,优,50,29,52.0,32.0,10,0.58,67,2022,5,春季,7,1,41.0,30.571428571428573
2022-05-16,兰州市,优,47,23,44.0,28.0,9,0.47,92,2022,5,春季,1,0,50.0,29.714285714285715
2022-05-17,兰州市,良,56,22,62.0,46.0,12,0.63,76,2022,5,春季,2,0,47.0,26.428571428571427
2022-05-18,兰州市,优,42,21,42.0,21.0,7,0.51,82,2022,5,春季,3,0,56.0,25.714285714285715
2022-05-19,兰州市,良,56,26,63.0,41.0,12,0.74,70,2022,5,春季,4,0,42.0,24.857142857142858
2022-05-20,兰州市,良,62,29,75.0,39.0,17,0.65,79,2022,5,春季,5,0,56.0,25.285714285714285
2022-05-21,兰州市,优,50,23,53.0,31.0,9,0.57,78,2022,5,春季,6,1,62.0,24.714285714285715
2022-05-22,兰州市,良,56,23,61.0,36.0,12,0.67,79,2022,5,春季,7,1,50.0,23.857142857142858
2022-05-23,兰州市,良,52,22,55.0,35.0,12,0.56,79,2022,5,春季,1,0,56.0,23.714285714285715
2022-05-24,兰州市,优,48,19,49.0,19.0,6,0.45,90,2022,5,春季,2,0,52.0,23.285714285714285
2022-05-25,兰州市,优,33,17,32.0,16.0,7,0.51,77,2022,5,春季,3,0,48.0,22.714285714285715
2022-05-26,兰州市,优,47,21,48.0,46.0,12,0.9,71,2022,5,春季,4,0,33.0,22.0
2022-05-27,兰州市,良,58,25,63.0,49.0,12,0.74,85,2022,5,春季,5,0,47.0,21.428571428571427
2022-05-28,兰州市,良,55,21,54.0,39.0,11,0.73,94,2022,5,春季,6,1,58.0,21.142857142857142
2022-05-29,兰州市,良,86,40,120.0,17.0,6,0.43,97,2022,5,春季,7,1,55.0,23.571428571428573
2022-05-30,兰州市,优,50,22,50.0,36.0,11,0.62,78,2022,5,春季,1,0,86.0,23.571428571428573
2022-05-31,兰州市,良,56,24,64.0,36.0,13,0.63,82,2022,5,春季,2,0,50.0,24.285714285714285
2022-06-01,兰州市,良,59,22,69.0,35.0,13,0.66,87,2022,6,夏季,3,0,56.0,25.0
2022-06-02,兰州市,优,50,18,54.0,16.0,7,0.48,110,2022,6,夏季,4,0,59.0,24.571428571428573
2022-06-03,兰州市,优,45,23,50.0,25.0,8,0.49,73,2022,6,夏季,5,0,50.0,24.285714285714285
2022-06-04,兰州市,优,41,20,43.0,26.0,8,0.5,76,2022,6,夏季,6,1,45.0,24.142857142857142
2022-06-05,兰州市,良,57,24,62.0,37.0,10,0.67,81,2022,6,夏季,7,1,41.0,21.857142857142858
2022-06-06,兰州市,优,44,19,42.0,24.0,9,0.54,104,2022,6,夏季,1,0,57.0,21.428571428571427
2022-06-07,兰州市,良,56,25,62.0,28.0,9,0.53,95,2022,6,夏季,2,0,44.0,21.571428571428573
2022-06-08,兰州市,良,64,30,78.0,36.0,13,0.65,88,2022,6,夏季,3,0,56.0,22.714285714285715
2022-06-09,兰州市,优,46,20,46.0,15.0,10,0.43,115,2022,6,夏季,4,0,64.0,23.0
2022-06-10,兰州市,优,44,17,37.0,19.0,11,0.47,112,2022,6,夏季,5,0,46.0,22.142857142857142
2022-06-11,兰州市,良,56,25,64.0,29.0,12,0.53,82,2022,6,夏季,6,1,44.0,22.857142857142858
2022-06-12,兰州市,良,54,25,58.0,29.0,12,0.6,86,2022,6,夏季,7,1,56.0,23.0
2022-06-13,兰州市,良,52,20,52.0,30.0,15,0.54,90,2022,6,夏季,1,0,54.0,23.142857142857142
2022-06-14,兰州市,良,63,18,57.0,51.0,16,0.69,86,2022,6,夏季,2,0,52.0,22.142857142857142
2022-06-15,兰州市,良,62,18,56.0,46.0,14,0.65,101,2022,6,夏季,3,0,63.0,20.428571428571427
2022-06-16,兰州市,良,56,17,44.0,30.0,8,0.55,116,2022,6,夏季,4,0,62.0,20.0
2022-06-17,兰州市,良,54,19,44.0,17.0,7,0.45,121,2022,6,夏季,5,0,56.0,20.285714285714285
2022-06-18,兰州市,优,44,18,41.0,19.0,6,0.51,109,2022,6,夏季,6,1,54.0,19.285714285714285
2022-06-19,兰州市,优,40,16,36.0,20.0,7,0.5,96,2022,6,夏季,7,1,44.0,18.0
2022-06-20,兰州市,优,39,17,39.0,14.0,6,0.48,89,2022,6,夏季,1,0,40.0,17.571428571428573
2022-06-21,兰州市,良,64,34,78.0,13.0,11,0.48,92,2022,6,夏季,2,0,39.0,19.857142857142858
2022-06-22,兰州市,优,39,16,33.0,20.0,9,0.5,103,2022,6,夏季,3,0,64.0,19.571428571428573
2022-06-23,兰州市,优,48,14,41.0,34.0,11,0.65,87,2022,6,夏季,4,0,39.0,19.142857142857142
2022-06-24,兰州市,优,46,14,39.0,24.0,7,0.5,110,2022,6,夏季,5,0,48.0,18.428571428571427
2022-06-25,兰州市,优,38,16,37.0,19.0,8,0.57,89,2022,6,夏季,6,1,46.0,18.142857142857142
2022-06-26,兰州市,优,37,18,32.0,17.0,6,0.48,109,2022,6,夏季,7,1,38.0,18.428571428571427
2022-06-27,兰州市,优,36,17,35.0,26.0,7,0.55,83,2022,6,夏季,1,0,37.0,18.428571428571427
2022-06-28,兰州市,优,45,17,44.0,33.0,11,0.53,82,2022,6,夏季,2,0,36.0,16.0
2022-06-29,兰州市,良,54,19,51.0,44.0,11,0.66,84,2022,6,夏季,3,0,45.0,16.428571428571427
2022-06-30,兰州市,良,57,22,55.0,43.0,15,0.62,89,2022,6,夏季,4,0,54.0,17.571428571428573
2022-07-01,兰州市,优,48,19,47.0,31.0,12,0.6,95,2022,7,夏季,5,0,57.0,18.285714285714285
2022-07-02,兰州市,优,45,17,31.0,25.0,7,0.5,109,2022,7,夏季,6,1,48.0,18.428571428571427
2022-07-03,兰州市,良,61,19,48.0,35.0,13,0.58,109,2022,7,夏季,7,1,45.0,18.571428571428573
2022-07-04,兰州市,优,45,18,38.0,20.0,11,0.47,117,2022,7,夏季,1,0,61.0,18.714285714285715
2022-07-05,兰州市,优,50,19,39.0,30.0,11,0.48,99,2022,7,夏季,2,0,45.0,19.0
2022-07-06,兰州市,良,72,24,62.0,51.0,16,0.66,100,2022,7,夏季,3,0,50.0,19.714285714285715
2022-07-07,兰州市,良,83,35,102.0,33.0,9,0.51,107,2022,7,夏季,4,0,72.0,21.571428571428573
2022-07-08,兰州市,良,88,45,120.0,33.0,12,0.55,97,2022,7,夏季,5,0,83.0,25.285714285714285
2022-07-09,兰州市,优,50,26,49.0,17.0,9,0.5,119,2022,7,夏季,6,1,88.0,26.571428571428573
2022-07-10,兰州市,优,48,24,47.0,21.0,11,0.5,96,2022,7,夏季,7,1,50.0,27.285714285714285
2022-07-11,兰州市,优,38,20,32.0,16.0,7,0.53,97,2022,7,夏季,1,0,48.0,27.571428571428573
2022-07-12,兰州市,优,46,21,46.0,29.0,10,0.68,73,2022,7,夏季,2,0,38.0,27.857142857142858
2022-07-13,兰州市,良,52,23,52.0,27.0,12,0.66,94,2022,7,夏季,3,0,46.0,27.714285714285715
2022-07-14,兰州市,优,41,18,37.0,17.0,10,0.57,96,2022,7,夏季,4,0,52.0,25.285714285714285
2022-07-15,兰州市,优,29,18,23.0,11.0,6,0.55,78,2022,7,夏季,5,0,41.0,21.428571428571427
2022-07-16,兰州市,优,29,12,21.0,15.0,10,0.47,85,2022,7,夏季,6,1,29.0,19.428571428571427
2022-07-17,兰州市,优,35,14,33.0,22.0,9,0.49,77,2022,7,夏季,7,1,29.0,18.0
2022-07-18,兰州市,优,38,18,36.0,22.0,13,0.6,79,2022,7,夏季,1,0,35.0,17.714285714285715
2022-07-19,兰州市,优,35,17,34.0,14.0,7,0.5,96,2022,7,夏季,2,0,38.0,17.142857142857142
2022-07-20,兰州市,良,54,19,48.0,25.0,12,0.59,98,2022,7,夏季,3,0,35.0,16.571428571428573
2022-07-21,兰州市,优,48,20,52.0,15.0,8,0.45,77,2022,7,夏季,4,0,54.0,16.857142857142858
2022-07-22,兰州市,优,35,15,20.0,13.0,7,0.55,102,2022,7,夏季,5,0,48.0,16.428571428571427
2022-07-23,兰州市,优,46,18,35.0,22.0,13,0.59,102,2022,7,夏季,6,1,35.0,17.285714285714285
2022-07-24,兰州市,优,48,18,38.0,21.0,14,0.56,102,2022,7,夏季,7,1,46.0,17.857142857142858
2022-07-25,兰州市,优,40,15,31.0,19.0,11,0.58,97,2022,7,夏季,1,0,48.0,17.428571428571427
2022-07-26,兰州市,良,70,32,96.0,11.0,7,0.43,94,2022,7,夏季,2,0,40.0,19.571428571428573
2022-07-27,兰州市,优,39,15,29.0,10.0,6,0.44,113,2022,7,夏季,3,0,70.0,19.0
2022-07-28,兰州市,良,59,20,46.0,24.0,16,0.57,104,2022,7,夏季,4,0,39.0,19.0
2022-07-29,兰州市,良,52,16,35.0,18.0,12,0.56,118,2022,7,夏季,5,0,59.0,19.142857142857142
2022-07-30,兰州市,优,39,15,34.0,14.0,9,0.49,98,2022,7,夏季,6,1,52.0,18.714285714285715
2022-07-31,兰州市,优,40,17,37.0,11.0,12,0.51,99,2022,7,夏季,7,1,39.0,18.571428571428573
2022-08-01,兰州市,优,32,17,26.0,12.0,8,0.56,96,2022,8,夏季,1,0,40.0,18.857142857142858
2022-08-02,兰州市,优,35,20,32.0,16.0,7,0.63,83,2022,8,夏季,2,0,32.0,17.142857142857142
2022-08-03,兰州市,优,35,18,31.0,10.0,6,0.48,93,2022,8,夏季,3,0,35.0,17.571428571428573
2022-08-04,兰州市,优,31,15,29.0,17.0,10,0.57,76,2022,8,夏季,4,0,35.0,16.857142857142858
2022-08-05,兰州市,优,43,19,35.0,23.0,11,0.65,88,2022,8,夏季,5,0,31.0,17.285714285714285
2022-08-06,兰州市,优,44,16,37.0,19.0,8,0.56,91,2022,8,夏季,6,1,43.0,17.428571428571427
2022-08-07,兰州市,优,44,19,45.0,13.0,7,0.51,87,2022,8,夏季,7,1,44.0,17.714285714285715
2022-08-08,兰州市,优,45,19,42.0,13.0,9,0.53,92,2022,8,夏季,1,0,44.0,18.0
2022-08-09,兰州市,优,47,23,48.0,18.0,14,0.63,105,2022,8,夏季,2,0,45.0,18.428571428571427
2022-08-10,兰州市,优,39,20,39.0,12.0,10,0.63,94,2022,8,夏季,3,0,47.0,18.714285714285715
2022-08-11,兰州市,优,38,19,34.0,16.0,7,0.59,92,2022,8,夏季,4,0,39.0,19.285714285714285
2022-08-12,兰州市,优,41,19,37.0,17.0,6,0.53,97,2022,8,夏季,5,0,38.0,19.285714285714285
2022-08-13,兰州市,优,46,19,41.0,15.0,7,0.6,102,2022,8,夏季,6,1,41.0,19.714285714285715
2022-08-14,兰州市,优,35,17,33.0,15.0,6,0.5,81,2022,8,夏季,7,1,46.0,19.428571428571427
2022-08-15,兰州市,优,43,22,43.0,28.0,11,0.64,71,2022,8,夏季,1,0,35.0,19.857142857142858
2022-08-16,兰州市,良,54,21,50.0,39.0,7,0.65,80,2022,8,夏季,2,0,43.0,19.571428571428573
2022-08-17,兰州市,优,48,22,49.0,34.0,7,0.7,67,2022,8,夏季,3,0,54.0,19.857142857142858
2022-08-18,兰州市,优,47,22,48.0,19.0,5,0.56,87,2022,8,夏季,4,0,48.0,20.285714285714285
2022-08-19,兰州市,良,60,23,70.0,27.0,9,0.6,84,2022,8,夏季,5,0,47.0,20.857142857142858
2022-08-20,兰州市,优,49,19,49.0,29.0,7,0.61,69,2022,8,夏季,6,1,60.0,20.857142857142858
2022-08-21,兰州市,优,41,23,41.0,19.0,7,0.63,76,2022,8,夏季,7,1,49.0,21.714285714285715
2022-08-22,兰州市,优,40,19,39.0,17.0,6,0.59,86,2022,8,夏季,1,0,41.0,21.285714285714285
2022-08-23,兰州市,优,43,22,43.0,23.0,6,0.66,59,2022,8,夏季,2,0,40.0,21.428571428571427
2022-08-24,兰州市,优,32,17,32.0,16.0,7,0.57,74,2022,8,夏季,3,0,43.0,20.714285714285715
2022-08-25,兰州市,优,31,15,25.0,18.0,7,0.57,77,2022,8,夏季,4,0,32.0,19.714285714285715
2022-08-26,兰州市,优,32,13,32.0,25.0,9,0.52,49,2022,8,夏季,5,0,31.0,18.285714285714285
2022-08-27,兰州市,优,22,11,21.0,14.0,6,0.53,57,2022,8,夏季,6,1,32.0,17.142857142857142
2022-08-28,兰州市,优,45,25,46.0,16.0,8,0.47,67,2022,8,夏季,7,1,22.0,17.428571428571427
2022-08-29,兰州市,优,48,21,52.0,32.0,8,0.44,42,2022,8,夏季,1,0,45.0,17.714285714285715
2022-08-30,兰州市,优,45,24,45.0,35.0,9,0.47,58,2022,8,夏季,2,0,48.0,18.0
2022-08-31,兰州市,良,53,26,59.0,45.0,10,0.51,46,2022,8,夏季,3,0,45.0,19.285714285714285
2022-09-01,兰州市,优,48,21,49.0,36.0,11,0.47,63,2022,9,秋季,4,0,53.0,20.142857142857142
2022-09-02,兰州市,优,42,19,42.0,30.0,6,0.45,63,2022,9,秋季,5,0,48.0,21.0
2022-09-03,兰州市,优,35,18,30.0,21.0,8,0.43,82,2022,9,秋季,6,1,42.0,22.0
2022-09-04,兰州市,优,45,19,47.0,43.0,10,0.46,55,2022,9,秋季,7,1,35.0,21.142857142857142
2022-09-05,兰州市,优,50,22,49.0,43.0,12,0.48,63,2022,9,秋季,1,0,45.0,21.285714285714285
2022-09-06,兰州市,良,55,24,58.0,53.0,10,0.54,61,2022,9,秋季,2,0,50.0,21.285714285714285
2022-09-07,兰州市,良,55,24,62.0,43.0,18,0.6,76,2022,9,秋季,3,0,55.0,21.0
2022-09-08,兰州市,优,43,19,40.0,36.0,7,0.53,86,2022,9,秋季,4,0,55.0,20.714285714285715
2022-09-09,兰州市,良,54,23,54.0,49.0,9,0.56,72,2022,9,秋季,5,0,43.0,21.285714285714285
2022-09-10,兰州市,良,63,25,63.0,47.0,17,0.64,82,2022,9,秋季,6,1,54.0,22.285714285714285
2022-09-11,兰州市,良,66,26,63.0,46.0,14,0.63,93,2022,9,秋季,7,1,63.0,23.285714285714285
2022-09-12,兰州市,良,51,23,53.0,32.0,14,0.58,78,2022,9,秋季,1,0,66.0,23.428571428571427
2022-09-13,兰州市,优,45,22,46.0,22.0,6,0.56,77,2022,9,秋季,2,0,51.0,23.142857142857142
2022-09-14,兰州市,优,35,15,29.0,14.0,5,0.54,97,2022,9,秋季,3,0,45.0,21.857142857142858
2022-09-15,兰州市,优,41,19,41.0,21.0,6,0.58,78,2022,9,秋季,4,0,35.0,21.857142857142858
2022-09-16,兰州市,优,42,24,42.0,17.0,7,0.57,80,2022,9,秋季,5,0,41.0,22.0
2022-09-17,兰州市,优,44,22,44.0,29.0,7,0.58,77,2022,9,秋季,6,1,42.0,21.571428571428573
2022-09-18,兰州市,优,49,24,49.0,37.0,7,0.61,40,2022,9,秋季,7,1,44.0,21.285714285714285
2022-09-19,兰州市,优,41,19,42.0,27.0,6,0.48,62,2022,9,秋季,1,0,49.0,20.714285714285715
2022-09-20,兰州市,优,41,17,40.0,27.0,10,0.45,76,2022,9,秋季,2,0,41.0,20.0
