城市,日期,AQI,质量等级,PC1,PC2,聚类,PM2.5,PM10,NO2,SO2,CO,O3
兰州市,2014-01-02,128,轻度污染,4.352832559037939,1.5557431641222945,2,77,154.0,28.0,38,1.6,21
兰州市,2014-01-03,101,轻度污染,3.9017088508297957,0.9533249773988834,2,69,141.0,33.0,38,1.53,20
兰州市,2014-01-04,122,轻度污染,4.371880466005067,0.788959293605429,2,91,164.0,37.0,38,1.58,20
兰州市,2014-01-05,116,轻度污染,4.630275897933574,1.0814458747154014,2,87,162.0,35.0,38,1.74,18
兰州市,2014-01-06,98,良,3.105649101250474,1.107866512427281,2,62,134.0,26.0,38,1.3,36
兰州市,2014-01-07,52,良,0.5155972596677418,-0.06302924466465269,0,15,56.0,26.0,22,1.26,38
兰州市,2014-01-08,49,优,0.5109781365582774,-1.5205893201908607,0,23,55.0,35.0,28,1.47,35
兰州市,2014-01-09,84,良,2.7839139964485184,-1.9471884921700862,2,53,116.0,51.0,38,2.29,25
兰州市,2014-01-10,85,良,2.664199056859323,-0.8217730477701729,2,55,118.0,47.0,37,1.69,26
兰州市,2014-01-11,73,良,1.4176541865993866,-0.7385276183557514,0,40,94.0,37.0,30,1.49,28
兰州市,2014-01-12,82,良,2.334203997401859,-1.4759421171889624,2,50,113.0,45.0,38,1.94,22
兰州市,2014-01-13,105,轻度污染,3.6191925255937627,-1.0700412306916804,2,74,150.0,52.0,38,2.35,21
兰州市,2014-01-14,102,轻度污染,3.8465827621721886,-0.3346149622030534,2,74,147.0,48.0,38,2.21,24
兰州市,2014-01-15,141,轻度污染,4.44927847304512,-0.14386727218329487,2,91,148.0,51.0,38,2.27,26
兰州市,2014-01-16,117,轻度污染,4.618751820360612,1.0355866856481348,2,83,160.0,61.0,38,2.11,55
兰州市,2014-01-17,135,轻度污染,5.113785776132815,0.757970797266666,2,91,199.0,53.0,38,1.99,21
兰州市,2014-01-18,139,轻度污染,5.120835467821559,1.4553831637572465,2,91,190.0,47.0,37,1.98,32
兰州市,2014-01-19,141,轻度污染,3.167371563314598,2.589898158412485,3,51,214.5,27.0,27,1.3,45
兰州市,2014-01-20,123,轻度污染,5.424116732922069,0.9378797726075431,2,86,168.0,50.0,38,2.36,24
兰州市,2014-01-21,115,轻度污染,5.067117603141912,0.29188403007156744,2,87,135.0,55.0,38,2.28,26
兰州市,2014-01-22,132,轻度污染,5.666335398796562,-0.2736702499271482,2,91,142.0,68.0,38,2.79,27
兰州市,2014-01-24,75,良,2.0187223549162465,1.059143051222811,3,36,99.0,31.0,28,1.14,37
兰州市,2014-01-25,73,良,2.3132355237665907,-0.9549147649155147,2,49,82.0,45.0,37,1.54,33
兰州市,2014-01-26,100,良,4.018596715734079,-1.4519655991386087,2,74,113.0,55.0,38,2.62,22
兰州市,2014-01-27,92,良,3.1716320404259224,-0.19079286251725572,2,66,103.0,41.0,31,2.18,33
兰州市,2014-01-28,71,良,2.377440839896561,-0.7249973140364536,2,51,75.0,46.0,37,1.6,37
兰州市,2014-01-29,136,轻度污染,3.868892550764711,-0.5069706075489481,2,85,155.0,58.0,38,2.04,41
兰州市,2014-01-30,104,轻度污染,3.8664246001790996,0.5387386774182988,2,71,128.0,54.0,38,1.93,45
兰州市,2014-01-31,141,轻度污染,4.61326841083002,0.21002197585440607,2,91,158.0,56.0,38,2.28,41
兰州市,2014-02-01,105,轻度污染,4.250229852671604,0.6163405309510295,2,78,106.0,52.0,38,2.05,43
兰州市,2014-02-02,114,轻度污染,4.267866361357333,0.15750282582663483,2,85,129.0,46.0,38,2.25,38
兰州市,2014-02-03,72,良,0.4735302249163338,1.2206870521315805,3,22,94.0,19.0,22,0.76,49
兰州市,2014-02-04,69,良,0.9938313406455345,-0.2448965153892468,0,37,86.0,25.0,30,1.06,36
兰州市,2014-02-05,72,良,0.33997315189055755,0.08790996280275153,0,38,93.0,15.0,23,0.82,29
兰州市,2014-02-06,77,良,0.2891879462312224,0.4714128421261351,0,46,103.0,14.0,20,0.78,34
兰州市,2014-02-07,106,轻度污染,1.4949463663041356,0.7246219014806133,3,61,160.0,21.0,23,1.26,35
兰州市,2014-02-08,93,良,1.0384454782788728,1.5304714501370156,3,66,123.0,15.0,23,0.74,45
兰州市,2014-02-09,48,优,-1.0795154986991582,0.5781937824604825,1,31,46.0,12.0,15,0.58,51
兰州市,2014-02-10,80,良,0.14912930005890065,-0.5438904534202794,0,58,72.0,24.0,19,1.15,40
兰州市,2014-02-11,87,良,0.7760086241023418,0.3586031728205345,0,64,86.0,24.0,20,1.05,41
兰州市,2014-02-12,69,良,-0.08552578996770485,0.7061577556812604,0,49,70.0,19.0,15,0.75,47
兰州市,2014-02-13,99,良,1.3812038022022013,0.07277874206317227,0,74,94.0,30.0,20,1.37,39
兰州市,2014-02-14,118,轻度污染,2.936684118249299,0.4113712914039314,2,88,111.0,45.0,30,1.55,44
兰州市,2014-02-15,103,轻度污染,3.539685022445409,0.09317768503637767,2,77,102.0,45.0,38,1.83,34
兰州市,2014-02-16,92,良,2.514769917357686,0.1448083241795175,2,68,83.0,37.0,29,1.61,35
兰州市,2014-02-17,99,良,2.8770309214021235,-0.07635645376974572,2,74,89.0,45.0,38,1.48,47
兰州市,2014-02-18,97,良,3.6690634194013736,-0.6250420338316369,2,66,101.0,52.0,38,2.26,36
兰州市,2014-02-19,79,良,3.637119049880962,-1.1496111610801405,2,53,98.0,69.0,38,2.07,31
兰州市,2014-02-20,98,良,4.618221634561959,-1.407295855542156,2,72,138.0,71.0,38,2.73,26
兰州市,2014-02-21,89,良,3.210381012173894,-0.27529450391427357,2,65,109.0,64.0,38,1.62,53
兰州市,2014-02-22,99,良,3.2528299407845456,-0.19881458965536364,2,74,120.0,55.0,33,1.87,45
兰州市,2014-02-23,100,良,3.4867336517131107,-0.061293992924538326,2,74,123.0,51.0,33,1.91,35
兰州市,2014-02-24,87,良,2.391349410719126,0.219002706001662,2,63,103.0,44.0,26,1.47,36
兰州市,2014-02-25,105,轻度污染,2.3870715228088537,0.4145166135715227,2,66,135.0,41.0,23,1.56,38
兰州市,2014-02-26,141,轻度污染,1.872615591877998,3.085876597646666,3,91,184.0,21.0,15,0.56,64
兰州市,2014-02-27,93,良,2.85473042466491,0.7890982902910109,2,40,135.0,56.0,25,1.34,27
兰州市,2014-02-28,92,良,0.48823481765915094,1.2395443179080103,3,32,133.0,26.0,20,0.72,57
兰州市,2014-03-01,94,良,1.5842374019495684,0.3980233595727422,0,41,136.0,42.0,29,1.19,53
兰州市,2014-03-02,85,良,0.7506071282233123,0.6648560049128337,0,40,118.0,37.0,22,0.85,53
兰州市,2014-03-03,88,良,0.6329885862427092,0.4980970499566785,0,42,123.0,34.0,18,1.03,47
兰州市,2014-03-04,86,良,0.2710855439783908,0.3337006667205353,0,29,121.0,39.0,20,0.82,50
兰州市,2014-03-05,105,轻度污染,0.422459589015055,0.6384754873794929,0,38,147.0,40.0,25,0.78,66
兰州市,2014-03-06,94,良,0.8325013365467645,0.732584526890335,0,41,124.0,44.0,34,0.96,86
兰州市,2014-03-07,88,良,0.12155626564532665,0.9292862172978891,3,47,102.0,34.0,24,1.06,92
兰州市,2014-03-08,105,轻度污染,1.5694296689909497,0.6649867616744725,3,62,146.0,56.0,30,1.45,97
兰州市,2014-03-09,109,轻度污染,3.8446661185967947,-0.4729201434919716,2,69,164.0,73.0,38,1.95,38
兰州市,2014-03-10,101,轻度污染,3.2834903992971136,-0.15620714856751944,2,64,148.0,60.0,35,1.65,31
兰州市,2014-03-11,91,良,0.5332119218397892,0.9758913092560402,3,33,131.0,26.0,21,0.78,45
兰州市,2014-03-12,85,良,-0.4113571898753624,1.162973762312178,3,27,120.0,18.0,18,0.47,55
兰州市,2014-03-13,94,良,1.837503605449499,-0.36890153163168876,0,44,137.0,56.0,31,1.01,34
兰州市,2014-03-14,120,轻度污染,3.9309529334688307,-0.5163526066125875,2,64,189.0,75.0,38,1.76,30
兰州市,2014-03-15,130,轻度污染,5.170151377927931,-0.1303091474969537,2,79,204.0,87.0,38,2.23,33
兰州市,2014-03-16,114,轻度污染,3.9413944804762253,0.4853510353694286,2,66,172.0,64.0,38,1.72,40
兰州市,2014-03-17,107,轻度污染,1.7636218265756314,1.0922695689082138,3,46,163.0,42.0,24,0.96,41
兰州市,2014-03-18,130,轻度污染,3.400004814335686,0.9387614780310217,2,66,208.0,56.0,35,1.41,49
兰州市,2014-03-19,141,轻度污染,2.464999062490665,2.750277408205104,3,65,214.5,33.0,29,0.63,62
兰州市,2014-03-20,80,良,1.077843129194043,1.4584787483346258,3,28,110.0,32.0,23,0.61,40
兰州市,2014-03-21,88,良,1.1208034912433653,-0.06889410615975512,0,37,125.0,46.0,22,1.07,39
兰州市,2014-03-22,65,良,0.07017835614434813,-0.0700635145408404,0,30,80.0,30.0,14,1.02,29
兰州市,2014-03-23,69,良,0.7694852006341898,-1.1553358662631197,0,38,86.0,43.0,21,1.5,28
兰州市,2014-03-25,127,轻度污染,3.948941917524504,-0.8292010663937217,2,77,201.0,64.0,38,1.88,18
兰州市,2014-03-26,134,轻度污染,4.1841990866044725,0.693728247927919,2,69,214.5,59.0,36,1.73,25
兰州市,2014-03-27,122,轻度污染,2.0568519842538504,2.202068776724475,3,63,193.0,30.0,17,0.87,30
兰州市,2014-03-28,100,良,1.979628808783934,1.0628237781230823,3,52,149.0,40.0,23,0.95,28
兰州市,2014-03-29,110,轻度污染,3.6085566681259618,-0.14293422843372125,2,67,169.0,65.0,36,1.41,24
兰州市,2014-03-30,72,良,1.0722166623601832,0.6205511826765133,0,45,89.0,31.0,19,0.9,28
兰州市,2014-03-31,86,良,2.3642699899674087,-0.7669905230635897,2,58,116.0,51.0,24,1.81,25
兰州市,2014-04-01,91,良,2.496923146283541,-0.46553028139622743,2,51,128.0,50.0,36,1.51,37
兰州市,2014-04-02,62,良,0.2161336760083614,0.24475257469209935,0,31,74.0,29.0,30,0.79,63
兰州市,2014-04-03,68,良,0.4507908831329629,-0.7902324617679763,0,34,86.0,36.0,30,1.0,44
兰州市,2014-04-04,88,良,2.229376197957422,-1.0479584828318598,2,54,125.0,59.0,38,1.38,41
兰州市,2014-04-05,82,良,1.8214718916367663,-0.6995131228023984,0,45,112.0,53.0,31,1.46,37
兰州市,2014-04-06,74,良,0.992373211861366,-0.610368015773896,0,41,96.0,52.0,23,1.11,36
兰州市,2014-04-07,110,轻度污染,3.163154499719999,-0.8712082421824882,2,65,167.0,73.0,38,1.68,44
兰州市,2014-04-08,121,轻度污染,3.350984181893328,0.38488204685622973,2,65,186.0,68.0,35,1.5,49
兰州市,2014-04-09,69,良,0.9980433445066339,0.738613328693657,3,48,77.0,33.0,21,1.15,48
兰州市,2014-04-10,109,轻度污染,2.5404236296251512,-0.4665863907815046,2,58,167.0,61.0,31,1.34,35
兰州市,2014-04-11,80,良,1.1395151378707558,0.8503658527334268,3,52,106.0,37.0,18,1.02,44
兰州市,2014-04-12,77,良,1.4974204129842381,-0.5686342150339249,0,46,103.0,50.0,23,1.36,32
兰州市,2014-04-13,81,良,1.6763545980167551,-0.7447106202108665,0,43,110.0,56.0,28,1.31,37
兰州市,2014-04-14,66,良,0.5843793029233814,-0.5724910605467609,0,30,81.0,39.0,24,1.28,42
兰州市,2014-04-15,60,良,1.0903227314208508,-1.7587901672014035,0,35,67.0,56.0,27,1.58,31
兰州市,2014-04-16,44,优,-0.7661731506197949,-0.9496530669729071,0,24,45.0,26.0,20,1.09,45
兰州市,2014-04-17,64,良,-0.20038141739394721,-1.1519637555132152,0,38,77.0,28.0,25,1.02,36
兰州市,2014-04-18,44,优,-0.7787880115502636,-1.0678833578551379,0,28,42.0,29.0,17,1.0,33
兰州市,2014-04-19,45,优,-0.9808708814465719,-1.5289022533469228,1,28,44.0,34.0,17,1.06,38
兰州市,2014-04-20,57,良,-0.26434203173636195,-1.6642448286036442,0,40,57.0,39.0,19,1.17,27
兰州市,2014-04-21,43,优,-0.8513052572371632,-1.5315140731684769,0,22,45.0,41.0,14,1.17,34
兰州市,2014-04-22,82,良,1.3363768067252386,-2.0244490297692765,0,47,112.0,67.0,26,1.92,43
兰州市,2014-04-23,96,良,2.274884142643226,-0.8606451801039101,2,57,141.0,64.0,28,1.67,33
兰州市,2014-04-24,141,轻度污染,2.5547327978388803,1.6141776767214606,3,91,214.5,37.0,19,1.07,32
兰州市,2014-04-25,141,轻度污染,3.3533583476826925,2.537535519354626,3,91,214.5,41.0,18,1.23,36
兰州市,2014-04-26,141,轻度污染,4.9739500801432905,1.479908575535544,2,91,214.5,56.0,35,1.72,26
兰州市,2014-04-27,141,轻度污染,4.696443817823669,1.6996394387053102,2,80,214.5,51.0,37,1.66,37
兰州市,2014-04-28,132,轻度污染,3.8974343285055966,2.001398730347937,2,62,212.0,55.0,31,1.22,45
兰州市,2014-04-29,141,轻度污染,5.4018932091226155,1.0794914643253968,2,80,214.5,80.0,38,1.76,43
兰州市,2014-04-30,141,轻度污染,5.74238815406169,1.5337410580541666,2,91,214.5,72.0,38,1.79,40
兰州市,2014-05-01,101,轻度污染,1.2365419331000145,2.8117314412047856,3,45,134.0,22.0,12,0.8,60
兰州市,2014-05-02,101,轻度污染,2.125195840194615,0.7553193097492407,3,44,151.0,51.0,20,1.28,43
兰州市,2014-05-03,120,轻度污染,2.859023236951801,0.7849343490385382,2,56,188.0,61.0,24,1.15,36
兰州市,2014-05-04,93,良,1.9207462448375463,0.6107150214412391,0,35,134.0,53.0,23,1.24,42
兰州市,2014-05-05,83,良,2.4212782003834215,-0.8918007014750852,2,37,115.0,67.0,36,1.6,45
兰州市,2014-05-06,108,轻度污染,3.4300378673663667,-0.9515581232399177,2,56,165.0,78.0,38,1.77,39
兰州市,2014-05-07,107,轻度污染,3.391766288814811,-0.25256266246807024,2,58,163.0,73.0,38,1.75,49
兰州市,2014-05-08,105,轻度污染,2.821004732063735,0.09352508380033242,2,54,158.0,70.0,35,1.49,59
兰州市,2014-05-09,141,轻度污染,1.842008107303896,2.9773826477894896,3,91,214.5,21.0,11,0.93,59
兰州市,2014-05-10,69,良,0.5403950013991456,1.8166006023210386,3,41,91.0,25.0,10,1.11,55
兰州市,2014-05-11,74,良,1.76644176062548,-1.1966164206541858,0,47,82.0,60.0,29,2.03,61
兰州市,2014-05-12,84,良,2.302974710579419,-0.950981326909532,2,49,110.0,62.0,38,1.67,58
兰州市,2014-05-13,92,良,0.8554895566577992,0.9436066108920601,3,49,132.0,37.0,23,1.07,76
兰州市,2014-05-14,73,良,-0.4551702798983725,1.1166690215769217,3,33,90.0,24.0,16,0.81,77
兰州市,2014-05-15,68,良,1.2576820878614885,-1.2178528679275167,0,33,83.0,57.0,34,1.42,53
兰州市,2014-05-16,85,良,1.6989795924173539,-1.3402549373041517,0,38,117.0,67.0,38,1.48,57
兰州市,2014-05-17,77,良,1.9007291955419559,-1.145858000066113,0,43,104.0,67.0,38,1.22,44
兰州市,2014-05-18,111,轻度污染,2.1725837849262217,-0.07828116471231651,0,61,165.0,50.0,33,1.33,46
兰州市,2014-05-19,56,良,0.28533380131589,0.047002367630520736,0,30,63.0,44.0,21,1.14,58
兰州市,2014-05-20,103,轻度污染,2.382426849516822,-1.186930966711499,2,60,149.0,72.0,38,1.52,56
兰州市,2014-05-21,68,良,0.6628192471748215,0.04847033895277241,0,34,85.0,36.0,29,1.03,51
兰州市,2014-05-22,66,良,-0.4376941729379473,-0.2964442913118717,0,30,80.0,31.0,16,1.08,51
兰州市,2014-05-23,76,良,0.2685632989996237,-0.3246145967691328,0,43,96.0,33.0,21,1.18,48
兰州市,2014-05-24,141,轻度污染,1.6894784216540912,1.9808795595786117,3,91,214.5,33.0,10,0.95,51
兰州市,2014-05-25,141,轻度污染,2.9757941895983135,2.9755329224965315,3,91,214.5,43.0,20,0.91,59
兰州市,2014-05-26,125,轻度污染,3.6010273755427455,2.01951267778079,2,74,199.0,56.0,29,1.52,65
兰州市,2014-05-27,85,良,2.230515968611198,0.8171521392374472,3,55,111.0,56.0,27,1.29,61
兰州市,2014-05-28,96,良,3.0266105704701127,-0.45534306420849985,2,61,134.0,68.0,34,1.56,46
兰州市,2014-05-29,88,良,2.54602873410629,0.13810349954646117,2,53,122.0,46.0,35,1.59,53
兰州市,2014-05-30,66,良,0.6065446917829911,0.2615756944239986,0,33,83.0,36.0,17,1.15,49
兰州市,2014-05-31,70,良,0.8236355384040545,-0.4088361164645964,0,41,84.0,37.0,27,1.51,64
兰州市,2014-06-01,83,良,1.0980205898192181,-0.021118980976433003,0,55,101.0,26.0,27,1.67,60
兰州市,2014-06-02,85,良,0.33383509283317775,0.8849760552216853,3,62,86.0,16.0,16,1.33,64
兰州市,2014-06-03,84,良,0.5106780449293543,0.7483873361286961,0,61,90.0,16.0,15,1.21,45
兰州市,2014-06-04,78,良,0.7336476180777405,0.29792531699141483,0,51,97.0,28.0,18,1.36,47
兰州市,2014-06-05,80,良,0.49939250756968434,0.23544765740257897,0,42,108.0,26.0,17,1.55,53
兰州市,2014-06-06,72,良,-0.581501535767261,0.9713553035137529,3,37,93.0,15.0,11,1.25,74
兰州市,2014-06-07,92,良,1.793758014845619,-0.3532196058848156,0,53,131.0,44.0,31,1.44,45
兰州市,2014-06-08,74,良,-0.21722750036181582,1.0626257279508535,3,40,96.0,24.0,17,0.73,67
兰州市,2014-06-09,64,良,-0.6013081030930987,0.18742134755682477,0,34,76.0,26.0,15,0.8,54
兰州市,2014-06-10,68,良,0.15113206892771525,-0.5292861728097897,0,44,79.0,34.0,21,1.12,46
兰州市,2014-06-11,82,良,0.465357756356588,0.06681682741780312,0,56,106.0,37.0,19,1.01,52
兰州市,2014-06-12,66,良,-0.13261691453940225,0.3273300238444629,0,45,74.0,29.0,19,1.02,66
兰州市,2014-06-13,81,良,-0.15068787042678247,0.21099711223038645,0,59,72.0,28.0,11,1.02,53
兰州市,2014-06-14,115,轻度污染,1.8466471813971634,0.7720656666471408,3,85,126.0,35.0,27,1.36,66
兰州市,2014-06-15,83,良,1.4203746777172879,1.072833552034845,3,52,109.0,32.0,26,1.49,71
兰州市,2014-06-16,74,良,0.16736158268459783,0.5808929684705212,0,36,96.0,28.0,24,0.99,72
兰州市,2014-06-17,93,良,1.4437251004390044,0.18863315572487993,0,50,132.0,33.0,34,1.28,61
兰州市,2014-06-18,74,良,0.029429087997310678,1.1168559723354867,3,48,92.0,16.0,15,0.76,50
兰州市,2014-06-19,59,良,-0.7166882500630355,0.37385354349566563,1,40,60.0,21.0,7,0.81,45
兰州市,2014-06-20,75,良,0.6705488272150745,-0.6694790714862299,0,45,95.0,37.0,20,1.24,33
兰州市,2014-06-21,89,良,0.7444707766465323,0.2643881206852426,0,53,122.0,37.0,16,1.31,51
兰州市,2014-06-22,82,良,0.6604257266865119,0.1693163459629715,0,41,113.0,37.0,16,1.22,39
兰州市,2014-06-23,68,良,-0.2987632253273798,0.3797139284662672,0,40,83.0,25.0,12,0.95,47
兰州市,2014-06-24,62,良,-0.9688090524465325,0.0825049868686435,1,37,66.0,21.0,6,0.85,40
兰州市,2014-06-25,106,轻度污染,0.9436548688527732,0.2828357880841502,0,79,117.0,41.0,10,1.15,43
兰州市,2014-06-26,92,良,2.4418219936148593,0.027189590634305406,2,63,112.0,48.0,28,1.84,45
兰州市,2014-06-27,97,良,0.7555931925622348,1.4571505443735806,3,61,141.0,28.0,11,0.84,48
兰州市,2014-06-28,60,良,-0.31643368305111375,0.5579865483224008,0,41,56.0,30.0,6,0.81,41
兰州市,2014-06-29,69,良,0.3761529810629721,-0.6677944814323528,0,42,80.0,38.0,14,1.47,40
兰州市,2014-06-30,77,良,0.6751072148315579,-0.2549084176891017,0,54,86.0,48.0,15,0.91,39
兰州市,2014-07-01,78,良,1.0375091073705038,-0.05016461566791632,0,53,92.0,43.0,21,1.22,51
兰州市,2014-07-02,86,良,1.3765589636611515,0.01171316499257804,0,57,113.0,48.0,23,1.26,53
兰州市,2014-07-03,59,良,-0.4516942077732193,0.38775883888590457,0,38,65.0,37.0,8,0.84,56
兰州市,2014-07-04,84,良,0.9728956741860741,-0.5181831100705477,0,53,111.0,54.0,21,1.29,56
兰州市,2014-07-05,78,良,0.4217558847070516,0.32935022441280876,0,44,102.0,42.0,16,1.04,57
兰州市,2014-07-06,68,良,-0.4956224006028061,0.6027864533024715,0,42,84.0,26.0,9,0.78,52
兰州市,2014-07-07,107,轻度污染,0.45041188249807923,1.4409512565874518,3,68,161.0,25.0,9,0.76,53
兰州市,2014-07-08,60,良,-0.29365406596453264,0.8350886326302096,0,42,58.0,22.0,6,0.9,39
兰州市,2014-07-09,47,优,-1.318015449482174,-0.3129970304117591,1,32,39.0,22.0,6,0.85,43
兰州市,2014-07-10,59,良,-0.860924833181567,-0.5250979122776642,1,39,64.0,27.0,9,0.9,40
兰州市,2014-07-11,85,良,0.5792656857205781,-0.48490594492782574,0,48,118.0,49.0,14,0.96,31
兰州市,2014-07-12,90,良,0.30274305636519333,0.7882810085871738,0,48,130.0,36.0,12,0.63,41
兰州市,2014-07-13,68,良,0.5653534790657787,-0.29262285551166384,0,41,82.0,52.0,12,1.11,35
兰州市,2014-07-14,73,良,0.7653345429356164,-0.8837824214489858,0,43,94.0,54.0,18,1.5,45
兰州市,2014-07-15,73,良,-0.06812742915261412,0.12646705859519297,0,43,93.0,41.0,21,0.78,68
兰州市,2014-07-16,68,良,-0.18923959791686332,-0.2015117867721395,0,36,83.0,43.0,16,0.87,54
兰州市,2014-07-17,69,良,-0.2889124672335533,-0.138227468646266,0,39,87.0,41.0,14,0.81,52
兰州市,2014-07-18,61,良,-0.8212691498291141,-0.1033618312627123,1,36,69.0,31.0,8,0.8,43
兰州市,2014-07-19,58,良,-0.7885452485255559,-0.3990437826214752,0,40,60.0,31.0,10,0.92,45
兰州市,2014-07-20,49,优,-0.9715704178637283,-0.9528953583198041,1,29,50.0,31.0,9,0.82,23
兰州市,2014-07-21,63,良,-1.008478356746776,-0.5406056404621555,1,38,73.0,25.0,9,0.79,33
兰州市,2014-07-22,54,良,-0.7764042752796373,-0.8322493297440635,0,37,51.0,35.0,5,0.99,24
兰州市,2014-07-23,65,良,-0.2619635771935735,-1.0714199288447435,0,44,63.0,45.0,7,1.42,38
兰州市,2014-07-24,85,良,1.1028657501447832,-0.8265024357241254,0,60,95.0,52.0,16,1.75,44
兰州市,2014-07-25,95,良,1.1637547583283068,0.22296868770638525,0,54,135.0,54.0,16,1.22,50
兰州市,2014-07-26,82,良,0.9614692404708451,0.10938095932778913,0,45,112.0,52.0,17,1.13,45
兰州市,2014-07-27,60,良,-0.30082113491410833,0.026994710623177067,0,36,68.0,34.0,11,1.19,54
兰州市,2014-07-28,72,良,0.06397976719363316,-0.5498012056969637,0,38,92.0,39.0,15,1.22,44
兰州市,2014-07-29,80,良,0.19023945512136956,0.15438717940655558,0,44,108.0,36.0,16,0.92,48
兰州市,2014-07-30,80,良,0.897081462979143,-0.04395281619250927,0,50,109.0,40.0,17,1.31,40
兰州市,2014-07-31,74,良,0.08342517175884649,0.1879991346769688,0,47,95.0,36.0,10,0.72,30
兰州市,2014-08-01,71,良,0.03029590797356614,-0.12311881602434888,0,41,91.0,36.0,15,0.94,41
兰州市,2014-08-02,105,轻度污染,1.2521868158478384,0.6006353665871533,0,70,157.0,39.0,17,0.8,34
兰州市,2014-08-03,72,良,0.3423089284929667,0.7976808667883413,0,44,92.0,26.0,16,0.78,38
兰州市,2014-08-04,51,良,-0.5896093887026476,-0.3568352462575452,0,34,51.0,28.0,10,0.86,31
兰州市,2014-08-05,84,良,0.3640673520331134,-0.5269854120489864,0,62,81.0,36.0,12,0.99,27
兰州市,2014-08-06,39,优,-0.9623980552773126,-0.07857694637459338,1,26,36.0,27.0,11,0.78,46
兰州市,2014-08-07,70,良,-0.05861622664561568,-0.9092589957418584,0,43,88.0,41.0,18,1.15,51
兰州市,2014-08-09,81,良,0.6315172974900214,-0.22314810679941552,0,47,108.0,51.0,15,1.23,52
兰州市,2014-08-10,91,良,1.3430630984313474,-0.3793312617620243,0,50,126.0,56.0,16,1.29,29
兰州市,2014-08-11,55,良,-0.6289107492919641,0.34647297112516334,0,37,58.0,29.0,11,0.71,48
兰州市,2014-08-12,55,良,-0.7666880439013544,-0.7121023478944244,0,35,54.0,42.0,14,0.74,52
兰州市,2014-08-13,60,良,-0.46657089476939334,-0.9192381182810467,0,33,70.0,44.0,19,0.75,46
兰州市,2014-08-14,68,良,-0.2602134243635472,-0.5405280272497432,0,36,84.0,48.0,19,0.91,63
兰州市,2014-08-15,84,良,1.0492570615405754,-0.6180299631957858,0,49,116.0,64.0,23,1.23,59
兰州市,2014-08-16,78,良,0.0662506952983098,0.29504265524542655,0,42,102.0,46.0,16,0.84,62
兰州市,2014-08-17,64,良,-0.810386772365485,0.2753115318068189,1,33,77.0,25.0,18,0.68,61
兰州市,2014-08-18,86,良,0.734925275721236,-0.46215969002372714,0,49,116.0,40.0,24,1.19,44
兰州市,2014-08-19,79,良,-0.2242237651990013,0.6205826260642504,0,39,104.0,31.0,16,0.86,62
兰州市,2014-08-20,72,良,0.111638163971429,0.07173663954346801,0,44,91.0,31.0,17,1.09,48
兰州市,2014-08-21,91,良,1.2610932890058222,-0.2701415131564759,0,67,104.0,38.0,14,1.61,30
兰州市,2014-08-23,79,良,0.6076181891631759,0.353007655727941,0,53,99.0,39.0,9,1.08,33
兰州市,2014-08-24,67,良,0.6437158819448925,-0.5044671269028783,0,40,81.0,42.0,20,1.45,47
兰州市,2014-08-25,81,良,0.9477335059237455,-0.5519197892414167,0,46,107.0,46.0,21,1.28,40
兰州市,2014-08-26,69,良,0.843279715031521,-0.3303980739664332,0,45,82.0,42.0,26,1.36,58
兰州市,2014-08-27,91,良,0.9955322959128822,0.05574246905136546,0,49,129.0,33.0,24,1.38,52
兰州市,2014-08-28,60,良,-0.6611291916899106,0.6162584334313399,0,31,70.0,18.0,12,0.82,49
兰州市,2014-08-29,57,良,-1.2938557944404254,0.02109098334005453,1,34,63.0,16.0,8,0.72,43
兰州市,2014-08-30,52,良,-1.682369058499668,-0.020405835734643187,1,32,53.0,15.0,7,0.64,48
兰州市,2014-08-31,73,良,0.00848823083243716,-0.7251806394937241,0,43,93.0,28.0,19,1.11,32
兰州市,2014-09-01,62,良,-0.8426571301235773,0.0879966162794246,1,36,76.0,23.0,9,0.79,39
兰州市,2014-09-02,66,良,-0.6782856453666185,-0.32218290272803196,0,36,80.0,26.0,13,0.94,41
兰州市,2014-09-03,88,良,0.26930140629703897,-0.07930232070084753,0,46,120.0,33.0,20,1.17,51
兰州市,2014-09-04,86,良,0.3654034106997721,0.5903325189005034,0,48,119.0,28.0,18,1.03,49
兰州市,2014-09-05,69,良,-0.4781087577783663,0.45552328699370626,0,38,86.0,21.0,13,0.78,42
兰州市,2014-09-06,62,良,-0.6643615983868747,-0.03558297931976238,0,42,67.0,19.0,12,0.82,36
兰州市,2014-09-07,64,良,-0.30924896647805644,-0.41168012444448215,0,43,70.0,26.0,18,1.01,44
兰州市,2014-09-08,105,轻度污染,1.4065403650061215,-0.04629211867396639,0,76,126.0,34.0,17,1.18,21
兰州市,2014-09-09,123,轻度污染,2.1309492888084343,1.2190514652581719,3,90,126.0,33.0,14,1.38,35
兰州市,2014-09-10,62,良,0.608735910000538,0.6656956951791436,0,34,75.0,28.0,13,1.07,26
兰州市,2014-09-11,44,优,-0.8298575651538622,-0.5495914328560679,1,30,40.0,19.0,11,0.98,31
兰州市,2014-09-12,74,良,1.2549020651812859,-1.5052083187934602,0,50,90.0,39.0,23,1.83,24
兰州市,2014-09-13,121,轻度污染,1.7997938331514125,1.228860359209881,3,77,186.0,25.0,15,1.07,27
兰州市,2014-09-14,55,良,-0.10588463149457666,1.2518610202143585,3,37,61.0,17.0,9,0.71,36
兰州市,2014-09-15,49,优,-1.0229432625543287,-0.478787313637629,1,29,49.0,22.0,11,0.88,41
兰州市,2014-09-16,41,优,-1.4786298663218274,-0.9301793652813569,1,23,39.0,23.0,9,0.93,37
兰州市,2014-09-17,61,良,-0.743603504913624,-0.9513971971943852,0,36,71.0,37.0,12,1.02,45
兰州市,2014-09-18,82,良,0.8510230467061003,-0.5333003876237193,0,54,108.0,43.0,20,1.37,44
兰州市,2014-09-19,82,良,1.0718898556221874,-0.33760370474570567,0,47,107.0,49.0,23,1.25,45
兰州市,2014-09-20,75,良,0.43640892085353833,-0.501419312676612,0,34,98.0,42.0,20,1.25,39
兰州市,2014-09-21,51,良,-0.594142943596851,-0.7656344440675515,0,27,54.0,27.0,13,1.15,27
兰州市,2014-09-22,42,优,-1.6662494961048235,-0.7955467362165859,1,25,40.0,23.0,8,0.85,41
兰州市,2014-09-23,62,良,-0.2706291072783761,-1.307193204345896,0,43,66.0,42.0,12,1.45,42
兰州市,2014-09-24,89,良,1.1775244137943792,-0.5537035093598071,0,58,119.0,49.0,21,1.67,54
兰州市,2014-09-25,68,良,-0.13496601265718638,0.0712245249861256,0,35,85.0,36.0,13,1.08,47
兰州市,2014-09-26,77,良,0.6256348720508226,-0.6208067602459986,0,47,100.0,38.0,22,1.27,37
兰州市,2014-09-27,94,良,1.5131854095589354,-0.1977547149970581,0,62,126.0,39.0,23,1.43,33
兰州市,2014-09-28,75,良,0.35771458625158914,0.45303600509976866,0,50,83.0,31.0,13,1.24,49
兰州市,2014-09-29,90,良,1.253367726070363,0.13418641626648353,0,56,128.0,37.0,21,1.35,44
兰州市,2014-09-30,64,良,-0.17276799331313833,0.3348363862831516,0,33,76.0,19.0,14,1.06,39
兰州市,2014-10-01,65,良,-0.7594518601099394,0.06585576273337859,1,36,78.0,17.0,10,0.93,40
兰州市,2014-10-02,99,良,0.8142721379000185,0.5020340269067214,0,59,144.0,28.0,16,1.19,44
兰州市,2014-10-03,92,良,0.6546834484636168,1.308620822491358,3,51,132.0,22.0,17,0.96,51
兰州市,2014-10-04,60,良,-0.8342839233140259,0.7098964421995647,1,29,73.0,16.0,11,0.79,50
兰州市,2014-10-05,77,良,0.677648632393641,-0.741915632334283,0,43,101.0,33.0,25,1.42,40
兰州市,2014-10-06,72,良,0.18150770432460933,-0.16151938823674813,0,39,91.0,27.0,21,1.16,43
兰州市,2014-10-07,75,良,0.685154949881527,-0.4050744456334917,0,49,93.0,34.0,24,1.11,37
兰州市,2014-10-08,85,良,1.0067818992199697,-0.054716553054595385,0,59,101.0,31.0,24,1.21,41
兰州市,2014-10-09,57,良,-0.6751505550106868,0.21529170792372046,0,33,64.0,22.0,10,0.9,41
兰州市,2014-10-10,76,良,-0.3968482640312359,-0.08514326900861685,0,45,91.0,20.0,15,0.93,41
兰州市,2014-10-11,29,优,-2.0676609822047816,-0.08050684674739837,1,12,22.0,13.0,9,0.68,53
兰州市,2014-10-12,41,优,-1.4282389482835123,-1.445265333297363,1,28,39.0,25.0,13,1.05,41
兰州市,2014-10-13,71,良,0.027949456218943697,-1.0688971504865552,0,50,80.0,35.0,17,1.42,43
兰州市,2014-10-14,107,轻度污染,2.2186368061952884,-0.29761061068447714,2,79,134.0,44.0,25,1.88,42
兰州市,2014-10-15,92,良,1.6995291482176256,0.44248984839451416,0,59,127.0,40.0,22,1.17,28
兰州市,2014-10-16,81,良,1.2986077361468196,-0.1259090389860642,0,55,98.0,36.0,17,1.44,22
兰州市,2014-10-17,134,轻度污染,2.8666107217541215,-0.04116600029908476,2,91,136.0,53.0,20,1.75,28
兰州市,2014-10-18,124,轻度污染,3.406617276881456,1.444196096407564,2,91,132.0,46.0,24,1.44,37
兰州市,2014-10-19,76,良,1.8966393217301176,0.8689710142495414,3,47,98.0,41.0,24,1.14,42
兰州市,2014-10-20,74,良,1.2600892072814844,-0.013461628170176997,0,49,97.0,38.0,19,1.16,33
兰州市,2014-10-21,64,良,0.7814592172624992,-0.4802192517287651,0,40,73.0,48.0,16,1.25,41
兰州市,2014-10-22,89,良,1.8472146649836207,-0.41137272824913285,0,59,120.0,48.0,23,1.48,38
兰州市,2014-10-23,98,良,3.104807428339398,-0.16863162171977833,2,71,132.0,52.0,30,1.72,31
兰州市,2014-10-24,98,良,3.4285151530450033,-0.39352409439920144,2,70,126.0,60.0,33,1.91,34
兰州市,2014-10-25,81,良,2.4688816193633176,-0.4730130128841937,2,55,105.0,48.0,30,1.69,27
兰州市,2014-10-26,86,良,2.1151471572496447,-0.3835887940550063,0,63,103.0,46.0,26,1.62,36
兰州市,2014-10-27,68,良,0.8669414678486409,-0.062308776870469304,0,46,78.0,35.0,17,1.25,34
兰州市,2014-10-28,41,优,-0.5210517100373216,-0.7054417986253211,0,21,45.0,34.0,11,1.06,35
兰州市,2014-10-29,70,良,0.48354909066324664,-1.0596477094007108,0,46,85.0,36.0,18,1.49,37
兰州市,2014-10-30,43,优,-0.6645571975443987,-0.7362212011099102,0,25,41.0,32.0,13,0.96,35
兰州市,2014-10-31,39,优,-1.4482279872739698,-1.2049213496293498,1,22,37.0,31.0,11,0.87,41
兰州市,2014-11-01,46,优,-1.6306182300612433,-1.0276176340847751,1,26,46.0,34.0,11,0.72,52
兰州市,2014-11-02,86,良,1.4692405411773075,-1.7301605547136998,0,58,115.0,66.0,22,1.64,30
兰州市,2014-11-03,129,轻度污染,4.282591854878666,-1.0511407275630062,2,91,166.0,90.5,33,2.33,41
兰州市,2014-11-04,106,轻度污染,4.710272315466356,-0.8796360052926431,2,79,129.0,83.0,31,2.5,13
兰州市,2014-11-05,111,轻度污染,4.958254782667301,-1.2982806844619375,2,83,135.0,83.0,36,2.75,21
兰州市,2014-11-06,122,轻度污染,5.392096721944135,-0.8325769311630733,2,91,150.0,76.0,32,2.76,7
兰州市,2014-11-07,101,轻度污染,4.43345191031288,-0.2094197101086913,2,75,122.0,67.0,33,2.09,21
兰州市,2014-11-08,104,轻度污染,4.414319328298355,-0.6485311059897779,2,77,119.0,68.0,27,2.26,10
兰州市,2014-11-09,65,良,2.0059569018195504,-0.154133341725964,0,44,70.0,45.0,20,1.32,16
兰州市,2014-11-10,79,良,0.4354594280898858,0.43906199923477895,0,41,106.0,28.0,16,0.8,43
兰州市,2014-11-11,81,良,1.1270926428409467,0.13339433546984447,0,44,110.0,42.0,15,1.17,35
兰州市,2014-11-12,67,良,0.3969061414845961,-0.1213758249103797,0,31,82.0,32.0,20,0.97,36
兰州市,2014-11-13,118,轻度污染,4.101111879262665,-1.215054216098267,2,84,159.0,65.0,34,2.33,18
兰州市,2014-11-14,98,良,3.4137572949459996,0.2617508733400467,2,71,140.0,42.0,30,1.92,18
兰州市,2014-11-15,81,良,0.7778204242800743,0.5067554079127515,0,40,109.0,25.0,20,1.12,35
兰州市,2014-11-16,108,轻度污染,3.3120987111182525,-0.40082411302203036,2,73,161.0,46.0,29,2.14,20
兰州市,2014-11-17,119,轻度污染,4.837722820538218,-0.158784517879406,2,87,170.0,53.0,36,2.59,18
兰州市,2014-11-18,122,轻度污染,5.312386521400486,0.09092191973196523,2,91,167.0,48.0,38,2.82,18
兰州市,2014-11-19,117,轻度污染,4.959400209017751,0.3477238669894694,2,86,156.0,60.0,37,2.0,21
兰州市,2014-11-20,111,轻度污染,4.117238980636678,0.5125327531899792,2,75,155.0,54.0,29,1.79,18
兰州市,2014-11-21,106,轻度污染,4.780661857617774,-0.41210920493161485,2,79,132.0,66.0,38,2.08,17
兰州市,2014-11-22,97,良,3.8125788838399375,0.11103994501868854,2,72,115.0,45.0,37,1.79,28
兰州市,2014-11-23,78,良,2.745732892121422,-0.1148917357659202,2,54,99.0,48.0,30,1.55,32
兰州市,2014-11-24,97,良,2.6395818963919795,-0.24831971269284372,2,72,100.0,46.0,21,1.65,22
兰州市,2014-11-25,141,轻度污染,5.552828011860605,-0.6246188273486434,2,91,172.0,68.0,29,3.08,10
兰州市,2014-11-26,94,良,3.1317801129124474,1.139654661989743,2,65,110.0,34.0,22,1.95,29
兰州市,2014-11-27,43,优,-0.2964364809074265,0.23129164088441065,0,23,41.0,28.0,11,0.85,40
兰州市,2014-11-28,101,轻度污染,2.6588258740799433,-1.3758852035181746,2,75,118.0,57.0,18,2.14,16
兰州市,2014-11-29,83,良,2.1607059626464267,-0.02218865345427411,0,59,91.0,40.0,19,1.9,29
兰州市,2014-11-30,56,良,-0.666677714827538,0.3039456862438917,0,21,60.0,25.0,12,0.84,52
兰州市,2014-12-01,113,轻度污染,4.18101511330327,-1.6834386197762956,2,79,156.0,66.0,34,2.73,19
兰州市,2014-12-02,111,轻度污染,4.692169350714334,-0.32708078275609026,2,82,164.0,57.0,29,2.83,12
兰州市,2014-12-03,70,良,0.8299925985130691,0.36047635406273193,0,30,88.0,34.0,24,1.15,46
兰州市,2014-12-04,105,轻度污染,3.928499724041708,-1.4140484222001588,2,69,143.0,63.0,38,2.63,32
兰州市,2014-12-05,141,轻度污染,6.636826840529831,-1.1421511122961259,2,91,204.0,78.0,38,4.25,27
兰州市,2014-12-06,92,良,2.9368364909389664,0.7624085083864899,2,63,104.0,43.0,23,1.79,27
兰州市,2014-12-07,113,轻度污染,4.662149786175897,-0.74737666093842,2,71,165.0,58.0,38,2.53,15
兰州市,2014-12-08,123,轻度污染,5.248577636217267,-0.40254060765324107,2,91,145.0,63.0,31,2.91,15
兰州市,2014-12-09,67,良,0.7625550946436432,1.030118437142221,3,33,82.0,25.0,15,0.95,32
兰州市,2014-12-10,106,轻度污染,2.3162550201112264,-0.13619266753237913,2,54,159.0,44.0,24,1.41,22
兰州市,2014-12-11,95,良,0.577054848188094,1.6790583004244584,3,36,139.0,23.0,14,0.79,51
兰州市,2014-12-12,95,良,2.3624240259472713,-0.09738684330921486,2,54,136.0,49.0,20,1.65,19
兰州市,2014-12-13,125,轻度污染,5.138254826710353,-0.6272697165519777,2,91,181.0,68.0,36,2.49,12
兰州市,2014-12-14,138,轻度污染,4.902356030262299,0.67644722886516,2,84,197.0,56.0,38,2.06,25
兰州市,2014-12-15,104,轻度污染,0.9703193451190675,2.220564337918028,3,40,143.0,27.0,16,0.72,53
兰州市,2014-12-16,97,良,4.102397229158034,-1.1220067149394612,2,65,120.0,68.0,38,2.14,14
兰州市,2014-12-17,141,轻度污染,5.7561142492058766,-1.2083605835772846,2,91,159.0,69.0,38,3.41,16
兰州市,2014-12-18,141,轻度污染,6.72053375224398,0.28743801094979476,2,91,212.0,82.0,38,3.15,28
兰州市,2014-12-19,112,轻度污染,5.0378160816455875,0.5509118511301773,2,84,134.0,54.0,38,2.11,20
兰州市,2014-12-20,77,良,2.4839126369618842,0.2417886173571791,2,49,95.0,35.0,34,1.39,31
兰州市,2014-12-21,66,良,1.9343311070741511,-1.0346858208650898,0,42,75.0,40.0,33,1.63,27
兰州市,2014-12-22,138,轻度污染,5.132825664781813,-1.359301679188387,2,91,155.0,59.0,38,3.05,16
兰州市,2014-12-23,141,轻度污染,5.956532274489618,0.26911110741376454,2,91,163.0,60.0,38,2.87,18
兰州市,2014-12-24,106,轻度污染,4.7137627194381,0.38233168188319977,2,79,118.0,52.0,38,2.13,22
兰州市,2014-12-25,118,轻度污染,4.97960587708296,-0.39714166831510483,2,88,136.0,60.0,38,2.42,20
兰州市,2014-12-26,141,轻度污染,5.4113214548426845,0.14833405395657476,2,91,165.0,56.0,38,2.51,18
兰州市,2014-12-27,141,轻度污染,6.309677146667002,0.5908413077097259,2,91,189.0,62.0,38,2.83,17
兰州市,2014-12-28,141,轻度污染,7.079595331945172,0.5417668069729685,2,91,214.5,71.0,38,3.29,20
兰州市,2014-12-29,141,轻度污染,6.466501270115217,0.46495404967481135,2,91,173.0,66.0,38,3.0,23
兰州市,2014-12-30,111,轻度污染,5.274499395148026,0.6573432786054806,2,81,136.0,50.0,38,2.38,23
兰州市,2014-12-31,69,良,2.7874350641383208,-0.36389221328139665,2,34,85.0,37.0,35,1.7,16
兰州市,2015-01-01,134,轻度污染,5.2384385168693814,-0.9345659434293959,2,91,164.0,57.0,38,2.91,20
兰州市,2015-01-02,141,轻度污染,6.291831433150956,0.2901057659006199,2,91,179.0,59.0,38,3.21,21
兰州市,2015-01-03,141,轻度污染,7.232359314971221,0.12242474870942133,2,91,212.0,74.0,38,3.69,18
兰州市,2015-01-04,92,良,2.999469602468894,1.2128246430070022,2,56,111.0,37.0,30,1.45,37
兰州市,2015-01-05,48,优,0.4991464173754582,-0.3779158603646089,0,17,52.0,31.0,25,1.17,39
兰州市,2015-01-06,59,良,1.4171207153434624,-2.029640110437482,0,34,66.0,41.0,33,1.81,23
兰州市,2015-01-07,67,良,1.7331608607702402,-1.4561476224267473,0,46,79.0,40.0,28,1.8,19
兰州市,2015-01-08,91,良,3.6043639607584548,-1.8835812053165615,2,64,115.0,55.0,38,2.67,18
兰州市,2015-01-09,117,轻度污染,5.253833411203421,-1.6537250942960808,2,88,138.0,69.0,38,3.41,17
兰州市,2015-01-10,109,轻度污染,5.4368413944695035,-1.34123705467126,2,81,133.0,69.0,38,3.62,20
兰州市,2015-01-11,118,轻度污染,6.152976245928985,-1.6320285912194177,2,87,149.0,73.0,38,4.21,19
兰州市,2015-01-12,127,轻度污染,6.661124730943912,-1.2040573496315667,2,91,161.0,80.0,38,4.03,20
兰州市,2015-01-13,94,良,4.307596809565574,-0.06406442193304333,2,69,108.0,46.0,34,2.64,25
兰州市,2015-01-14,96,良,3.769503792730444,-0.44927057853386543,2,70,111.0,50.0,31,2.23,23
兰州市,2015-01-15,64,良,1.0851834599847587,0.2525061316045906,0,31,75.0,33.0,22,1.37,49
兰州市,2015-01-16,99,良,4.571914912121583,-1.9895062048606682,2,68,132.0,73.0,38,3.09,28
兰州市,2015-01-17,88,良,2.972773526846694,-0.21160871610537174,2,57,114.0,48.0,29,2.21,41
兰州市,2015-01-18,80,良,3.3871454778787498,-1.4724279945613543,2,50,101.0,62.0,33,2.85,37
兰州市,2015-01-19,91,良,4.351344861941492,-2.0352697098263253,2,63,118.0,67.0,38,3.48,32
兰州市,2015-01-20,91,良,3.759576804545231,-1.1329708639276044,2,64,120.0,57.0,38,2.76,38
兰州市,2015-01-21,90,良,4.64441497913284,-2.3217581057973184,2,53,124.0,86.0,38,3.61,35
兰州市,2015-01-22,110,轻度污染,5.591371130324207,-1.9300795206025314,2,79,146.0,84.0,38,3.69,26
兰州市,2015-01-23,118,轻度污染,5.511114140833779,-0.8221987020835124,2,88,152.0,75.0,38,3.1,29
兰州市,2015-01-24,87,良,2.3567955725723846,0.5521095341812136,2,45,120.0,39.0,28,1.89,50
兰州市,2015-01-25,101,轻度污染,4.542672718077852,-1.1745011072398446,2,73,137.0,63.0,38,2.97,32
兰州市,2015-01-26,78,良,1.007352960823371,0.6521867599805657,0,33,103.0,25.0,23,1.56,58
兰州市,2015-01-27,62,良,0.9903071106708798,-0.7359837119868591,0,31,72.0,33.0,27,1.78,46
兰州市,2015-01-28,70,良,0.5627539437187248,-0.5204560420342716,0,38,87.0,26.0,22,1.55,43
兰州市,2015-01-29,78,良,0.5405210316689449,-0.38041200234230865,0,32,104.0,28.0,20,1.8,49
兰州市,2015-01-30,67,良,0.770056794244914,-0.9389855519807925,0,38,77.0,37.0,18,1.99,36
兰州市,2015-01-31,83,良,1.505613636410935,-1.1599261117370736,0,61,73.0,36.0,23,2.41,42
兰州市,2015-02-01,90,良,1.8017841062597466,-0.7752970613253305,0,66,81.0,39.0,19,2.51,40
兰州市,2015-02-02,81,良,1.7536832280855568,-0.6261340322395971,0,59,75.0,39.0,24,2.29,47
兰州市,2015-02-03,91,良,2.462238746774013,-0.729972564643193,2,67,98.0,41.0,30,2.39,45
兰州市,2015-02-04,60,良,0.017516905604595418,0.38479727844297934,0,42,52.0,20.0,16,1.66,70
兰州市,2015-02-05,80,良,1.6030928642906452,-1.1221023988653769,0,58,76.0,43.0,22,2.21,44
兰州市,2015-02-06,90,良,2.2234460793267963,-0.3738912172098227,2,65,96.0,36.0,28,2.1,45
兰州市,2015-02-07,72,良,1.185474641845526,-0.02656297645970765,0,42,91.0,37.0,19,1.87,53
兰州市,2015-02-08,86,良,2.1526139280461662,-0.7441337864587937,0,55,116.0,52.0,24,2.22,48
兰州市,2015-02-09,95,良,3.7003414916486816,-1.0207434503440957,2,68,131.0,63.0,35,2.64,42
兰州市,2015-02-10,95,良,3.499429728072395,-0.721486694327958,2,68,120.0,56.0,35,2.49,42
兰州市,2015-02-11,84,良,3.7105402798059908,-1.4059832955675176,2,54,111.0,69.0,38,2.66,39
兰州市,2015-02-12,86,良,4.124648991699993,-1.9376149526438216,2,58,114.0,75.0,38,3.14,38
兰州市,2015-02-13,80,良,3.6554769212117684,-1.7989139610051965,2,53,103.0,64.0,38,2.99,36
兰州市,2015-02-14,141,轻度污染,3.941824616825448,0.45947309301300526,2,80,214.5,42.0,32,2.51,46
兰州市,2015-02-15,77,良,0.796385921966148,1.7311844615573906,3,29,103.0,24.0,15,1.42,63
兰州市,2015-02-16,78,良,2.2713837262935326,-1.0629507616830398,2,45,103.0,49.0,34,2.29,51
兰州市,2015-02-17,76,良,2.523934827485839,-1.2401933135291747,2,48,100.0,46.0,38,2.58,53
兰州市,2015-02-18,92,良,2.6314273469030507,-0.5277484870987823,2,65,120.0,39.0,38,2.31,59
兰州市,2015-02-19,124,轻度污染,2.893783187583791,0.8011341594437995,2,91,138.0,30.0,30,2.0,57
兰州市,2015-02-20,77,良,0.14395540292373715,1.937153085629131,3,35,102.0,15.0,15,1.08,73
兰州市,2015-02-21,68,良,-0.7170898083929864,0.4992619228835295,1,27,84.0,16.0,13,1.15,62
兰州市,2015-02-22,67,良,-0.17294153150814298,-0.17214244165829973,0,30,81.0,26.0,19,1.44,63
兰州市,2015-02-23,75,良,-0.21892598104580752,0.2545836464200449,0,37,98.0,22.0,16,1.39,66
兰州市,2015-02-24,52,良,-0.3113493395111013,-0.5491063949293044,0,29,57.0,28.0,10,1.58,40
兰州市,2015-02-25,130,轻度污染,0.7567214469700217,0.8929193939590108,3,57,208.0,26.0,9,1.43,47
兰州市,2015-02-26,74,良,0.4720480420169939,0.9845649239918124,3,38,97.0,31.0,12,1.45,51
兰州市,2015-02-27,106,轻度污染,-0.039986157122390634,1.0592401423422524,3,43,160.0,17.0,16,1.14,63
兰州市,2015-02-28,45,优,-0.9167310128771379,0.24260881473402968,1,18,45.0,20.0,15,1.17,58
兰州市,2015-03-01,71,良,0.7757718303612728,-1.4601082470513562,0,46,83.0,37.0,30,2.2,65
兰州市,2015-03-02,141,轻度污染,1.7970082916910664,0.7889755114832213,3,61,214.5,31.0,23,1.59,48
兰州市,2015-03-03,141,轻度污染,2.1262753541773796,3.149458084992662,3,76,214.5,24.0,11,1.34,58
兰州市,2015-03-04,113,轻度污染,1.9278727267306182,2.0223949039463167,3,52,175.0,26.0,17,1.49,43
兰州市,2015-03-05,93,良,2.244779498658581,0.4454967248367831,2,59,123.0,34.0,25,1.84,36
兰州市,2015-03-06,85,良,1.9470714843674222,-0.06905408444108374,0,57,112.0,40.0,22,1.91,39
兰州市,2015-03-07,74,良,0.9040841351101706,0.12260622459453821,0,42,96.0,31.0,20,1.55,50
兰州市,2015-03-08,88,良,-0.5326361799511737,1.3460611746456315,3,35,123.0,20.0,12,1.05,87
兰州市,2015-03-09,119,轻度污染,0.5959527480866016,1.9244548489062832,3,47,186.0,17.0,16,0.95,64
兰州市,2015-03-10,92,良,1.237112542794313,1.124550333988059,3,42,132.0,26.0,25,1.18,48
兰州市,2015-03-11,99,良,2.0094709060181746,0.11016086517139495,0,52,146.0,47.0,29,1.55,49
兰州市,2015-03-12,125,轻度污染,3.087592226317945,0.8488055132456158,2,71,199.0,61.0,35,1.56,72
兰州市,2015-03-13,107,轻度污染,1.0037942387791328,1.8484983915591964,3,42,162.0,35.0,16,0.87,56
兰州市,2015-03-14,140,轻度污染,1.5241945109055057,1.990065968121888,3,54,214.5,40.0,13,0.95,52
兰州市,2015-03-15,141,轻度污染,3.830062618981394,1.4186562422656823,2,67,214.5,63.0,26,1.59,36
兰州市,2015-03-16,126,轻度污染,2.7474715327615775,1.9960035180199582,3,59,199.0,48.0,19,1.18,39
兰州市,2015-03-17,139,轻度污染,4.428235259503761,0.8843994289789686,2,73,214.5,63.0,31,1.9,29
兰州市,2015-03-18,101,轻度污染,2.4265422912159207,1.39892539092485,3,46,150.0,39.0,25,1.6,49
兰州市,2015-03-19,67,良,-0.44376205247288064,1.1601158373707459,3,32,81.0,25.0,10,0.92,68
兰州市,2015-03-20,82,良,0.0982328681287761,0.17101861051971573,0,35,112.0,36.0,18,0.9,56
兰州市,2015-03-21,112,轻度污染,2.104279173260981,0.404041794078798,0,60,171.0,56.0,22,1.34,49
兰州市,2015-03-22,108,轻度污染,3.108357594137888,0.2649163554002458,2,64,163.0,64.0,24,1.54,26
兰州市,2015-03-23,74,良,0.39153388875877143,1.0578959409820492,3,47,93.0,37.0,10,1.04,58
兰州市,2015-03-24,58,良,-0.9020809105879961,0.20844399347388676,1,34,65.0,38.0,7,0.81,64
兰州市,2015-03-25,73,良,0.12059453917724458,-0.7285165176829511,0,37,95.0,53.0,13,1.17,48
兰州市,2015-03-26,78,良,0.37687499495797216,-0.24270043507963637,0,40,105.0,56.0,13,1.06,52
兰州市,2015-03-27,102,轻度污染,0.8771324780231772,0.379052336590886,0,47,150.0,54.0,13,0.94,47
兰州市,2015-03-28,115,轻度污染,1.864881436349658,0.623026749615032,0,51,179.0,64.0,15,0.93,31
兰州市,2015-03-29,88,良,1.5765548052089084,0.4615544576555024,0,55,119.0,66.0,14,1.1,44
兰州市,2015-03-30,77,良,-0.001290600374834875,0.4415934564501255,0,38,102.0,44.0,13,0.91,61
兰州市,2015-03-31,98,良,0.6465456819923447,0.44922586599178665,0,48,143.0,52.0,13,0.91,54
兰州市,2015-04-01,101,轻度污染,1.1640206409336595,1.167729339081014,3,62,146.0,39.0,14,0.83,42
兰州市,2015-04-02,141,轻度污染,2.9905600140315185,1.7126631405636474,3,90,214.5,54.0,20,1.0,45
兰州市,2015-04-03,113,轻度污染,1.2039033764798999,2.7961822969027126,3,53,172.0,29.0,5,0.78,46
兰州市,2015-04-04,115,轻度污染,1.8600690705505083,1.5555231446072122,3,55,178.0,39.0,16,0.88,32
兰州市,2015-04-05,66,良,-0.26622669366909674,1.1776899966774412,3,22,81.0,30.0,19,0.68,73
兰州市,2015-04-06,46,优,-1.2832784570305646,-0.017360029963640205,1,25,46.0,31.0,8,0.77,63
兰州市,2015-04-07,49,优,-1.3889717234299122,-0.6233338134246258,1,23,50.0,34.0,8,1.01,63
兰州市,2015-04-08,51,良,-1.4491513536059115,-0.5310194677065657,1,26,53.0,30.0,8,0.96,59
兰州市,2015-04-09,55,良,-1.6824883787978957,-0.3004525699879411,1,30,60.0,29.0,9,0.8,67
兰州市,2015-04-10,79,良,0.004488610827526736,-0.6906156264051203,0,43,106.0,46.0,19,1.1,53
兰州市,2015-04-11,93,良,-1.0231292602914075,0.9647376254383669,1,33,133.0,33.0,8,0.64,71
兰州市,2015-04-12,121,轻度污染,-0.19993834043383976,1.5994180400506999,3,40,175.0,30.0,14,0.5,65
兰州市,2015-04-13,96,良,1.7571567395782561,0.01827180991575444,0,35,140.0,60.0,32,1.04,40
兰州市,2015-04-14,106,轻度污染,1.4429924129215905,0.10300888880317945,0,42,159.0,56.0,25,1.06,42
兰州市,2015-04-15,141,轻度污染,2.6900125332934364,1.1850628166518735,2,66,214.5,57.0,34,1.16,66
兰州市,2015-04-16,141,轻度污染,2.6277874747627346,3.191142312777965,3,90,214.5,41.0,21,0.85,74
兰州市,2015-04-17,141,轻度污染,2.778512907019185,2.6946279762099596,3,72,214.5,43.0,23,1.14,66
兰州市,2015-04-18,98,良,0.013236802010811562,2.9433621931691336,3,40,129.0,20.0,6,0.64,75
兰州市,2015-04-19,62,良,-1.245007623406165,1.328461382365934,1,22,65.0,30.0,10,0.7,98
兰州市,2015-04-20,55,良,-1.1978700856940894,0.03759370507313216,1,26,60.0,36.0,8,0.71,67
兰州市,2015-04-21,56,良,-0.8382802678286495,-0.4289018364199585,1,30,63.0,43.0,9,0.89,60
兰州市,2015-04-22,95,良,1.079058157410954,-0.615461661030681,0,49,126.0,62.0,27,0.97,59
兰州市,2015-04-23,69,良,0.3186079121480953,-0.2221281678285318,0,31,87.0,53.0,20,0.97,53
兰州市,2015-04-24,98,良,1.5878588993781584,-0.7118977431435607,0,52,140.0,61.0,35,1.1,53
兰州市,2015-04-25,69,良,0.009579495828889222,0.3018858909661443,0,40,85.0,48.0,17,0.86,65
兰州市,2015-04-26,72,良,0.0026160619613502254,-0.5739836639462972,0,37,88.0,54.0,18,0.88,54
兰州市,2015-04-27,95,良,1.0806668971176345,-0.2633015427176151,0,53,120.0,63.0,26,1.08,70
兰州市,2015-04-28,84,良,1.1089382336582474,0.2591035636204352,0,50,111.0,51.0,25,1.02,60
兰州市,2015-04-29,75,良,0.09879564580946151,0.28012542714225697,0,42,93.0,48.0,17,0.91,70
兰州市,2015-04-30,100,良,0.19996658029841444,0.9638565664695061,3,57,133.0,35.0,9,0.69,51
兰州市,2015-05-01,64,良,-0.5639291208301302,0.8439757014724436,0,38,68.0,36.0,7,0.83,66
兰州市,2015-05-02,67,良,-0.5094211250838478,-0.1326959188401246,0,34,83.0,39.0,16,0.78,61
兰州市,2015-05-03,51,良,-2.3325874125318498,0.6058929217543774,1,22,40.0,21.0,6,0.52,89
兰州市,2015-05-04,67,良,-1.3314668466153692,-0.17847529085249295,1,30,76.0,39.0,10,0.78,75
兰州市,2015-05-05,67,良,-0.1996503578177986,-0.6140490731383418,0,35,84.0,49.0,16,0.93,50
兰州市,2015-05-06,118,轻度污染,0.5614404248726219,0.8168861142106283,3,60,170.0,45.0,11,0.92,59
兰州市,2015-05-07,100,良,1.1987675259041686,1.326270421591491,3,56,147.0,43.0,19,0.82,52
兰州市,2015-05-08,84,良,0.11553564721915878,1.0242014972510425,3,43,113.0,38.0,19,0.8,75
兰州市,2015-05-09,68,良,0.31082021910850194,-0.32469852678090305,0,36,87.0,49.0,19,1.11,53
兰州市,2015-05-10,132,轻度污染,0.24947328321863024,1.5849710493971776,3,60,185.0,26.0,5,0.91,57
兰州市,2015-05-11,78,良,0.43782395523817835,1.4349318655959693,3,37,105.0,41.0,11,0.75,53
兰州市,2015-05-12,102,轻度污染,1.7323002988469491,-0.40449715338198816,0,44,152.0,72.0,21,1.2,43
兰州市,2015-05-13,101,轻度污染,1.3131632035202228,0.828080015700385,3,49,150.0,58.0,18,1.01,61
兰州市,2015-05-14,108,轻度污染,1.1635669236564579,1.0187455842931694,3,50,164.0,56.0,11,0.86,47
兰州市,2015-05-15,108,轻度污染,1.5043133690229462,1.2187282022451895,3,54,165.0,51.0,19,0.84,53
兰州市,2015-05-16,92,良,0.905655203385181,1.080229627075313,3,47,132.0,51.0,16,0.68,56
兰州市,2015-05-17,102,轻度污染,0.7809829794334606,0.8417772701184808,3,51,134.0,52.0,14,0.9,63
兰州市,2015-05-18,141,轻度污染,2.624687682844313,2.108131904389275,3,91,214.5,50.0,19,0.79,55
兰州市,2015-05-19,120,轻度污染,1.9924137310406718,2.7656677693915808,3,64,189.0,43.0,14,0.69,57
兰州市,2015-05-20,50,优,-0.6539895476245596,1.2051895310783574,3,25,53.0,32.0,7,0.55,59
兰州市,2015-05-21,51,良,-1.4740172677681551,0.056353496504108126,1,32,52.0,32.0,7,0.74,77
兰州市,2015-05-22,76,良,-0.15191924453382935,-0.14101165263109872,0,47,98.0,48.0,10,0.76,55
兰州市,2015-05-23,62,良,-0.5682195137028556,0.13823440570546588,0,31,71.0,41.0,13,0.78,66
兰州市,2015-05-24,74,良,-0.018872009017994913,-0.45286847172074657,0,33,96.0,48.0,17,0.92,53
兰州市,2015-05-25,65,良,-1.251611814523177,0.05516222375647512,1,23,77.0,32.0,7,0.71,51
兰州市,2015-05-26,75,良,-0.32869133801874617,-0.5647222938375526,0,33,98.0,47.0,13,1.11,51
兰州市,2015-05-27,141,轻度污染,1.9978119813108932,1.137700768460875,3,88,214.5,53.0,11,0.88,34
兰州市,2015-05-28,47,优,-0.6632324298736292,1.1191648783585788,3,22,48.0,27.0,6,0.74,43
兰州市,2015-05-29,62,良,-1.2084760833350787,-0.794469327200091,1,27,72.0,42.0,7,0.78,46
兰州市,2015-05-30,65,良,-0.6009420931767641,-0.7190865625953052,0,30,77.0,53.0,13,0.71,50
兰州市,2015-05-31,84,良,0.1868554681818521,-0.640022561928154,0,34,116.0,57.0,17,0.76,40
兰州市,2015-06-01,141,轻度污染,1.1469865052294437,2.0724253864715863,3,79,214.5,41.0,5,0.55,48
兰州市,2015-06-02,114,轻度污染,1.4006952040184666,2.151815433334085,3,47,177.0,45.0,11,0.66,42
兰州市,2015-06-03,70,良,-0.6003325886280234,0.917695045529067,3,26,89.0,37.0,7,0.53,47
兰州市,2015-06-04,54,良,-2.166910648197109,0.34908043057423127,1,17,52.0,29.0,7,0.46,80
兰州市,2015-06-05,93,良,0.085725108835602,-0.30279848796946796,0,39,127.0,57.0,22,0.79,73
兰州市,2015-06-06,80,良,-0.30400290946991876,0.6643146794543053,0,32,107.0,41.0,15,0.67,65
兰州市,2015-06-07,80,良,-0.5796216983241241,0.6158744927640736,0,35,109.0,36.0,13,0.52,60
兰州市,2015-06-08,83,良,0.09745582391469487,-0.10427473817039892,0,37,111.0,54.0,17,0.97,62
兰州市,2015-06-09,107,轻度污染,1.8269748179690013,-0.10751408762141575,0,55,162.0,61.0,36,1.0,59
兰州市,2015-06-10,128,轻度污染,0.36257696155911157,2.935281722714142,3,66,203.0,26.0,6,0.49,73
兰州市,2015-06-11,100,良,0.7190597884917717,1.7759059574992997,3,41,144.0,44.0,16,0.76,70
兰州市,2015-06-12,71,良,-0.10312682813158472,0.32787446686798705,0,27,89.0,48.0,15,0.81,60
兰州市,2015-06-13,72,良,0.10260336300795307,-0.5164931314269835,0,30,93.0,49.0,21,1.06,58
兰州市,2015-06-14,70,良,-1.3261670699644927,0.48990886512528486,1,25,87.0,36.0,7,0.71,76
兰州市,2015-06-15,68,良,-1.3139712195422208,0.4193455079312584,1,28,85.0,36.0,7,0.7,74
兰州市,2015-06-16,73,良,-0.9047721679282321,0.011745674299775574,1,31,93.0,45.0,9,0.69,62
兰州市,2015-06-17,81,良,0.012565218595046813,-0.3850135840652194,0,38,110.0,57.0,14,0.87,50
兰州市,2015-06-18,78,良,-0.7571278236345887,0.24459312399331484,1,33,99.0,51.0,8,0.8,70
兰州市,2015-06-19,64,良,-1.865269345657662,1.0027181560624532,1,32,75.0,22.0,10,0.59,94
兰州市,2015-06-20,60,良,-1.7315470527929855,0.36178198255623467,1,38,66.0,30.0,4,0.64,73
兰州市,2015-06-21,77,良,-0.3490346819772935,-0.260026429546243,0,45,95.0,51.0,13,0.95,68
兰州市,2015-06-22,72,良,-0.09928257969925058,-0.4446252888147807,0,37,88.0,52.0,9,0.92,37
兰州市,2015-06-23,60,良,-1.2111160528143337,0.1753675627343175,1,36,63.0,37.0,6,0.8,68
兰州市,2015-06-24,65,良,-0.673232360793251,-0.5458097665668682,0,37,76.0,44.0,7,0.95,45
兰州市,2015-06-25,76,良,-0.4296798985908011,0.004524185567857992,0,48,87.0,47.0,7,1.0,64
兰州市,2015-06-26,67,良,-0.7461147049825166,-0.03448787679204749,0,29,81.0,41.0,9,0.83,54
兰州市,2015-06-27,49,优,-1.8205922685153362,-0.2436342739959087,1,17,51.0,22.0,5,0.72,44
兰州市,2015-06-28,74,良,-0.8768131649755317,-0.446386095129005,1,37,98.0,32.0,6,0.86,34
兰州市,2015-06-29,134,轻度污染,1.8197496105251514,0.8476715551943063,3,76,214.5,60.0,8,0.99,33
兰州市,2015-06-30,98,良,0.8185230174294928,1.967280991763124,3,53,144.0,42.0,5,0.77,47
兰州市,2015-07-01,78,良,0.2907223828931193,0.5132884203551695,0,44,104.0,45.0,8,0.76,36
兰州市,2015-07-02,66,良,-0.20478903512009106,-0.1485294989062148,0,45,71.0,37.0,5,0.92,27
兰州市,2015-07-03,86,良,0.586720752293915,-0.2784383467487731,0,63,88.0,48.0,8,1.02,31
兰州市,2015-07-04,117,轻度污染,2.437471843011696,0.16212172980513964,2,88,122.0,61.0,10,1.34,21
兰州市,2015-07-05,71,良,0.6680001741360357,0.8196835595830358,3,47,67.0,43.0,8,0.85,38
兰州市,2015-07-06,81,良,1.2704499577212762,-0.4768658048418694,0,48,109.0,61.0,18,1.19,43
兰州市,2015-07-07,78,良,0.3694435595450128,0.14426069766376914,0,38,103.0,46.0,11,0.88,40
兰州市,2015-07-08,62,良,-0.4436830539727202,0.26154867366988815,0,39,69.0,30.0,7,0.67,36
兰州市,2015-07-09,52,良,-1.1316936577143963,-0.10605523834396853,1,33,45.0,32.0,7,0.73,56
兰州市,2015-07-10,73,良,0.07801935355918926,-0.7841093290639266,0,38,93.0,47.0,13,1.08,39
兰州市,2015-07-11,66,良,-0.7755492324061211,0.10741302418455896,1,36,80.0,29.0,5,0.98,44
兰州市,2015-07-12,80,良,-0.394065432142962,0.43642404476078267,0,53,105.0,29.0,5,0.87,44
兰州市,2015-07-13,76,良,-0.257877008445734,0.36448732326371736,0,41,99.0,37.0,11,1.0,59
兰州市,2015-07-14,66,良,-0.24946313574094406,-0.20015480470373634,0,40,79.0,44.0,7,1.11,46
兰州市,2015-07-15,72,良,-0.06589504006615997,-0.4935458377193842,0,38,93.0,48.0,9,1.24,46
兰州市,2015-07-16,73,良,-0.2104039288187272,-0.08130258142154684,0,39,95.0,41.0,10,0.97,46
兰州市,2015-07-17,73,良,0.36090855982751796,-0.35305766340999295,0,46,92.0,51.0,12,1.3,51
兰州市,2015-07-18,76,良,0.024948054387394458,-0.21127395809292177,0,37,93.0,54.0,13,1.25,69
兰州市,2015-07-19,99,良,0.7517939488546119,-0.13474214617350128,0,40,129.0,58.0,21,1.31,70
兰州市,2015-07-20,80,良,-0.56655446439157,0.8481074630227121,0,30,87.0,38.0,15,1.06,91
兰州市,2015-07-21,65,良,-0.6054140372725921,0.08705478716457621,0,32,78.0,43.0,13,1.05,74
兰州市,2015-07-22,67,良,-0.19127162000358963,-0.5077239173256871,0,37,82.0,45.0,17,1.33,68
兰州市,2015-07-23,58,良,-1.5726640450984717,-0.09574165082065746,1,25,53.0,38.0,7,0.98,80
兰州市,2015-07-24,82,良,0.588174369975594,-1.056508509415148,0,42,107.0,60.0,18,1.61,57
兰州市,2015-07-25,94,良,0.9487886582223484,-0.26396181998399626,0,45,126.0,62.0,16,1.58,62
兰州市,2015-07-26,80,良,0.6162721163060887,0.034080032281019836,0,43,104.0,51.0,16,1.42,60
兰州市,2015-07-27,74,良,0.14072309585636025,-0.04382318361115342,0,43,94.0,47.0,14,1.27,63
兰州市,2015-07-28,67,良,-0.329002756682527,-0.006261642882620248,0,42,81.0,39.0,9,1.25,60
兰州市,2015-07-29,72,良,0.1350263243454647,-0.3139328992712949,0,47,91.0,42.0,14,1.14,48
兰州市,2015-07-30,73,良,0.23640158574597964,-0.034340199888322896,0,51,89.0,44.0,14,1.06,55
兰州市,2015-07-31,70,良,-0.4117679935409609,0.4154527675232693,0,48,83.0,35.0,8,0.88,59
兰州市,2015-08-01,75,良,0.46533185976021296,-0.15030606022186427,0,51,96.0,45.0,15,1.1,49
兰州市,2015-08-02,67,良,-0.7323505108932907,0.4234830507440499,1,35,82.0,33.0,10,0.82,65
兰州市,2015-08-03,60,良,-1.0104401872614257,0.17637143010926173,1,41,60.0,28.0,6,0.73,52
兰州市,2015-08-04,58,良,-0.9098061221255647,-0.3037831589770412,1,36,61.0,38.0,7,0.81,51
兰州市,2015-08-05,74,良,-0.041968749665825714,-0.7113938327441942,0,35,81.0,47.0,23,1.14,68
兰州市,2015-08-06,69,良,-0.44730071264450766,-0.19716396774121325,0,31,77.0,47.0,17,0.96,72
兰州市,2015-08-07,63,良,-1.3966904411004675,0.09691552290688402,1,25,74.0,35.0,8,0.68,65
兰州市,2015-08-08,45,优,-1.9328030557626772,-0.19591202066225302,1,24,43.0,27.0,8,0.71,66
兰州市,2015-08-09,38,优,-2.217667995990387,-0.8683742959918137,1,19,36.0,29.0,6,0.74,55
兰州市,2015-08-10,56,良,-1.6492282980591295,-1.0479402097401318,1,26,56.0,41.0,14,0.88,72
兰州市,2015-08-11,66,良,-1.029520053785284,-0.928404002948633,1,27,75.0,46.0,11,0.96,51
兰州市,2015-08-12,63,良,-1.131356555605571,-0.36627273169903396,1,29,74.0,34.0,16,0.96,67
兰州市,2015-08-13,94,良,-1.211330632990614,1.078235980793861,1,46,136.0,20.0,8,0.56,69
兰州市,2015-08-14,63,良,-0.786411758032271,0.031470040550342436,1,29,69.0,46.0,9,0.96,62
兰州市,2015-08-15,77,良,-0.2600969870215639,-0.71115076307035,0,33,102.0,53.0,14,1.07,52
兰州市,2015-08-16,141,轻度污染,0.7383298111059422,1.5365598229636281,3,62,214.5,35.0,9,0.77,47
兰州市,2015-08-17,114,轻度污染,1.0909670439127013,2.624331150288575,3,56,177.0,30.0,12,0.86,60
兰州市,2015-08-18,70,良,0.038560190308202,1.0128379602237076,3,43,89.0,33.0,8,0.82,44
兰州市,2015-08-19,67,良,0.20333723048952446,-0.6569096705643787,0,36,83.0,49.0,16,1.12,44
兰州市,2015-08-20,75,良,0.19485779265226513,-0.5303050642562102,0,36,100.0,50.0,14,1.18,47
兰州市,2015-08-21,61,良,-0.8440788737246856,-0.15160936884321521,1,24,68.0,40.0,11,0.95,62
兰州市,2015-08-22,85,良,0.2763861255545255,-0.4344084943329739,0,37,117.0,49.0,17,1.18,54
兰州市,2015-08-23,62,良,-0.25330316849329926,-0.28026651432662386,0,30,72.0,43.0,15,1.15,56
兰州市,2015-08-24,72,良,-0.21738194251651569,-0.7572866052783777,0,32,90.0,48.0,17,1.26,59
兰州市,2015-08-25,79,良,0.19067553795453454,-0.6754727698923362,0,34,107.0,58.0,14,1.2,48
兰州市,2015-08-26,72,良,-0.542201924723196,-0.09047306119070962,0,32,91.0,42.0,10,1.03,54
兰州市,2015-08-27,60,良,-1.2451169835453209,-0.18101516570560203,1,28,68.0,36.0,6,0.94,56
兰州市,2015-08-28,67,良,-0.7126554995231771,-0.6074969422894729,0,33,82.0,44.0,10,1.1,54
兰州市,2015-08-29,78,良,0.04752264257657207,-0.6619541986953194,0,38,102.0,59.0,14,1.08,53
兰州市,2015-08-30,77,良,-0.17884177699092108,-0.09732216108411625,0,37,102.0,51.0,11,1.07,59
兰州市,2015-08-31,61,良,-1.220539966387791,0.1713241179600218,1,28,69.0,25.0,14,0.81,65
兰州市,2015-09-01,58,良,-1.32740546647377,-0.328858024779904,1,28,64.0,30.0,10,1.17,68
兰州市,2015-09-02,51,良,-1.6768140053767433,-0.366070579324734,1,29,54.0,29.0,5,0.86,55
兰州市,2015-09-03,50,优,-1.2071911947450467,-1.1262511525394285,1,33,45.0,37.0,5,0.95,31
兰州市,2015-09-04,45,优,-1.4252831567641118,-1.1066400219447636,1,26,43.0,37.0,9,0.99,48
兰州市,2015-09-05,73,良,-0.4605691176693995,-1.182726091825112,0,33,94.0,49.0,13,1.15,44
兰州市,2015-09-06,71,良,-0.1628872778732685,-0.6519218393685313,0,32,91.0,47.0,18,1.06,49
兰州市,2015-09-07,58,良,-1.4343626613709433,-0.1198163997621374,1,27,65.0,30.0,9,0.76,56
兰州市,2015-09-08,43,优,-1.7284015460037945,-0.6090829621920648,1,29,36.0,23.0,9,0.88,51
兰州市,2015-09-09,31,优,-2.214463038310095,-1.1261934343818014,1,20,24.0,27.0,7,0.87,52
兰州市,2015-09-10,33,优,-2.195226790249898,-1.5641785394833996,1,18,31.0,30.0,9,0.76,42
兰州市,2015-09-11,54,良,-1.0919953066153176,-1.9778023392659656,1,26,59.0,52.0,10,0.89,27
兰州市,2015-09-12,57,良,-0.5840470169711902,-1.5486403646098261,0,28,65.0,45.0,12,1.5,38
兰州市,2015-09-13,64,良,-1.076124044898891,-0.9041962939747904,1,27,70.0,49.0,15,0.95,66
兰州市,2015-09-14,76,良,0.08137597279473942,-1.0334759943153642,0,38,99.0,59.0,17,1.08,45
兰州市,2015-09-15,60,良,-1.0538717121082952,-0.4970365720477022,1,26,67.0,33.0,10,0.91,39
兰州市,2015-09-16,60,良,-1.0346591172524162,-0.613579011187136,1,35,71.0,31.0,10,0.82,36
兰州市,2015-09-17,75,良,0.26669309789515067,-1.1540640329924652,0,39,99.0,48.0,18,1.11,26
兰州市,2015-09-18,76,良,0.28629451182352617,-0.6295479037207042,0,40,100.0,48.0,12,1.28,33
兰州市,2015-09-19,77,良,0.5610630537788696,-0.8422213915350124,0,41,101.0,45.0,11,1.25,9
兰州市,2015-09-20,55,良,-1.362917785482062,0.050600590378742226,1,25,59.0,23.0,8,0.95,55
兰州市,2015-09-21,93,良,0.2149744968969975,-0.5840490061977022,0,42,117.0,27.0,22,1.21,35
兰州市,2015-09-22,54,良,-0.956287424155235,0.29919958483156245,1,28,61.0,29.0,11,0.82,56
兰州市,2015-09-23,90,良,1.1124381418532028,-1.3597796864768013,0,53,115.0,62.0,13,1.32,13
兰州市,2015-09-24,77,良,0.415720679784598,-0.00024152053006041822,0,53,79.0,44.0,11,1.12,40
兰州市,2015-09-25,107,轻度污染,0.859801527692477,0.4520251824440362,0,49,163.0,53.0,13,0.99,49
兰州市,2015-09-26,96,良,2.0390409271308783,0.2228580814453442,0,57,140.0,72.0,18,1.36,49
兰州市,2015-09-27,59,良,-0.14632463148804015,0.1138482569385653,0,33,67.0,37.0,12,0.84,39
兰州市,2015-09-28,52,良,-0.8987450370757475,-0.5525502301208295,1,30,59.0,36.0,10,0.85,46
兰州市,2015-09-29,65,良,0.0943826817300248,-0.9876477659168811,0,46,71.0,51.0,12,1.1,39
兰州市,2015-09-30,84,良,0.45776257374863716,-0.4286923968681433,0,40,114.0,36.0,20,0.91,27
兰州市,2015-10-01,111,轻度污染,1.1070267465376715,0.2862042782800213,0,40,170.0,51.0,16,1.0,34
兰州市,2015-10-02,84,良,0.882418405256697,0.42611498715583296,0,39,115.0,50.0,18,0.97,44
兰州市,2015-10-03,97,良,0.8764136018523712,-0.10877866506809158,0,39,142.0,58.0,17,0.94,38
兰州市,2015-10-04,87,良,0.9980507960351332,0.06396228844793264,0,43,122.0,61.0,17,1.08,49
兰州市,2015-10-05,81,良,0.3067353242371272,0.05654990183114365,0,35,110.0,42.0,16,1.06,45
兰州市,2015-10-06,65,良,-0.03764338245530424,-0.5720956075183516,0,29,80.0,41.0,15,1.1,34
兰州市,2015-10-07,96,良,0.4831769161455265,0.01689059043148431,0,47,140.0,38.0,19,0.94,42
兰州市,2015-10-08,70,良,-0.7481567325386709,0.6095209199892234,1,27,87.0,28.0,11,0.78,54
兰州市,2015-10-09,77,良,0.22990310434828254,-0.6401660999782094,0,36,102.0,53.0,16,1.11,45
兰州市,2015-10-10,79,良,0.45053640284035507,-0.6996321082691014,0,34,106.0,60.0,18,0.93,39
兰州市,2015-10-11,77,良,0.5122491630218277,-0.851442302182114,0,33,103.0,62.0,17,1.01,34
兰州市,2015-10-12,83,良,0.8504988946084614,-0.6657303752083888,0,42,115.0,64.0,20,1.12,46
兰州市,2015-10-13,68,良,0.06937366490845459,-0.252430956630524,0,41,83.0,54.0,13,0.99,53
兰州市,2015-10-14,81,良,1.134457194249909,-1.2477600216842875,0,42,110.0,73.0,22,1.29,43
兰州市,2015-10-15,99,良,2.3943089628507805,-0.7804459319645671,2,60,145.0,76.0,24,1.62,39
兰州市,2015-10-16,80,良,0.24134956375315272,0.9582293153347669,3,48,108.0,21.0,14,1.03,46
兰州市,2015-10-17,63,良,-1.1103158818305534,0.30296026691114136,1,23,75.0,21.0,10,0.74,48
兰州市,2015-10-18,82,良,0.15007612620304198,-0.10252543048821497,0,45,108.0,39.0,14,1.32,58
兰州市,2015-10-19,105,轻度污染,2.2709658700929425,-0.2271953595126032,2,61,157.0,52.0,21,1.78,30
兰州市,2015-10-20,100,良,2.065266272837477,0.4842359317583945,0,58,146.0,44.0,21,1.46,32
兰州市,2015-10-21,58,良,-1.0491097449690494,0.8639790749093987,1,24,64.0,11.0,11,0.57,44
兰州市,2015-10-22,46,优,-1.155124991208555,-0.8235062687753443,1,24,48.0,28.0,8,0.95,32
兰州市,2015-10-23,67,良,-0.1625729797823753,-1.0496136714317543,0,45,79.0,42.0,11,1.1,30
兰州市,2015-10-24,54,良,-0.6610288796428291,-0.5040967943928891,0,35,57.0,30.0,8,1.06,34
兰州市,2015-10-25,50,优,-1.1346050638726874,-0.8005961744251232,1,29,51.0,27.0,8,0.95,33
兰州市,2015-10-26,45,优,-1.8655097273346268,-0.709684994337174,1,20,47.0,23.0,9,0.73,46
兰州市,2015-10-27,74,良,0.02054674170880663,-1.2208791103915866,0,49,88.0,46.0,16,1.07,32
兰州市,2015-10-28,93,良,1.724193423076542,-0.7082611953610172,0,68,115.0,50.0,23,1.35,22
兰州市,2015-10-29,58,良,0.11258473595989195,-0.5963950591360689,0,25,64.0,42.0,25,0.82,38
兰州市,2015-10-30,61,良,-0.5257831927113148,-0.8250694023882953,0,31,70.0,30.0,23,0.79,41
兰州市,2015-10-31,56,良,-0.07236998817005721,-1.1426346162648857,0,40,57.0,45.0,18,1.18,42
兰州市,2015-11-01,97,良,3.3408680835421456,-2.1473940027335674,2,71,131.0,88.0,34,2.14,32
兰州市,2015-11-02,79,良,1.8343335796925475,-0.4516013516657442,0,51,102.0,50.0,22,1.61,27
兰州市,2015-11-03,63,良,0.1445789390994595,-0.26237062680133316,0,37,74.0,30.0,16,1.39,44
兰州市,2015-11-04,74,良,-0.30607222932603484,-0.5748276684345113,0,24,95.0,28.0,22,0.95,39
兰州市,2015-11-05,74,良,0.5421082625867782,-0.756275081568768,0,35,96.0,37.0,20,1.18,21
兰州市,2015-11-06,49,优,-0.34609041075019426,-0.6564446282958024,0,32,48.0,22.0,23,0.9,33
兰州市,2015-11-07,69,良,-0.5271107171905535,-0.5838162070734433,0,38,87.0,28.0,11,1.09,36
兰州市,2015-11-08,95,良,1.9606400796205892,-0.8640550803048463,0,64,132.0,52.0,19,1.89,23
兰州市,2015-11-09,112,轻度污染,3.4930759306299652,-0.6291263814148489,2,83,143.0,77.0,22,2.22,32
兰州市,2015-11-10,93,良,2.9231682370677703,-0.28315710073232747,2,68,116.0,63.0,23,1.86,26
兰州市,2015-11-11,79,良,2.1694457664322955,-0.7677009325846031,0,56,92.0,59.0,21,1.59,19
兰州市,2015-11-12,68,良,1.655844144540239,-1.1186601930164406,0,47,78.0,58.0,17,1.8,25
兰州市,2015-11-13,92,良,3.451032815410539,-1.692573224325021,2,61,128.0,78.0,29,2.3,24
兰州市,2015-11-14,73,良,1.6692541986792706,-0.44459829954831626,0,39,95.0,39.0,24,1.57,23
兰州市,2015-11-15,99,良,1.8092476478595607,-0.2280227680396632,0,44,146.0,48.0,29,1.34,43
兰州市,2015-11-16,98,良,1.9723607828103638,-0.014512681308409842,0,41,144.0,48.0,25,1.44,29
兰州市,2015-11-17,77,良,1.069206524963154,-0.062097671041482894,0,40,101.0,40.0,23,1.1,31
兰州市,2015-11-18,93,良,1.7039932881793096,-0.30589398946788793,0,69,110.0,45.0,19,1.38,25
兰州市,2015-11-19,87,良,2.58938562409458,-0.5301318103676377,2,63,114.0,44.0,35,1.42,18
兰州市,2015-11-20,107,轻度污染,3.998943753246032,-1.1634507768427678,2,76,145.0,77.0,31,2.23,20
兰州市,2015-11-21,112,轻度污染,4.554394212961834,-0.6393069162139906,2,84,142.0,80.0,33,2.23,27
兰州市,2015-11-22,90,良,2.752274996452738,0.27092356717922894,2,65,113.0,51.0,25,1.58,32
兰州市,2015-11-23,65,良,0.839394887306779,-0.22239624442865466,0,28,79.0,32.0,29,0.85,31
兰州市,2015-11-24,45,优,-0.3576476422658661,-0.6913743479754272,0,23,45.0,29.0,20,0.77,35
兰州市,2015-11-25,68,良,1.3460137492952116,-1.9471304571142058,0,40,84.0,53.0,25,1.59,17
兰州市,2015-11-26,120,轻度污染,4.367781334773293,-1.3229567208339377,2,85,169.0,87.0,30,2.3,24
兰州市,2015-11-27,141,轻度污染,5.426854942860879,-0.15087902620940782,2,91,192.0,90.0,30,2.42,23
兰州市,2015-11-28,121,轻度污染,5.714238811028687,-0.04149307757929314,2,89,175.0,90.0,35,2.39,22
兰州市,2015-11-29,141,轻度污染,6.031290005905032,-0.3091118599249295,2,91,200.0,90.5,36,2.72,24
兰州市,2015-11-30,141,轻度污染,6.745555290386612,0.24139390708270136,2,91,214.5,90.5,38,3.01,31
兰州市,2015-12-01,109,轻度污染,4.06797083465035,1.1256633922653776,2,64,158.0,62.0,24,1.82,32
兰州市,2015-12-02,88,良,1.9508829814933712,0.6116387703219957,0,32,123.0,46.0,21,1.19,34
兰州市,2015-12-03,76,良,2.3719953904351696,-0.9260068108720211,2,35,100.0,61.0,29,1.43,21
兰州市,2015-12-04,97,良,3.8167600496762497,-1.4606258372397933,2,56,141.0,70.0,37,2.12,17
兰州市,2015-12-05,127,轻度污染,5.749022933113955,-0.7733853012317521,2,91,190.0,69.0,38,3.01,13
兰州市,2015-12-06,139,轻度污染,5.865831479591378,-0.04578313559814351,2,91,186.0,79.0,38,2.75,29
兰州市,2015-12-07,133,轻度污染,6.584769445589552,-0.2815649150706303,2,91,195.0,90.0,38,2.98,16
兰州市,2015-12-08,116,轻度污染,5.908926575533363,-0.3049778405431307,2,87,164.0,80.0,38,2.69,17
兰州市,2015-12-09,111,轻度污染,5.403739214765144,-0.538435036863247,2,83,145.0,81.0,36,2.43,20
兰州市,2015-12-10,104,轻度污染,5.017538378670624,-0.466122001045886,2,77,136.0,85.0,33,2.22,28
兰州市,2015-12-11,126,轻度污染,5.959448982624837,-0.5920146405717633,2,91,160.0,90.5,32,2.77,25
兰州市,2015-12-12,58,良,1.1692155974392713,1.1126257504556825,3,40,58.0,28.0,13,1.08,34
兰州市,2015-12-13,36,优,-0.5080402316655692,-0.4614423444728343,0,24,34.0,28.0,16,0.85,48
兰州市,2015-12-14,62,良,0.8500225233529124,-1.5493658594074113,0,43,71.0,51.0,21,1.3,32
兰州市,2015-12-15,63,良,0.9885092907257569,-1.0838689854642642,0,40,73.0,37.0,27,1.34,29
兰州市,2015-12-16,69,良,1.1298632741263785,-1.269427868579981,0,42,81.0,45.0,24,1.48,25
兰州市,2015-12-17,98,良,2.552759362174687,-0.9050786039450809,2,72,121.0,48.0,29,1.77,21
兰州市,2015-12-18,101,轻度污染,3.4678296782542013,-1.008540846854128,2,72,122.0,75.0,31,1.95,25
兰州市,2015-12-19,103,轻度污染,3.874475678801041,-0.8953241975244282,2,77,126.0,75.0,31,2.12,24
兰州市,2015-12-20,128,轻度污染,4.816692511064279,-0.6675744003858503,2,91,149.0,87.0,30,2.22,23
兰州市,2015-12-21,133,轻度污染,5.481385162331626,-0.1533344358962303,2,91,157.0,90.5,30,2.44,26
兰州市,2015-12-22,118,轻度污染,4.86713657354866,0.3240369555131989,2,89,132.0,81.0,27,1.97,27
兰州市,2015-12-23,115,轻度污染,5.11159939887255,-0.17864088741399906,2,85,130.0,74.0,36,2.05,21
兰州市,2015-12-24,95,良,4.341216492961141,-0.24696595101982696,2,70,113.0,66.0,33,2.04,24
兰州市,2015-12-25,121,轻度污染,5.654939611950357,-0.7686823741171922,2,90,149.0,77.0,38,2.69,24
兰州市,2015-12-26,139,轻度污染,6.904929038321588,-0.7386441720624574,2,91,171.0,90.5,38,3.26,15
兰州市,2015-12-27,73,良,3.967816248275385,0.028039813674636233,2,48,90.0,25.0,38,2.78,19
兰州市,2015-12-28,89,良,3.8704905536277923,-1.2878952628266995,2,60,117.0,40.0,38,2.86,20
兰州市,2015-12-29,111,轻度污染,4.8437859708437,-0.8529944440894315,2,82,134.0,51.0,38,3.07,26
兰州市,2015-12-30,141,轻度污染,5.7366878809788515,-0.15480801546001524,2,91,173.0,59.0,38,3.11,26
兰州市,2015-12-31,141,轻度污染,6.471675614024502,0.15338835965835607,2,91,174.0,68.0,38,3.29,23
兰州市,2016-01-01,141,轻度污染,7.070572754501487,-0.35791529766965763,2,91,178.0,90.5,38,3.64,29
兰州市,2016-01-02,100,良,5.921181380884817,-0.7969462236153486,2,74,118.0,83.0,38,3.34,29
兰州市,2016-01-03,96,良,5.17029029503338,-1.2786206151953252,2,69,125.0,75.0,38,2.99,24
兰州市,2016-01-04,100,良,4.82220293379911,-0.7618251523252274,2,73,134.0,69.0,38,2.51,29
兰州市,2016-01-05,68,良,2.624088184958696,-0.7241120584460377,2,38,83.0,59.0,32,1.58,30
兰州市,2016-01-06,80,良,2.8609865269516135,-1.255431620805174,2,55,103.0,57.0,33,1.86,26
兰州市,2016-01-07,79,良,3.113138668051867,-1.3574877676490065,2,54,98.0,62.0,38,1.96,31
兰州市,2016-01-08,109,轻度污染,4.426670109535394,-1.3660414804143806,2,81,132.0,76.0,38,2.44,30
兰州市,2016-01-09,128,轻度污染,5.050944916890644,-0.5008541492552723,2,91,146.0,76.0,34,2.55,28
兰州市,2016-01-10,105,轻度污染,3.9683172790974224,0.27524167662195204,2,76,118.0,56.0,35,1.87,32
兰州市,2016-01-11,70,良,1.2718789883360742,0.4109863847202591,0,45,82.0,35.0,21,1.24,41
兰州市,2016-01-12,66,良,0.8574949185637479,-0.46141735632401276,0,39,79.0,35.0,24,1.13,36
兰州市,2016-01-13,85,良,2.343366086636562,-0.9331898167159088,2,59,105.0,55.0,31,1.53,34
兰州市,2016-01-14,89,良,3.1664864136384754,-1.0497694282272447,2,60,110.0,72.0,31,1.77,29
兰州市,2016-01-15,138,轻度污染,5.437445497049582,-1.1316663716003748,2,91,166.0,90.5,38,2.67,31
兰州市,2016-01-16,122,轻度污染,5.25964648544309,0.17773999862523923,2,88,151.0,79.0,38,2.23,35
兰州市,2016-01-17,125,轻度污染,3.122446526558606,1.02379220815784,2,50,197.0,60.0,23,1.46,34
兰州市,2016-01-18,76,良,2.3774694750462997,0.08547711557111533,2,41,99.0,56.0,29,1.42,37
兰州市,2016-01-19,94,良,2.71837903920792,-0.6166719462591702,2,54,135.0,52.0,34,1.65,33
兰州市,2016-01-20,63,良,1.2677720881171428,-0.684877402164991,0,29,73.0,50.0,25,1.29,32
兰州市,2016-01-21,80,良,1.5290323200283358,-0.9897935069472841,0,40,107.0,43.0,31,1.51,35
兰州市,2016-01-22,39,优,-1.6103615499211739,0.09418911310663682,1,12,38.0,15.0,14,0.68,57
兰州市,2016-01-23,56,良,-1.3249640710341564,-1.2018180861626184,1,20,61.0,31.0,16,0.9,47
兰州市,2016-01-24,49,优,-0.5061437562926753,-1.5781054887384482,0,23,53.0,42.0,24,1.11,43
兰州市,2016-01-25,85,良,1.9980704179522182,-2.132384300994816,0,60,102.0,62.0,34,1.92,32
兰州市,2016-01-26,91,良,2.8676198752923847,-1.3902281823813387,2,66,113.0,58.0,38,2.12,31
兰州市,2016-01-27,109,轻度污染,3.394227587371438,-0.6952882268661793,2,82,127.0,46.0,38,2.3,33
兰州市,2016-01-28,101,轻度污染,3.4527113851945774,-0.45802276498390126,2,75,116.0,55.0,37,2.1,36
兰州市,2016-01-29,127,轻度污染,4.384146772407426,-0.31834420168690464,2,91,139.0,62.0,38,2.39,42
兰州市,2016-01-30,116,轻度污染,3.868399574938854,0.9688800274037627,2,86,129.0,38.0,38,1.68,38
兰州市,2016-01-31,65,良,1.169877955505261,0.8871105215853128,3,35,78.0,25.0,28,1.01,51
兰州市,2016-02-01,73,良,1.648645563270282,-0.6154328856278704,0,48,86.0,37.0,34,1.37,45
兰州市,2016-02-02,101,轻度污染,3.4536399844282575,-0.6993995756853505,2,75,124.0,56.0,34,1.97,34
兰州市,2016-02-03,100,良,3.294359938996726,0.11062245306507022,2,74,116.0,49.0,34,1.7,39
兰州市,2016-02-04,88,良,2.018395041835354,0.6735234471676442,3,59,114.0,42.0,25,1.33,52
兰州市,2016-02-05,75,良,0.6657294628217174,0.356970440974196,0,38,98.0,33.0,18,1.05,43
兰州市,2016-02-06,70,良,1.3432390270515344,-0.8417615773146009,0,45,87.0,52.0,23,1.44,36
兰州市,2016-02-07,105,轻度污染,3.586212543267546,-1.196903305599897,2,75,128.0,70.0,38,2.11,43
兰州市,2016-02-08,137,轻度污染,4.622395997382549,-0.022134040005932706,2,91,153.0,67.0,38,2.25,45
兰州市,2016-02-09,104,轻度污染,4.510391641247362,0.15332310222797066,2,77,122.0,67.0,37,2.3,43
兰州市,2016-02-10,113,轻度污染,4.492971173295587,-0.4711003768418936,2,84,127.0,72.0,37,2.48,48
兰州市,2016-02-11,113,轻度污染,3.5139548009301507,0.7501689882034348,2,78,137.0,50.0,29,2.0,52
兰州市,2016-02-12,85,良,-0.17069166298111246,2.2476803749730094,3,28,117.0,12.0,11,0.58,65
兰州市,2016-02-13,52,良,-1.0114738781270565,0.6953418258084268,1,15,54.0,16.0,14,0.62,61
兰州市,2016-02-14,57,良,-0.22642829385794971,-0.6906413552543145,0,31,61.0,31.0,20,0.96,46
兰州市,2016-02-15,64,良,0.05555823953926851,-0.6169892621472113,0,41,70.0,38.0,20,1.08,52
兰州市,2016-02-16,79,良,0.9884510359566349,-0.6496770951493374,0,56,89.0,49.0,23,1.3,50
兰州市,2016-02-17,93,良,2.0816539610548155,-0.6219248726270131,0,68,109.0,59.0,27,1.61,46
兰州市,2016-02-18,141,轻度污染,2.485276565316872,1.1774178599277223,3,73,214.5,44.0,26,1.17,44
兰州市,2016-02-19,141,轻度污染,1.7195993335374637,3.769507800302241,3,81,214.5,23.0,11,0.64,67
兰州市,2016-02-20,141,轻度污染,3.0871900849131397,3.0243286886569174,3,88,214.5,42.0,16,1.01,52
兰州市,2016-02-21,141,轻度污染,3.461743974878293,2.129823267184874,2,62,214.5,48.0,25,1.21,38
兰州市,2016-02-22,128,轻度污染,2.901213692335063,2.5346898199061925,3,59,205.0,38.0,22,1.1,47
兰州市,2016-02-23,117,轻度污染,2.036522708965024,2.5036245643499746,3,57,182.0,38.0,16,0.91,59
兰州市,2016-02-24,83,良,1.12517529670966,1.497241055940267,3,45,113.0,39.0,15,1.02,62
兰州市,2016-02-25,71,良,0.5666008936270035,0.2933928440621742,0,40,89.0,42.0,16,1.04,55
兰州市,2016-02-26,74,良,1.3074489895736496,-0.7428803883727547,0,46,90.0,60.0,20,1.49,49
兰州市,2016-02-27,79,良,0.9581546068648339,-0.26771311568930595,0,47,103.0,48.0,20,1.32,51
兰州市,2016-02-28,141,轻度污染,1.9968034852218624,1.471427558123321,3,77,214.5,41.0,14,0.99,40
兰州市,2016-02-29,72,良,1.862735172048141,0.34334927204575133,0,35,92.0,61.0,23,1.53,51
兰州市,2016-03-01,67,良,-0.021020612725646697,-0.29600469039522764,0,32,82.0,38.0,19,1.21,59
兰州市,2016-03-02,61,良,-0.1091043335590705,-0.8815494492788079,0,26,71.0,46.0,15,1.42,51
兰州市,2016-03-03,66,良,0.621657201162902,-1.4053917964001374,0,33,72.0,58.0,27,1.63,64
兰州市,2016-03-04,141,轻度污染,0.6300269091249012,1.42560253868492,3,54,214.5,32.0,11,0.93,57
兰州市,2016-03-05,129,轻度污染,1.3769402024320652,2.4378180255162563,3,41,206.0,38.0,13,0.97,55
兰州市,2016-03-06,141,轻度污染,2.3989883257891664,1.8245707596515552,3,61,214.5,49.0,21,1.3,54
兰州市,2016-03-07,141,轻度污染,2.410697315865461,2.48859550912006,3,66,214.5,46.0,19,1.21,64
兰州市,2016-03-08,140,轻度污染,2.1777913490738436,2.4631857048828296,3,53,214.5,41.0,20,1.2,63
兰州市,2016-03-09,141,轻度污染,1.5265896622516009,3.3635660777178567,3,58,214.5,16.0,17,0.82,64
兰州市,2016-03-10,71,良,0.6585749387919707,1.7495914608285565,3,42,90.0,30.0,12,1.07,59
兰州市,2016-03-11,88,良,0.8418590184787835,0.3549155256048961,0,53,124.0,43.0,16,1.3,62
兰州市,2016-03-12,141,轻度污染,1.9273249352487112,2.2391015241909322,3,82,214.5,32.0,12,1.03,55
兰州市,2016-03-13,81,良,0.9262844615362714,1.8319884995353013,3,41,109.0,39.0,11,1.05,61
兰州市,2016-03-14,86,良,0.8230091283240106,0.48927832669609755,0,49,121.0,46.0,15,1.17,60
兰州市,2016-03-15,83,良,0.48759928209136194,0.5734221194066108,0,42,114.0,50.0,14,1.0,67
兰州市,2016-03-16,72,良,-0.008970707605047683,0.5555927789453117,0,42,92.0,37.0,13,1.02,66
兰州市,2016-03-17,103,轻度污染,0.5039039654861273,0.7923488338707779,3,47,154.0,46.0,10,0.96,60
兰州市,2016-03-18,131,轻度污染,2.855813853450786,1.1452507033398849,2,68,210.0,71.0,19,1.49,62
兰州市,2016-03-19,103,轻度污染,1.0325504887012045,2.284166842835322,3,54,154.0,41.0,10,1.05,75
兰州市,2016-03-20,112,轻度污染,1.6468990647856774,1.6351687579962313,3,67,171.0,46.0,12,1.32,66
兰州市,2016-03-21,48,优,-0.189872380834602,0.5599529530838238,0,30,48.0,33.0,9,1.41,64
兰州市,2016-03-22,89,良,0.2138214499591109,0.28148785618654726,0,57,125.0,39.0,10,1.17,64
兰州市,2016-03-23,67,良,-0.5468415186598262,1.0962341987356052,3,41,82.0,28.0,7,0.91,72
兰州市,2016-03-24,53,良,-1.2166270862152648,0.029721112589666563,1,26,54.0,36.0,6,0.86,67
兰州市,2016-03-25,60,良,-0.7886512045377492,-0.5601803878015268,0,33,69.0,44.0,9,0.93,56
兰州市,2016-03-26,68,良,-0.9222605061322252,-0.3635331455823302,1,25,84.0,49.0,8,0.91,64
兰州市,2016-03-27,74,良,-0.33551333499773645,-0.4700889476067,0,32,96.0,58.0,10,1.05,60
兰州市,2016-03-28,90,良,-0.18842832879818178,0.2731029685208403,0,36,129.0,50.0,10,0.99,65
兰州市,2016-03-29,85,良,-0.11583987596914906,0.3544094873619342,0,35,118.0,51.0,10,0.98,61
兰州市,2016-03-30,84,良,0.1829898972897297,-0.00327495090376919,0,39,116.0,62.0,11,1.12,64
兰州市,2016-03-31,98,良,0.8826632419412593,-0.04120715284295247,0,44,140.0,74.0,14,1.32,71
兰州市,2016-04-01,141,轻度污染,0.46538906718283435,2.5408122911597926,3,59,214.5,32.0,8,0.75,78
兰州市,2016-04-02,83,良,-0.13713234712601083,1.9900615373857482,3,27,114.0,25.0,15,0.76,71
兰州市,2016-04-03,103,轻度污染,-0.07095019948360164,1.0159057513108,3,34,153.0,36.0,15,1.0,76
兰州市,2016-04-04,88,良,0.09290146966328108,1.1160950907851899,3,38,125.0,40.0,13,1.07,75
兰州市,2016-04-05,67,良,-0.6827995100865012,0.6476900347525353,1,36,82.0,38.0,10,0.98,79
兰州市,2016-04-06,65,良,-1.1341736117356833,0.17502804241896022,1,33,79.0,35.0,5,0.92,65
兰州市,2016-04-07,77,良,-1.069391684957257,0.4114713508187313,1,32,102.0,37.0,8,0.95,80
兰州市,2016-04-08,72,良,-1.1128723998152403,0.19773633910196767,1,24,92.0,37.0,7,1.01,67
兰州市,2016-04-09,57,良,-1.3010861980182358,-0.2511171884894368,1,25,61.0,42.0,7,1.02,69
兰州市,2016-04-10,86,良,-0.19638922692136954,-0.3829522267634089,0,40,117.0,62.0,14,0.96,73
兰州市,2016-04-11,88,良,-0.16919416873747795,0.6766736735682852,0,41,125.0,48.0,13,0.91,77
兰州市,2016-04-12,88,良,-0.8740472234506736,1.146279892107118,1,34,124.0,32.0,9,0.67,74
兰州市,2016-04-13,85,良,-0.5562540217032683,0.7938492625575686,0,37,118.0,40.0,7,0.83,65
兰州市,2016-04-14,72,良,-0.9466174321806541,0.4513707181010451,1,30,89.0,45.0,9,0.79,77
兰州市,2016-04-15,68,良,-2.1131392868825016,1.0089234131966707,1,25,86.0,20.0,4,0.58,85
兰州市,2016-04-16,48,优,-2.5040046276229724,0.5412873852243951,1,22,48.0,21.0,3,0.58,84
兰州市,2016-04-17,55,良,-2.7846890680146457,0.07007533283371813,1,19,51.0,30.0,3,0.6,94
兰州市,2016-04-18,90,良,-0.31230921169245984,-0.40479089270565455,0,40,118.0,66.0,12,1.12,83
兰州市,2016-04-19,77,良,-1.0282650732291059,0.7553723700156775,1,31,102.0,39.0,7,0.76,73
兰州市,2016-04-20,88,良,-0.6466350074926259,0.4521319296228707,0,34,125.0,46.0,10,0.84,72
兰州市,2016-04-21,78,良,-0.7329683960745238,0.483500306436566,1,31,102.0,48.0,12,0.89,83
兰州市,2016-04-22,83,良,-0.5983962075710696,0.2388054347763863,0,33,114.0,50.0,9,0.85,67
兰州市,2016-04-23,51,良,-1.8582806639825138,0.3801571885375994,1,26,47.0,35.0,4,0.76,81
兰州市,2016-04-24,90,良,-1.2413220341975408,-0.008480028882225104,1,38,89.0,52.0,7,0.97,96
兰州市,2016-04-25,79,良,-1.1264715054676973,1.162344454379959,1,34,106.0,33.0,5,0.87,84
兰州市,2016-04-26,64,良,-1.972929938919579,0.9745154415668229,1,30,71.0,30.0,4,0.63,95
兰州市,2016-04-27,85,良,-1.0044148711474559,0.22913816795783865,1,41,87.0,54.0,9,0.9,98
兰州市,2016-04-28,100,良,0.2517502719313927,0.7289007958632941,0,49,132.0,63.0,15,0.94,94
兰州市,2016-04-29,101,轻度污染,0.47523093755865975,1.1317403272984077,3,49,137.0,56.0,15,0.97,88
兰州市,2016-04-30,84,良,-0.3401580109828237,1.501273863251521,3,44,115.0,43.0,9,0.8,91
兰州市,2016-05-01,141,轻度污染,0.8091412842289294,2.51900434530076,3,74,214.5,33.0,11,0.67,82
兰州市,2016-05-02,77,良,-1.8654169507577767,2.8043226282556493,3,24,50.0,24.0,4,0.57,130
兰州市,2016-05-03,99,良,0.21534393597093812,0.9130903926157194,3,50,131.0,61.0,11,0.96,97
兰州市,2016-05-04,123,轻度污染,1.172103647563092,2.2993830840884644,3,66,190.0,49.0,16,0.95,103
兰州市,2016-05-05,100,良,-0.017711903038017868,3.0214170210257456,3,52,147.0,23.0,9,0.6,95
兰州市,2016-05-06,98,良,-0.054352589678800425,2.1602852135961332,3,47,144.0,17.0,13,0.66,75
兰州市,2016-05-07,84,良,0.03686149451780686,1.4192727113175776,3,49,109.0,37.0,8,0.77,70
兰州市,2016-05-08,112,轻度污染,1.1734182505242534,1.3592882409644884,3,64,172.0,47.0,16,0.87,69
兰州市,2016-05-09,74,良,-0.7979240372448079,2.0452248479902746,3,35,90.0,26.0,8,0.66,94
兰州市,2016-05-10,95,良,0.22358823550288714,0.6898000712007206,0,48,117.0,59.0,12,0.98,92
兰州市,2016-05-11,141,轻度污染,2.3057730706267217,2.321548972849088,3,91,214.5,53.0,18,1.03,87
兰州市,2016-05-12,96,良,-1.2524312651709915,3.6414323952876493,3,32,105.0,18.0,6,0.5,133
兰州市,2016-05-13,92,良,-0.464696988535659,1.7964920691970279,3,33,132.0,36.0,10,0.72,95
兰州市,2016-05-14,63,良,-1.3928195214592196,1.4069826157601637,1,32,71.0,27.0,4,0.63,88
兰州市,2016-05-15,109,轻度污染,0.401009531049815,0.9989657081792273,3,60,161.0,53.0,11,0.69,77
兰州市,2016-05-16,72,良,0.19213943145689197,0.7408488735009626,0,39,81.0,59.0,11,0.89,77
兰州市,2016-05-17,65,良,-1.1783681169321416,1.068137412940771,1,44,78.0,27.0,6,0.74,87
兰州市,2016-05-18,70,良,-0.9149849408024275,0.16187655243991678,1,41,73.0,47.0,9,0.85,84
兰州市,2016-05-19,66,良,-1.8512828064483313,0.7465015061804133,1,28,62.0,31.0,9,0.73,105
兰州市,2016-05-20,125,轻度污染,-0.017650551603088222,2.3479706147894266,3,75,184.0,14.0,11,0.56,82
兰州市,2016-05-21,39,优,-1.2349366588378894,1.3066153001035716,1,24,37.0,20.0,5,0.66,62
兰州市,2016-05-22,32,优,-2.5115207162729223,-0.5751415993650563,1,19,26.0,18.0,7,0.59,62
兰州市,2016-05-23,40,优,-2.694309756601168,-0.4795646866068901,1,21,33.0,29.0,5,0.73,89
兰州市,2016-05-24,73,良,-1.3388670077813953,-0.022244914297675073,1,39,92.0,30.0,14,0.79,82
兰州市,2016-05-25,45,优,-2.4931534491545166,0.5553157218202186,1,21,43.0,18.0,4,0.51,78
兰州市,2016-05-26,49,优,-2.5613871016009773,-0.14851503606834546,1,24,44.0,28.0,4,0.6,82
兰州市,2016-05-27,64,良,-2.2358699762202794,0.178875835179469,1,31,72.0,35.0,7,0.73,101
兰州市,2016-05-28,86,良,0.22862491063036644,-0.30255823615994265,0,52,118.0,60.0,15,1.12,68
兰州市,2016-05-29,82,良,-0.5240120268467345,0.6639061885848988,0,43,96.0,50.0,12,0.96,94
兰州市,2016-05-30,69,良,-1.4354659086819674,0.8000457789419277,1,32,76.0,35.0,7,0.82,92
兰州市,2016-05-31,68,良,-1.274862319100722,0.5326138644897173,1,39,82.0,33.0,8,0.81,82
兰州市,2016-06-01,74,良,-0.29076452353319415,0.0713730725791116,0,49,93.0,48.0,9,0.89,62
兰州市,2016-06-02,70,良,-0.5343322023632572,0.2956521056730657,0,42,86.0,44.0,10,0.78,68
兰州市,2016-06-03,84,良,-0.4888675412297459,0.38388913861741525,0,39,100.0,52.0,13,0.78,87
兰州市,2016-06-04,52,良,-1.5513429713904772,0.3183141703400657,1,22,52.0,32.0,7,0.62,66
兰州市,2016-06-05,79,良,-1.159292643925183,-0.234487308770701,1,31,84.0,50.0,11,0.83,85
兰州市,2016-06-06,74,良,-0.27890010737367366,-0.01041918169767352,0,35,95.0,55.0,13,0.84,67
兰州市,2016-06-07,63,良,-1.74143273698875,0.4291707191664608,1,28,55.0,32.0,8,0.78,89
兰州市,2016-06-08,50,优,-2.5298190055501313,0.17076845902467763,1,19,40.0,24.0,5,0.7,86
兰州市,2016-06-09,53,良,-1.7570494692330194,-0.6841940405634634,1,25,57.0,38.0,9,0.71,62
兰州市,2016-06-10,63,良,-1.5559128598602123,-0.47722892404757433,1,29,70.0,42.0,9,0.84,72
兰州市,2016-06-11,88,良,-0.2883972923907694,0.13799401116359825,0,48,125.0,43.0,12,0.8,57
兰州市,2016-06-12,66,良,-1.0736394195830317,0.2583004176862528,1,31,69.0,48.0,7,0.81,75
兰州市,2016-06-13,75,良,-1.0515230931512307,-0.10989890059813237,1,30,93.0,50.0,8,0.82,71
兰州市,2016-06-14,109,轻度污染,-0.39914181450391334,1.3077694952930974,3,49,166.0,24.0,7,0.56,49
兰州市,2016-06-15,55,良,-1.0748526275032049,0.7796115249659858,1,27,61.0,21.0,10,0.62,50
兰州市,2016-06-16,70,良,-1.1385098531392897,-0.2597960469375466,1,30,83.0,47.0,10,0.97,81
兰州市,2016-06-17,79,良,-0.20724491694341587,-0.2075597844078049,0,35,105.0,55.0,14,0.95,66
兰州市,2016-06-18,96,良,1.5126888831720693,-0.48113025382252445,0,53,138.0,77.0,21,1.31,59
兰州市,2016-06-19,80,良,-0.17819124032498143,0.7171277415566856,0,40,99.0,48.0,12,0.97,79
兰州市,2016-06-20,59,良,-0.8523270444902682,0.13399473344447418,1,33,72.0,39.0,7,0.81,56
兰州市,2016-06-21,76,良,-0.9845191147199176,0.20429535508413385,1,43,85.0,41.0,8,0.95,82
兰州市,2016-06-22,80,良,0.5166844494163427,0.005483802615547806,0,50,104.0,58.0,21,1.08,79
兰州市,2016-06-23,53,良,-1.4068663765588787,0.5467713467761844,1,32,53.0,25.0,8,0.79,74
兰州市,2016-06-24,77,良,-0.11614074475387226,-0.5417432980055935,0,46,94.0,58.0,7,1.06,55
兰州市,2016-06-25,71,良,-1.3460686832931945,0.47988760467652664,1,30,67.0,40.0,6,0.84,86
兰州市,2016-06-26,68,良,-1.5639296827708649,0.8973377494348979,1,36,81.0,28.0,4,0.8,88
兰州市,2016-06-27,112,轻度污染,0.17217720530367944,1.3213882056719415,3,59,168.0,42.0,9,0.9,81
兰州市,2016-06-28,80,良,0.5827614683333344,0.3056745722874792,0,35,101.0,71.0,8,1.07,59
兰州市,2016-06-29,100,良,0.2493999338125472,0.5396450637408495,0,44,125.0,58.0,17,1.11,94
兰州市,2016-06-30,69,良,-0.6847934857317972,0.6479079103971472,1,27,80.0,44.0,8,0.9,73
兰州市,2016-07-01,78,良,-0.7861478236621358,0.29657947881955504,1,33,100.0,46.0,11,0.9,83
兰州市,2016-07-02,91,良,-0.743122348077262,0.7240648053458089,1,37,99.0,53.0,12,0.84,105
兰州市,2016-07-03,82,良,-1.2845498853040997,1.1642242981393036,1,26,90.0,41.0,10,0.87,112
兰州市,2016-07-04,80,良,-1.250848905308199,0.980032902050352,1,33,96.0,36.0,8,0.94,99
兰州市,2016-07-05,65,良,-1.8009621301794083,1.0150510991117578,1,31,79.0,19.0,4,0.75,80
兰州市,2016-07-06,55,良,-2.1090112808093386,0.20499669636976509,1,24,60.0,21.0,4,0.76,68
兰州市,2016-07-07,52,良,-2.2612541125424133,-0.1937144038373535,1,20,55.0,21.0,4,0.81,63
兰州市,2016-07-08,51,良,-2.24205812643852,-0.40033299495283564,1,20,55.0,23.0,5,0.7,56
兰州市,2016-07-09,71,良,-1.372877330881982,-0.2519328650008548,1,36,92.0,26.0,4,0.93,45
兰州市,2016-07-10,56,良,-1.5382489430504527,0.04811704291825826,1,35,61.0,19.0,5,0.77,44
兰州市,2016-07-11,33,优,-2.447729015105234,-0.49940790653188594,1,20,30.0,21.0,4,0.75,57
兰州市,2016-07-12,63,良,-2.20914844339638,-0.6139985877074253,1,31,56.0,34.0,5,0.94,81
兰州市,2016-07-13,57,良,-1.7829145546953205,-0.3539206845786046,1,24,60.0,38.0,4,0.84,63
兰州市,2016-07-14,61,良,-1.4885033017861538,-0.453598372042196,1,30,68.0,42.0,5,0.92,64
兰州市,2016-07-15,80,良,-1.3716338045298764,-0.09603471138547134,1,28,83.0,45.0,9,1.01,87
兰州市,2016-07-16,64,良,-1.395943425114417,0.14787113160312787,1,24,76.0,39.0,8,0.84,72
兰州市,2016-07-17,83,良,-0.7255065359700602,-0.11732758129868634,0,34,111.0,51.0,11,0.98,74
兰州市,2016-07-18,46,优,-2.2142033834824186,0.42018203135053056,1,22,39.0,24.0,4,0.86,82
兰州市,2016-07-19,72,良,-1.7109075943760543,-0.3267097386456825,1,33,71.0,42.0,7,1.0,88
兰州市,2016-07-20,75,良,-1.3184728624741207,0.25029436032698515,1,32,81.0,44.0,7,1.0,89
兰州市,2016-07-21,94,良,-0.21743020075766004,0.6688116738421471,0,48,136.0,46.0,9,0.97,73
兰州市,2016-07-22,89,良,-0.6983697796537967,1.5904613676076038,3,51,112.0,33.0,5,0.97,93
兰州市,2016-07-23,67,良,-1.6425542133876758,0.757306672824215,1,23,64.0,33.0,5,0.94,91
兰州市,2016-07-24,51,良,-2.837440375176655,0.6172823313288249,1,18,36.0,14.0,4,0.76,98
兰州市,2016-07-25,63,良,-1.3385477815485043,-0.4621544881041196,1,31,73.0,39.0,6,0.91,60
兰州市,2016-07-26,69,良,-1.632536218355554,0.27196964331257695,1,30,75.0,38.0,5,0.96,90
兰州市,2016-07-27,83,良,-1.1961917775786435,0.4324936686315327,1,32,94.0,43.0,9,0.93,93
兰州市,2016-07-28,83,良,-1.097706302825445,0.36871673345509376,1,28,82.0,49.0,10,1.02,96
兰州市,2016-07-29,77,良,-1.0356496869371972,0.4485501802444656,1,31,91.0,42.0,9,1.19,91
兰州市,2016-07-30,61,良,-2.093443882668462,0.6222159355240279,1,26,61.0,22.0,4,0.89,85
兰州市,2016-07-31,60,良,-2.550470287953383,0.34034868802172663,1,20,54.0,17.0,5,0.87,89
兰州市,2016-08-01,58,良,-2.6353601809990144,0.3173528707120296,1,19,56.0,18.0,4,0.86,89
兰州市,2016-08-02,57,良,-2.415937116941735,0.03044512121552232,1,19,61.0,21.0,4,0.93,78
兰州市,2016-08-03,60,良,-2.5845036834533905,0.26984613818248837,1,23,64.0,20.0,3,0.77,83
兰州市,2016-08-04,63,良,-2.4545020440278242,0.4705855091218202,1,28,68.0,21.0,5,0.67,88
兰州市,2016-08-05,72,良,-2.07830991720086,0.3690487238947293,1,27,82.0,32.0,6,0.76,90
兰州市,2016-08-06,80,良,-1.1918365779839726,0.4901991860670009,1,37,101.0,43.0,10,0.94,95
兰州市,2016-08-07,100,良,-0.8110149873429603,0.7158596114895562,1,39,112.0,51.0,11,0.98,103
兰州市,2016-08-08,77,良,-1.9976280399969082,1.5329128336859694,1,25,75.0,26.0,4,0.99,115
兰州市,2016-08-09,67,良,-2.2155009457903336,1.0208360785287192,1,26,71.0,19.0,4,0.97,102
兰州市,2016-08-10,100,良,-1.3524752865891,1.5037530139820994,1,39,147.0,19.0,5,0.85,89
兰州市,2016-08-11,63,良,-1.6419965945476307,1.0196086988597894,1,23,66.0,23.0,6,1.01,87
兰州市,2016-08-12,73,良,-1.6993269774332993,0.6181739641949493,1,32,91.0,23.0,6,0.93,84
兰州市,2016-08-13,68,良,-1.7885977617586204,0.6309774084659925,1,27,78.0,22.0,7,0.97,86
兰州市,2016-08-14,63,良,-1.9512783076905331,0.6578740796304292,1,32,74.0,18.0,6,0.85,83
兰州市,2016-08-15,52,良,-1.7976866148468782,0.04101074631966119,1,33,56.0,35.0,3,0.88,77
兰州市,2016-08-16,79,良,-0.7896084591651978,-0.0970102030148541,1,46,98.0,52.0,4,1.22,82
兰州市,2016-08-17,67,良,-1.3565411037186714,0.5310451167894769,1,32,76.0,31.0,4,1.18,82
兰州市,2016-08-18,47,优,-2.0887923069910963,0.17635361104687394,1,22,49.0,15.0,9,0.81,72
兰州市,2016-08-19,43,优,-2.612354810078707,-0.3053395907888111,1,17,38.0,17.0,8,0.86,80
兰州市,2016-08-20,52,良,-2.1378286349394315,-0.42697690905968677,1,24,55.0,21.0,10,0.92,74
兰州市,2016-08-21,77,良,-1.2290928980720393,0.3707615568029891,1,46,96.0,29.0,9,1.11,89
兰州市,2016-08-22,64,良,-1.387007785091722,0.8207560324682973,1,41,76.0,20.0,5,1.15,83
兰州市,2016-08-23,34,优,-2.304944514246748,-0.35565970732181573,1,18,32.0,21.0,4,0.76,55
兰州市,2016-08-24,42,优,-2.22604898621833,-1.091488408777199,1,23,42.0,25.0,4,0.95,49
兰州市,2016-08-25,40,优,-2.977055441445631,-0.42685594161586166,1,16,30.0,14.0,3,0.98,78
兰州市,2016-08-26,53,良,-2.0899372086984154,-0.8134015213743185,1,22,53.0,31.0,8,0.91,67
兰州市,2016-08-27,65,良,-1.2399288618799786,-0.6935912829036283,1,29,78.0,44.0,6,1.04,57
兰州市,2016-08-28,76,良,-1.3828858341179007,0.00972896828330975,1,31,87.0,46.0,6,0.99,83
兰州市,2016-08-29,55,良,-1.7034544697056941,0.08675384658311427,1,30,59.0,30.0,4,0.96,67
兰州市,2016-08-30,67,良,-1.3668545046848108,-0.48517942635348554,1,32,77.0,50.0,5,0.98,72
兰州市,2016-08-31,85,良,0.12328632941333548,-0.5019804156056334,0,43,119.0,64.0,9,1.17,54
兰州市,2016-09-01,83,良,-0.050105800721928655,0.18550229777710325,0,42,106.0,58.0,9,1.16,72
兰州市,2016-09-02,84,良,0.2285685395628202,-0.07170982050846335,0,38,115.0,56.0,12,1.06,53
兰州市,2016-09-03,74,良,-0.43587754970712667,0.39108463886777584,0,40,96.0,49.0,6,0.94,66
兰州市,2016-09-04,87,良,0.04857327310826564,0.24118292406642247,0,45,120.0,56.0,8,1.07,67
兰州市,2016-09-05,78,良,-0.0075554813815297585,0.24462075043848663,0,37,104.0,52.0,11,0.93,60
兰州市,2016-09-06,54,良,-1.8202201481824987,0.37642146464198345,1,23,44.0,35.0,5,0.83,88
兰州市,2016-09-07,78,良,-0.1200735111372189,-0.7093434344144715,0,38,103.0,67.0,10,1.15,67
兰州市,2016-09-08,80,良,-0.10878650743832782,0.08714343156983687,0,39,105.0,56.0,10,1.09,70
兰州市,2016-09-09,57,良,-1.8709867509214897,0.545271692832439,1,24,52.0,34.0,5,0.82,92
兰州市,2016-09-10,73,良,-0.5371609595016877,-0.5239200211810693,0,37,94.0,52.0,8,1.02,56
兰州市,2016-09-11,73,良,-0.6106844538953538,0.018432654784461162,0,36,91.0,46.0,12,0.96,71
兰州市,2016-09-12,52,良,-1.85704616851251,0.11933455804455378,1,26,47.0,36.0,4,0.82,79
兰州市,2016-09-13,67,良,-1.0270208999434465,-0.556023712866235,1,34,79.0,49.0,6,1.04,65
兰州市,2016-09-14,70,良,-0.6437030819844127,-0.0497406251254703,0,43,87.0,45.0,6,1.06,63
兰州市,2016-09-15,66,良,-0.7616414125998924,-0.09883721128459733,1,39,77.0,48.0,6,1.11,70
兰州市,2016-09-16,70,良,-1.0517299068586952,0.20262194615165907,1,37,84.0,41.0,6,0.97,76
兰州市,2016-09-17,56,良,-1.8383031575394833,0.4783328011503486,1,29,59.0,25.0,6,0.88,85
兰州市,2016-09-18,55,良,-1.5030241779220705,-0.2856739897443914,1,34,58.0,35.0,4,0.87,61
兰州市,2016-09-19,74,良,-0.46053181443248503,-0.35654823918990913,0,44,95.0,49.0,7,1.01,56
兰州市,2016-09-20,73,良,-0.40643403583605336,-0.04291504820178725,0,37,91.0,54.0,8,1.04,68
兰州市,2016-09-21,77,良,-0.025938931091338116,-0.37216537916227266,0,36,102.0,60.0,8,1.18,56
兰州市,2016-09-22,87,良,0.4840480218349951,-0.31259707321310587,0,40,122.0,59.0,9,1.3,45
兰州市,2016-09-23,82,良,0.7543157478173959,-0.20171024279872235,0,45,113.0,63.0,11,1.29,49
兰州市,2016-09-24,80,良,0.5197953398271082,-0.2332799747959899,0,41,108.0,58.0,12,1.25,51
兰州市,2016-09-25,67,良,-0.4712293601394617,-0.1667056340015703,0,29,80.0,50.0,7,1.19,61
兰州市,2016-09-26,80,良,-0.6798555852927224,0.2446557802808777,0,35,107.0,36.0,8,1.06,64
兰州市,2016-09-27,67,良,-1.3015708007169504,0.7609046042573007,1,32,86.0,22.0,5,0.79,63
兰州市,2016-09-28,67,良,-0.5506764071714889,-0.19532894396193382,0,39,83.0,42.0,7,1.16,57
兰州市,2016-09-29,73,良,0.05361194226977751,-0.5802568052145769,0,41,95.0,55.0,10,1.08,44
兰州市,2016-09-30,79,良,0.5114542896775427,-0.5537858699511813,0,42,106.0,65.0,14,1.31,59
兰州市,2016-10-01,79,良,0.12942733610462573,-0.15471320637066607,0,38,105.0,51.0,12,1.23,56
兰州市,2016-10-02,90,良,0.6268178998146664,-0.3158494823703126,0,36,127.0,66.0,14,1.27,58
兰州市,2016-10-03,141,轻度污染,1.6302411240188823,1.6816299115529203,3,68,214.5,43.0,18,1.18,70
兰州市,2016-10-04,81,良,-0.49776470150683355,2.4482378627933206,3,32,111.0,22.0,5,0.71,73
兰州市,2016-10-05,79,良,-0.18492463094926315,0.271444111497696,0,35,106.0,41.0,10,0.92,51
兰州市,2016-10-06,56,良,-0.6615236492170355,-0.19739079061664863,0,29,62.0,32.0,14,0.91,49
兰州市,2016-10-07,64,良,-1.4131075299828657,-0.10513743273091565,1,25,75.0,26.0,17,0.52,65
兰州市,2016-10-08,84,良,0.051111388560382116,-0.3907868590185303,0,38,116.0,54.0,12,0.97,48
兰州市,2016-10-09,60,良,-0.8297667510787917,0.3093396676363181,1,37,67.0,38.0,7,0.95,66
兰州市,2016-10-10,70,良,0.08051680720739414,-0.9869906679970274,0,43,87.0,54.0,12,1.17,38
兰州市,2016-10-11,95,良,1.591173511328712,-0.7361865961310323,0,66,126.0,69.0,13,1.3,26
兰州市,2016-10-12,82,良,1.36291073649431,-0.20277106755776134,0,53,110.0,59.0,17,1.21,35
兰州市,2016-10-13,81,良,0.6702203705946291,-0.04069844988422237,0,46,109.0,53.0,14,1.14,49
兰州市,2016-10-14,61,良,-0.14378165565324585,-0.339715716298225,0,33,70.0,44.0,10,0.91,35
兰州市,2016-10-15,79,良,0.7402939493806672,-0.5510607384334245,0,51,106.0,56.0,13,1.3,46
兰州市,2016-10-16,77,良,-0.14335615907386326,0.2677669052012766,0,35,102.0,45.0,10,0.81,53
兰州市,2016-10-17,86,良,1.2999559894174095,-0.42422344123721806,0,49,119.0,61.0,14,1.52,43
兰州市,2016-10-18,96,良,1.6304871664753418,-0.1510271430086734,0,50,140.0,62.0,18,1.44,44
兰州市,2016-10-19,84,良,1.0643508320268285,0.04438642653454543,0,45,115.0,49.0,15,1.18,32
兰州市,2016-10-20,122,轻度污染,0.76843740618189,1.0087138119021861,3,52,160.0,31.0,15,1.05,49
兰州市,2016-10-21,114,轻度污染,0.29592819307424245,2.8636529549918674,3,49,173.0,19.0,13,0.56,77
兰州市,2016-10-22,49,优,-0.5859187139590772,0.6612440347646218,0,28,51.0,31.0,9,0.79,50
兰州市,2016-10-23,82,良,0.7746282511732172,-0.9842418303271085,0,56,100.0,51.0,13,1.14,22
兰州市,2016-10-24,53,良,-0.5892548957406181,-0.014143802883515659,0,34,56.0,34.0,11,0.8,47
兰州市,2016-10-25,66,良,-0.03611005991581411,-0.9736338025995039,0,38,81.0,46.0,15,1.01,36
兰州市,2016-10-26,75,良,0.5410401639854494,-0.6189808955369944,0,47,97.0,55.0,15,1.04,40
兰州市,2016-10-27,51,良,-1.486179623069575,0.45256475105442906,1,30,58.0,20.0,11,0.52,63
兰州市,2016-10-28,41,优,-1.9287287252181184,-0.6472003506062185,1,20,36.0,26.0,12,0.61,58
兰州市,2016-10-29,60,良,-0.7446092386359512,-1.0064117782296893,0,39,71.0,41.0,10,0.97,42
兰州市,2016-10-30,77,良,0.1123717275570376,-0.42493616268636203,0,49,101.0,37.0,15,1.19,43
兰州市,2016-10-31,98,良,1.4911449537661632,-0.501379722672911,0,51,141.0,62.0,18,1.38,35
兰州市,2016-11-01,104,轻度污染,2.6157932810118263,-0.17366820998195226,2,63,156.0,65.0,22,1.68,31
兰州市,2016-11-02,114,轻度污染,3.944886118635651,-0.393298586481705,2,76,174.0,85.0,28,2.02,35
兰州市,2016-11-03,138,轻度污染,5.075544808475365,0.19437661553064045,2,91,209.0,90.5,29,2.4,44
兰州市,2016-11-04,141,轻度污染,5.648281348233074,0.7201137181172499,2,91,212.0,90.5,27,2.4,34
兰州市,2016-11-05,137,轻度污染,5.925374071383665,0.7248321422085833,2,91,206.0,90.5,30,2.31,30
兰州市,2016-11-06,102,轻度污染,2.3532899238953062,1.981818517085283,3,51,151.0,47.0,22,0.96,57
兰州市,2016-11-07,122,轻度污染,1.4599942863090625,2.4680254096486687,3,54,191.0,31.0,14,0.74,64
兰州市,2016-11-08,122,轻度污染,3.841434789142881,1.2302111112523595,2,68,192.0,65.0,25,1.35,34
兰州市,2016-11-09,121,轻度污染,4.356694219229572,0.8527817480964474,2,71,191.0,73.0,29,1.67,37
兰州市,2016-11-10,141,轻度污染,5.325778750615065,0.8976307852268788,2,91,214.5,88.0,32,1.9,47
兰州市,2016-11-11,141,轻度污染,5.696045741853718,1.1479039353744975,2,91,214.5,78.0,33,2.03,31
兰州市,2016-11-12,141,轻度污染,5.94204196913888,0.9461073660867438,2,90,214.5,83.0,38,2.09,36
兰州市,2016-11-13,141,轻度污染,6.407999672753427,0.7054396489981779,2,91,214.5,90.5,38,2.24,30
兰州市,2016-11-14,118,轻度污染,5.122236821874555,0.7994079223104216,2,66,184.0,80.0,38,1.77,39
兰州市,2016-11-15,130,轻度污染,6.188365617000423,0.32151639468056215,2,91,205.0,90.5,38,2.48,43
兰州市,2016-11-16,141,轻度污染,6.547038651562303,0.6025958830036366,2,91,214.5,90.5,38,2.6,42
兰州市,2016-11-17,141,轻度污染,6.981948305123027,0.5215328302943184,2,91,214.5,90.5,38,2.9,33
兰州市,2016-11-18,141,轻度污染,5.993110538807952,1.404164758758105,2,91,214.5,87.0,32,2.25,53
兰州市,2016-11-19,141,轻度污染,4.205032419439962,2.5355068743572744,2,79,214.5,57.0,22,1.22,44
兰州市,2016-11-20,141,轻度污染,6.472380862360582,0.8073163370256095,2,89,214.5,90.0,38,2.24,32
兰州市,2016-11-21,103,轻度污染,2.1757319405382995,2.424275552417563,3,44,153.0,33.0,24,0.65,51
兰州市,2016-11-22,70,良,0.6865880361027913,0.9656861935076787,3,32,88.0,29.0,18,0.77,46
兰州市,2016-11-23,82,良,2.1627894757386286,-0.7010641280168196,0,47,112.0,47.0,35,1.27,32
兰州市,2016-11-24,96,良,3.0047807666977313,-0.3922420730628155,2,62,139.0,53.0,38,1.42,33
兰州市,2016-11-25,121,轻度污染,3.064821983726375,0.5940605481460424,2,62,188.0,48.0,38,1.11,37
兰州市,2016-11-26,141,轻度污染,5.307801229776329,0.5239966945062988,2,91,214.5,75.0,38,2.01,31
兰州市,2016-11-27,141,轻度污染,6.055268102808015,0.4509299918957923,2,91,214.5,86.0,38,2.51,32
兰州市,2016-11-28,117,轻度污染,4.436603464482438,1.2287906550852528,2,76,181.0,55.0,38,1.72,40
兰州市,2016-11-29,97,良,2.473042590752592,0.961130979478146,2,49,143.0,50.0,29,1.14,49
兰州市,2016-11-30,121,轻度污染,5.123147924428853,-0.3362306114898611,2,79,189.0,84.0,38,2.22,37
兰州市,2016-12-01,133,轻度污染,6.19634255784178,0.05053118449453267,2,91,201.0,90.5,38,2.55,33
兰州市,2016-12-02,141,轻度污染,6.29551784803729,0.35706527983534486,2,91,198.0,90.5,34,2.55,29
兰州市,2016-12-03,141,轻度污染,6.793748640194802,0.46395446634712806,2,91,214.5,90.5,38,2.79,31
兰州市,2016-12-04,141,轻度污染,6.9774969686749495,0.3553022857526438,2,91,214.5,90.5,38,3.19,37
兰州市,2016-12-05,102,轻度污染,3.279898894697244,1.3815833977554135,2,54,146.0,59.0,25,1.33,44
兰州市,2016-12-06,113,轻度污染,5.352626473102602,-0.6350633322088362,2,70,173.0,88.0,38,2.43,32
兰州市,2016-12-07,125,轻度污染,6.2720566078830515,-0.2239286623505951,2,91,189.0,90.5,38,2.75,34
兰州市,2016-12-08,141,轻度污染,6.763915338758025,0.045585961759408836,2,91,213.0,90.5,38,2.92,28
兰州市,2016-12-09,137,轻度污染,6.664772900778016,0.2777801498386433,2,91,193.0,90.5,38,2.69,27
兰州市,2016-12-10,141,轻度污染,6.3992213219389535,0.418363939474902,2,91,191.0,90.5,38,2.63,40
兰州市,2016-12-11,141,轻度污染,6.39909380548189,0.8081218725776411,2,91,214.0,90.5,29,2.81,37
兰州市,2016-12-12,112,轻度污染,4.4696324444068845,1.3710046650941508,2,74,167.0,66.0,24,1.62,29
兰州市,2016-12-13,122,轻度污染,5.139876596156493,0.5013196116939639,2,83,182.0,75.0,29,2.08,29
兰州市,2016-12-14,105,轻度污染,4.945092513543789,0.15776449737049056,2,73,155.0,78.0,30,2.03,23
兰州市,2016-12-15,100,良,4.6164276558726005,-0.36596798451959106,2,69,146.0,77.0,33,2.03,25
兰州市,2016-12-16,126,轻度污染,5.744105175614546,-0.4699536653278002,2,91,174.0,90.5,34,2.53,30
兰州市,2016-12-17,141,轻度污染,6.513739551518907,-0.03594198675768554,2,91,195.0,90.5,38,2.71,26
兰州市,2016-12-18,141,轻度污染,7.01932571391343,0.31592523578463544,2,91,214.0,90.5,38,3.18,34
兰州市,2016-12-19,141,轻度污染,6.927434044062736,0.33302121622880226,2,91,207.0,90.5,38,2.93,29
兰州市,2016-12-20,141,轻度污染,6.109161944649797,1.2801811655017339,2,91,214.5,73.0,37,2.31,39
兰州市,2016-12-21,141,轻度污染,3.9833666404635024,2.3690643656093178,2,67,214.5,52.0,23,1.27,39
兰州市,2016-12-22,141,轻度污染,6.288964380311802,0.5778492120917219,2,75,214.5,77.0,38,2.44,16
兰州市,2016-12-23,138,轻度污染,6.883110103422935,0.5242896376577139,2,91,214.5,90.5,38,2.78,31
兰州市,2016-12-24,115,轻度污染,5.810794012845831,0.5285801306900784,2,85,167.0,81.0,38,2.4,42
兰州市,2016-12-25,94,良,1.9012693433136767,1.4393312229911237,3,45,132.0,37.0,22,1.0,49
兰州市,2016-12-26,74,良,0.716483438818678,0.7762749826997005,3,34,97.0,33.0,20,0.9,55
兰州市,2016-12-27,101,轻度污染,3.755181364268244,-1.0868550686825482,2,68,139.0,81.0,34,2.09,44
兰州市,2016-12-28,91,良,3.727810733639192,-0.6821817881593277,2,61,126.0,70.0,35,2.02,34
兰州市,2016-12-29,82,良,3.482047698634204,-1.4532743923131508,2,50,111.0,74.0,38,1.94,24
兰州市,2016-12-30,113,轻度污染,4.835373617957411,-1.3858204272357648,2,84,151.0,85.0,38,2.53,29
兰州市,2016-12-31,122,轻度污染,5.759332683302692,-0.9588019609177489,2,91,160.0,90.5,38,2.82,24
兰州市,2017-01-01,95,良,4.5267684771810295,-0.6226412515219496,2,68,126.0,73.0,38,2.18,22
兰州市,2017-01-02,128,轻度污染,5.51008427803814,-0.8942499210452156,2,91,157.0,86.0,38,2.62,30
兰州市,2017-01-03,141,轻度污染,6.500033498217779,-0.36036822182847045,2,91,178.0,90.5,38,3.08,29
兰州市,2017-01-04,141,轻度污染,7.238360109851713,0.04240944094931538,2,91,210.0,90.5,38,3.53,31
兰州市,2017-01-05,141,轻度污染,7.02379420816229,0.28018079754160347,2,91,201.0,90.5,38,3.15,34
兰州市,2017-01-06,84,良,3.2550153043806063,1.093037142191233,2,51,116.0,53.0,33,1.26,45
兰州市,2017-01-07,73,良,2.7018288022013848,-0.8845372947754633,2,47,91.0,65.0,31,1.61,36
兰州市,2017-01-08,68,良,1.8836652302703405,-0.7261359369755818,0,44,84.0,52.0,31,1.32,42
兰州市,2017-01-09,53,良,0.5191835499002785,-0.7086761500583582,0,31,56.0,41.0,28,0.97,50
兰州市,2017-01-10,47,优,-0.9491064876811842,-0.43381461786943026,1,25,47.0,28.0,20,0.75,65
兰州市,2017-01-11,77,良,1.7512706616966323,-1.9288244403821622,0,52,91.0,61.0,31,1.55,28
兰州市,2017-01-12,115,轻度污染,3.9510939082105794,-1.2726718485769,2,86,142.0,78.0,36,2.14,32
兰州市,2017-01-13,128,轻度污染,4.953968749133275,-0.39269567358393337,2,91,163.0,84.0,38,2.17,33
兰州市,2017-01-14,117,轻度污染,4.557496078347425,0.2782230890170217,2,87,149.0,74.0,38,1.89,43
兰州市,2017-01-15,87,良,2.7611198942957844,0.33734464550523496,2,55,119.0,56.0,38,1.27,53
兰州市,2017-01-16,79,良,1.628263364491703,-0.17012335717580385,0,39,107.0,50.0,34,0.98,50
兰州市,2017-01-17,67,良,1.1490760133036668,-0.28367594175104116,0,39,83.0,45.0,30,1.0,52
兰州市,2017-01-18,86,良,2.292880504151218,-0.584351021732348,2,59,113.0,55.0,36,1.3,50
兰州市,2017-01-19,141,轻度污染,2.2146868113436327,1.9418961276383133,3,74,214.5,40.0,23,0.89,65
兰州市,2017-01-20,138,轻度污染,4.63163612314851,1.191539183975672,2,71,214.5,63.0,38,1.67,35
兰州市,2017-01-21,99,良,4.088202369276559,0.09097715055326039,2,60,145.0,70.0,38,1.97,38
兰州市,2017-01-22,86,良,3.287579193213331,-0.924256288954441,2,54,118.0,70.0,38,1.93,40
兰州市,2017-01-23,107,轻度污染,4.606851454721086,-1.2109308396443814,2,78,147.0,83.0,38,2.51,37
兰州市,2017-01-24,124,轻度污染,5.70721949532778,-0.6564408934746643,2,91,167.0,90.5,38,2.79,39
兰州市,2017-01-25,141,轻度污染,5.750199243238304,0.7446639257665506,2,91,214.5,77.0,38,2.39,45
兰州市,2017-01-26,141,轻度污染,2.878376045698095,3.821632324731888,3,91,214.5,28.0,15,0.68,58
兰州市,2017-01-27,141,轻度污染,3.8224749808402225,2.1759628316522255,2,63,214.5,49.0,27,1.4,44
兰州市,2017-01-28,141,轻度污染,2.8790040192398667,2.9093733612826083,3,56,214.5,30.0,28,0.9,56
兰州市,2017-01-29,102,轻度污染,1.3077573621370588,2.6366915058342117,3,35,152.0,27.0,18,0.8,66
兰州市,2017-01-30,93,良,1.4041424946110892,1.0129129046471168,3,37,133.0,31.0,28,1.04,56
兰州市,2017-01-31,86,良,1.2471085458684699,0.44445521973745933,0,39,120.0,37.0,27,1.11,52
兰州市,2017-02-01,81,良,1.780168761342251,-0.4388384699241019,0,46,109.0,46.0,32,1.44,43
兰州市,2017-02-02,89,良,1.5261512364993879,0.0015864814462809745,0,63,115.0,45.0,19,1.67,50
兰州市,2017-02-03,91,良,2.2060527248886466,-0.15058616325047214,2,66,121.0,51.0,27,1.66,46
兰州市,2017-02-04,88,良,2.574270236309416,-0.626934895178654,2,59,121.0,68.0,29,1.84,49
兰州市,2017-02-05,113,轻度污染,4.2555620361992235,-0.8379182435644854,2,83,150.0,85.0,36,2.31,51
兰州市,2017-02-06,101,轻度污染,2.5201775909294333,0.9508535341448766,2,62,144.0,38.0,30,1.4,46
兰州市,2017-02-07,86,良,-0.34360190197469814,1.8769216969616287,3,30,121.0,19.0,14,0.6,76
兰州市,2017-02-08,63,良,-0.45541045258730634,0.7217501671233704,0,33,71.0,29.0,14,0.76,68
兰州市,2017-02-09,84,良,0.8667063265485152,-0.009969463464987864,0,61,100.0,46.0,15,1.23,55
兰州市,2017-02-10,55,良,-0.23831093881126822,0.08503696852463417,0,30,58.0,34.0,24,0.83,70
兰州市,2017-02-11,89,良,1.7317697472411535,-1.1241064357436157,0,59,104.0,64.0,27,1.64,55
兰州市,2017-02-12,125,轻度污染,3.873930263959785,-0.422441225163393,2,91,152.0,81.0,28,2.15,49
兰州市,2017-02-13,109,轻度污染,3.6643921080529296,0.5722015637680753,2,81,139.0,71.0,32,1.91,65
兰州市,2017-02-14,87,良,2.9267700961505545,-0.15209451075612926,2,61,114.0,72.0,25,1.92,52
兰州市,2017-02-15,108,轻度污染,3.1562428362344166,-0.03553721529968853,2,68,148.0,68.0,27,2.06,61
兰州市,2017-02-16,132,轻度污染,2.4349141298031087,1.6338615442187105,3,50,211.0,42.0,23,1.36,54
兰州市,2017-02-17,115,轻度污染,2.639564802639912,1.721328138753555,3,50,179.0,49.0,22,1.35,53
兰州市,2017-02-18,117,轻度污染,4.067447642067333,0.4915978833851728,2,66,181.0,72.0,31,2.08,53
兰州市,2017-02-19,119,轻度污染,4.553860646130512,0.4236622562718269,2,76,186.0,75.0,34,2.24,53
兰州市,2017-02-20,141,轻度污染,2.5815710715292277,2.216566185134604,3,62,214.5,41.0,21,1.4,65
兰州市,2017-02-21,141,轻度污染,2.3483541746845495,3.357624620871523,3,70,214.5,25.0,22,0.73,63
兰州市,2017-02-22,117,轻度污染,1.8748620093350352,2.701186021178126,3,52,182.0,32.0,23,0.78,66
兰州市,2017-02-23,89,良,1.6082868851497985,1.2390719341360263,3,52,124.0,49.0,17,1.21,62
兰州市,2017-02-24,90,良,1.4961861296141648,0.8962291504238113,3,64,121.0,51.0,16,1.3,71
兰州市,2017-02-25,63,良,0.27945566533743615,0.4582988822836224,0,37,74.0,43.0,19,1.01,75
兰州市,2017-02-26,71,良,0.6110304505009393,-0.24473143077283926,0,46,90.0,50.0,24,1.22,77
兰州市,2017-02-27,80,良,1.069533205070766,-0.028733451442741188,0,53,105.0,53.0,25,1.33,78
兰州市,2017-02-28,92,良,-0.4099206683440033,1.179772480605193,3,34,125.0,33.0,16,0.81,90
兰州市,2017-03-01,141,轻度污染,0.7906010018419128,2.134848512779155,3,50,214.5,42.0,11,0.82,78
兰州市,2017-03-02,99,良,1.7339172116184043,1.4465733295909384,3,42,146.0,54.0,22,1.22,67
兰州市,2017-03-03,101,轻度污染,1.4333129960378757,0.5605086895122889,0,46,150.0,57.0,23,1.26,67
兰州市,2017-03-04,79,良,0.874447225586662,0.35276307468148443,0,44,104.0,52.0,20,1.12,62
兰州市,2017-03-05,59,良,-1.120931752654854,0.42955304171660197,1,30,62.0,35.0,12,0.75,81
兰州市,2017-03-06,68,良,-0.2553907883610707,-0.47771297935215895,0,39,83.0,49.0,16,1.11,69
兰州市,2017-03-07,59,良,-1.0592783489853634,0.05101385426889836,1,30,64.0,40.0,17,0.79,88
兰州市,2017-03-08,71,良,0.1988287405628728,-0.6941914696449828,0,43,90.0,58.0,21,1.16,72
兰州市,2017-03-09,70,良,0.3674359916024183,-0.4780355585809239,0,43,88.0,50.0,25,1.09,66
兰州市,2017-03-10,66,良,-0.24062663850567878,-0.208599943856737,0,44,77.0,40.0,14,1.08,58
兰州市,2017-03-11,65,良,-0.90601341118891,0.3648783731064469,1,45,72.0,35.0,15,0.82,88
兰州市,2017-03-12,63,良,-0.9670466810980465,0.20454459627532665,1,43,64.0,33.0,12,0.83,76
兰州市,2017-03-13,64,良,-0.9239527253932458,0.21033936293238792,1,43,66.0,32.0,15,0.83,81
兰州市,2017-03-14,68,良,-0.4468078947182663,-0.050903126660053116,0,48,67.0,44.0,11,1.04,73
兰州市,2017-03-15,78,良,0.20754707625577093,0.11667466273569825,0,56,89.0,53.0,12,1.23,79
兰州市,2017-03-16,107,轻度污染,1.460887472715362,0.7909031582107328,3,79,131.0,59.0,15,1.41,85
兰州市,2017-03-17,69,良,-0.0893191967661478,1.3260112388920835,3,45,82.0,34.0,10,0.93,76
兰州市,2017-03-18,84,良,1.086167045457654,-0.08723198318019328,0,59,107.0,55.0,14,1.46,60
兰州市,2017-03-19,66,良,-0.11475843498195056,0.5976087962626567,0,46,71.0,39.0,8,1.27,76
兰州市,2017-03-20,84,良,0.6614068941118267,0.05642618283709428,0,48,113.0,51.0,14,1.3,65
兰州市,2017-03-21,72,良,0.2665551885540794,0.35421293427365325,0,41,91.0,47.0,11,1.17,65
兰州市,2017-03-22,73,良,0.5587525788272826,-0.23130749677813944,0,46,91.0,50.0,12,1.28,50
兰州市,2017-03-23,68,良,-0.9330809224002209,0.7467158495900843,1,40,83.0,29.0,8,0.68,70
兰州市,2017-03-24,90,良,-0.27400578699077377,0.8419609357838559,0,45,129.0,33.0,11,0.71,64
兰州市,2017-03-25,91,良,-0.9319280490403667,1.675375617252362,3,32,129.0,25.0,9,0.58,83
兰州市,2017-03-26,107,轻度污染,0.6712880504738126,0.9429000383245983,3,43,162.0,54.0,13,0.96,67
兰州市,2017-03-27,120,轻度污染,1.54459874244433,1.3011873194457257,3,54,179.0,56.0,18,1.19,71
兰州市,2017-03-28,141,轻度污染,2.0102974824269846,2.8060368971372425,3,84,214.5,41.0,12,0.83,64
兰州市,2017-03-29,125,轻度污染,1.9758894215111829,2.5693474312637252,3,58,198.0,45.0,16,0.96,64
兰州市,2017-03-30,59,良,-0.7844824386907814,1.725114462056221,3,28,67.0,29.0,9,0.65,83
兰州市,2017-03-31,62,良,-1.2307902809516376,0.13571602707032368,1,28,67.0,33.0,15,0.7,83
兰州市,2017-04-01,76,良,-0.19621721146592422,-0.19049489293291655,0,34,100.0,55.0,13,0.85,66
兰州市,2017-04-02,79,良,0.02227191440788315,0.2603340526094056,0,40,106.0,50.0,11,0.9,62
兰州市,2017-04-03,69,良,-0.10332200693802006,0.1605457573032334,0,45,83.0,46.0,8,0.94,54
兰州市,2017-04-04,87,良,0.12034424904166274,0.365184356059789,0,60,103.0,47.0,10,1.07,70
兰州市,2017-04-05,98,良,0.9472773434691475,0.5068777211650417,0,55,138.0,66.0,14,1.07,72
兰州市,2017-04-06,97,良,0.025103272111246865,1.6640565782960266,3,48,141.0,38.0,8,0.79,76
兰州市,2017-04-07,129,轻度污染,1.010217052914466,2.469979029557156,3,66,206.0,31.0,12,0.71,70
兰州市,2017-04-08,50,优,-0.6778007019762718,1.4858656132676153,3,32,50.0,23.0,6,0.62,56
兰州市,2017-04-09,57,良,-1.0936167171953193,-0.22049056704192377,1,39,58.0,31.0,6,0.68,49
兰州市,2017-04-10,56,良,-1.2613238180800959,0.10328873714134612,1,39,54.0,30.0,7,0.58,61
兰州市,2017-04-11,60,良,-0.7779180987358327,-0.38635728284868776,0,37,67.0,46.0,8,0.78,57
兰州市,2017-04-12,82,良,-0.26473928481704107,0.08306609134196571,0,42,112.0,45.0,10,0.89,60
兰州市,2017-04-13,87,良,0.24587063619948335,0.5456426181335969,0,47,119.0,54.0,13,0.83,70
兰州市,2017-04-14,107,轻度污染,0.5539675899310589,1.08205214860624,3,49,162.0,51.0,14,0.84,72
兰州市,2017-04-15,61,良,-1.1167009652043471,1.370657084689557,1,34,71.0,34.0,5,0.58,81
兰州市,2017-04-16,82,良,-0.5048786566807494,0.3253321316646183,0,45,111.0,40.0,9,0.62,57
兰州市,2017-04-17,141,轻度污染,1.643331340624912,2.201874653329619,3,91,214.5,45.0,11,0.75,69
兰州市,2017-04-18,141,轻度污染,2.137428496607472,3.7492230306101644,3,91,214.5,40.0,7,0.65,71
兰州市,2017-04-19,70,良,-0.8196795054923292,2.8546011861590124,3,32,85.0,21.0,5,0.43,92
兰州市,2017-04-20,93,良,-0.17250676105644974,1.1130206994241183,3,44,134.0,37.0,8,0.61,66
兰州市,2017-04-21,140,轻度污染,1.146980702194473,2.2148576350788995,3,57,214.5,47.0,8,0.67,67
兰州市,2017-04-22,106,轻度污染,1.0953715510253133,2.401187031954103,3,42,154.0,51.0,11,0.75,77
兰州市,2017-04-23,92,良,0.38710600624792835,1.3054807316907449,3,35,120.0,56.0,13,0.79,86
兰州市,2017-04-23,92,良,0.04520792736604933,0.9258541007192318,3,35,120.0,56.0,13,0.79,86
兰州市,2017-04-24,99,良,-0.08052168037531612,1.2775857354656361,3,40,144.0,50.0,11,0.66,82
兰州市,2017-04-25,65,良,-1.9446565409730756,1.8565232791693587,1,30,67.0,19.0,6,0.49,106
兰州市,2017-04-26,57,良,-1.7965478804410622,0.2870174196744174,1,28,61.0,33.0,5,0.52,73
兰州市,2017-04-27,73,良,-1.234004053798701,0.04936606866536029,1,36,87.0,46.0,7,0.65,75
兰州市,2017-04-28,87,良,-0.4096769484282636,0.28153149942217565,0,39,111.0,52.0,14,0.76,78
兰州市,2017-04-29,91,良,-0.19223480894343423,0.6249231121947332,0,41,110.0,54.0,16,0.79,88
兰州市,2017-04-30,74,良,-1.5378826290677088,1.6501856980619478,1,37,88.0,28.0,10,0.59,112
兰州市,2017-05-01,94,良,-0.46577651731658765,0.6599507324121134,0,41,119.0,52.0,14,0.8,95
兰州市,2017-05-02,80,良,-0.9865473102296799,1.9205081244556832,3,52,106.0,26.0,5,0.57,91
兰州市,2017-05-03,141,轻度污染,0.20625291726704573,2.7090871302158868,3,69,214.5,28.0,5,0.45,79
兰州市,2017-05-04,141,轻度污染,1.8993239443394536,3.879747750791542,3,91,214.5,36.0,9,0.56,78
兰州市,2017-05-05,141,轻度污染,1.6798763271118873,4.342891216548615,3,91,214.5,28.0,7,0.37,81
兰州市,2017-05-06,141,轻度污染,2.580584756512054,3.6051024933616067,3,88,214.5,46.0,10,0.67,69
兰州市,2017-05-07,82,良,0.3669147452676323,2.936994899000365,3,47,109.0,32.0,5,0.57,82
兰州市,2017-05-08,84,良,0.06553602707689883,1.27732551859817,3,42,102.0,46.0,12,0.69,91
兰州市,2017-05-09,105,轻度污染,0.4856421894487611,1.8750914486143524,3,47,157.0,43.0,10,0.63,83
兰州市,2017-05-10,120,轻度污染,1.8621705851252104,1.8906017127407369,3,61,187.0,55.0,10,0.7,51
兰州市,2017-05-11,70,良,-0.33852267692073884,1.7001730625918472,3,30,81.0,39.0,9,0.59,82
兰州市,2017-05-12,97,良,-0.13045864296689577,0.5328151114206702,0,37,120.0,55.0,11,0.81,81
兰州市,2017-05-13,106,轻度污染,1.0650180002035088,0.9472675429090751,3,47,159.0,61.0,19,0.82,72
兰州市,2017-05-14,67,良,-2.0396295238074615,1.9431868761822653,1,27,57.0,22.0,4,0.52,111
兰州市,2017-05-15,61,良,-1.5712384466684248,0.24564681399652738,1,27,63.0,36.0,9,0.58,79
兰州市,2017-05-16,73,良,-1.0410281888370894,0.0664214847296046,1,35,86.0,45.0,10,0.65,74
兰州市,2017-05-17,79,良,-0.6336921148196342,0.31562796890757894,0,39,101.0,50.0,12,0.73,79
兰州市,2017-05-18,64,良,-1.522504619807221,0.5333570674425198,1,30,65.0,38.0,9,0.61,87
兰州市,2017-05-19,90,良,-0.9177289065790882,0.4339769904585637,1,38,108.0,52.0,11,0.7,94
兰州市,2017-05-20,71,良,-1.3467068877925725,1.2841625035045259,1,39,89.0,32.0,6,0.57,88
兰州市,2017-05-20,71,良,-1.51974111647566,0.9365817646969228,1,39,89.0,32.0,6,0.57,88
兰州市,2017-05-21,114,轻度污染,-0.7909620582900714,2.0207769473134722,3,53,164.0,23.0,9,0.45,91
兰州市,2017-05-22,109,轻度污染,0.017042322325418358,3.031831412586545,3,68,162.0,21.0,4,0.5,80
兰州市,2017-05-23,69,良,-1.3647288899318766,2.117932304332603,3,36,86.0,23.0,5,0.47,96
兰州市,2017-05-24,69,良,-1.340695060120943,0.9948006811326602,1,37,85.0,31.0,11,0.56,97
兰州市,2017-05-25,71,良,-1.0562947388283508,0.577129798458557,1,35,86.0,38.0,9,0.67,81
兰州市,2017-05-26,83,良,-0.9753621749971287,0.7238011122053472,1,37,95.0,48.0,7,0.63,90
兰州市,2017-05-27,86,良,-0.5361540977068566,0.6893385784824168,0,35,102.0,54.0,9,0.69,84
兰州市,2017-05-28,86,良,-1.1105045058421474,1.1022455097841082,1,33,92.0,46.0,9,0.65,104
兰州市,2017-05-29,107,轻度污染,-0.6079500406888066,2.490801814537402,3,58,161.0,38.0,9,0.65,127
兰州市,2017-05-30,131,轻度污染,0.8858206299947239,2.614522197309009,3,62,207.0,52.0,13,0.77,106
兰州市,2017-05-31,115,轻度污染,1.3174261338190387,2.5041035074110063,3,62,177.0,50.0,13,0.8,82
兰州市,2017-06-01,83,良,-0.7654516549398473,2.356173313420264,3,43,102.0,36.0,6,0.61,110
兰州市,2017-06-02,88,良,-0.21115174576944903,1.2506957193064487,3,47,123.0,46.0,8,0.63,81
兰州市,2017-06-03,66,良,-0.7146668546782885,1.1696487652332481,3,46,72.0,36.0,8,0.72,88
兰州市,2017-06-04,56,良,-1.366868126234976,0.5187471052378967,1,37,50.0,29.0,7,0.69,80
兰州市,2017-06-05,58,良,-1.5566589622432232,-0.030068696596443886,1,29,51.0,39.0,5,0.71,76
兰州市,2017-06-06,60,良,-1.507305249110249,-0.10231853165874312,1,30,53.0,39.0,6,0.78,75
兰州市,2017-06-07,67,良,-1.4931808373115079,0.20776767622296602,1,32,70.0,36.0,10,0.73,86
兰州市,2017-06-08,65,良,-1.4684530118429469,0.08181988077066248,1,30,61.0,39.0,9,0.71,79
兰州市,2017-06-09,56,良,-2.2610666518756815,0.3112833251078519,1,26,45.0,30.0,5,0.63,89
兰州市,2017-06-10,77,良,-1.0558248844642038,0.11591380564111757,1,41,100.0,44.0,8,0.73,74
兰州市,2017-06-11,84,良,-0.9911283653662251,0.6270573291005296,1,36,106.0,43.0,7,0.69,76
兰州市,2017-06-12,79,良,-0.8019418288574336,0.43684224764835866,1,34,93.0,48.0,9,0.77,76
兰州市,2017-06-13,61,良,-1.6315393931370215,0.5068760678848618,1,29,67.0,37.0,5,0.66,80
兰州市,2017-06-14,58,良,-1.7235240955551054,-0.052278749644272565,1,29,63.0,32.0,6,0.67,65
兰州市,2017-06-15,61,良,-1.5915421263930842,0.13813623384453577,1,34,69.0,30.0,11,0.81,84
兰州市,2017-06-16,83,良,-1.3458534656960643,0.326117101742225,1,37,81.0,44.0,10,0.82,99
兰州市,2017-06-17,85,良,-0.8196720403216237,0.6838131588724539,1,39,94.0,50.0,10,0.73,91
兰州市,2017-06-18,76,良,-1.0702025383820186,0.81896174426496,1,38,84.0,43.0,9,0.72,92
兰州市,2017-06-19,85,良,-0.3800588745730471,0.42272992568339035,0,41,115.0,53.0,10,0.77,74
兰州市,2017-06-20,69,良,-1.1643119570087024,0.5605424480368378,1,32,74.0,42.0,7,0.71,79
兰州市,2017-06-21,58,良,-1.8606422013351318,0.276083608618305,1,26,56.0,35.0,5,0.69,82
兰州市,2017-06-22,90,良,-1.3217845418776761,0.2597920362006884,1,32,91.0,43.0,13,0.69,95
兰州市,2017-06-23,89,良,-1.240121215305124,1.7003664977689243,3,35,125.0,25.0,8,0.46,86
兰州市,2017-06-24,79,良,-0.8024439530251589,0.5307654102067344,1,30,93.0,46.0,12,0.67,77
兰州市,2017-06-25,89,良,-1.029368689584467,0.6354827238060721,1,32,101.0,49.0,11,0.67,93
兰州市,2017-06-26,88,良,-1.363152076199929,0.9309805769458775,1,28,90.0,47.0,9,0.71,105
兰州市,2017-06-27,75,良,-1.576960591355394,1.0809472391755426,1,31,83.0,39.0,7,0.74,105
兰州市,2017-06-28,76,良,-1.679953849097067,1.0408134836140044,1,36,84.0,33.0,8,0.76,108
兰州市,2017-06-29,78,良,-1.4754575400566217,0.6314624322011984,1,33,80.0,44.0,6,0.76,96
兰州市,2017-06-30,74,良,-1.764729818809974,0.6186438433394646,1,26,72.0,42.0,7,0.7,100
兰州市,2017-07-01,74,良,-2.1693141464983547,0.6795340463143622,1,24,63.0,38.0,6,0.67,108
兰州市,2017-07-02,77,良,-1.934755133747016,1.0280364956997852,1,28,95.0,28.0,6,0.59,94
兰州市,2017-07-03,56,良,-2.5142991309048552,0.6008530266462484,1,19,43.0,25.0,8,0.61,100
兰州市,2017-07-04,78,良,-1.173893445753599,-0.29783845949522336,1,32,89.0,50.0,11,0.82,79
兰州市,2017-07-05,48,优,-1.8336286775946664,-0.041442336095825524,1,23,49.0,35.0,6,0.66,65
兰州市,2017-07-06,73,良,-1.4499549062757358,-0.6507126019050384,1,29,73.0,46.0,15,0.75,79
兰州市,2017-07-07,81,良,-0.934657878286883,-0.213759119943036,1,30,83.0,56.0,14,0.77,81
兰州市,2017-07-08,81,良,-0.4209063724158822,0.13257436578768858,0,34,110.0,53.0,16,0.76,73
兰州市,2017-07-09,64,良,-2.178637127712742,0.7746231539010192,1,21,67.0,30.0,8,0.62,99
兰州市,2017-07-10,73,良,-2.057955516713329,0.445389031820296,1,24,82.0,41.0,6,0.65,100
兰州市,2017-07-11,94,良,-1.7245930434964207,0.7244388009611664,1,28,93.0,47.0,8,0.73,112
兰州市,2017-07-12,94,良,-0.870745950034259,0.703168163387463,1,30,96.0,52.0,14,0.8,100
兰州市,2017-07-13,73,良,-1.70416399264517,1.4278499150175652,1,35,82.0,36.0,5,0.72,111
兰州市,2017-07-14,78,良,-1.6308685656784176,0.7135718917865059,1,30,93.0,39.0,7,0.72,96
兰州市,2017-07-15,75,良,-1.9956479899711521,0.7248541468151594,1,24,76.0,38.0,6,0.68,101
兰州市,2017-07-16,80,良,-2.222547245333856,0.814697068065585,1,26,69.0,35.0,5,0.56,103
兰州市,2017-07-17,70,良,-2.5004019134633446,1.0644174992857196,1,25,56.0,28.0,5,0.61,113
兰州市,2017-07-18,75,良,-2.0958524549242363,0.6518398297932282,1,28,68.0,36.0,8,0.67,108
兰州市,2017-07-19,79,良,-1.6506233197259073,0.5955043497485684,1,29,83.0,41.0,8,0.74,98
兰州市,2017-07-20,141,轻度污染,-0.38675762406719305,2.9086989999311252,3,68,213.0,18.0,7,0.61,100
兰州市,2017-07-21,65,良,-1.450912592936961,2.146157624441142,3,24,68.0,26.0,6,0.58,95
兰州市,2017-07-22,78,良,-2.0131116774109485,1.2580631623023355,1,32,104.0,15.0,8,0.46,91
兰州市,2017-07-23,54,良,-2.067094665855429,0.5502531652752009,1,19,57.0,17.0,12,0.53,78
兰州市,2017-07-24,52,良,-2.7287314573518637,0.3851242705353251,1,19,52.0,16.0,10,0.5,95
兰州市,2017-07-25,64,良,-2.2713837996899064,0.26953032042213454,1,31,60.0,27.0,5,0.61,87
兰州市,2017-07-26,48,优,-2.15380770850176,0.14378130973749495,1,26,48.0,20.0,7,0.58,68
兰州市,2017-07-27,41,优,-3.3539473391354337,-0.30581573013416635,1,11,23.0,20.0,4,0.49,82
兰州市,2017-07-28,49,优,-3.0499926045356562,-0.41230811495157965,1,18,35.0,25.0,5,0.66,87
兰州市,2017-07-29,69,良,-1.9902798990865076,-0.519259004794859,1,26,66.0,40.0,9,0.73,77
兰州市,2017-07-30,86,良,-1.557721955247372,0.16025050120798937,1,31,82.0,45.0,9,0.76,89
兰州市,2017-07-31,80,良,-2.109586439385767,1.0142518998616654,1,23,83.0,34.0,5,0.61,100
兰州市,2017-08-01,83,良,-1.7334513030130785,1.4060915565290049,1,37,115.0,21.0,6,0.52,86
兰州市,2017-08-02,84,良,-1.4885191212881128,0.6448205315628704,1,34,78.0,40.0,8,0.75,92
兰州市,2017-08-03,82,良,-0.9555275849301587,0.5396412561853144,1,28,108.0,43.0,13,0.65,78
兰州市,2017-08-04,68,良,-2.4982377819793187,1.1650035239409169,1,24,60.0,26.0,4,0.6,110
兰州市,2017-08-05,59,良,-1.6274124421488598,-0.3026819362566428,1,23,61.0,39.0,6,0.71,59
兰州市,2017-08-06,52,良,-1.803861696334859,-0.6547012850302317,1,21,54.0,36.0,5,0.75,50
兰州市,2017-08-07,50,优,-2.5228162812429535,-0.14612311470252054,1,21,47.0,29.0,7,0.62,85
兰州市,2017-08-08,61,良,-1.828032270191423,-0.6205501050916274,1,25,67.0,42.0,7,0.62,62
兰州市,2017-08-09,63,良,-1.821195084565816,-0.4747194170650393,1,20,64.0,41.0,8,0.88,73
兰州市,2017-08-10,81,良,-0.9998105099897878,-0.37795473666320234,1,28,93.0,47.0,17,1.0,82
兰州市,2017-08-11,74,良,-1.4696738827345939,0.20641777876390469,1,24,82.0,43.0,9,0.76,79
兰州市,2017-08-12,57,良,-2.043567854493829,0.10292002214879711,1,20,59.0,30.0,11,0.65,80
兰州市,2017-08-13,53,良,-2.503768671809441,-0.15794999272458832,1,22,47.0,29.0,5,0.7,80
兰州市,2017-08-14,73,良,-1.6589861867924776,-0.4052098733073724,1,26,83.0,46.0,9,0.68,74
兰州市,2017-08-15,70,良,-1.6467880591032222,0.060991339540815696,1,25,78.0,44.0,7,0.64,75
兰州市,2017-08-16,70,良,-1.5100259156589844,-0.04218194555232468,1,25,85.0,44.0,8,0.6,68
兰州市,2017-08-17,54,良,-2.078121272249985,-0.12241788428577151,1,20,58.0,32.0,5,0.64,63
兰州市,2017-08-18,57,良,-1.9562058917455367,-0.6020607233308399,1,22,62.0,35.0,7,0.72,59
兰州市,2017-08-19,56,良,-2.156584524243165,-0.3062511235991831,1,22,62.0,27.0,6,0.64,59
兰州市,2017-08-20,42,优,-3.049920750078885,-0.09825131313724834,1,17,33.0,21.0,3,0.43,74
兰州市,2017-08-21,48,优,-1.9751206698767414,-1.1117237135541413,1,26,49.0,36.0,5,0.79,47
兰州市,2017-08-22,42,优,-3.196258933228241,-0.38390272277245546,1,15,25.0,23.0,4,0.58,82
兰州市,2017-08-23,41,优,-2.607406611072952,-0.6361080439383818,1,27,37.0,26.0,5,0.6,65
兰州市,2017-08-24,60,良,-1.0724204149561387,-1.4073522924209645,1,37,66.0,45.0,9,0.81,31
兰州市,2017-08-25,46,优,-1.394477822094819,-1.0057316545562671,1,31,44.0,35.0,8,0.67,29
兰州市,2017-08-26,39,优,-2.44940404339488,-0.7197703673691727,1,22,36.0,29.0,5,0.62,60
兰州市,2017-08-27,53,良,-1.5174117507574485,-1.3223024852512164,1,29,56.0,41.0,8,0.68,36
兰州市,2017-08-28,47,优,-1.8071243731157651,-0.789421027877249,1,28,46.0,38.0,6,0.55,47
兰州市,2017-08-29,42,优,-2.193545957291076,-0.7622441763927618,1,22,41.0,33.0,6,0.6,57
兰州市,2017-08-30,65,良,-1.232426230096667,-0.914634060606686,1,34,77.0,44.0,7,0.8,47
兰州市,2017-08-31,92,良,-0.4026484122941314,0.2200845214381099,0,51,112.0,49.0,10,0.88,72
兰州市,2017-09-01,58,良,-1.421981259612462,0.46134371257288587,1,26,65.0,36.0,7,0.56,65
兰州市,2017-09-02,75,良,-0.9330421181757662,-0.3634002971096137,1,34,91.0,50.0,9,0.65,58
兰州市,2017-09-03,76,良,-1.0144927345952526,0.16871222851873624,1,30,92.0,46.0,9,0.61,66
兰州市,2017-09-04,60,良,-1.6527613839142297,0.24513359734940962,1,25,67.0,31.0,8,0.42,60
兰州市,2017-09-05,58,良,-1.6797152940708306,-0.23871074665147676,1,26,66.0,38.0,6,0.44,55
兰州市,2017-09-06,71,良,-0.9704893534239035,-0.4662970619520094,1,31,84.0,45.0,12,0.74,59
兰州市,2017-09-07,80,良,-0.3224346709787459,-0.18678919686500214,0,37,109.0,54.0,14,0.79,61
兰州市,2017-09-08,54,良,-1.0250148487040893,-0.6155827946448659,1,26,56.0,50.0,6,0.5,32
兰州市,2017-09-09,60,良,-2.1338370617430593,-0.07356465006990537,1,26,68.0,30.0,5,0.3,58
兰州市,2017-09-10,78,良,-0.8794459322626268,-0.3372911673320485,1,32,100.0,49.0,12,0.63,59
兰州市,2017-09-11,93,良,0.1884102591518602,-0.016434752574750553,0,40,122.0,59.0,20,0.9,73
兰州市,2017-09-12,73,良,-0.7339104660377789,0.4313949461960965,1,30,94.0,40.0,8,0.7,53
兰州市,2017-09-13,68,良,-1.2361940322135418,0.1914972142751941,1,32,84.0,34.0,6,0.59,52
兰州市,2017-09-14,68,良,-0.721640232813271,-0.22617054904927247,0,39,83.0,41.0,9,0.81,49
兰州市,2017-09-15,71,良,-0.9147872194419742,0.10422312460824812,1,40,86.0,41.0,8,0.62,58
兰州市,2017-09-16,56,良,-1.822090219381912,0.3047458851391571,1,26,58.0,35.0,7,0.61,82
兰州市,2017-09-17,79,良,-0.8405737893299898,-0.1080609689270038,1,39,92.0,43.0,13,0.78,72
兰州市,2017-09-18,63,良,-0.365905391955829,-0.3236475065832815,0,39,73.0,46.0,11,0.73,40
兰州市,2017-09-19,56,良,-1.0415151539817662,-0.4210970724533792,1,37,60.0,45.0,6,0.65,49
兰州市,2017-09-20,72,良,-0.35240299053938556,-0.5352490684901106,0,43,89.0,53.0,10,0.9,54
兰州市,2017-09-21,71,良,-0.396719980924157,-0.18240181970200892,0,38,88.0,50.0,10,0.79,53
兰州市,2017-09-22,74,良,0.19781654639061208,-0.5040493023740689,0,39,96.0,51.0,20,0.94,52
兰州市,2017-09-23,63,良,-0.6064581585538711,-0.37944072702226134,0,31,74.0,42.0,9,0.73,36
兰州市,2017-09-24,74,良,-0.31756366886995097,-0.32434587832548945,0,40,96.0,47.0,10,0.86,47
兰州市,2017-09-25,93,良,0.15922120512712593,0.5696213597642934,0,50,134.0,43.0,12,0.84,58
兰州市,2017-09-26,69,良,-0.9461444887146394,1.0809482649046358,1,39,87.0,29.0,5,0.52,60
兰州市,2017-09-27,70,良,-1.0430574873850604,0.311503215778853,1,36,82.0,39.0,9,0.63,70
兰州市,2017-09-28,82,良,-0.1758782843779785,0.0007686806224581256,0,37,110.0,55.0,15,0.73,67
兰州市,2017-09-29,76,良,-0.06595902614320273,-0.09993851846915798,0,33,100.0,51.0,15,0.71,49
兰州市,2017-09-30,75,良,-0.3597993177262985,0.10767337040793797,0,36,97.0,45.0,13,0.79,60
兰州市,2017-10-01,107,轻度污染,0.07216581937896997,1.2238809448365031,3,53,157.0,47.0,12,0.7,83
兰州市,2017-10-02,115,轻度污染,-0.4162724393911301,2.8527941938841357,3,50,178.0,17.0,6,0.33,75
兰州市,2017-10-03,56,良,-1.0260618200636058,1.2104337214839567,1,32,61.0,31.0,5,0.57,65
兰州市,2017-10-05,60,良,-0.9391471103433411,-0.47861563110162497,1,35,68.0,36.0,9,0.77,45
兰州市,2017-10-06,52,良,-1.1205485658250471,-0.6497573536866286,1,29,55.0,29.0,8,0.75,30
兰州市,2017-10-07,58,良,-1.3832370910692282,-0.4626913395290687,1,28,64.0,32.0,9,0.77,54
兰州市,2017-10-08,59,良,-2.189330357765597,0.5808064419198659,1,29,68.0,16.0,5,0.47,73
兰州市,2017-10-09,33,优,-2.568874004444093,-0.16675865672310813,1,19,30.0,21.0,4,0.42,60
兰州市,2017-10-10,56,良,-1.469432338650974,-1.1012081041688353,1,39,54.0,35.0,9,0.74,45
兰州市,2017-10-11,78,良,0.02655735725620998,-0.6548247768799883,0,57,83.0,40.0,16,0.98,40
兰州市,2017-10-12,72,良,0.1977260041240859,-0.3802811377025834,0,46,91.0,50.0,12,0.96,37
兰州市,2017-10-13,78,良,1.055852731859938,-0.973853295779974,0,51,99.0,55.0,18,1.2,21
兰州市,2017-10-14,72,良,0.4855942448380748,-0.3983547799457686,0,51,83.0,51.0,12,1.08,37
兰州市,2017-10-15,98,良,2.106233466823014,-0.6483710655004701,0,69,129.0,66.0,17,1.51,28
兰州市,2017-10-16,62,良,0.24785653512557942,0.12274850169579443,0,38,72.0,42.0,8,0.95,30
兰州市,2017-10-17,40,优,-1.0740464745115617,-0.6515769898115441,1,25,38.0,33.0,6,0.93,39
兰州市,2017-10-18,59,良,-0.5893751063852862,-0.9648286352654345,0,38,69.0,46.0,10,0.98,48
兰州市,2017-10-19,70,良,0.3126910675056565,-0.8430211450099571,0,43,89.0,55.0,11,1.15,37
兰州市,2017-10-20,72,良,0.3202427545152168,-0.46267949655996377,0,44,92.0,46.0,12,1.06,33
兰州市,2017-10-21,79,良,0.2681715139219353,-0.3299836684911114,0,39,107.0,49.0,12,0.97,36
兰州市,2017-10-22,90,良,1.6760381435602199,-0.8438151169774168,0,48,129.0,61.0,20,1.67,31
兰州市,2017-10-23,73,良,0.5467705254683778,-0.3665759576115613,0,37,94.0,49.0,12,1.44,38
兰州市,2017-10-24,60,良,0.05858441792869212,-0.9983478111543852,0,34,66.0,44.0,11,1.14,18
兰州市,2017-10-25,61,良,-0.012858092863272786,-1.0674281901498721,0,39,69.0,45.0,13,1.13,29
兰州市,2017-10-26,82,良,1.124522323818027,-1.0581635859233853,0,50,111.0,66.0,16,1.47,40
兰州市,2017-10-27,91,良,1.2113534352910769,0.06785325890876477,0,54,131.0,53.0,16,1.5,54
兰州市,2017-10-28,69,良,-0.7710186341675477,0.5783233432560081,1,26,86.0,33.0,12,0.62,59
兰州市,2017-10-29,83,良,0.1450679318656643,-0.1751216534583747,0,41,114.0,44.0,14,0.85,39
兰州市,2017-10-30,91,良,1.9139200821256974,-0.7475719982888895,0,52,129.0,60.0,19,1.73,26
兰州市,2017-10-31,94,良,2.6319356740696365,-0.8046758089693614,2,56,137.0,69.0,24,1.79,25
兰州市,2017-11-01,103,轻度污染,3.5066164890556224,-0.8412334345203986,2,65,151.0,80.0,29,2.1,35
兰州市,2017-11-02,97,良,3.0315305671805675,-0.4409850063977442,2,57,143.0,72.0,27,1.94,39
兰州市,2017-11-03,122,轻度污染,3.5602782186335986,-0.233373588007169,2,59,192.0,70.0,30,2.03,35
兰州市,2017-11-04,118,轻度污染,4.564924590540446,-0.031855958434602,2,68,184.0,75.0,36,2.17,32
兰州市,2017-11-05,106,轻度污染,4.123753216641103,0.07311251465251331,2,73,158.0,78.0,27,2.14,39
兰州市,2017-11-06,92,良,2.5427569663290366,0.29076674543502806,2,55,132.0,56.0,25,1.54,42
兰州市,2017-11-07,86,良,2.2555005544023916,-0.28728854030919926,2,50,119.0,67.0,25,1.37,43
兰州市,2017-11-08,102,轻度污染,3.9519582162947886,-1.1436181687389713,2,62,153.0,81.0,33,2.13,26
兰州市,2017-11-09,109,轻度污染,1.2766839613803127,1.3802326117997161,3,45,165.0,40.0,16,0.81,46
兰州市,2017-11-10,93,良,1.5392050303270026,0.6402120699278754,0,41,134.0,47.0,18,1.1,35
兰州市,2017-11-11,98,良,2.804456613346159,-0.22237208804706168,2,61,143.0,58.0,26,1.84,35
兰州市,2017-11-12,76,良,0.8827817139176674,0.2045418489458832,0,39,100.0,45.0,19,1.17,48
兰州市,2017-11-13,75,良,0.8418434135750926,-0.5721045328618076,0,38,97.0,52.0,22,1.21,46
兰州市,2017-11-14,84,良,1.862966739791661,-1.0503898743034945,0,47,116.0,67.0,26,1.42,34
兰州市,2017-11-15,100,良,3.3604895262927106,-1.2361060157290078,2,61,147.0,74.0,32,2.04,24
兰州市,2017-11-16,118,轻度污染,4.5670005796166055,-0.589454101404803,2,82,176.0,78.0,34,2.34,29
兰州市,2017-11-17,88,良,2.7107245950764196,0.20640290856870686,2,59,121.0,52.0,30,1.37,29
兰州市,2017-11-18,80,良,2.2633040526048727,-0.9529122050395524,2,44,108.0,52.0,36,1.37,22
兰州市,2017-11-19,75,良,1.338886969090408,-0.6063606319466535,0,37,98.0,38.0,38,0.99,37
兰州市,2017-11-20,88,良,2.3228747161396077,-1.2006951250894726,2,45,124.0,66.0,30,1.43,22
兰州市,2017-11-21,75,良,1.6302031399575199,-0.6555521306127675,0,39,97.0,48.0,33,1.3,38
兰州市,2017-11-22,77,良,1.4073547519508265,-0.9589687842177629,0,39,103.0,62.0,28,1.18,40
兰州市,2017-11-23,90,良,2.7460687410582607,-1.5718276927456825,2,49,128.0,77.0,38,1.59,32
兰州市,2017-11-24,106,轻度污染,4.252581797689791,-1.5475399779286891,2,66,159.0,81.0,38,2.48,22
兰州市,2017-11-25,109,轻度污染,4.744242568510003,-1.1702390060720957,2,70,164.0,80.0,38,2.72,24
兰州市,2017-11-26,122,轻度污染,5.5447431142772485,-0.9628341218020504,2,82,183.0,90.5,38,2.9,29
兰州市,2017-11-27,113,轻度污染,5.265889997277043,-0.42401252008436535,2,81,168.0,81.0,38,2.45,25
兰州市,2017-11-28,94,良,3.677300177527137,-0.43945152322974745,2,55,133.0,67.0,38,1.69,27
兰州市,2017-11-29,95,良,3.5924206547653132,-0.8676386639365193,2,52,138.0,69.0,38,1.8,27
兰州市,2017-11-30,88,良,3.601259636883877,-1.2538343705455148,2,47,123.0,82.0,38,1.85,32
兰州市,2017-12-01,113,轻度污染,5.048383280091692,-1.2684070684385527,2,75,167.0,90.5,38,2.48,27
兰州市,2017-12-02,131,轻度污染,6.05154699950936,-0.5200549609482626,2,91,190.0,90.5,38,2.71,25
兰州市,2017-12-03,108,轻度污染,5.099464614778109,-0.04159560341472473,2,79,152.0,82.0,38,2.13,33
兰州市,2017-12-04,72,良,2.5657053090447213,-0.6146740267454239,2,41,93.0,65.0,34,1.42,36
兰州市,2017-12-05,76,良,2.537487132889233,-1.684365401824123,2,40,101.0,71.0,32,1.79,27
兰州市,2017-12-06,86,良,3.390366401362497,-1.48758457581487,2,56,120.0,66.0,38,2.05,25
兰州市,2017-12-07,72,良,2.3806020854885306,-1.1423382168551826,2,41,92.0,56.0,38,1.5,30
兰州市,2017-12-08,76,良,2.7585581594836635,-1.9111534876895044,2,43,100.0,64.0,38,1.93,21
兰州市,2017-12-09,96,良,3.3435320748792305,-1.4670621425990593,2,57,139.0,68.0,38,2.11,28
兰州市,2017-12-10,98,良,3.8994050433726475,-1.390582582647892,2,59,144.0,83.0,38,2.2,29
兰州市,2017-12-11,116,轻度污染,5.364153924112941,-1.3201504781688882,2,82,175.0,90.5,38,2.9,26
兰州市,2017-12-12,109,轻度污染,5.15795369678593,-0.7879921809793566,2,75,163.0,82.0,38,2.7,27
兰州市,2017-12-13,121,轻度污染,5.312953829107167,-0.42736721953721774,2,88,175.0,81.0,38,2.48,31
兰州市,2017-12-14,88,良,2.9455590281402886,0.26958553087252585,2,50,124.0,52.0,34,1.43,34
兰州市,2017-12-15,68,良,0.9557301914615508,0.03286773210821387,0,34,85.0,38.0,29,0.92,50
兰州市,2017-12-16,58,良,0.5725512013311378,-0.8409325436785637,0,30,66.0,45.0,25,1.03,42
兰州市,2017-12-17,93,良,3.825338027780286,-2.060424830209453,2,64,131.0,75.0,38,2.42,24
兰州市,2017-12-18,89,良,3.8956047251229804,-1.4535027366296427,2,60,121.0,70.0,38,2.37,22
兰州市,2017-12-19,104,轻度污染,4.6986525296650905,-1.6007460309820354,2,73,142.0,84.0,38,2.84,31
兰州市,2017-12-20,132,轻度污染,6.280771076082806,-1.389254828261079,2,91,185.0,90.5,38,3.68,25
兰州市,2017-12-21,141,轻度污染,7.212127602409801,-0.706466391737294,2,91,214.5,90.5,38,4.12,26
兰州市,2017-12-22,141,轻度污染,7.031534583520931,-0.3278460865400587,2,91,197.0,90.5,38,3.53,23
兰州市,2017-12-23,97,良,4.1194580686413,0.4042708416808805,2,50,141.0,64.0,38,1.78,34
兰州市,2017-12-24,115,轻度污染,5.1545914303650315,-0.9644484612794592,2,63,178.0,85.0,38,2.56,25
兰州市,2017-12-25,111,轻度污染,5.905290234909301,-0.8277597251834243,2,76,167.0,90.5,38,2.91,26
兰州市,2017-12-26,121,轻度污染,6.739065299877045,-1.0900108482252189,2,88,177.0,90.5,38,3.65,23
兰州市,2017-12-27,141,轻度污染,7.234274034277942,-0.6316010889049729,2,91,208.0,90.5,38,3.93,29
兰州市,2017-12-28,141,轻度污染,6.288845941110288,0.8679143129966391,2,91,214.5,77.0,38,2.51,32
兰州市,2017-12-29,141,轻度污染,3.4845901878984566,3.226814881713751,3,91,214.5,43.0,13,0.96,44
兰州市,2017-12-30,141,轻度污染,5.294069859720145,1.7791130539949715,2,91,214.5,65.0,22,1.93,23
兰州市,2017-12-31,141,轻度污染,6.6965701342377315,0.8118317541631744,2,91,214.5,79.0,38,2.61,26
兰州市,2018-01-01,141,轻度污染,6.854127387140881,0.768200491581235,2,91,214.5,90.0,38,2.74,40
兰州市,2018-01-02,89,良,1.8236734334201736,2.113655083470074,3,37,125.0,35.0,20,0.78,51
兰州市,2018-01-03,96,良,2.601509800664891,0.35091310456659364,2,65,115.0,46.0,25,1.32,35
兰州市,2018-01-04,125,轻度污染,3.9609329522264556,0.18876700207288424,2,91,130.0,60.0,20,2.01,23
兰州市,2018-01-05,110,轻度污染,3.313224089215918,1.0478010016163857,2,82,112.0,46.0,14,1.82,24
兰州市,2018-01-06,91,良,1.6453576529770064,1.4728812051750448,3,67,95.0,28.0,16,1.22,52
兰州市,2018-01-07,69,良,-0.0255992756591261,1.2881423604467916,3,38,87.0,21.0,17,0.67,68
兰州市,2018-01-08,83,良,2.1736637952533484,-0.8857317724712978,0,50,114.0,59.0,28,1.66,40
兰州市,2018-01-09,101,轻度污染,4.575612139247764,-1.354722598240309,2,73,142.0,81.0,38,2.5,31
兰州市,2018-01-10,110,轻度污染,5.409316255387073,-1.2158692134408808,2,79,151.0,90.5,38,2.83,30
兰州市,2018-01-11,114,轻度污染,5.657799129389592,-1.0380560021146183,2,85,151.0,90.0,38,2.88,28
兰州市,2018-01-12,130,轻度污染,6.399014535042211,-1.0309002230487296,2,91,172.0,90.5,38,3.4,24
兰州市,2018-01-13,140,轻度污染,6.169852173745063,0.04825405990491332,2,91,187.0,83.0,38,2.96,37
兰州市,2018-01-14,117,轻度污染,5.767888325173491,0.4243520523987783,2,82,173.0,74.0,38,2.49,30
兰州市,2018-01-15,113,轻度污染,3.742847847654302,0.9562135543202631,2,73,144.0,53.0,29,1.6,40
兰州市,2018-01-16,109,轻度污染,5.368444871628438,-0.47700296030805056,2,67,165.0,84.0,38,2.63,36
兰州市,2018-01-17,124,轻度污染,1.7244623805221542,1.8106098048633559,3,42,169.0,38.0,19,0.83,53
兰州市,2018-01-18,99,良,4.68243578174837,-0.38880916220898737,2,60,146.0,75.0,38,2.1,22
兰州市,2018-01-19,113,轻度污染,5.218473066014237,-0.7054497174913121,2,79,170.0,78.0,38,2.65,30
兰州市,2018-01-20,91,良,4.082499597970577,-0.6024331903073783,2,61,128.0,72.0,38,1.95,28
兰州市,2018-01-21,85,良,3.014943768830718,-0.8889273702947323,2,49,119.0,61.0,38,1.69,31
兰州市,2018-01-22,94,良,3.093261524311365,-0.8341479612601341,2,53,135.0,62.0,38,1.85,39
兰州市,2018-01-23,94,良,3.21414779091812,-0.6084700219001372,2,57,136.0,62.0,38,1.78,38
兰州市,2018-01-24,92,良,2.941753613592099,-0.33672260787318653,2,62,128.0,56.0,32,1.56,29
兰州市,2018-01-25,102,轻度污染,2.6211855315520523,0.3234425576570117,2,73,129.0,46.0,29,1.38,40
兰州市,2018-01-26,123,轻度污染,4.181175603340746,-0.083538009360619,2,91,135.0,59.0,35,2.13,37
兰州市,2018-01-27,105,轻度污染,2.4791731871530165,1.5104239025166044,3,78,113.0,32.0,28,1.28,56
兰州市,2018-01-28,72,良,0.4335769704099521,1.23322827000348,3,38,92.0,24.0,19,0.73,56
兰州市,2018-01-29,83,良,1.7136467987830968,-0.15842111335635528,0,56,110.0,43.0,24,1.32,39
兰州市,2018-01-30,75,良,0.6210298871112965,0.6057249801914338,0,41,98.0,25.0,28,0.72,56
兰州市,2018-01-31,110,轻度污染,3.2387860207643464,-0.5109455528252267,2,60,169.0,62.0,30,1.91,33
兰州市,2018-02-01,91,良,2.6601330551658053,0.26150814716501475,2,53,131.0,50.0,32,1.6,45
兰州市,2018-02-02,75,良,0.33897649377350547,0.39706289683078283,0,35,97.0,38.0,17,1.03,55
兰州市,2018-02-03,83,良,1.7375418373408624,-0.6428943462231878,0,53,115.0,50.0,27,1.62,42
兰州市,2018-02-04,83,良,2.2054132046263444,-0.6927928711191632,2,56,114.0,59.0,29,1.63,41
兰州市,2018-02-05,105,轻度污染,3.817763873291609,-0.9772129839517951,2,77,140.0,70.0,38,2.19,40
兰州市,2018-02-06,97,良,3.770760609459125,-0.5154504650749068,2,71,127.0,70.0,38,1.95,42
兰州市,2018-02-07,93,良,3.6243885020397073,-0.8346567248211965,2,61,134.0,72.0,38,1.87,34
兰州市,2018-02-08,91,良,3.2260225484554064,-0.6663297271072761,2,60,128.0,62.0,33,2.02,36
兰州市,2018-02-09,141,轻度污染,1.6466842374698514,3.1880706093620357,3,91,214.5,21.0,12,0.67,73
兰州市,2018-02-10,81,良,0.3919367849966615,2.4086515460516016,3,32,111.0,26.0,11,0.72,68
兰州市,2018-02-11,91,良,2.6595238590674164,-0.4974681949763366,2,51,130.0,53.0,38,1.58,45
兰州市,2018-02-12,85,良,3.2450391010045108,-1.0058653130110977,2,53,119.0,67.0,38,1.99,40
兰州市,2018-02-13,106,轻度污染,4.817362055984234,-1.4569067263515916,2,78,147.0,86.0,38,2.83,38
兰州市,2018-02-14,95,良,3.5416023691614127,-0.4347065661178988,2,62,127.0,66.0,36,1.94,40
兰州市,2018-02-15,75,良,2.6710890430791823,-0.8521699950002808,2,47,98.0,58.0,38,1.79,43
兰州市,2018-02-16,100,良,3.385467509019001,-0.8586336622479442,2,71,139.0,65.0,38,2.1,50
兰州市,2018-02-17,84,良,0.18587327553125177,1.542750289423701,3,39,115.0,25.0,20,0.76,78
兰州市,2018-02-18,64,良,-0.25577508293971624,0.5640785240209473,0,32,75.0,22.0,23,0.8,68
兰州市,2018-02-19,72,良,0.12474321842236782,0.07391141142519281,0,43,90.0,30.0,21,1.1,64
兰州市,2018-02-20,63,良,-0.8874614481813635,0.6369302431747099,1,35,75.0,18.0,21,0.67,79
兰州市,2018-02-21,51,良,-0.7565618810644709,-0.37465001771047146,0,34,51.0,29.0,20,0.93,65
兰州市,2018-02-22,68,良,1.1456940667765765,-1.69398762740246,0,47,78.0,60.0,31,1.55,52
兰州市,2018-02-23,75,良,0.5451987148855232,-0.7469783597149251,0,39,98.0,44.0,26,1.21,48
兰州市,2018-02-24,128,轻度污染,1.7833398281777137,0.32744498575793285,0,50,203.0,49.0,27,1.3,50
兰州市,2018-02-25,95,良,3.0687053779886866,0.006510614958182547,2,53,138.0,69.0,36,1.9,58
兰州市,2018-02-26,85,良,2.564428734113674,-0.8070537369635874,2,53,118.0,64.0,38,1.64,46
兰州市,2018-02-27,85,良,1.7060620023976447,-0.40953421511321164,0,60,104.0,60.0,18,1.62,44
兰州市,2018-02-28,75,良,1.779587146407793,-0.6528001513418132,0,49,93.0,55.0,32,1.7,60
兰州市,2018-03-01,64,良,0.8648059814554584,-1.0079575728881953,0,32,76.0,56.0,30,1.26,56
兰州市,2018-03-02,89,良,3.0243512784380857,-1.819835194780563,2,57,119.0,78.0,38,2.13,46
兰州市,2018-03-03,95,良,1.8387861708924247,-0.012196694268980145,0,47,136.0,48.0,31,1.44,53
兰州市,2018-03-04,66,良,-0.5024966927593735,0.8594811491733366,0,34,80.0,33.0,12,0.78,70
兰州市,2018-03-05,59,良,-0.44596471064617293,-0.3936521814404758,0,35,65.0,41.0,14,0.98,57
兰州市,2018-03-06,68,良,0.44808761206430464,-0.9038306468328916,0,47,80.0,51.0,19,1.28,50
兰州市,2018-03-07,119,轻度污染,0.9094136981156296,0.8056954968931808,3,53,187.0,42.0,18,0.91,56
兰州市,2018-03-08,90,良,1.7185454258935775,0.3834794009001657,0,42,128.0,61.0,22,1.29,50
兰州市,2018-03-09,83,良,2.1559004722786614,-0.9344396892635658,0,46,115.0,69.0,31,1.71,48
兰州市,2018-03-10,82,良,1.5720134172507754,-0.7125578015368151,0,47,108.0,71.0,26,1.49,61
兰州市,2018-03-11,86,良,2.4139726680889577,-0.919302666634012,2,55,120.0,74.0,34,1.7,59
兰州市,2018-03-12,93,良,2.4305694885726212,-0.5194848633068209,2,57,132.0,78.0,29,1.63,63
兰州市,2018-03-13,84,良,2.2610304498273197,-0.6661631015817451,2,49,115.0,74.0,30,1.5,52
兰州市,2018-03-14,86,良,2.1204243790486275,-0.9874087329438497,0,44,109.0,76.0,36,1.49,63
兰州市,2018-03-15,141,轻度污染,1.76104224000181,1.377498137148297,3,58,214.5,50.0,19,0.97,59
兰州市,2018-03-16,141,轻度污染,2.5611628495528853,2.7286779631299263,3,66,214.5,51.0,22,1.11,80
兰州市,2018-03-17,141,轻度污染,2.0726473981038906,4.050116575197731,3,89,214.5,25.0,16,0.66,85
兰州市,2018-03-18,141,轻度污染,2.0275994099460157,3.63280954320986,3,72,214.5,30.0,16,0.66,74
兰州市,2018-03-19,141,轻度污染,3.0473684876174003,2.737806911515093,3,73,214.5,47.0,18,1.17,57
兰州市,2018-03-20,141,轻度污染,2.0020571978365407,3.709623487195699,3,71,214.5,32.0,7,0.84,68
兰州市,2018-03-21,141,轻度污染,2.4076043069429653,3.1477167352181774,3,61,214.5,46.0,13,0.89,67
兰州市,2018-03-22,97,良,2.738443110434207,1.099018513551762,2,43,141.0,64.0,22,1.33,46
兰州市,2018-03-23,76,良,0.839932568467026,0.5049867347400818,0,34,101.0,53.0,17,0.92,59
兰州市,2018-03-24,78,良,0.44995145132676806,-0.028590813597682174,0,32,103.0,55.0,18,1.03,66
兰州市,2018-03-25,89,良,0.9423697542426656,0.16027254022782803,0,44,123.0,59.0,22,1.13,75
兰州市,2018-03-26,141,轻度污染,2.7179013874554188,0.6091879109869163,2,61,214.5,70.0,24,1.35,53
兰州市,2018-03-27,123,轻度污染,3.2425475133582635,1.3078794636000828,2,58,195.0,70.0,28,1.52,60
兰州市,2018-03-28,103,轻度污染,2.4679849782327383,0.6811567531510225,2,52,154.0,67.0,31,1.33,66
兰州市,2018-03-29,118,轻度污染,1.2841992646391363,1.2822030470454588,3,44,183.0,55.0,16,1.09,68
兰州市,2018-03-30,141,轻度污染,0.9186943782231355,3.390910761090368,3,68,214.5,25.0,7,0.54,73
兰州市,2018-03-31,141,轻度污染,2.031884930235671,3.037451924281443,3,63,214.5,37.0,12,0.88,57
兰州市,2018-04-01,123,轻度污染,2.4895818442286513,2.166435399420233,3,56,194.0,58.0,16,1.19,61
兰州市,2018-04-02,109,轻度污染,2.229715687428797,1.3996764265656119,3,52,163.0,63.0,24,1.4,83
兰州市,2018-04-03,141,轻度污染,0.9851732189879697,3.2371447700107003,3,66,214.5,25.0,9,0.54,74
兰州市,2018-04-04,141,轻度污染,2.7603830733119374,3.4306130948318025,3,91,214.5,38.0,16,0.66,59
兰州市,2018-04-05,141,轻度污染,1.3668113372138353,4.579447974640653,3,78,214.5,14.0,5,0.58,83
兰州市,2018-04-05,141,轻度污染,1.3998761448209172,4.598496478253902,3,78,214.5,14.0,5,0.58,83
兰州市,2018-04-06,141,轻度污染,1.1161269553738333,3.9769084349772017,3,50,214.5,23.0,7,0.6,79
兰州市,2018-04-07,97,良,2.327392748016239,1.4322146163227647,3,43,142.0,60.0,20,1.21,56
兰州市,2018-04-08,103,轻度污染,2.436320285889835,0.2997980065202009,2,48,149.0,69.0,25,1.42,59
兰州市,2018-04-09,141,轻度污染,2.8944695813118964,1.8961685044251584,3,74,214.5,53.0,23,1.2,66
兰州市,2018-04-10,141,轻度污染,2.95544900847978,3.2698609228783986,3,91,214.5,45.0,11,0.82,52
兰州市,2018-04-11,141,轻度污染,3.1985073143034892,2.3200632108478776,3,64,214.5,58.0,22,1.11,56
兰州市,2018-04-12,118,轻度污染,2.3757327848794336,2.327596993587508,3,64,182.0,54.0,10,0.89,44
兰州市,2018-04-13,94,良,-0.272411859471616,2.9706199895536685,3,44,137.0,19.0,5,0.4,82
兰州市,2018-04-14,93,良,0.295684526932738,1.7213505749548226,3,47,133.0,42.0,7,0.74,77
兰州市,2018-04-15,92,良,1.28008584255335,0.8096482377251685,3,52,124.0,61.0,15,1.0,69
兰州市,2018-04-16,97,良,1.336600748586656,0.43788550526269193,0,48,120.0,69.0,16,1.19,73
兰州市,2018-04-17,101,轻度污染,1.7935515115071932,0.13564683105472525,0,46,129.0,78.0,26,1.28,81
兰州市,2018-04-18,99,良,1.3532357361109941,0.8391419818847048,3,47,142.0,63.0,24,1.08,85
兰州市,2018-04-19,83,良,-0.7555642118263399,2.062377054748746,3,49,102.0,35.0,7,0.63,108
兰州市,2018-04-20,105,轻度污染,-0.16885331850624138,2.238197200313533,3,64,148.0,37.0,5,0.7,102
兰州市,2018-04-21,89,良,0.7293812364380163,1.0296087685052373,3,45,127.0,55.0,11,0.8,60
兰州市,2018-04-22,78,良,-0.00702566615202812,0.655876111988718,0,36,104.0,44.0,15,0.79,69
兰州市,2018-04-23,58,良,-1.5937449631516347,1.0638794559508666,1,33,70.0,19.0,4,0.51,71
兰州市,2018-04-24,41,优,-2.181644126306519,0.06198275315933331,1,23,35.0,27.0,5,0.52,74
兰州市,2018-04-25,64,良,-0.923266532870251,-0.5614044518726469,1,40,75.0,46.0,12,0.66,64
兰州市,2018-04-26,74,良,-0.9663490657244813,0.35058090017423044,1,35,96.0,39.0,12,0.63,76
兰州市,2018-04-27,83,良,-0.25689754776041407,0.34060573300801017,0,43,109.0,49.0,15,0.84,78
兰州市,2018-04-28,85,良,-0.3122951186530694,0.39836970871754923,0,40,104.0,56.0,11,0.8,77
兰州市,2018-04-29,85,良,-0.3858020604900293,0.7185480968568381,0,39,117.0,49.0,9,0.83,76
兰州市,2018-04-30,57,良,-2.2522399974938505,1.2119024933120461,1,28,54.0,23.0,4,0.45,96
兰州市,2018-05-01,75,良,-1.3918380460933493,0.551236499183792,1,37,97.0,33.0,10,0.51,82
兰州市,2018-05-02,94,良,-0.5104558435191898,0.9426628983780009,3,39,136.0,45.0,12,0.69,86
兰州市,2018-05-03,87,良,-0.29736221815016817,0.9781839708096273,3,38,116.0,50.0,12,0.78,86
兰州市,2018-05-04,114,轻度污染,-0.5854429127374161,2.2362370712728787,3,51,166.0,28.0,5,0.64,91
兰州市,2018-05-05,73,良,-1.8687973583039996,2.3950737608172523,1,31,84.0,19.0,4,0.36,106
兰州市,2018-05-06,59,良,-1.7831442106266109,0.41468797680890673,1,27,59.0,37.0,5,0.64,84
兰州市,2018-05-07,77,良,-1.9576981619196678,0.5784880000153396,1,28,74.0,40.0,9,0.7,115
兰州市,2018-05-08,60,良,-1.8479464149321325,0.5765331453057264,1,26,65.0,33.0,4,0.55,78
兰州市,2018-05-09,87,良,-1.4875797925986254,1.052890748115872,1,41,120.0,23.0,4,0.56,75
兰州市,2018-05-10,44,优,-1.8510609271960088,0.44306969184310907,1,25,44.0,27.0,4,0.6,65
兰州市,2018-05-11,76,良,-1.646130219210442,-0.14627544928447944,1,35,80.0,43.0,10,0.73,91
兰州市,2018-05-12,94,良,-0.21233397900536133,0.6226377019582069,0,43,132.0,54.0,16,0.87,93
兰州市,2018-05-13,122,轻度污染,1.5035619942675666,0.7770697949246747,3,55,182.0,65.0,21,1.09,71
兰州市,2018-05-14,93,良,0.1267157846111995,1.5649789918998103,3,42,113.0,50.0,14,0.88,94
兰州市,2018-05-15,91,良,-0.41535806145022036,1.5569309061306529,3,44,129.0,37.0,10,0.7,87
兰州市,2018-05-16,141,轻度污染,0.4143434838837411,3.057862226918595,3,75,214.5,24.0,6,0.43,79
兰州市,2018-05-17,97,良,0.38693641357043007,2.7295054636733758,3,46,142.0,31.0,10,0.52,73
兰州市,2018-05-18,126,轻度污染,0.03481227322265939,2.6879955653946905,3,55,174.0,30.0,9,0.58,97
兰州市,2018-05-19,108,轻度污染,0.07760449398181246,3.4436278870699826,3,63,150.0,23.0,5,0.51,97
兰州市,2018-05-20,65,良,-0.453500643847138,1.1711043498547802,3,32,77.0,38.0,10,0.6,71
兰州市,2018-05-21,70,良,-1.3946860644045906,1.1393563611277815,1,38,89.0,27.0,6,0.46,86
兰州市,2018-05-22,60,良,-1.6249691515572595,0.5365168233541184,1,22,59.0,33.0,11,0.58,92
兰州市,2018-05-23,67,良,-1.416259800412084,-0.017349720352722673,1,23,73.0,43.0,12,0.65,84
兰州市,2018-05-24,66,良,-1.347719164419039,0.1932229615871025,1,28,76.0,38.0,10,0.65,76
兰州市,2018-05-25,141,轻度污染,-0.17329130405219642,2.247086110916176,3,58,214.5,28.0,13,0.58,98
兰州市,2018-05-26,141,轻度污染,0.33423779649316754,4.324997862753293,3,68,214.5,27.0,6,0.56,116
兰州市,2018-05-27,124,轻度污染,1.6359197754160681,2.48433776100769,3,57,195.0,54.0,15,0.82,74
兰州市,2018-05-28,100,良,0.9643998753814205,1.3394855899061286,3,41,136.0,58.0,22,0.84,84
兰州市,2018-05-29,79,良,-0.11703665484718422,0.6781837274602605,0,30,100.0,52.0,16,0.58,72
兰州市,2018-05-30,86,良,-0.39087900109396573,0.42211383066441605,0,31,95.0,51.0,20,0.66,91
兰州市,2018-05-31,67,良,-1.4238051472401223,1.1164800218566377,1,25,82.0,35.0,8,0.49,91
兰州市,2018-06-01,73,良,-1.8458349907315188,1.025672543904634,1,31,79.0,34.0,8,0.6,112
兰州市,2018-06-02,92,良,-0.6396092097791242,0.8307802355379479,1,35,130.0,37.0,14,0.95,90
兰州市,2018-06-03,71,良,-1.9614851801423603,1.6956073183535627,1,34,82.0,20.0,5,0.5,100
兰州市,2018-06-04,63,良,-1.0322578179318762,-0.3905285014390034,1,26,69.0,47.0,13,0.89,70
兰州市,2018-06-05,97,良,-0.4873415081596705,-0.32488214243056635,0,34,95.0,61.0,21,1.0,99
兰州市,2018-06-06,86,良,-0.22065923511236255,0.6754506427448096,0,39,110.0,46.0,13,0.74,66
兰州市,2018-06-07,68,良,-0.6088020024037104,0.3004633722681548,0,37,83.0,44.0,14,0.64,67
兰州市,2018-06-08,57,良,-2.149512328789152,0.25540616134561656,1,24,45.0,30.0,8,0.59,87
兰州市,2018-06-09,75,良,-1.8992875139427785,-0.11430268645805834,1,23,54.0,38.0,16,0.77,104
兰州市,2018-06-10,78,良,-1.841145224603842,0.45303877238319334,1,24,62.0,40.0,14,0.65,109
兰州市,2018-06-11,91,良,-1.418110632807879,0.41659282661986646,1,27,72.0,47.0,16,0.78,112
兰州市,2018-06-12,102,轻度污染,-0.799762255039176,0.7626566630225243,1,31,95.0,48.0,22,0.81,115
兰州市,2018-06-13,78,良,-1.482837170842168,1.1930192445872252,1,27,82.0,41.0,10,0.64,105
兰州市,2018-06-14,97,良,-1.236368627552276,0.47059122405853415,1,29,89.0,50.0,19,0.68,113
兰州市,2018-06-15,61,良,-2.110216141695539,1.2464483902248926,1,27,60.0,25.0,6,0.61,99
兰州市,2018-06-16,65,良,-2.0997822933524968,0.28177185287283,1,28,63.0,32.0,10,0.69,98
兰州市,2018-06-17,82,良,0.16831764252296755,-0.7193628027364656,0,38,104.0,62.0,24,1.11,75
兰州市,2018-06-18,72,良,-0.6042631596603038,-0.04017062363445486,0,36,75.0,55.0,13,0.96,81
兰州市,2018-06-19,71,良,-0.7420964184393585,-0.1579349791366509,0,35,77.0,51.0,14,0.98,82
兰州市,2018-06-20,92,良,-1.5909671571501913,0.4214250875793249,1,29,70.0,45.0,12,0.79,110
兰州市,2018-06-21,65,良,-1.6641959791705438,0.8421880559906031,1,27,59.0,36.0,9,0.77,101
兰州市,2018-06-22,89,良,-1.2357232726270735,0.2716503279144163,1,32,87.0,49.0,15,0.75,105
兰州市,2018-06-23,75,良,-1.9334852057045735,1.1945893977675588,1,26,71.0,35.0,9,0.52,111
兰州市,2018-06-24,75,良,-2.158912271275546,1.4226465593461448,1,31,92.0,18.0,7,0.5,102
兰州市,2018-06-25,55,良,-1.3977897209543584,0.06922097399859138,1,30,60.0,41.0,10,0.86,83
兰州市,2018-06-26,64,良,-1.7095759673957862,-0.29938338619598764,1,27,66.0,39.0,10,0.73,77
兰州市,2018-06-27,50,优,-2.3014871592676753,-0.13098507637444595,1,18,45.0,28.0,8,0.58,73
兰州市,2018-06-28,57,良,-2.595683985244302,-0.22152281042824798,1,19,45.0,31.0,8,0.65,91
兰州市,2018-06-29,64,良,-2.1691025836571716,-0.10036006825900204,1,22,62.0,34.0,11,0.63,88
兰州市,2018-06-30,64,良,-2.0867064098692722,-0.18182166449229495,1,20,55.0,37.0,10,0.74,86
兰州市,2018-07-01,45,优,-2.449092167065197,-0.1696875950757394,1,21,41.0,26.0,6,0.58,69
兰州市,2018-07-02,43,优,-2.5951705159132366,-0.6834843866638259,1,21,40.0,32.0,5,0.65,70
兰州市,2018-07-03,53,良,-1.4043621628716563,-1.366169084255192,1,30,54.0,44.0,13,0.88,52
兰州市,2018-07-04,52,良,-2.5381302427985437,-0.44185666938867246,1,19,38.0,32.0,9,0.77,88
兰州市,2018-07-05,61,良,-1.5950370595861072,-0.9356609953548292,1,24,60.0,44.0,11,0.9,65
兰州市,2018-07-06,54,良,-1.9931351515421492,-0.3920291148706469,1,23,52.0,34.0,10,0.79,75
兰州市,2018-07-07,55,良,-1.5587488046141693,-0.7749197177212546,1,28,58.0,40.0,11,0.87,64
兰州市,2018-07-08,43,优,-1.9485975456090199,-0.863213422375434,1,24,38.0,37.0,8,0.69,56
兰州市,2018-07-09,75,良,-2.585156470498298,-0.1780550514181933,1,28,45.0,33.0,8,0.71,102
兰州市,2018-07-10,45,优,-1.569687613114689,-0.7229101537133253,1,19,44.0,39.0,8,0.78,46
兰州市,2018-07-11,73,良,-2.027016695082696,-0.31039374706923517,1,29,68.0,40.0,9,0.76,90
兰州市,2018-07-12,88,良,-0.9698217444631596,0.16244850218795903,1,34,87.0,46.0,20,0.8,98
兰州市,2018-07-13,87,良,-1.1587482127208808,0.42572400789614673,1,26,82.0,43.0,15,0.79,91
兰州市,2018-07-14,52,良,-1.4742182363906744,-0.04428760954793209,1,20,53.0,29.0,17,0.54,61
兰州市,2018-07-15,141,轻度污染,-0.37677248564893767,2.1872760858504887,3,73,214.5,25.0,7,0.55,91
兰州市,2018-07-16,93,良,-0.3385274868123566,1.9623086680741033,3,37,96.0,48.0,8,0.81,97
兰州市,2018-07-17,73,良,-0.7634993314240697,0.4494106044075284,1,27,86.0,46.0,11,0.71,71
兰州市,2018-07-18,44,优,-2.109347612602421,0.1362703981906117,1,19,43.0,22.0,6,0.56,62
兰州市,2018-07-19,65,良,-2.5380594450575282,0.13710708435954427,1,27,50.0,25.0,8,0.66,100
兰州市,2018-07-20,48,优,-2.298234603600101,0.1412097350554519,1,24,40.0,26.0,5,0.52,74
兰州市,2018-07-21,61,良,-1.9594007519453964,-0.4978085789584941,1,22,52.0,41.0,7,0.9,84
兰州市,2018-07-22,79,良,-1.5409539270282853,-0.2599417810201731,1,28,69.0,45.0,11,0.84,85
兰州市,2018-07-23,47,优,-2.435614575922558,0.20571961514799825,1,19,35.0,33.0,6,0.58,87
兰州市,2018-07-24,85,良,-1.8791231110595628,-0.33628335588192165,1,32,68.0,50.0,7,0.88,98
兰州市,2018-07-25,83,良,-1.2458552950074293,0.3014409929243264,1,27,79.0,47.0,11,0.87,90
兰州市,2018-07-26,63,良,-1.717593357124248,0.5542864576271381,1,30,69.0,31.0,6,0.67,76
兰州市,2018-07-27,60,良,-1.9787560724258104,0.17694974264096955,1,31,65.0,29.0,5,0.63,72
兰州市,2018-07-28,48,优,-2.5666990806947925,0.0041398374573255155,1,20,45.0,22.0,4,0.58,71
兰州市,2018-07-29,67,良,-2.385196908700348,0.279929246651508,1,27,81.0,19.0,5,0.61,77
兰州市,2018-07-30,54,良,-2.477670883876401,0.27726401186938987,1,20,53.0,23.0,4,0.6,77
兰州市,2018-07-31,52,良,-2.5542901657177426,-0.11872171831657347,1,21,48.0,28.0,5,0.7,83
兰州市,2018-08-01,51,良,-2.520143076756858,-0.4135248183592543,1,18,49.0,29.0,4,0.61,66
兰州市,2018-08-02,39,优,-2.352513190936495,-0.8617223324885034,1,19,38.0,28.0,5,0.6,46
兰州市,2018-08-03,31,优,-2.647410736642818,-1.2921902911970844,1,15,30.0,24.0,4,0.64,37
兰州市,2018-08-04,60,良,-2.4089849969611317,-0.7811675510976727,1,27,58.0,37.0,5,0.88,81
兰州市,2018-08-05,90,良,-2.085172178730092,0.4210220320958947,1,31,80.0,41.0,9,0.83,116
兰州市,2018-08-06,73,良,-1.8465777680412354,1.2780590624711536,1,32,92.0,22.0,7,0.55,87
兰州市,2018-08-07,42,优,-2.371204747906825,0.049884854778250255,1,20,38.0,23.0,9,0.62,76
兰州市,2018-08-08,50,优,-2.77432541511298,-0.49253743207225076,1,20,38.0,29.0,4,0.9,88
兰州市,2018-08-09,69,良,-2.460040459128741,-0.1613481191780793,1,23,54.0,33.0,7,0.78,94
兰州市,2018-08-10,60,良,-2.5740552039119944,0.4075561552720301,1,24,44.0,29.0,4,0.65,96
兰州市,2018-08-11,74,良,-1.7963126042537758,-0.014521152029331902,1,29,68.0,38.0,10,0.89,93
兰州市,2018-08-12,65,良,-0.890881908296282,-0.3716077223920231,1,31,77.0,48.0,12,0.88,63
兰州市,2018-08-13,62,良,-2.322397427339737,0.344586312566526,1,30,51.0,32.0,5,0.72,97
兰州市,2018-08-14,56,良,-1.9447642409737969,-0.14351508907046046,1,27,54.0,30.0,8,0.79,74
兰州市,2018-08-15,54,良,-2.256559682586087,0.0663398347861215,1,28,59.0,25.0,4,0.64,72
兰州市,2018-08-16,50,优,-2.501454555245679,-0.0487785960183298,1,21,51.0,25.0,7,0.56,79
兰州市,2018-08-17,58,良,-2.19815410099271,-0.2653121152092028,1,22,58.0,32.0,11,0.69,86
兰州市,2018-08-18,77,良,-1.294925090491267,-0.0027398556430518984,1,34,81.0,38.0,20,0.83,99
兰州市,2018-08-19,91,良,-1.0369318770373248,0.5452521564828005,1,39,86.0,42.0,14,1.01,104
兰州市,2018-08-20,63,良,-1.2785288171710996,0.5180058013900442,1,28,71.0,33.0,12,0.77,78
兰州市,2018-08-21,45,优,-2.8072641338500817,0.19817622290441894,1,20,29.0,22.0,5,0.68,93
兰州市,2018-08-22,70,良,-2.5020527504699754,-0.141743469968042,1,25,52.0,35.0,6,0.76,99
兰州市,2018-08-23,87,良,-1.8785845389149265,0.40441501011385667,1,28,66.0,41.0,10,0.71,105
兰州市,2018-08-25,49,优,-1.9769380437315218,0.6501589575567441,1,26,49.0,28.0,7,0.71,88
兰州市,2018-08-27,52,良,-2.225939905198774,-0.14224273176768953,1,31,52.0,28.0,4,0.8,78
兰州市,2018-08-29,68,良,-1.9168172529685465,0.387891512488822,1,39,80.0,26.0,5,0.87,88
兰州市,2018-08-31,53,良,-1.3596477659313633,-0.2766353408003572,1,35,53.0,30.0,6,0.98,54
兰州市,2018-09-02,41,优,-2.2555157883762287,-0.5588788855010746,1,18,40.0,28.0,8,0.64,63
兰州市,2018-09-03,70,良,-2.4014435705629293,-0.08033922098368271,1,27,61.0,37.0,7,0.67,101
兰州市,2018-09-04,46,优,-1.4219435902333553,-0.8451523154855141,1,20,46.0,42.0,8,0.66,39
兰州市,2018-09-05,43,优,-1.9271904779931572,-1.0029480251397496,1,23,43.0,41.0,7,0.7,57
兰州市,2018-09-06,54,良,-1.9640946770600287,-0.9455208785544859,1,21,57.0,34.0,10,0.49,48
兰州市,2018-09-07,55,良,-1.7454139422967163,-0.8900381763077284,1,21,60.0,36.0,10,0.52,42
兰州市,2018-09-08,58,良,-1.584037860964657,-1.0318525646148402,1,19,64.0,39.0,11,0.82,48
兰州市,2018-09-09,45,优,-2.377563764051849,-0.5135147827194674,1,20,44.0,28.0,5,0.51,53
兰州市,2018-09-10,56,良,-1.682055522558774,-1.1057570908657057,1,27,59.0,40.0,8,0.84,50
兰州市,2018-09-11,53,良,-1.9497337119151945,-0.6748733135630194,1,24,55.0,35.0,6,0.64,51
兰州市,2018-09-12,65,良,-1.9648418546341395,-0.5948801544363475,1,23,55.0,38.0,15,0.59,78
兰州市,2018-09-13,44,优,-2.1563474395259483,-0.4329904798808256,1,21,41.0,34.0,9,0.55,66
兰州市,2018-09-14,56,良,-2.032710619413915,-0.8230591195330178,1,24,62.0,32.0,8,0.53,48
兰州市,2018-09-15,30,优,-2.703128043028354,-0.6372941421003824,1,16,24.0,22.0,6,0.51,55
兰州市,2018-09-16,40,优,-2.589379691217994,-1.1843875971453393,1,22,36.0,28.0,6,0.56,51
兰州市,2018-09-17,34,优,-2.5392206792755476,-1.2403641529653193,1,16,33.0,30.0,6,0.54,44
兰州市,2018-09-18,32,优,-2.3678304394243233,-1.58385313414387,1,18,31.0,31.0,6,0.77,39
兰州市,2018-09-19,47,优,-2.3710696078156968,-1.327999586225566,1,21,42.0,41.0,6,0.81,64
兰州市,2018-09-20,62,良,-1.2978401933294235,-1.2528712076155109,1,27,65.0,46.0,15,0.92,58
兰州市,2018-09-21,65,良,-1.330922994652825,-0.5868157918287782,1,28,75.0,42.0,13,0.73,60
兰州市,2018-09-22,78,良,-1.1998669779600413,-0.4225884121013786,1,28,82.0,48.0,13,0.79,71
兰州市,2018-09-23,62,良,-1.0265111637083666,-0.5112777952676242,1,25,68.0,43.0,16,0.68,54
兰州市,2018-09-24,43,优,-2.1952879056016683,-0.651099006253915,1,17,41.0,28.0,5,0.62,45
兰州市,2018-09-25,35,优,-2.590024869264714,-0.9770991590721514,1,16,30.0,26.0,7,0.69,58
兰州市,2018-09-26,38,优,-2.4368346008389286,-1.3005992136631663,1,17,36.0,33.0,7,0.69,53
兰州市,2018-09-27,50,优,-2.532649299388308,-0.6513532453083849,1,24,54.0,26.0,6,0.44,57
兰州市,2018-09-28,65,良,-1.2545167939840889,-1.0650907953693796,1,28,77.0,43.0,9,0.82,40
兰州市,2018-09-29,70,良,-0.790209040874703,-0.8223905881158939,0,30,81.0,52.0,15,0.85,56
兰州市,2018-09-30,63,良,-0.5688719812476424,-0.9943154285347512,0,27,77.0,45.0,20,0.84,42
兰州市,2018-10-01,56,良,-1.6541199884344708,-0.551695713486674,1,25,59.0,39.0,8,0.72,57
兰州市,2018-10-02,60,良,-1.1908203168427318,-0.9406728472715784,1,26,66.0,46.0,16,0.72,58
兰州市,2018-10-03,63,良,-0.6251697791804264,-0.914043537221645,0,33,74.0,50.0,19,0.84,58
兰州市,2018-10-04,61,良,-0.8993941588475457,-0.7814439272934954,1,30,68.0,49.0,15,0.71,55
兰州市,2018-10-05,56,良,-1.7424156172318601,-0.44369692233548624,1,23,61.0,32.0,9,0.48,48
兰州市,2018-10-06,58,良,-2.2383575909186857,-0.09924371012133641,1,20,64.0,22.0,11,0.43,66
兰州市,2018-10-07,58,良,-1.6635759706396112,-0.4525662487334653,1,26,64.0,33.0,11,0.65,59
兰州市,2018-10-08,45,优,-2.095530450879362,-0.42707940754981194,1,24,45.0,32.0,9,0.49,63
兰州市,2018-10-09,64,良,-0.9410433224811771,-1.363480087781819,1,26,77.0,46.0,17,0.73,40
兰州市,2018-10-10,67,良,-0.33783843160772487,-1.168378386740046,0,29,82.0,54.0,20,0.91,46
兰州市,2018-10-11,70,良,-0.24510994460977836,-1.0247767002092567,0,32,86.0,61.0,18,0.92,53
兰州市,2018-10-12,64,良,-0.6799935413464281,-0.5972204697417755,0,35,77.0,47.0,11,0.8,44
兰州市,2018-10-13,59,良,-0.5644947780544329,-1.0759062130199164,0,35,66.0,47.0,10,0.77,23
兰州市,2018-10-14,58,良,-0.7280470434942136,-0.8940200686104229,0,36,64.0,44.0,13,0.86,44
兰州市,2018-10-15,64,良,-0.18542643851825125,-1.0805241568110782,0,38,74.0,52.0,19,0.97,49
兰州市,2018-10-16,59,良,-0.6189279469141199,-0.8099561106896052,0,32,68.0,45.0,13,0.85,42
兰州市,2018-10-17,45,优,-1.293493672087561,-1.0270470946568866,1,24,45.0,38.0,7,0.79,32
兰州市,2018-10-18,46,优,-1.566274949994096,-1.1756343583469497,1,25,46.0,34.0,7,0.72,32
兰州市,2018-10-19,28,优,-2.4675646987318043,-0.9306241414718772,1,17,24.0,25.0,4,0.59,45
兰州市,2018-10-20,45,优,-1.4967907367381958,-1.8207631329462042,1,28,45.0,37.0,8,0.86,24
兰州市,2018-10-21,67,良,-1.126972603356588,-0.7261333339493854,1,36,88.0,32.0,7,0.79,32
兰州市,2018-10-22,117,轻度污染,-0.08142654058530308,1.114092081099251,3,55,182.0,33.0,10,0.46,49
兰州市,2018-10-23,104,轻度污染,1.4681283165406729,0.8122405432655456,3,54,157.0,56.0,14,0.97,34
兰州市,2018-10-24,80,良,0.45600363471508043,0.3863757976466094,0,44,107.0,44.0,11,0.85,31
兰州市,2018-10-25,69,良,-0.9641022021515725,0.1984263970641824,1,25,86.0,37.0,11,0.52,53
兰州市,2018-10-26,81,良,0.29345666309107943,-0.5111409125998906,0,37,111.0,57.0,15,0.85,41
兰州市,2018-10-27,81,良,1.0189717598998023,-0.5526568844369419,0,43,109.0,64.0,21,0.99,43
兰州市,2018-10-28,73,良,0.5970979331995485,-0.49883166616956,0,38,90.0,63.0,23,0.95,61
兰州市,2018-10-29,78,良,1.044419012147964,-1.0180764315896191,0,41,103.0,65.0,24,1.02,37
兰州市,2018-10-30,79,良,1.0704219103415362,-0.9030989045428806,0,39,107.0,65.0,27,1.02,44
兰州市,2018-10-31,83,良,1.8129936192722584,-1.3640024307350613,0,43,115.0,78.0,28,1.35,36
兰州市,2018-11-01,85,良,2.290157445407877,-1.3426097184434236,2,50,119.0,80.0,26,1.54,28
兰州市,2018-11-02,73,良,0.868852498862902,-0.35229221847352704,0,47,94.0,51.0,19,1.13,40
兰州市,2018-11-03,57,良,-1.6694931432334974,0.4588591317545608,1,23,64.0,19.0,13,0.33,63
兰州市,2018-11-04,38,优,-1.7427864134434947,-0.5370190631185314,1,24,37.0,26.0,8,0.58,45
兰州市,2018-11-05,41,优,-1.7180695089472842,-1.1953562799967654,1,26,38.0,36.0,6,0.69,40
兰州市,2018-11-06,50,优,-1.257664292347781,-1.1695440102809445,1,34,48.0,38.0,8,0.76,36
兰州市,2018-11-07,50,优,-1.2576480560927912,-0.8707687410646279,1,34,51.0,39.0,7,0.83,45
兰州市,2018-11-08,73,良,0.5694133858811643,-1.504234441149242,0,48,91.0,63.0,15,1.53,41
兰州市,2018-11-09,79,良,1.424930861679308,-1.1689586413073771,0,52,104.0,62.0,25,1.53,39
兰州市,2018-11-10,61,良,-1.0117041863707101,0.08026064977556403,1,29,70.0,35.0,12,0.71,60
兰州市,2018-11-11,93,良,2.1659538275085346,-1.2802325953543685,0,65,129.0,71.0,23,1.72,33
兰州市,2018-11-12,106,轻度污染,3.608787946766402,-0.7032920896333651,2,79,146.0,82.0,25,2.13,36
兰州市,2018-11-13,105,轻度污染,3.5691936357014025,-0.27640602281377485,2,78,140.0,85.0,22,1.74,32
兰州市,2018-11-14,82,良,0.06912340093961451,1.3040592700991283,3,36,111.0,32.0,9,0.57,47
兰州市,2018-11-15,48,优,-0.7045711222558018,-0.0007579736731884115,0,23,49.0,27.0,20,0.45,48
兰州市,2018-11-16,51,良,-0.9808064197358114,-0.8540805172773595,1,26,52.0,33.0,15,0.58,39
兰州市,2018-11-17,61,良,0.15182469728790735,-1.1514352016367095,0,40,66.0,45.0,18,0.95,31
兰州市,2018-11-18,67,良,0.7693541087683181,-1.1439189390940299,0,45,80.0,51.0,20,1.21,30
兰州市,2018-11-19,78,良,1.7477595648896058,-1.352422640689015,0,53,103.0,60.0,27,1.52,28
兰州市,2018-11-20,65,良,0.18030228872661508,-0.5681475878238247,0,38,78.0,42.0,23,0.89,42
兰州市,2018-11-21,62,良,-0.46193639969121975,-0.7546448644801005,0,30,73.0,45.0,17,0.84,47
兰州市,2018-11-22,89,良,2.4734967274541226,-1.6891024086188644,2,59,124.0,73.0,33,1.66,30
兰州市,2018-11-23,84,良,2.743306155445486,-1.2128911136994638,2,56,116.0,71.0,29,1.9,28
兰州市,2018-11-24,85,良,2.99761896408267,-1.4120766988703728,2,57,115.0,69.0,38,1.77,28
兰州市,2018-11-25,103,轻度污染,3.900940090364157,-1.2764337292463868,2,74,140.0,83.0,32,2.18,28
兰州市,2018-11-26,141,轻度污染,2.3641574018836,2.3738410907513927,3,91,214.5,37.0,14,0.58,36
兰州市,2018-11-27,141,轻度污染,4.423529595804173,1.928091250379209,2,91,214.5,55.0,24,1.41,22
兰州市,2018-11-28,141,轻度污染,5.861745374964033,0.9797072180673038,2,91,214.5,81.0,33,2.09,26
兰州市,2018-11-29,141,轻度污染,5.821211250160406,0.8381057238985984,2,80,214.5,82.0,36,2.06,27
兰州市,2018-11-30,99,良,3.9597876187608354,0.6823040396122909,2,54,145.0,65.0,29,1.67,27
兰州市,2018-12-01,90,良,3.4699311964622,-0.3587422387170351,2,56,126.0,71.0,28,1.8,33
兰州市,2018-12-02,141,轻度污染,2.451070323732251,2.1677651473555355,3,75,214.5,35.0,15,0.82,40
兰州市,2018-12-03,141,轻度污染,2.4518807424799967,3.1723936981692558,3,62,214.5,30.0,14,0.69,40
兰州市,2018-12-04,108,轻度污染,1.8059811474866612,2.227501882961918,3,44,164.0,37.0,14,0.83,40
兰州市,2018-12-05,100,良,1.3056046207856409,1.162144850222907,3,42,148.0,38.0,16,0.88,36
兰州市,2018-12-06,70,良,-0.5246059399951138,0.9822252023927011,3,26,88.0,23.0,11,0.59,48
兰州市,2018-12-07,61,良,-0.18761652526343528,-0.5411740320855006,0,29,71.0,34.0,18,0.78,32
兰州市,2018-12-08,61,良,0.09699944434508027,-1.1404155961434461,0,29,70.0,32.0,27,0.88,25
兰州市,2018-12-09,73,良,0.5601769835104291,-0.9904395613400149,0,48,89.0,39.0,16,1.31,19
兰州市,2018-12-10,70,良,-0.054036152569327714,-0.18757980788279244,0,45,86.0,31.0,18,0.89,40
兰州市,2018-12-11,89,良,0.43838233379696356,-0.2895196287887604,0,42,125.0,44.0,17,0.97,35
兰州市,2018-12-12,99,良,2.7756526011168754,-0.7433484199099148,2,66,143.0,62.0,26,1.86,22
兰州市,2018-12-13,101,轻度污染,3.68203935182776,-0.7184936543844258,2,74,144.0,65.0,35,1.92,21
兰州市,2018-12-14,85,良,2.370862758387901,-0.2143029189820889,2,61,112.0,47.0,26,1.54,22
兰州市,2018-12-15,80,良,2.29866048497006,-0.7931517741086517,2,56,104.0,55.0,25,1.62,21
兰州市,2018-12-16,94,良,3.4353327801224496,-1.1787857367074337,2,68,122.0,65.0,33,2.05,23
兰州市,2018-12-17,105,轻度污染,4.737641287331404,-1.192949223361589,2,77,141.0,80.0,38,2.53,28
兰州市,2018-12-18,109,轻度污染,5.503875991075411,-1.1935432211975245,2,82,145.0,86.0,38,2.81,21
兰州市,2018-12-19,99,良,4.932407098786837,-1.017667287936298,2,72,131.0,81.0,38,2.49,24
兰州市,2018-12-20,79,良,2.3457108070735124,-0.2448048872491356,2,50,100.0,56.0,25,1.53,34
兰州市,2018-12-21,65,良,1.9672461763279574,-1.4483035930983672,0,31,78.0,59.0,38,1.25,28
兰州市,2018-12-28,65,良,-0.09334365114970174,-0.32172300222018496,0,27,77.0,27.0,20,0.77,35
兰州市,2018-12-29,75,良,1.388460409823401,-0.9775873551027607,0,48,91.0,46.0,25,1.33,26
兰州市,2018-12-30,94,良,2.206628779016056,-0.6706351511519292,2,69,106.0,50.0,21,1.75,24
兰州市,2018-12-31,89,良,2.0425360471446785,-0.19012335396611207,0,65,100.0,48.0,26,1.35,32
兰州市,2019-01-01,111,轻度污染,3.1451094869839484,-0.5758748796486993,2,82,118.0,64.0,22,2.14,31
兰州市,2019-01-02,126,轻度污染,4.56346997750697,-0.4507728355961621,2,91,137.0,73.0,26,2.61,24
兰州市,2019-01-03,73,良,2.5594739125580395,0.02368813252495943,2,52,81.0,49.0,31,1.43,29
兰州市,2019-01-04,74,良,2.0761421128266266,-0.8796993956572858,0,52,91.0,57.0,29,1.32,32
兰州市,2019-01-05,93,良,3.7606077545594236,-1.4154895752802776,2,68,115.0,70.0,36,2.08,24
兰州市,2019-01-06,84,良,2.401046311469794,-0.17269626824543846,2,59,100.0,51.0,26,1.53,35
兰州市,2019-01-07,62,良,0.5085003594354381,-0.11858706417471054,0,31,71.0,39.0,23,0.84,45
兰州市,2019-01-08,68,良,0.7775687398022101,-0.8583451336261385,0,39,83.0,45.0,22,1.19,36
兰州市,2019-01-09,79,良,1.7330147141510448,-0.9950323908161652,0,55,100.0,51.0,26,1.53,30
兰州市,2019-01-10,70,良,0.39478514112830015,-0.1547694095654154,0,40,88.0,41.0,18,0.95,42
兰州市,2019-01-11,105,轻度污染,3.6563921674632485,-1.420586943679727,2,77,137.0,73.0,31,2.3,26
兰州市,2019-01-12,93,良,3.216416510069912,-0.6256582694023843,2,58,133.0,73.0,32,1.79,34
兰州市,2019-01-13,88,良,3.6609586671764323,-1.4597871880566633,2,61,120.0,80.0,37,2.13,30
兰州市,2019-01-14,62,良,0.5538766922648628,-0.30715399981292857,0,35,72.0,45.0,20,1.02,42
兰州市,2019-01-15,49,优,-0.9681193407058393,-0.5554508295118685,1,21,49.0,35.0,14,0.67,48
兰州市,2019-01-16,62,良,0.656694374541854,-1.691494616972211,0,37,71.0,49.0,25,1.3,29
兰州市,2019-01-17,70,良,1.4233088125024687,-1.4384134555220094,0,46,87.0,54.0,27,1.57,32
兰州市,2019-01-18,56,良,-0.7419532969128327,-0.46259067708301493,0,26,61.0,35.0,18,0.69,49
兰州市,2019-01-19,63,良,0.10505563920873459,-1.366828842841185,0,34,74.0,46.0,23,1.05,34
兰州市,2019-01-20,52,良,-0.8307409063308833,-0.9585597330626227,0,27,54.0,34.0,20,0.76,41
兰州市,2019-01-21,74,良,0.6993842923446683,-1.5333680085157522,0,52,82.0,58.0,20,1.33,34
兰州市,2019-01-22,81,良,2.236345052442538,-1.6310701517163368,2,58,98.0,72.0,25,2.04,33
兰州市,2019-01-23,76,良,2.5128864646772735,-1.6926333807531584,2,54,96.0,71.0,30,2.06,30
兰州市,2019-01-24,67,良,0.9614938224217606,-1.0089767917491468,0,44,82.0,55.0,22,1.24,33
兰州市,2019-01-25,67,良,0.8499121925104723,-1.1558984277206341,0,42,82.0,59.0,21,1.25,38
兰州市,2019-01-26,66,良,0.5662741926154348,-0.9093973662233283,0,38,81.0,47.0,24,1.2,44
兰州市,2019-01-27,50,优,-1.1745903785912,-0.24972293574857507,1,23,52.0,30.0,16,0.59,58
兰州市,2019-01-28,57,良,0.40965873069365394,-1.8165076625567347,0,30,62.0,43.0,38,0.94,37
兰州市,2019-01-29,54,良,-0.057799735836085844,-1.5434366125650154,0,29,57.0,45.0,26,1.04,38
兰州市,2019-01-30,59,良,-1.5369706052638172,-0.42463581215448276,1,25,65.0,24.0,14,0.64,53
兰州市,2019-01-31,68,良,-1.2369316598874671,-0.2678724993945001,1,30,84.0,32.0,10,0.67,49
兰州市,2019-02-01,86,良,1.4387599290587676,-1.140960575329033,0,53,121.0,63.0,20,1.75,38
兰州市,2019-02-02,77,良,-0.39295245913638943,0.12551472636968095,0,29,102.0,34.0,20,0.69,51
兰州市,2019-02-03,62,良,-1.035098652424212,-0.16391282075980032,1,25,71.0,31.0,15,0.74,53
兰州市,2019-02-04,69,良,0.18089046679648355,-1.0050757092188611,0,38,86.0,45.0,25,1.21,51
兰州市,2019-02-05,67,良,0.542762139054009,-0.9788940643221837,0,40,82.0,40.0,32,1.3,52
兰州市,2019-02-06,50,优,-1.0708700351362206,-0.602176135333526,1,24,51.0,30.0,20,0.81,57
兰州市,2019-02-07,63,良,-1.2977441036064836,-0.5708619500804468,1,23,75.0,25.0,21,0.66,58
兰州市,2019-02-08,88,良,-1.1135667131591687,0.5397594624827944,1,31,125.0,17.0,18,0.52,61
兰州市,2019-02-09,63,良,-1.4004332311309275,0.4727649898103463,1,24,74.0,18.0,14,0.56,56
兰州市,2019-02-10,68,良,-1.1811017104049515,-0.1542012132908483,1,30,83.0,24.0,15,0.71,52
兰州市,2019-02-11,73,良,-0.07114374907508574,-0.6258581730481153,0,38,93.0,39.0,21,1.08,47
兰州市,2019-02-12,77,良,0.030699678821711936,-0.5056929450071949,0,37,101.0,45.0,20,1.08,51
兰州市,2019-02-13,99,良,0.9618464550901215,-0.4115373760731018,0,45,132.0,51.0,23,1.34,48
兰州市,2019-02-14,120,轻度污染,-0.6508340622667056,2.104564500708983,3,35,174.0,19.0,8,0.43,64
兰州市,2019-02-15,80,良,0.008923309608494167,1.0101376037854644,3,31,108.0,30.0,17,0.77,50
兰州市,2019-02-16,66,良,-0.37414032941922176,-0.09714299959399343,0,31,80.0,26.0,27,0.73,55
兰州市,2019-02-17,58,良,-0.6104815500529267,-0.5094819677869906,0,31,64.0,25.0,29,0.72,57
兰州市,2019-02-18,61,良,-0.9436146959471162,-0.3115146431841413,1,37,70.0,31.0,15,0.9,62
兰州市,2019-02-19,82,良,0.8837790587486397,-0.7594432643360373,0,55,108.0,53.0,22,1.23,46
兰州市,2019-02-20,65,良,-0.1554881807088756,-0.19435655049588524,0,39,77.0,39.0,13,1.08,46
兰州市,2019-02-21,59,良,-0.7812924237878529,-0.3686660718203013,0,34,66.0,38.0,14,0.99,63
兰州市,2019-02-22,66,良,0.09624321029361416,-0.852122248168772,0,45,79.0,46.0,15,1.21,43
兰州市,2019-02-23,65,良,0.11753964267112633,-0.7191015405249769,0,42,78.0,47.0,15,1.14,43
兰州市,2019-02-24,57,良,-1.051770018224818,0.11125918827348635,1,38,62.0,28.0,13,0.76,67
兰州市,2019-02-25,62,良,-0.9614233287052244,-0.10433731427996637,1,38,72.0,30.0,12,0.75,58
兰州市,2019-02-26,70,良,-0.4598040255209029,-0.07653941096619682,0,43,88.0,33.0,15,0.82,54
兰州市,2019-02-27,57,良,-0.6208174141240724,-0.42918787404180536,0,37,60.0,42.0,8,0.95,46
兰州市,2019-02-28,56,良,-0.3069819830800725,-1.0665050154825777,0,38,60.0,47.0,10,1.18,38
兰州市,2019-03-01,53,良,-0.5130913262277125,-1.228475878253806,0,34,54.0,48.0,8,1.08,31
兰州市,2019-03-02,60,良,-0.37049038816826557,-0.9935228950569802,0,39,68.0,46.0,11,1.23,46
兰州市,2019-03-03,66,良,0.21587865894763203,-1.0184032921763237,0,43,79.0,59.0,13,1.33,50
兰州市,2019-03-04,64,良,-0.15575158863607533,-0.6497025543025506,0,37,76.0,48.0,17,1.02,54
兰州市,2019-03-05,63,良,-0.5239169899025589,-0.3629396260681844,0,37,73.0,45.0,19,0.85,71
兰州市,2019-03-06,65,良,-0.10557097405127024,-0.742402217623922,0,40,77.0,56.0,14,1.08,57
兰州市,2019-03-07,52,良,-1.2169663414282528,-0.31965288963185956,1,31,53.0,38.0,8,0.87,61
兰州市,2019-03-08,52,良,-1.4742723122579169,-0.5205934036210493,1,27,57.0,33.0,10,0.83,61
兰州市,2019-03-09,61,良,-1.4422105313782867,-0.14809148953200063,1,34,70.0,33.0,10,0.73,70
兰州市,2019-03-10,63,良,-1.8393819243234322,0.28516461058630393,1,27,74.0,29.0,9,0.53,77
兰州市,2019-03-11,58,良,-1.6677969515452913,-0.16899421796162664,1,22,64.0,31.0,14,0.57,69
兰州市,2019-03-12,67,良,-0.6663799358145882,-0.8184585771095966,0,29,83.0,49.0,17,0.96,61
兰州市,2019-03-13,56,良,-1.3087473031747523,-0.4515175422071654,1,24,61.0,34.0,20,0.61,65
兰州市,2019-03-14,64,良,-0.5224017710157086,-1.0598160884731087,0,34,76.0,50.0,16,1.14,56
兰州市,2019-03-15,67,良,-0.33214950998956755,-0.926721654208438,0,33,81.0,59.0,18,0.96,61
兰州市,2019-03-16,69,良,-0.4537429780852227,-0.6395615909896691,0,34,85.0,51.0,16,0.94,58
兰州市,2019-03-17,61,良,-1.1001560727674606,-0.1845801297372778,1,32,70.0,38.0,15,0.76,69
兰州市,2019-03-18,70,良,-0.5412242099361445,-0.4764723941350032,0,38,86.0,51.0,15,0.93,68
兰州市,2019-03-19,69,良,-0.6955252644672872,-0.2212260415613888,0,31,85.0,41.0,18,0.81,66
兰州市,2019-03-20,93,良,-1.4820916602271608,1.2930238846033504,1,33,133.0,21.0,8,0.38,76
兰州市,2019-03-21,84,良,-1.0495622474050543,1.238501890175178,1,30,116.0,26.0,11,0.48,70
兰州市,2019-03-22,71,良,-0.7666421489290928,0.2142136733872698,1,28,89.0,35.0,18,0.56,60
兰州市,2019-03-23,73,良,-0.5639134708173983,-0.22728573081711126,0,33,94.0,52.0,13,0.78,63
兰州市,2019-03-24,76,良,-0.9723251234066604,0.35986915483539167,1,33,99.0,40.0,12,0.68,74
兰州市,2019-03-25,80,良,-0.2735948413696096,0.05423543953772611,0,36,109.0,51.0,17,0.85,72
兰州市,2019-03-26,86,良,0.1183437796550877,0.12591452677271403,0,39,119.0,48.0,22,0.8,66
兰州市,2019-03-27,113,轻度污染,0.4193945049481482,1.0610870501654437,3,46,175.0,46.0,13,0.81,62
兰州市,2019-03-28,141,轻度污染,0.8786526470225019,2.417400565637265,3,55,214.5,40.0,10,0.62,64
兰州市,2019-03-29,84,良,-0.43985294414727966,2.2730865982982893,3,29,116.0,26.0,10,0.5,71
兰州市,2019-03-30,81,良,-0.6641899635063053,0.6785821460562342,1,31,109.0,39.0,11,0.65,67
兰州市,2019-03-31,73,良,-0.13462179730194637,-0.09593692239244843,0,32,92.0,52.0,18,0.87,67
兰州市,2019-04-01,87,良,0.06642303930651865,0.06109334345789705,0,36,121.0,53.0,19,0.85,70
兰州市,2019-04-02,63,良,-1.392500687274777,0.6587683603061798,1,24,72.0,39.0,11,0.57,87
兰州市,2019-04-03,73,良,-0.6351087060194553,-0.3866666614517154,0,32,89.0,56.0,16,0.72,73
兰州市,2019-04-04,68,良,-1.5766320102652795,0.46870015240734186,1,28,81.0,40.0,10,0.63,91
兰州市,2019-04-05,76,良,-0.2921295550407764,-0.602586329390668,0,31,95.0,57.0,19,0.88,65
兰州市,2019-04-06,108,轻度污染,0.1992332420455599,0.6332383185814222,0,42,164.0,48.0,17,0.78,67
兰州市,2019-04-07,97,良,0.07384081301113626,1.2939222820112348,3,38,141.0,42.0,15,0.81,74
兰州市,2019-04-08,68,良,-1.6616519910644747,1.3694650057445334,1,28,84.0,24.0,7,0.56,87
兰州市,2019-04-09,43,优,-2.398895368563441,0.17351033446192124,1,18,40.0,21.0,9,0.5,77
兰州市,2019-04-10,48,优,-2.915903168408415,-0.06050692338340896,1,16,46.0,17.0,11,0.44,89
兰州市,2019-04-11,56,良,-2.1346219961160733,-0.4660524058748203,1,19,59.0,33.0,14,0.47,76
兰州市,2019-04-12,54,良,-2.6789829606231654,0.22785415225081956,1,21,55.0,25.0,6,0.53,90
兰州市,2019-04-13,48,优,-2.669429805785764,-0.12357828310736772,1,22,46.0,24.0,6,0.44,73
兰州市,2019-04-14,56,良,-2.0990829219900675,-0.6894286733921431,1,24,58.0,39.0,8,0.65,68
兰州市,2019-04-15,59,良,-1.4291415667176393,-0.9750664689236814,1,25,67.0,49.0,12,0.6,53
兰州市,2019-04-16,73,良,-0.8140847690228998,-0.9500034070016019,0,31,81.0,62.0,12,1.02,68
兰州市,2019-04-17,91,良,-0.6240880865055448,-0.4534808663399957,0,30,90.0,66.0,15,0.95,84
兰州市,2019-04-18,61,良,-1.196090654910439,0.03207053048453325,1,23,68.0,43.0,10,0.78,65
兰州市,2019-04-19,87,良,-0.9335377531462427,0.23345111836898053,1,37,123.0,39.0,11,0.63,64
兰州市,2019-04-20,73,良,-1.5611989575347487,1.1312855370399826,1,35,92.0,27.0,5,0.5,76
兰州市,2019-04-21,74,良,-0.7721039168191058,-0.24429907760441114,0,30,83.0,50.0,14,0.86,71
兰州市,2019-04-22,74,良,-1.2691587738321488,0.08494068802880855,1,27,80.0,49.0,9,0.67,78
兰州市,2019-04-23,77,良,-1.1768485495720427,-0.1180500507300827,1,27,70.0,55.0,13,0.7,87
兰州市,2019-04-24,101,轻度污染,-1.3640564963783888,1.5170015999512245,1,36,142.0,26.0,5,0.44,79
兰州市,2019-04-25,74,良,-0.8408252808453401,0.983080640615433,1,31,94.0,38.0,15,0.56,82
兰州市,2019-04-26,87,良,-0.8234136668832122,0.661881353795903,1,37,122.0,45.0,9,0.62,76
兰州市,2019-04-27,68,良,-1.8517624352248627,1.5356671828354371,1,37,84.0,19.0,6,0.48,93
兰州市,2019-04-28,58,良,-1.9602943327453897,0.4375868523256807,1,29,62.0,29.0,8,0.5,82
兰州市,2019-04-29,52,良,-2.125337621037446,-0.04563393243291399,1,23,55.0,24.0,9,0.46,66
兰州市,2019-04-30,42,优,-2.549371573055617,-0.3402257513598206,1,17,39.0,27.0,5,0.52,68
兰州市,2019-05-01,58,良,-2.039815279798309,-0.57970373502898,1,25,65.0,36.0,6,0.55,61
兰州市,2019-05-02,57,良,-1.7992866446426277,-0.4774765847953772,1,23,62.0,38.0,7,0.58,57
兰州市,2019-05-03,47,优,-2.6474672170671734,-0.11314694869240575,1,18,41.0,24.0,8,0.64,84
兰州市,2019-05-04,57,良,-2.1609437921852668,-0.7038155494344344,1,22,56.0,40.0,8,0.62,70
兰州市,2019-05-05,46,优,-3.0623036361054137,0.017150116048893486,1,18,36.0,19.0,4,0.52,81
兰州市,2019-05-06,41,优,-3.288590485607987,-0.36883586854203776,1,14,29.0,23.0,4,0.55,84
兰州市,2019-05-07,43,优,-3.2487891009292715,-0.6415533484046114,1,13,26.0,24.0,5,0.65,82
兰州市,2019-05-08,40,优,-3.377792230709984,-0.3727795077788082,1,15,30.0,17.0,7,0.42,81
兰州市,2019-05-09,40,优,-2.896462794005765,-0.9385159517273705,1,16,37.0,31.0,5,0.51,63
兰州市,2019-05-10,47,优,-2.7226725205807285,-0.8579493443298114,1,19,43.0,32.0,8,0.54,70
兰州市,2019-05-11,48,优,-2.9227754699756523,-0.4983560073629033,1,19,42.0,30.0,5,0.5,76
兰州市,2019-05-12,141,轻度污染,-0.37311584987323376,2.2971668078407714,3,91,214.5,18.0,4,0.42,78
兰州市,2019-05-13,141,轻度污染,1.872188610839543,3.264209338527004,3,91,214.5,39.0,7,0.64,55
兰州市,2019-05-14,69,良,-0.9428046719769421,2.1883232186773474,3,28,81.0,30.0,5,0.53,83
兰州市,2019-05-15,121,轻度污染,-0.4387049983702753,1.6236174336614375,3,49,168.0,33.0,4,0.53,71
兰州市,2019-05-16,79,良,-0.39197711187832485,1.8053471485194403,3,32,106.0,34.0,6,0.7,73
兰州市,2019-05-17,63,良,-0.9801762063888241,0.4816899114603878,1,25,75.0,35.0,10,0.74,72
兰州市,2019-05-18,88,良,-1.3251819202602377,1.4901747129247689,1,36,123.0,20.0,5,0.5,83
兰州市,2019-05-19,86,良,-1.4389511557350436,2.0485839657558604,3,36,120.0,16.0,5,0.42,88
兰州市,2019-05-20,69,良,-1.1919776715308146,0.4067025423608158,1,25,84.0,39.0,7,0.58,61
兰州市,2019-05-21,66,良,-1.255988706802837,-0.17467183035785477,1,23,76.0,42.0,12,0.67,67
兰州市,2019-05-22,66,良,-1.4319775789970621,-0.35673948810100475,1,21,71.0,45.0,13,0.66,72
兰州市,2019-05-23,61,良,-1.2110524418232587,-0.6014872916149235,1,23,68.0,49.0,15,0.7,68
兰州市,2019-05-24,61,良,-1.8187437340306236,-0.453808035349459,1,20,61.0,45.0,9,0.59,71
兰州市,2019-05-25,87,良,-0.9454024576773059,0.18467587054749773,1,37,122.0,40.0,11,0.61,63
兰州市,2019-05-26,75,良,-1.9690015490804238,1.318584836276089,1,28,99.0,21.0,6,0.36,81
兰州市,2019-05-27,47,优,-2.8480505514330225,0.47405034825999615,1,17,37.0,18.0,4,0.53,84
兰州市,2019-05-28,52,良,-2.293449982666198,-0.5596227636540512,1,22,53.0,30.0,7,0.66,66
兰州市,2019-05-29,55,良,-2.230593110338802,-0.5326800422142668,1,20,52.0,36.0,10,0.49,71
兰州市,2019-05-30,56,良,-2.724033192009676,-0.15409292932256768,1,16,47.0,34.0,7,0.53,91
兰州市,2019-05-31,61,良,-1.1551561968973285,-0.9999831168060054,1,25,72.0,49.0,14,0.8,56
兰州市,2019-06-01,62,良,-1.6464681343047527,-0.43342650991403797,1,26,71.0,40.0,9,0.72,64
兰州市,2019-06-02,57,良,-2.5397152312135534,0.017228400296415633,1,19,56.0,33.0,7,0.51,86
兰州市,2019-06-03,55,良,-2.770934573477199,-0.1214932059143312,1,16,47.0,32.0,8,0.48,90
兰州市,2019-06-04,51,良,-2.2250842893625915,-0.5399006905020238,1,21,55.0,35.0,8,0.5,63
兰州市,2019-06-05,45,优,-2.5402610424557968,-0.6163494863278215,1,18,42.0,32.0,8,0.57,71
兰州市,2019-06-06,51,良,-2.549985196766135,-0.6558904337598783,1,18,48.0,33.0,10,0.51,75
兰州市,2019-06-07,56,良,-2.1022406266130456,-0.6195269160294741,1,21,57.0,31.0,17,0.49,72
兰州市,2019-06-08,54,良,-2.1814722636510324,-0.4752858267288975,1,20,53.0,29.0,18,0.5,78
兰州市,2019-06-09,52,良,-2.7643057866909952,-0.300400592314441,1,17,47.0,31.0,7,0.47,80
兰州市,2019-06-10,52,良,-2.439839980592172,-0.5907335444974973,1,19,47.0,35.0,9,0.59,75
兰州市,2019-06-11,44,优,-2.729037954043989,-0.46478918310540923,1,19,43.0,29.0,5,0.44,66
兰州市,2019-06-14,55,良,-2.640295377070235,0.03162210936120325,1,34,61.0,20.0,4,0.38,70
兰州市,2019-06-15,45,优,-2.7256711026402436,-0.07398542165352417,1,21,48.0,24.0,6,0.48,77
兰州市,2019-06-17,58,良,-1.523377574078381,-1.260041208026691,1,22,60.0,52.0,15,0.86,71
兰州市,2019-06-18,49,优,-1.4220882468734601,-1.1822116032119414,1,21,54.0,52.0,13,0.69,55
兰州市,2019-06-19,36,优,-2.9562494890414017,-0.43332369169893614,1,15,31.0,30.0,7,0.58,88
兰州市,2019-06-20,38,优,-2.4948601724849917,-1.3499913280098548,1,13,33.0,32.0,12,0.7,62
兰州市,2019-06-25,45,优,-2.9102890746436807,-0.6154094915039304,1,16,46.0,27.0,7,0.58,78
兰州市,2019-06-26,38,优,-3.097313197944498,-0.6677139656825408,1,13,35.0,23.0,5,0.45,64
兰州市,2019-06-27,39,优,-3.510796403234543,-0.777644886907197,1,10,23.0,22.0,4,0.52,75
兰州市,2019-06-28,47,优,-3.0582788223887265,-0.9485624136033082,1,13,36.0,35.0,5,0.6,76
兰州市,2019-06-29,61,良,-1.319681203387451,-1.5977909531016472,1,22,70.0,52.0,15,0.75,44
兰州市,2019-06-30,51,良,-2.160733801970086,-0.7946864797058321,1,17,51.0,38.0,10,0.55,58
兰州市,2019-07-01,64,良,-2.0019879601060073,-0.8093999619331423,1,22,63.0,42.0,11,0.7,70
兰州市,2019-07-02,53,良,-2.1433223464807596,-0.6025067247349488,1,18,54.0,38.0,8,0.57,60
兰州市,2019-07-03,54,良,-2.2432933086582625,-0.7262974603322316,1,20,50.0,35.0,11,0.63,69
兰州市,2019-07-04,57,良,-2.6957087760668252,-0.4665582254314807,1,16,41.0,36.0,8,0.62,87
兰州市,2019-07-05,74,良,-1.7537523293561352,-0.132750484391547,1,25,95.0,39.0,10,0.63,74
兰州市,2019-07-06,71,良,-1.7929057832925699,0.13839172600097627,1,22,84.0,38.0,8,0.64,74
兰州市,2019-07-07,55,良,-2.8594501172367495,0.5083130351110919,1,17,56.0,23.0,4,0.46,88
兰州市,2019-07-12,58,良,-2.856854860806747,-0.1171344945067557,1,18,41.0,42.0,7,0.66,113
兰州市,2019-07-13,73,良,-2.5266919175317324,-0.011969266546710818,1,20,49.0,41.0,14,0.77,124
兰州市,2019-07-14,50,优,-1.9342168685395664,-0.26540452991758057,1,20,55.0,43.0,9,0.7,78
兰州市,2019-07-15,37,优,-2.767171757610691,-0.6234285138387342,1,17,32.0,38.0,5,0.66,84
兰州市,2019-07-16,49,优,-2.430211312109481,-1.1388559449090407,1,17,46.0,47.0,7,0.89,83
兰州市,2019-07-17,55,良,-2.1292402099898284,-0.8966133865789921,1,19,50.0,47.0,10,0.97,88
兰州市,2019-07-18,50,优,-1.8875878967286546,-0.9748428304454607,1,20,54.0,49.0,9,0.68,64
兰州市,2019-07-19,33,优,-3.3739531451981857,-0.3415954094298901,1,12,24.0,28.0,5,0.5,93
兰州市,2019-07-20,54,良,-2.6190264235233887,-1.273418566736682,1,14,43.0,46.0,8,0.8,82
兰州市,2019-07-21,37,优,-2.459616761841536,-1.0872517429479251,1,13,36.0,43.0,6,0.58,59
兰州市,2019-07-22,58,良,-2.6632069171302453,-0.8299611132997282,1,17,56.0,41.0,7,0.79,88
兰州市,2019-07-23,62,良,-1.7508415538822557,-0.6724223579914859,1,21,68.0,45.0,15,0.85,83
兰州市,2019-07-24,49,优,-2.523956670045335,-0.2846898921881297,1,18,53.0,36.0,5,0.59,76
兰州市,2019-07-25,52,良,-1.7341129432787634,-1.511079767313898,1,17,52.0,52.0,11,0.86,56
兰州市,2019-07-26,55,良,-2.1931876907766377,-0.8099772186285087,1,16,58.0,43.0,11,0.72,77
兰州市,2019-08-06,58,良,-2.482784777939105,-0.5847869050269585,1,16,49.0,38.0,7,0.78,81
兰州市,2019-08-07,66,良,-2.056285381829705,-0.525821194628817,1,21,60.0,40.0,10,0.77,78
兰州市,2019-08-08,48,优,-2.9023772805693877,0.13584968653134452,1,17,45.0,23.0,5,0.45,80
兰州市,2019-08-09,49,优,-2.84708198173501,-0.6206181337451779,1,15,41.0,31.0,6,0.61,76
兰州市,2019-08-10,57,良,-2.460634928593173,-0.7731587087423811,1,17,47.0,38.0,9,0.74,79
兰州市,2019-08-11,66,良,-2.13142247193138,-0.6185455962870461,1,18,56.0,39.0,12,0.82,82
兰州市,2019-08-21,38,优,-2.3509643113406176,-0.662727962251104,1,16,38.0,31.0,6,0.57,51
兰州市,2019-08-22,39,优,-2.1910141025916614,-1.2565421493717102,1,19,40.0,23.0,23,0.6,64
兰州市,2019-08-23,34,优,-2.5205108927160693,-1.3871701538061993,1,15,34.0,32.0,8,0.71,51
兰州市,2019-08-24,36,优,-2.325587622854213,-1.7659673029509204,1,15,37.0,46.0,6,0.72,47
兰州市,2019-08-25,48,优,-2.2908714636243777,-1.4504244063114329,1,15,49.0,38.0,8,0.89,56
兰州市,2019-08-26,34,优,-3.1994956378902755,-0.5649972860677851,1,13,28.0,27.0,5,0.63,83
兰州市,2019-08-27,54,良,-2.4018249813534855,-1.2023488863247762,1,18,53.0,42.0,9,0.88,77
兰州市,2019-08-28,43,优,-2.2681790608395596,-0.8858178850537705,1,20,39.0,34.0,10,0.76,66
兰州市,2019-09-01,52,良,-1.9633741369745397,-1.159477587010286,1,22,54.0,40.0,14,0.8,68
兰州市,2019-09-02,42,优,-2.5488949016970643,-0.7700993352676286,1,17,41.0,30.0,6,0.67,61
兰州市,2019-09-03,33,优,-2.901502912735679,-0.9400346368736944,1,15,33.0,23.0,5,0.59,55
兰州市,2019-09-04,48,优,-2.394530283421085,-1.1451617554104538,1,22,50.0,32.0,7,0.83,61
兰州市,2019-09-05,49,优,-2.2473030397806326,-0.8429620186044167,1,21,49.0,34.0,8,0.7,62
兰州市,2019-09-06,48,优,-2.1677760933497745,-0.951825686803439,1,19,49.0,33.0,8,0.77,56
兰州市,2019-09-07,58,良,-2.006135098860083,-0.6097825862555137,1,24,67.0,33.0,11,0.74,69
兰州市,2019-09-08,62,良,-1.680820711876452,-0.23060362764585815,1,29,77.0,28.0,13,0.81,70
兰州市,2019-09-09,30,优,-3.2786611882230843,0.06190376758702201,1,12,23.0,16.0,8,0.48,91
兰州市,2019-09-10,45,优,-2.0866826530280784,-1.6480082906750975,1,19,46.0,43.0,8,0.8,50
兰州市,2019-09-11,52,良,-2.0223599734942894,-1.0511702700167274,1,21,48.0,41.0,11,0.85,71
兰州市,2019-09-12,28,优,-2.6593523341903103,-0.9599859223284333,1,12,27.0,23.0,8,0.56,49
兰州市,2019-09-13,32,优,-2.5021467601740683,-1.603248595799667,1,16,32.0,28.0,14,0.54,49
兰州市,2019-09-14,42,优,-2.4767942698171135,-1.303048297042227,1,19,43.0,32.0,9,0.66,56
兰州市,2019-09-15,44,优,-2.201342178785095,-1.3319337280208605,1,19,46.0,42.0,7,0.69,52
兰州市,2019-09-16,57,良,-0.9991847585691354,-1.787201974755077,1,25,66.0,46.0,15,1.13,37
兰州市,2019-09-17,33,优,-2.4872353646395298,-0.83344301716169,1,16,32.0,32.0,6,0.63,57
兰州市,2019-09-18,34,优,-2.9066616336456446,-1.1732147395355734,1,16,33.0,30.0,6,0.49,58
兰州市,2019-09-19,45,优,-1.8763612563056984,-1.6726568976096918,1,23,48.0,40.0,8,0.82,38
兰州市,2019-09-20,56,良,-1.743006532746087,-0.9682217139430503,1,29,62.0,46.0,9,0.6,58
兰州市,2019-09-21,67,良,-0.42088843787901387,-1.3926811198807723,0,31,85.0,59.0,16,0.95,42
兰州市,2019-09-22,63,良,-0.48185408728337614,-1.1004187593051638,0,29,77.0,59.0,17,0.88,51
兰州市,2019-09-23,59,良,-0.5595736402513584,-1.2710454925534063,0,27,69.0,52.0,20,0.92,48
兰州市,2019-09-24,59,良,-0.7121759629324252,-1.1320693055647884,0,30,69.0,52.0,16,0.88,50
兰州市,2019-09-25,63,良,-0.17735536507638772,-1.3713329634641926,0,31,77.0,63.0,18,1.17,55
兰州市,2019-09-26,68,良,0.03296677461150795,-1.2382942302759246,0,33,87.0,64.0,17,1.08,47
兰州市,2019-09-27,68,良,0.2247130762059328,-1.2542713682569226,0,33,87.0,66.0,18,1.09,44
兰州市,2019-09-28,65,良,-0.14246558981600724,-0.9837391854300099,0,31,81.0,57.0,21,0.9,53
兰州市,2019-09-29,63,良,-0.5190454029290326,-0.9691207080487299,0,27,77.0,56.0,14,1.01,53
兰州市,2019-09-30,59,良,-1.0164024052080303,-0.6805219531779028,1,28,70.0,43.0,10,0.82,47
兰州市,2019-10-01,55,良,-1.57319455702311,-0.3054046071740531,1,30,61.0,36.0,8,0.73,64
兰州市,2019-10-02,42,优,-1.9892963590691803,-0.7225357243836014,1,20,42.0,30.0,7,0.68,50
兰州市,2019-10-03,54,良,-1.8781998297399496,-0.9456279171081698,1,21,59.0,29.0,12,0.58,47
兰州市,2019-10-04,43,优,-2.2841838892424633,-0.47381169520485705,1,22,46.0,23.0,5,0.6,51
兰州市,2019-10-05,46,优,-1.640801402460441,-1.4020515955521426,1,25,48.0,33.0,8,0.73,26
兰州市,2019-10-06,29,优,-2.591269893946716,-0.8897006504830551,1,17,28.0,19.0,9,0.52,49
兰州市,2019-10-07,47,优,-1.3382798977200325,-2.0248132630992135,1,26,49.0,36.0,12,1.2,30
兰州市,2019-10-08,49,优,-1.3980881299340642,-1.4890951676677822,1,27,52.0,43.0,9,0.68,27
兰州市,2019-10-09,51,良,-1.243825580526643,-1.5313698424997002,1,25,54.0,42.0,11,0.82,28
兰州市,2019-10-10,60,良,-0.6046705730686456,-1.677131413433203,0,29,71.0,55.0,12,0.95,26
兰州市,2019-10-11,69,良,0.5084363580477974,-1.8717940636076,0,36,89.0,65.0,19,1.13,17
兰州市,2019-10-12,61,良,-0.4737228321265041,-0.9043638849243769,0,31,73.0,49.0,19,0.83,48
兰州市,2019-10-13,63,良,0.01246107647652201,-1.5459567539047843,0,33,75.0,57.0,18,0.93,25
兰州市,2019-10-14,55,良,-1.015941432669999,-0.7651646611729434,1,30,61.0,40.0,12,0.75,43
兰州市,2019-10-15,42,优,-1.4209529403188335,-1.057257740173834,1,24,41.0,27.0,17,0.64,38
兰州市,2019-10-16,42,优,-1.7884356066106326,-1.1170877360822795,1,26,44.0,39.0,6,0.7,46
兰州市,2019-10-17,69,良,0.03956797619443093,-1.6830469499396035,0,40,88.0,67.0,14,1.1,38
兰州市,2019-10-18,77,良,1.1220286815113558,-1.4200533978100547,0,44,103.0,64.0,19,1.57,29
兰州市,2019-10-19,66,良,-0.6959842792368771,-0.13389923183033273,0,33,83.0,35.0,11,0.7,39
兰州市,2019-10-20,81,良,0.06160495710247393,-0.6589465073890959,0,35,112.0,53.0,14,0.95,38
兰州市,2019-10-21,76,良,0.9108098070185618,-0.9680035993294757,0,40,102.0,57.0,20,1.08,21
兰州市,2019-10-22,63,良,0.6736830503143882,-1.1594666918790182,0,40,76.0,60.0,22,1.07,35
兰州市,2019-10-23,64,良,-0.14147268809314995,-0.7398339932151814,0,40,78.0,44.0,14,0.88,34
兰州市,2019-10-24,49,优,-1.5625484583928992,-0.2517755648193092,1,25,57.0,28.0,5,0.61,42
兰州市,2019-10-25,61,良,-0.5428616128484514,-1.1479184496982315,0,36,72.0,40.0,10,1.03,27
兰州市,2019-10-26,63,良,-0.0645998227382827,-1.2500596587569668,0,34,76.0,55.0,12,1.04,28
兰州市,2019-10-27,74,良,0.969153947924777,-1.42759982757827,0,44,97.0,59.0,19,1.35,22
兰州市,2019-10-28,92,良,2.4885825405498534,-1.4403517818648701,2,56,132.0,77.0,27,1.84,31
兰州市,2019-10-29,90,良,2.740677363004286,-1.0966782483073,2,56,130.0,72.0,28,1.78,23
兰州市,2019-10-30,96,良,2.889025862260218,-1.196536648895116,2,52,142.0,76.0,28,1.76,18
兰州市,2019-10-31,87,良,2.9371876939154546,-1.224809986038127,2,49,123.0,65.0,38,1.5,13
兰州市,2019-10-31,87,良,2.8794136290518044,-1.3755180096720356,2,49,123.0,65.0,38,1.5,13
兰州市,2019-11-01,73,良,1.6492120942588249,-0.8936058459000333,0,44,95.0,61.0,21,1.4,24
兰州市,2019-11-02,85,良,2.573060826030944,-1.4853345712168262,2,51,120.0,75.0,27,1.81,26
兰州市,2019-11-03,87,良,2.8157451790790278,-1.2381602962147438,2,53,125.0,77.0,27,1.82,26
兰州市,2019-11-04,76,良,1.8964033817111525,-0.9843719471682909,0,47,102.0,67.0,20,1.49,22
兰州市,2019-11-05,74,良,1.9495362449270863,-1.6274057167992653,0,50,81.0,63.0,22,1.6,7
兰州市,2019-11-06,67,良,0.7192315655939794,-0.8063705287631797,0,48,75.0,57.0,9,1.13,21
兰州市,2019-11-07,76,良,1.5934562736691822,-1.318930603604175,0,50,99.0,68.0,16,1.52,21
兰州市,2019-11-08,64,良,0.6739421757004074,-0.8561674676263638,0,39,77.0,53.0,14,1.2,26
兰州市,2019-11-09,58,良,-0.8164177826290147,-0.13947181795224772,1,32,68.0,35.0,14,0.63,56
兰州市,2019-11-10,77,良,1.794294312747572,-1.9230076676388146,0,46,103.0,71.0,23,1.62,17
兰州市,2019-11-11,81,良,2.122347447063487,-1.3139400442754334,0,50,111.0,71.0,29,1.44,29
兰州市,2019-11-12,61,良,0.31495774411442684,-0.7734940862763756,0,31,74.0,49.0,21,0.87,33
兰州市,2019-11-13,62,良,-0.0844556899324101,-1.0572408595374427,0,31,79.0,52.0,14,1.06,37
兰州市,2019-11-14,102,轻度污染,2.740805901193705,-1.689507447040998,2,55,155.0,81.0,25,2.08,26
兰州市,2019-11-15,97,良,3.6886480559829518,-1.2331471426783676,2,60,144.0,84.0,38,1.7,20
兰州市,2019-11-16,96,良,2.740783075190403,-0.5492433425696732,2,53,144.0,65.0,35,1.38,31
兰州市,2019-11-17,131,轻度污染,0.49114896185687895,2.095715447482624,3,55,186.0,31.0,7,0.52,53
兰州市,2019-11-18,99,良,3.1639065261390367,0.18841634507317395,2,58,148.0,69.0,27,1.23,15
兰州市,2019-11-19,117,轻度污染,4.376630322016213,-0.5103238182614873,2,79,183.0,88.0,28,1.8,16
兰州市,2019-11-20,83,良,2.600104400409002,-0.0832800059360575,2,52,115.0,72.0,20,1.34,25
兰州市,2019-11-21,96,良,3.271633358377683,-0.8727207246562836,2,66,141.0,76.0,21,1.78,13
兰州市,2019-11-22,72,良,1.3703456899869155,-0.025637324219636486,0,46,93.0,46.0,18,1.19,29
兰州市,2019-11-23,70,良,0.7424186910538916,-0.6564177918196819,0,33,90.0,48.0,23,0.84,31
兰州市,2019-11-24,54,良,-0.4521482054480637,-0.2621640652429953,0,30,60.0,33.0,16,0.72,45
兰州市,2019-11-25,73,良,1.3162339755061851,-1.5250809546067658,0,47,93.0,58.0,20,1.4,18
兰州市,2019-11-26,63,良,0.3417222719265276,-0.7247034737843323,0,40,75.0,44.0,14,1.15,28
兰州市,2019-11-27,71,良,0.06808099322605525,-0.5733172500114313,0,38,91.0,43.0,17,0.98,42
兰州市,2019-11-28,70,良,0.796923536194786,-0.9718294503697561,0,47,87.0,48.0,17,1.31,23
兰州市,2019-11-29,65,良,-0.5105897379228731,-0.24320936566766244,0,36,80.0,32.0,13,0.76,37
兰州市,2019-11-30,53,良,-1.291371119163185,-0.29636505494084436,1,28,57.0,32.0,9,0.61,47
兰州市,2019-12-01,58,良,-0.4832081234116548,-0.9796652719901566,0,40,62.0,47.0,11,0.86,38
兰州市,2019-12-02,79,良,1.1773737981763865,-1.2549645813218735,0,57,98.0,60.0,16,1.47,27
兰州市,2019-12-03,107,轻度污染,3.0273050335352822,-0.8940770146325412,2,80,134.0,74.0,22,1.83,24
兰州市,2019-12-04,112,轻度污染,4.701138285421142,-0.9315938476789414,2,84,148.0,83.0,36,2.15,17
兰州市,2019-12-05,128,轻度污染,5.400417271562039,-0.7401973813585548,2,91,168.0,90.5,32,2.5,16
兰州市,2019-12-06,128,轻度污染,6.150443570726924,-0.5040253758858332,2,91,173.0,90.5,38,2.75,20
兰州市,2019-12-07,107,轻度污染,5.501495692845453,-0.5251964301800467,2,77,145.0,85.0,38,2.33,17
兰州市,2019-12-08,132,轻度污染,6.261334949285756,-0.6737523386036125,2,91,178.0,90.5,38,2.68,18
兰州市,2019-12-09,132,轻度污染,6.787278976327563,-0.13287112770051282,2,91,182.0,90.5,38,2.96,24
兰州市,2019-12-10,117,轻度污染,6.529696931570199,-0.22989226641800026,2,88,164.0,87.0,38,2.85,21
兰州市,2019-12-11,109,轻度污染,6.025026391739214,-0.663278956011266,2,80,154.0,90.0,38,2.56,18
兰州市,2019-12-12,111,轻度污染,5.777476689633057,-0.6785310859362483,2,82,154.0,88.0,38,2.34,17
兰州市,2019-12-13,116,轻度污染,6.193539894281822,-0.7606845975360721,2,86,162.0,90.5,38,2.71,18
兰州市,2019-12-14,120,轻度污染,6.099885906825547,-0.37656803979644976,2,91,159.0,90.5,38,2.37,22
兰州市,2019-12-15,101,轻度污染,4.7954026691470855,-0.032232177667639715,2,75,129.0,68.0,38,1.79,20
兰州市,2019-12-16,60,良,0.6458463322122067,0.8689246494648093,3,35,71.0,34.0,18,0.73,53
兰州市,2019-12-17,45,优,-0.44385336705430445,-0.19775142485102987,0,26,46.0,29.0,23,0.65,63
兰州市,2019-12-18,61,良,0.6808375938274236,-1.3834619629289548,0,37,70.0,54.0,20,1.22,37
兰州市,2019-12-19,58,良,0.7965950099405414,-1.1964395900441942,0,36,68.0,51.0,26,1.26,44
兰州市,2019-12-20,95,良,3.4533477347214396,-2.0583462798136396,2,69,125.0,84.0,34,1.99,22
兰州市,2019-12-21,108,轻度污染,4.961759625605258,-1.6593388998621124,2,80,148.0,90.5,38,2.67,20
兰州市,2019-12-22,91,良,4.417623449204609,-1.5860007025213938,2,65,126.0,84.0,38,2.5,18
兰州市,2019-12-23,105,轻度污染,5.165741861654721,-1.8656778688494502,2,77,148.0,87.0,38,3.0,16
兰州市,2019-12-24,91,良,3.5550134459443634,-0.7345228263971586,2,57,129.0,67.0,33,1.9,20
兰州市,2019-12-25,63,良,0.019769876026449598,0.3907174235377321,0,30,75.0,32.0,14,0.78,43
兰州市,2019-12-26,72,良,1.944996071997235,-1.657711112737183,0,37,95.0,59.0,29,1.65,21
兰州市,2019-12-27,96,良,4.239771795710983,-1.9954583191669049,2,66,134.0,75.0,38,2.6,15
兰州市,2019-12-28,96,良,4.97041334380141,-1.8914491448395656,2,69,137.0,90.5,38,2.88,19
兰州市,2019-12-29,69,良,2.784686914989277,-1.4852937820022634,2,42,89.0,62.0,38,1.83,21
兰州市,2019-12-30,73,良,2.722439974143134,-2.2957038217937353,2,44,95.0,74.0,38,1.86,19
兰州市,2019-12-31,97,良,4.391677601328124,-2.3921082493552563,2,68,133.0,90.5,38,2.63,16
兰州市,2020-01-01,99,良,4.583721833486303,-1.657583338401365,2,73,124.0,90.5,38,2.3,19
兰州市,2020-01-02,87,良,3.651853112826211,-1.2289211815974934,2,64,107.0,76.0,27,2.11,12
兰州市,2020-01-03,127,轻度污染,5.522313551486556,-1.5417091794029667,2,91,159.0,90.5,30,3.1,13
兰州市,2020-01-04,126,轻度污染,6.0392164382255045,-0.6809970954945787,2,91,157.0,90.5,38,2.72,18
兰州市,2020-01-05,67,良,1.9708455419383144,0.3984245887665258,0,44,84.0,58.0,17,1.18,31
兰州市,2020-01-06,53,良,-0.16642733614622846,-0.1525234700553013,0,34,54.0,45.0,10,0.85,54
兰州市,2020-01-07,73,良,1.611739573161154,-1.2910999658343056,0,53,78.0,54.0,25,1.42,31
兰州市,2020-01-08,107,轻度污染,3.712984177277105,-1.213596638838039,2,81,121.0,81.0,26,1.92,21
兰州市,2020-01-09,81,良,1.4827241980692722,0.8390343319414724,3,59,87.0,41.0,22,1.03,55
兰州市,2020-01-10,69,良,0.36339649297223425,0.24409433266015373,0,50,61.0,38.0,19,0.97,64
兰州市,2020-01-11,83,良,1.3719865250541763,-0.7193901305483487,0,61,83.0,65.0,15,1.39,44
兰州市,2020-01-12,67,良,1.8450772213490312,-1.2251131621718014,0,48,72.0,68.0,23,1.53,31
兰州市,2020-01-13,59,良,0.858727435084865,-1.0941770437904053,0,40,66.0,60.0,20,1.12,38
兰州市,2020-01-14,75,良,1.5596121123304851,-1.2419399017027644,0,55,87.0,61.0,17,1.62,29
兰州市,2020-01-15,75,良,1.0645766620593662,-0.5357665686497605,0,55,78.0,47.0,18,1.23,33
兰州市,2020-01-16,104,轻度污染,2.898677205855359,-0.9804108580153377,2,78,113.0,72.0,20,1.88,25
兰州市,2020-01-17,120,轻度污染,4.295320914559389,-0.5308385519138923,2,91,132.0,82.0,22,2.25,22
兰州市,2020-01-18,70,良,1.5807371443789173,0.28719067947470645,0,47,75.0,54.0,18,1.23,40
兰州市,2020-01-19,65,良,1.9394578503512072,-1.7066626501134168,0,42,73.0,69.0,28,1.56,28
兰州市,2020-01-20,80,良,3.0009931615752414,-1.9470344257662358,2,58,93.0,75.0,29,2.19,25
兰州市,2020-01-21,101,轻度污染,3.9069009227334646,-1.4776118326754688,2,75,112.0,88.0,29,2.25,31
兰州市,2020-01-22,89,良,3.280892012148636,-0.6299566705831587,2,67,100.0,73.0,27,1.81,32
兰州市,2020-01-23,62,良,1.0251726608262561,-0.2823991948885285,0,43,65.0,50.0,21,1.16,47
兰州市,2020-01-24,55,良,-0.48543033279951026,-0.27591676283397754,0,36,56.0,37.0,16,0.87,62
兰州市,2020-01-25,102,轻度污染,1.7591225901128973,-0.5159327246271738,0,76,101.0,46.0,24,1.58,49
兰州市,2020-01-26,79,良,1.2038463807825674,0.4050545246515986,0,58,73.0,42.0,15,1.26,44
兰州市,2020-01-27,91,良,1.7829858295280607,-0.22223481700644923,0,67,88.0,46.0,20,1.6,42
兰州市,2020-01-28,96,良,2.5029772137857327,-0.19024851131475398,2,71,97.0,50.0,28,1.79,47
兰州市,2020-01-29,90,良,2.6265322871126715,-0.4026024204645569,2,66,93.0,59.0,27,1.88,46
兰州市,2020-01-30,77,良,2.2473787772673526,-0.6328092645471854,2,56,81.0,62.0,28,1.72,51
兰州市,2020-01-31,72,良,1.6798992978813134,-0.6070459177171822,0,52,75.0,57.0,27,1.52,58
兰州市,2020-02-01,57,良,-0.5924910506683773,0.5131479616644316,0,40,54.0,26.0,16,0.85,78
兰州市,2020-02-02,48,优,-0.2116336798399512,-0.8148487628382345,0,32,48.0,37.0,18,1.22,54
兰州市,2020-02-03,59,良,0.5799605865603445,-1.4929113845098856,0,40,63.0,54.0,23,1.45,50
兰州市,2020-02-04,61,良,0.9761363420155844,-1.4736622882715813,0,42,67.0,54.0,29,1.58,52
兰州市,2020-02-05,66,良,0.6253263299565969,-1.0708394206064005,0,47,70.0,47.0,24,1.31,46
兰州市,2020-02-06,69,良,1.0854510871118614,-1.251407465233865,0,49,71.0,47.0,26,1.75,45
兰州市,2020-02-07,62,良,0.14117006910396265,-0.6397192338583628,0,44,63.0,41.0,19,1.35,56
兰州市,2020-02-08,59,良,-0.36437452586288266,-0.4654718056418539,0,40,64.0,39.0,19,1.04,65
兰州市,2020-02-09,73,良,0.9932493761815856,-1.1173500356310149,0,52,80.0,53.0,25,1.51,52
兰州市,2020-02-10,80,良,1.8377928299222488,-1.134144512330607,0,58,87.0,63.0,27,1.69,46
兰州市,2020-02-11,66,良,1.1238645501628768,-0.8300503253759804,0,45,72.0,59.0,25,1.49,58
兰州市,2020-02-12,57,良,0.9591967483498886,-1.5637527757237715,0,35,65.0,62.0,27,1.55,50
兰州市,2020-02-13,115,轻度污染,0.6204744133692952,-0.005411992460325239,0,40,158.0,39.0,20,1.14,49
兰州市,2020-02-14,102,轻度污染,-0.794045037489267,2.770427071644825,3,34,154.0,10.0,8,0.37,77
兰州市,2020-02-15,53,良,-1.56602313794466,1.0393923619025152,1,20,56.0,20.0,9,0.53,71
兰州市,2020-02-16,58,良,-0.5510842804040643,-0.9106271740073936,0,32,67.0,39.0,20,1.05,57
兰州市,2020-02-17,64,良,0.4243970328284161,-1.3721809235671507,0,40,78.0,56.0,25,1.26,50
兰州市,2020-02-18,64,良,-0.2214422955580399,-0.7599924694685096,0,37,77.0,44.0,19,1.08,53
兰州市,2020-02-19,76,良,0.8149739558625709,-1.1157238800779092,0,43,102.0,57.0,24,1.36,46
兰州市,2020-02-20,141,轻度污染,-0.24978293633925402,2.3631771723376334,3,54,214.5,18.0,9,0.45,72
兰州市,2020-02-21,102,轻度污染,0.8421381773383207,1.9661418136208735,3,40,155.0,37.0,14,0.9,57
兰州市,2020-02-22,88,良,1.4916886512554521,0.09618122151774075,0,48,125.0,60.0,22,1.2,49
兰州市,2020-02-23,89,良,2.4114902543700993,-0.7464305807059739,2,57,129.0,77.0,26,1.54,42
兰州市,2020-02-24,76,良,1.2833256655729057,-0.3995926905362353,0,46,101.0,58.0,19,1.41,44
兰州市,2020-02-25,80,良,1.2509073642276276,-0.641897563068513,0,41,111.0,59.0,28,1.12,49
兰州市,2020-02-26,78,良,0.8054883297703535,-0.1150172340036892,0,41,107.0,52.0,26,1.08,66
兰州市,2020-02-27,68,良,-0.8077541903182811,0.7060759877684544,1,36,86.0,31.0,12,0.79,77
兰州市,2020-02-28,47,优,-0.5200509591827588,-0.8043680980601345,0,29,55.0,45.0,11,0.88,37
兰州市,2020-02-29,67,良,-0.9531477666687773,-0.6191063048042018,1,27,84.0,38.0,13,0.88,56
兰州市,2020-03-01,58,良,-2.245040761945983,0.5981181525607211,1,19,66.0,17.0,10,0.52,84
兰州市,2020-03-02,59,良,-1.2790271225688992,-0.5745472448747674,1,25,68.0,37.0,14,0.75,59
兰州市,2020-03-03,54,良,-1.376389861020014,-0.7203573614819825,1,23,59.0,44.0,15,0.75,68
兰州市,2020-03-04,66,良,0.12299204035804182,-1.579953669619005,0,36,82.0,63.0,22,1.19,50
兰州市,2020-03-05,62,良,-0.2599942651330959,-1.0300855604500443,0,34,74.0,53.0,20,1.08,56
兰州市,2020-03-06,58,良,-0.9122026322920471,-0.8527940786077678,1,30,65.0,42.0,12,1.09,52
兰州市,2020-03-07,71,良,0.36689144836104626,-1.3476150942680223,0,39,92.0,65.0,23,1.28,58
兰州市,2020-03-08,69,良,-2.0774078088808263,0.9747961685417933,1,28,88.0,18.0,6,0.46,80
兰州市,2020-03-09,80,良,-1.364264460273322,0.8839725529898315,1,36,109.0,21.0,11,0.53,73
兰州市,2020-03-10,79,良,0.8861181155962713,-0.7099770550008689,0,41,109.0,60.0,21,1.29,46
兰州市,2020-03-11,75,良,0.7631165838429046,-0.6502271804805004,0,42,100.0,62.0,24,1.15,58
兰州市,2020-03-12,95,良,-0.610641674727198,1.013468379987629,3,40,139.0,33.0,9,0.63,66
兰州市,2020-03-13,111,轻度污染,-0.28778080337442097,2.2114769597995285,3,48,172.0,27.0,8,0.62,81
兰州市,2020-03-14,90,良,0.5184261023972421,1.179199141378118,3,45,129.0,46.0,14,0.9,66
兰州市,2020-03-15,73,良,0.6854802631203245,-0.46580258017895176,0,38,94.0,61.0,13,1.08,35
兰州市,2020-03-16,58,良,-0.9394528984960147,0.11198602526044373,1,37,63.0,39.0,7,0.75,61
兰州市,2020-03-17,73,良,0.45833802791969613,-0.8975879457669038,0,44,96.0,67.0,14,1.26,57
兰州市,2020-03-18,78,良,0.861341406322749,-0.6104725300039033,0,44,106.0,65.0,19,1.21,55
兰州市,2020-03-19,103,轻度污染,1.4817999178977423,-0.16438087564892961,0,46,155.0,64.0,21,1.3,52
兰州市,2020-03-20,92,良,0.9333927760498176,0.6897362140143892,0,44,135.0,55.0,16,1.05,60
兰州市,2020-03-21,71,良,-0.7390945079353115,0.9547359975142082,1,35,91.0,41.0,8,0.82,83
兰州市,2020-03-22,82,良,0.360122448007055,-0.13485824179239966,0,41,114.0,55.0,17,1.15,67
兰州市,2020-03-23,76,良,-0.5638125848961929,0.6940276230103299,0,35,103.0,40.0,11,0.83,76
兰州市,2020-03-24,78,良,0.16003199446356375,-0.03919920045338057,0,39,107.0,55.0,17,0.87,64
兰州市,2020-03-25,141,轻度污染,1.416239140797977,1.2316963519894442,3,62,214.5,51.0,16,0.79,54
兰州市,2020-03-26,87,良,-0.31918517192561974,2.7252001291282935,3,42,121.0,20.0,5,0.6,72
兰州市,2020-03-27,56,良,-0.9946295924739471,0.2872146561684292,1,28,63.0,37.0,7,0.78,60
兰州市,2020-03-28,59,良,-0.9434992343734971,-0.6190280541559894,1,30,68.0,43.0,9,0.79,49
兰州市,2020-03-29,79,良,-0.6628464596816248,0.10665196491493496,0,38,108.0,40.0,10,0.75,60
兰州市,2020-03-30,84,良,0.36554502426123237,-0.067862035659351,0,40,118.0,54.0,13,0.93,46
兰州市,2020-03-31,90,良,-0.4009938992672448,1.0547385997483454,3,39,129.0,37.0,11,0.7,72
兰州市,2020-04-01,57,良,-1.566924158497406,0.9912572940009724,1,34,64.0,20.0,5,0.58,68
兰州市,2020-04-02,50,优,-1.4998542855869166,-0.3574459332519636,1,31,54.0,29.0,11,0.66,57
兰州市,2020-04-03,51,良,-1.6306504111949607,-0.42745117207128697,1,33,52.0,33.0,6,0.81,62
兰州市,2020-04-04,51,良,-1.100108185473742,-0.8926129759257159,1,32,55.0,44.0,8,1.0,54
兰州市,2020-04-05,64,良,-0.7725740524378574,-0.6938143623825324,0,35,78.0,51.0,11,1.09,69
兰州市,2020-04-06,62,良,-1.1088100288865765,0.08786372814133271,1,36,74.0,38.0,16,0.78,86
兰州市,2020-04-07,56,良,-1.767177927118715,0.2202991555292415,1,32,62.0,34.0,8,0.68,85
兰州市,2020-04-08,68,良,-0.6589525018667984,-0.6944665256529793,0,32,86.0,51.0,11,1.13,63
兰州市,2020-04-09,76,良,-0.2963508248018342,-0.4495139797117728,0,32,102.0,59.0,14,0.85,61
兰州市,2020-04-10,141,轻度污染,0.3664188081699284,1.9148226165508289,3,60,214.5,34.0,12,0.48,67
兰州市,2020-04-11,73,良,-0.5082715255934123,2.088695498425186,3,31,97.0,28.0,14,0.44,78
兰州市,2020-04-12,70,良,-0.5667123639440428,-0.13374526514151303,0,30,91.0,51.0,13,0.83,67
兰州市,2020-04-13,88,良,-0.21170659422119179,0.2669117434000104,0,40,125.0,53.0,12,0.78,69
兰州市,2020-04-14,105,轻度污染,0.9950307172178273,0.4994169040366473,0,47,160.0,59.0,16,1.0,57
兰州市,2020-04-15,126,轻度污染,1.5502876674774575,1.5215154623199758,3,53,202.0,56.0,21,0.85,70
兰州市,2020-04-16,71,良,-1.0656347515127398,2.129396688530941,3,27,93.0,21.0,10,0.4,83
兰州市,2020-04-17,85,良,-0.6848394037992931,0.39734738527376373,0,30,120.0,42.0,13,0.58,66
兰州市,2020-04-18,81,良,-1.0022468144510888,1.4468584149557417,3,39,113.0,27.0,10,0.78,94
兰州市,2020-04-19,98,良,0.06868641246919237,0.9515536154753493,3,44,146.0,46.0,14,0.73,74
兰州市,2020-04-20,101,轻度污染,-0.6058296933459171,2.1883738301660536,3,42,152.0,19.0,11,0.44,79
兰州市,2020-04-21,61,良,-1.7462016146746302,1.539255437229312,1,28,72.0,22.0,5,0.41,84
兰州市,2020-04-22,61,良,-1.2910451781127,-0.19563205352164104,1,29,72.0,42.0,11,0.71,72
兰州市,2020-04-23,65,良,-1.974824748275113,0.555161159234361,1,26,79.0,32.0,11,0.42,95
兰州市,2020-04-24,59,良,-1.8594358224171987,0.32744346611234276,1,25,68.0,36.0,11,0.53,92
兰州市,2020-04-25,68,良,-0.7079255513327748,-0.6603619282683133,0,28,88.0,54.0,18,0.67,65
兰州市,2020-04-26,76,良,0.26670124179299237,-0.8343605548636571,0,35,103.0,61.0,25,1.01,63
兰州市,2020-04-27,79,良,0.4383208900617085,-0.6867263486084179,0,37,107.0,68.0,24,0.98,66
兰州市,2020-04-28,82,良,0.5033569632183087,-0.4860566540030657,0,37,113.0,66.0,26,0.91,69
兰州市,2020-04-29,80,良,0.08190643021535433,-0.1333176491535937,0,36,110.0,63.0,18,0.8,68
兰州市,2020-04-30,86,良,0.2939830459021589,-0.21098644683016357,0,34,120.0,65.0,20,0.95,71
兰州市,2020-05-01,87,良,0.4256714879902121,-0.1585564690906556,0,36,112.0,73.0,20,0.97,80
兰州市,2020-05-02,88,良,0.5776593077101995,-0.20717558503594793,0,38,107.0,77.0,22,1.01,86
兰州市,2020-05-03,141,轻度污染,0.881201572121214,1.6662816246984664,3,54,214.5,54.0,12,0.73,73
兰州市,2020-05-04,100,良,-0.3474512467167515,3.3724866912432026,3,46,149.0,23.0,8,0.62,106
兰州市,2020-05-05,82,良,-0.3131668591371718,1.1070363970274328,3,35,113.0,50.0,12,0.7,86
兰州市,2020-05-06,46,优,-1.946425700847797,0.8803567321206441,1,26,48.0,26.0,11,0.55,100
兰州市,2020-05-07,51,良,-2.058577753584172,-0.07857547017797008,1,30,56.0,27.0,5,0.48,66
兰州市,2020-05-08,62,良,-2.430948009811443,0.6881218013743832,1,27,76.0,16.0,6,0.29,81
兰州市,2020-05-09,51,良,-2.450703744866777,0.4241248626415481,1,22,51.0,26.0,5,0.49,88
兰州市,2020-05-10,84,良,-0.7174822293788273,-0.16872188036510744,0,38,116.0,45.0,14,0.68,65
兰州市,2020-05-11,71,良,-1.4600753784351823,0.9533802639521516,1,34,94.0,33.0,5,0.47,74
兰州市,2020-05-12,68,良,-0.8714481945070824,-0.24870858973174667,1,28,87.0,50.0,14,0.77,70
兰州市,2020-05-13,62,良,-1.866812988237951,0.34330379190788807,1,25,75.0,32.0,8,0.64,82
兰州市,2020-05-14,77,良,-0.9127846269213548,-0.09859625828004667,1,33,103.0,50.0,12,0.69,72
兰州市,2020-05-15,69,良,-1.1229429736739387,0.4204754243318252,1,33,89.0,39.0,13,0.6,78
兰州市,2020-05-16,51,良,-2.1365518994553905,0.144706862347107,1,21,52.0,38.0,7,0.45,83
兰州市,2020-05-17,82,良,-0.9582111587253593,-0.24245198171849058,1,30,114.0,45.0,16,0.73,74
兰州市,2020-05-18,81,良,-1.1405639546911357,0.9393610074292079,1,34,113.0,34.0,10,0.61,80
兰州市,2020-05-19,76,良,-0.6125482571774545,0.16147306285490914,0,32,101.0,52.0,14,0.73,74
兰州市,2020-05-20,70,良,-0.2195666504146059,-0.4897123012016923,0,31,90.0,59.0,19,0.95,70
兰州市,2020-05-21,64,良,-1.0970094352334216,-0.17555938145948224,1,28,77.0,51.0,13,0.78,81
兰州市,2020-05-22,77,良,-0.7358815031882303,-0.15196152313295289,0,32,104.0,49.0,17,0.68,73
兰州市,2020-05-23,43,优,-2.223995513870713,0.4758006228859081,1,25,45.0,27.0,5,0.49,79
兰州市,2020-05-24,40,优,-2.205293944051213,-0.836602440233446,1,22,40.0,35.0,8,0.48,59
兰州市,2020-05-25,48,优,-2.165135765941856,-0.7722558198837596,1,22,51.0,35.0,9,0.71,71
兰州市,2020-05-26,29,优,-2.690545050256212,-0.6906467325378531,1,17,27.0,28.0,6,0.5,64
兰州市,2020-05-27,41,优,-2.879338238275749,-0.9533185129808391,1,19,34.0,34.0,5,0.59,76
兰州市,2020-05-28,54,良,-2.0518217741442317,-1.0042965744220749,1,20,55.0,42.0,10,0.86,74
兰州市,2020-05-29,67,良,-1.6074498431089963,-0.3931471081635576,1,27,82.0,41.0,14,0.68,77
兰州市,2020-05-30,54,良,-2.22526138137086,0.3004330742518005,1,30,61.0,31.0,5,0.56,82
兰州市,2020-05-31,68,良,-1.3849269969052336,-0.4741567529109001,1,29,81.0,48.0,14,0.87,85
兰州市,2020-06-01,54,良,-2.1758315978323552,0.13045676305698284,1,23,59.0,34.0,8,0.6,85
兰州市,2020-06-02,61,良,-1.5250822340874512,-0.660363222608642,1,24,70.0,48.0,12,0.89,79
兰州市,2020-06-03,66,良,-1.403508159461506,-0.3857823499210532,1,26,70.0,47.0,15,0.94,91
兰州市,2020-06-04,58,良,-1.4101640068607082,-0.37968075470490165,1,25,68.0,48.0,13,0.65,75
兰州市,2020-06-05,67,良,-1.467977172697396,-0.5682503811180715,1,24,67.0,52.0,12,0.96,88
兰州市,2020-06-06,71,良,-0.0711494025432775,-1.158834377785429,0,31,92.0,72.0,18,0.83,53
兰州市,2020-06-07,76,良,-1.5383984073829406,0.798733290807212,1,37,101.0,33.0,8,0.53,84
兰州市,2020-06-08,43,优,-2.634943114112458,0.6765158461560299,1,22,44.0,19.0,5,0.5,88
兰州市,2020-06-09,65,良,-2.1759582189681788,-0.02205283325182752,1,27,76.0,35.0,11,0.63,98
兰州市,2020-06-10,72,良,-1.6984881437516959,0.608809817948627,1,32,95.0,33.0,9,0.6,89
兰州市,2020-06-11,46,优,-2.978447427032984,1.0776433138493988,1,24,43.0,17.0,6,0.48,115
兰州市,2020-06-12,54,良,-2.8378225772936254,0.30696513531579306,1,24,51.0,24.0,10,0.55,112
兰州市,2020-06-13,56,良,-2.36229332576717,0.23470235777453144,1,29,63.0,25.0,5,0.5,79
兰州市,2020-06-14,54,良,-1.6444832473160174,-0.5544792415828521,1,25,61.0,37.0,11,0.88,70
兰州市,2020-06-15,53,良,-2.2293865584748422,0.04905915424635878,1,26,57.0,24.0,13,0.69,92
兰州市,2020-06-16,42,优,-2.4417705208272493,-0.3175465908423631,1,22,42.0,31.0,5,0.71,78
兰州市,2020-06-17,41,优,-2.6040738293973904,-0.6729274427413122,1,20,37.0,37.0,7,0.65,84
兰州市,2020-06-18,66,良,-1.6506119607624963,-0.9100081815662961,1,25,68.0,51.0,12,0.99,87
兰州市,2020-06-19,56,良,-2.4352499535636696,0.1994320031453024,1,20,54.0,35.0,8,0.58,97
兰州市,2020-06-20,57,良,-2.8691480572246166,0.3794978266274096,1,23,50.0,25.0,8,0.59,109
兰州市,2020-06-21,49,优,-2.5651894691389234,0.1299231823453413,1,24,54.0,21.0,8,0.59,84
兰州市,2020-06-22,36,优,-3.150296113669444,-0.0632970841053475,1,19,34.0,23.0,5,0.54,93
兰州市,2020-06-23,56,良,-2.224475798050013,-0.9324391220550137,1,22,60.0,47.0,7,0.69,77
兰州市,2020-06-24,68,良,-1.2436052797213444,-0.8400260867573702,1,26,73.0,56.0,14,0.87,77
兰州市,2020-06-25,69,良,-0.6533601883391782,-0.5153589556363055,0,33,91.0,50.0,17,0.83,63
兰州市,2020-06-26,43,优,-3.1622044579289574,0.6541884517790333,1,18,34.0,22.0,6,0.47,111
兰州市,2020-06-27,53,良,-2.039515402268003,-0.9309975401924131,1,19,55.0,41.0,11,0.9,78
兰州市,2020-06-28,79,良,-2.3681226462310443,1.1076311113678086,1,35,105.0,22.0,8,0.58,114
兰州市,2020-06-29,59,良,-1.7063988895315059,0.10919798160781091,1,21,68.0,41.0,9,0.63,77
兰州市,2020-06-30,59,良,-1.4490445993807246,-0.6236217506524813,1,23,69.0,45.0,14,0.75,71
兰州市,2020-07-01,38,优,-2.8599505560284184,-0.027449436774797855,1,17,34.0,26.0,7,0.54,90
兰州市,2020-07-02,62,良,-1.9662571881140098,-0.6825766111667761,1,24,71.0,40.0,16,0.77,91
兰州市,2020-07-03,62,良,-1.8111404207791677,-0.02538286092345238,1,30,74.0,38.0,7,0.52,70
兰州市,2020-07-04,67,良,-1.8993627011382082,0.07613770321896306,1,29,68.0,43.0,8,0.66,92
兰州市,2020-07-05,79,良,-0.9090757813905294,-0.31633929067524125,1,30,91.0,58.0,16,0.78,85
兰州市,2020-07-06,61,良,-1.5003194298380174,0.14067864040777955,1,25,68.0,46.0,14,0.63,91
兰州市,2020-07-07,55,良,-2.4684857023291094,-0.06506377538525035,1,18,46.0,41.0,8,0.66,102
兰州市,2020-07-08,47,优,-2.888265147388754,0.15678447323394412,1,18,43.0,27.0,10,0.44,103
兰州市,2020-07-09,44,优,-2.7032255669341976,-0.2803778514232318,1,19,45.0,28.0,10,0.49,87
兰州市,2020-07-10,42,优,-3.27359020921857,-0.009624691034698558,1,18,37.0,23.0,6,0.55,103
兰州市,2020-07-11,29,优,-2.828901400717688,-1.051799379866707,1,13,27.0,31.0,6,0.55,61
兰州市,2020-07-12,45,优,-3.1516288887238724,-0.9591736622028721,1,15,33.0,36.0,6,0.66,90
兰州市,2020-07-13,52,良,-1.547344984055725,-1.6491400702264691,1,19,56.0,52.0,12,0.91,51
兰州市,2020-07-14,32,优,-2.833385722127623,-0.7745638797273184,1,14,28.0,29.0,7,0.61,69
兰州市,2020-07-15,39,优,-2.905183017585877,-1.3175554429755079,1,10,33.0,32.0,9,0.88,76
兰州市,2020-07-16,40,优,-2.4335483892901344,-1.3786238200751728,1,15,40.0,34.0,11,0.76,59
兰州市,2020-07-17,48,优,-2.8233737179283573,-0.7389614483848657,1,18,43.0,31.0,11,0.68,88
兰州市,2020-07-18,31,优,-3.547395942046175,-0.2752993110361755,1,14,24.0,22.0,5,0.44,91
兰州市,2020-07-19,48,优,-2.79713238892982,-1.0867117312860743,1,18,39.0,39.0,11,0.73,91
兰州市,2020-07-20,55,良,-2.2734065907774252,-0.9513719644428569,1,17,52.0,44.0,12,0.72,80
兰州市,2020-07-21,42,优,-3.0017762331102844,-0.25247353096540415,1,16,40.0,26.0,8,0.49,85
兰州市,2020-07-22,41,优,-2.9140162072264966,-0.7163974326434981,1,16,37.0,26.0,8,0.81,83
兰州市,2020-07-23,38,优,-2.746052996637705,-1.0424851878650179,1,16,39.0,26.0,6,0.53,50
兰州市,2020-07-24,48,优,-2.445934641149891,-0.9791102524536072,1,23,50.0,30.0,6,0.73,58
兰州市,2020-07-25,40,优,-2.8906027606897804,-0.5737872193295418,1,14,44.0,30.0,6,0.53,74
兰州市,2020-07-26,70,良,-1.5917989916183206,-0.9335841022698681,1,27,86.0,51.0,11,0.88,75
兰州市,2020-07-27,73,良,-1.0619735807406174,-0.5163540562973307,1,24,85.0,56.0,16,0.97,84
兰州市,2020-07-28,50,优,-2.1476227462663418,-0.1782231561720766,1,18,52.0,38.0,8,0.63,76
兰州市,2020-07-29,50,优,-2.6867140255682807,-0.2869332097164678,1,18,52.0,27.0,7,0.72,84
兰州市,2020-07-30,49,优,-2.6918512238265584,-0.1396795954925653,1,19,53.0,28.0,9,0.8,99
兰州市,2020-07-31,68,良,-1.7758372576950279,-0.45201141981443266,1,26,78.0,43.0,15,0.73,89
兰州市,2020-08-01,47,优,-3.0019845501848934,0.44582233552641876,1,16,42.0,27.0,7,0.53,108
兰州市,2020-08-02,57,良,-1.931861806872363,-0.7407555678228669,1,21,62.0,38.0,16,0.91,87
兰州市,2020-08-03,46,优,-2.7469871016084664,-0.1729200686052757,1,16,45.0,28.0,9,0.68,92
兰州市,2020-08-04,38,优,-2.5050323073743366,-0.7799526338154879,1,19,37.0,28.0,11,0.83,78
兰州市,2020-08-05,32,优,-3.10187033546224,-0.7631752264285154,1,14,28.0,19.0,9,0.72,79
兰州市,2020-08-06,37,优,-2.5559724578910914,-1.3740765326382303,1,16,36.0,31.0,10,0.79,62
兰州市,2020-08-07,55,良,-1.4875748753522982,-1.7519202624605517,1,20,61.0,52.0,13,1.18,61
兰州市,2020-08-08,52,良,-2.4064746457169766,-0.5731003336188184,1,17,51.0,38.0,7,0.8,80
兰州市,2020-08-09,56,良,-1.5211823976718748,-1.3103470675973423,1,18,57.0,47.0,15,1.24,73
兰州市,2020-08-10,65,良,-0.984840350396583,-1.1094517241825215,1,25,77.0,53.0,20,1.08,75
兰州市,2020-08-11,34,优,-2.2533634312837165,-0.7160562540700175,1,16,33.0,29.0,8,0.95,64
兰州市,2020-08-12,46,优,-2.9732531106235345,-0.5849343571864676,1,19,48.0,23.0,6,0.73,81
兰州市,2020-08-13,50,优,-1.7933403040381404,-1.4241777810512644,1,15,51.0,44.0,14,1.0,64
兰州市,2020-08-14,35,优,-2.3146784781250638,-1.4070321112268533,1,12,33.0,40.0,7,0.59,43
兰州市,2020-08-15,45,优,-2.0968521060313083,-1.6797393697149152,1,17,44.0,50.0,9,0.8,58
兰州市,2020-08-16,57,良,-2.298426486953933,-0.7234413032399656,1,20,67.0,36.0,7,0.55,61
兰州市,2020-08-17,33,优,-3.1006153806177283,-0.35041409495255726,1,13,30.0,28.0,6,0.53,84
兰州市,2020-08-18,44,优,-2.3069079777431836,-1.6653382607847824,1,14,42.0,42.0,10,0.89,60
兰州市,2020-08-19,46,优,-2.498105751833943,-1.0139529933526323,1,16,45.0,39.0,11,0.65,75
兰州市,2020-08-20,43,优,-2.6163464518072743,-1.0179555495475867,1,14,43.0,32.0,8,0.57,58
兰州市,2020-08-21,30,优,-3.1810366513948494,-0.8126414840105354,1,12,30.0,20.0,6,0.5,62
兰州市,2020-08-22,41,优,-2.3473208296442762,-1.7764892230015854,1,15,41.0,33.0,10,0.81,43
兰州市,2020-08-23,31,优,-3.2569598445180916,-0.9916494389809989,1,12,22.0,29.0,5,0.5,69
兰州市,2020-08-24,47,优,-2.34256080401255,-1.6064052932963184,1,17,43.0,43.0,9,1.03,69
兰州市,2020-08-25,63,良,-2.3010035582125576,-0.9739795933917853,1,17,55.0,54.0,8,0.76,86
兰州市,2020-08-26,76,良,-0.99063946794369,-1.0108724066822707,1,25,79.0,63.0,15,1.14,80
兰州市,2020-08-27,83,良,-0.4588499831529208,-0.23206793700580278,0,33,116.0,48.0,17,0.94,62
兰州市,2020-08-28,73,良,-1.2196537901690694,0.3312652905230173,1,29,98.0,39.0,10,0.69,68
兰州市,2020-08-29,43,优,-2.3817610850362723,-0.03689133931837608,1,17,47.0,25.0,6,0.55,64
兰州市,2020-08-30,23,优,-3.035900830841142,-1.00024467121558,1,10,19.0,24.0,4,0.64,59
兰州市,2020-08-31,43,优,-2.3685131622461206,-1.717819911841303,1,15,39.0,37.0,9,1.03,62
兰州市,2020-09-01,42,优,-1.9011274824792361,-1.570534432567511,1,14,43.0,38.0,15,0.69,46
兰州市,2020-09-02,53,良,-1.782532241754505,-1.372169627696135,1,18,57.0,44.0,14,0.84,61
兰州市,2020-09-03,64,良,-0.6560239076795839,-1.8208030841906482,0,22,78.0,64.0,16,0.98,40
兰州市,2020-09-04,62,良,-0.925566668445813,-1.1066599510828996,1,25,75.0,55.0,16,1.01,61
兰州市,2020-09-05,51,良,-1.1099795774485268,-1.5168568081153497,1,23,54.0,53.0,12,0.77,33
兰州市,2020-09-06,58,良,-1.057730516607653,-1.5231787854589944,1,22,68.0,54.0,14,1.08,52
兰州市,2020-09-07,61,良,-1.477450556625976,-0.8461626840548524,1,21,72.0,46.0,13,0.72,60
兰州市,2020-09-08,56,良,-1.6628314055485414,-0.8062217355370015,1,21,62.0,47.0,8,0.58,52
兰州市,2020-09-09,43,优,-2.0762871422486793,-0.7648656183189677,1,21,44.0,36.0,9,0.58,58
兰州市,2020-09-10,52,良,-1.4495433276774194,-1.473312448999229,1,22,57.0,44.0,13,1.0,52
兰州市,2020-09-11,51,良,-1.9808586874985366,-0.8891092259267465,1,21,51.0,43.0,9,0.62,62
兰州市,2020-09-12,54,良,-1.4446169144989258,-1.3086392043330441,1,22,60.0,44.0,11,0.75,40
兰州市,2020-09-13,38,优,-1.9735623331503347,-1.3133661006590092,1,16,39.0,41.0,7,0.6,37
兰州市,2020-09-14,35,优,-2.803052549814502,-0.9217886161898767,1,18,35.0,30.0,5,0.57,64
兰州市,2020-09-15,38,优,-2.816761379329017,-0.9081519441589245,1,18,39.0,32.0,7,0.55,72
兰州市,2020-09-16,53,良,-1.1664985508093488,-2.0176796298600586,1,22,62.0,54.0,12,0.93,32
兰州市,2020-09-17,40,优,-2.5130358398719403,-0.7505555177198755,1,17,38.0,39.0,7,0.53,70
兰州市,2020-09-18,63,良,-1.2557734732034909,-1.4792047494143188,1,25,77.0,51.0,13,0.87,49
兰州市,2020-09-19,48,优,-2.0532993279209384,-0.7456849145631105,1,18,50.0,33.0,7,0.54,43
兰州市,2020-09-20,35,优,-2.4456629090795046,-1.0822316758743151,1,17,35.0,30.0,6,0.55,44
兰州市,2020-09-21,26,优,-2.341065209020192,-1.8482388790558972,1,15,25.0,36.0,6,0.71,32
兰州市,2020-09-22,37,优,-2.4464376693801366,-1.6576893231479486,1,18,35.0,35.0,10,0.68,52
兰州市,2020-09-23,56,良,-1.381211209124311,-1.6996475654184184,1,26,64.0,53.0,10,0.86,43
兰州市,2020-09-24,70,良,-0.39987286886363904,-1.5493381151194308,0,31,91.0,57.0,9,0.88,13
兰州市,2020-09-25,59,良,-1.180577740645489,-0.8423133879706616,1,24,69.0,42.0,8,0.78,33
兰州市,2020-09-26,50,优,-1.8827108420478327,-0.8820941120068008,1,18,53.0,33.0,8,0.68,42
兰州市,2020-09-27,34,优,-2.702599657481339,-0.8612038817394447,1,12,34.0,26.0,6,0.49,51
兰州市,2020-09-28,27,优,-3.024733908439042,-1.1748822870384108,1,11,26.0,23.0,7,0.51,55
兰州市,2020-09-29,51,良,-2.2591842651365726,-1.4892979187441227,1,17,56.0,42.0,9,0.66,56
兰州市,2020-09-30,38,优,-2.4260661114205586,-0.9213107608851365,1,18,38.0,28.0,7,0.56,48
兰州市,2020-10-01,44,优,-2.911293004710329,-0.6987244699612216,1,19,44.0,23.0,8,0.48,68
兰州市,2020-10-02,51,良,-2.666940510735728,-0.5408073229766225,1,22,53.0,27.0,8,0.48,69
兰州市,2020-10-03,53,良,-1.8750487224409735,-1.1359130073599786,1,20,59.0,45.0,10,0.53,49
兰州市,2020-10-04,51,良,-1.9338104792398365,-1.0758559258393996,1,18,56.0,35.0,12,0.47,41
兰州市,2020-10-05,51,良,-2.076012874993761,-0.7981205186915891,1,22,54.0,30.0,12,0.51,53
兰州市,2020-10-06,54,良,-1.2655256522480585,-1.4665362256716101,1,25,59.0,46.0,11,0.78,33
兰州市,2020-10-07,55,良,-1.4437656167935522,-1.112838691053975,1,25,63.0,40.0,9,0.71,35
兰州市,2020-10-08,47,优,-2.0567454918971677,-0.8127684294641309,1,19,51.0,32.0,8,0.61,48
兰州市,2020-10-09,64,良,-1.1629942411550591,-1.2871498005217634,1,28,77.0,54.0,9,0.67,39
兰州市,2020-10-10,62,良,-1.7478129591998584,-0.13053681964394526,1,26,76.0,37.0,8,0.6,66
兰州市,2020-10-11,75,良,-2.14182570855082,0.7848386467299062,1,29,102.0,18.0,8,0.28,73
兰州市,2020-10-12,63,良,-1.5293313581356442,0.06912894992133013,1,26,76.0,33.0,11,0.44,58
兰州市,2020-10-13,56,良,-2.095130724535329,-0.018539149217868017,1,23,64.0,26.0,9,0.45,64
兰州市,2020-10-14,43,优,-2.141577494503307,-0.6903723084111516,1,19,44.0,33.0,9,0.51,56
兰州市,2020-10-15,62,良,-1.3140580631035812,-1.0938253357460803,1,27,73.0,42.0,15,0.7,52
兰州市,2020-10-16,55,良,-1.8563598700210766,-0.40528015587572896,1,21,62.0,38.0,9,0.62,65
兰州市,2020-10-17,69,良,-0.4889470773266388,-1.12968202019179,0,31,89.0,50.0,20,0.84,47
兰州市,2020-10-18,50,优,-1.9611951421506642,-0.18239601653102758,1,23,54.0,37.0,8,0.5,67
兰州市,2020-10-19,68,良,-0.16424280656032925,-1.508540167632818,0,37,86.0,58.0,17,1.03,38
兰州市,2020-10-20,90,良,1.4720342458137516,-1.5544658696907285,0,43,130.0,78.0,26,1.09,25
兰州市,2020-10-21,93,良,2.1514778631971727,-0.9467148865842948,0,52,139.0,78.0,24,1.4,28
兰州市,2020-10-22,96,良,2.5467058197999024,-1.1097908503061924,2,51,141.0,84.0,25,1.55,25
兰州市,2020-10-23,85,良,1.3106838896319775,-0.31008371449776206,0,43,120.0,66.0,19,1.1,38
兰州市,2020-10-24,70,良,0.6074309258297745,-0.6288092808001454,0,39,91.0,64.0,10,1.08,31
兰州市,2020-10-25,72,良,0.3376312163430909,-0.6620971256599125,0,36,96.0,56.0,15,0.99,40
兰州市,2020-10-26,55,良,-0.7715919649130117,-0.40181331276429205,0,25,62.0,43.0,16,0.6,54
兰州市,2020-10-27,45,优,-1.40585063534469,-0.7495686874396236,1,30,38.0,39.0,5,0.69,44
兰州市,2020-10-28,50,优,-1.0463173809681183,-1.1626213672500743,1,34,50.0,45.0,7,0.9,41
兰州市,2020-10-29,73,良,0.8258070871545764,-1.6902249291587397,0,49,92.0,65.0,14,1.45,24
兰州市,2020-10-30,59,良,-0.9819879427848791,-0.16914574808256874,1,32,68.0,36.0,9,0.7,47
兰州市,2020-10-31,78,良,-0.9287662031299688,0.005015197885703185,1,32,107.0,39.0,13,0.56,60
兰州市,2020-11-01,57,良,-0.8277127729608279,-0.41388998271471666,1,24,67.0,41.0,18,0.6,52
兰州市,2020-11-02,75,良,0.16878240486169538,-1.203694733313539,0,36,100.0,63.0,14,1.0,35
兰州市,2020-11-03,85,良,1.9578354613726496,-1.5665479622365617,0,47,119.0,75.0,26,1.43,20
兰州市,2020-11-04,81,良,1.9578956763795226,-1.3963415306744011,0,46,112.0,76.0,24,1.32,16
兰州市,2020-11-05,80,良,0.10408521453486123,0.15966046549497956,0,49,100.0,45.0,12,0.82,47
兰州市,2020-11-06,118,轻度污染,1.0927689818391946,0.7425397876105945,3,52,186.0,53.0,14,0.9,48
兰州市,2020-11-07,99,良,2.9433976285490577,-0.3331323436355649,2,52,148.0,78.0,25,1.55,25
兰州市,2020-11-08,87,良,2.676032873402486,-0.8811301901215456,2,51,124.0,70.0,29,1.48,19
兰州市,2020-11-09,92,良,2.8423291602478415,-0.9125899174344325,2,63,130.0,79.0,18,1.9,24
兰州市,2020-11-10,101,轻度污染,4.0030866501568605,-1.1586261462543677,2,70,149.0,89.0,27,2.16,21
兰州市,2020-11-11,103,轻度污染,4.24848747985339,-0.8468923684572942,2,74,149.0,90.5,30,1.95,24
兰州市,2020-11-12,95,良,3.96080187624347,-0.8149053401703467,2,69,134.0,87.0,28,1.89,23
兰州市,2020-11-13,107,轻度污染,4.562675371481383,-0.9293988410232423,2,80,147.0,90.5,31,2.03,22
兰州市,2020-11-14,110,轻度污染,4.3605863538013745,-0.30846793765667435,2,82,144.0,90.5,22,1.97,26
兰州市,2020-11-15,121,轻度污染,4.611384601517019,0.06744312488072193,2,91,151.0,90.5,18,1.98,25
兰州市,2020-11-16,110,轻度污染,4.038540621553302,0.585684872537465,2,81,140.0,80.0,18,1.64,30
兰州市,2020-11-17,80,良,0.4195095343074967,1.8981806339913152,3,35,111.0,31.0,14,0.69,75
兰州市,2020-11-18,76,良,0.827364326294559,0.24487519177292993,0,39,104.0,52.0,11,0.92,43
兰州市,2020-11-19,84,良,2.538739780962947,-1.0879503535667987,2,48,118.0,77.0,22,1.51,23
兰州市,2020-11-20,80,良,1.8748109104099828,-0.504610182814827,0,48,108.0,54.0,21,1.3,21
兰州市,2020-11-21,33,优,-1.601123791242266,0.38008113487644307,1,21,32.0,20.0,7,0.51,56
兰州市,2020-11-22,47,优,-1.0108933554323507,-1.4653121410881045,1,29,49.0,41.0,12,0.79,35
兰州市,2020-11-23,64,良,0.6320081200210428,-1.9401053249339677,0,43,77.0,59.0,16,1.48,20
兰州市,2020-11-24,66,良,0.2562940290625057,-0.9767234534711343,0,46,73.0,44.0,12,1.34,28
兰州市,2020-11-25,73,良,0.2842530863307222,-0.5122478579107221,0,53,81.0,43.0,15,1.0,37
兰州市,2020-11-26,87,良,1.8390447113469965,-1.0001941421278735,0,63,105.0,58.0,22,1.49,23
兰州市,2020-11-27,63,良,1.13373962893632,-1.1957552115663654,0,37,75.0,58.0,25,1.13,22
兰州市,2020-11-28,91,良,2.0837511853656774,-1.1015521877114374,0,65,121.0,70.0,19,1.58,28
兰州市,2020-11-29,66,良,1.2720213261322355,-0.6130888085854228,0,43,81.0,57.0,24,1.08,35
兰州市,2020-11-30,69,良,1.194784758777674,-1.1758792427231481,0,43,86.0,55.0,26,1.23,33
兰州市,2020-12-01,79,良,0.8900174839413995,-0.2829777088047617,0,58,89.0,40.0,20,1.04,37
兰州市,2020-12-02,52,良,-0.6031650047785309,0.1233743229726406,0,35,51.0,28.0,16,0.78,58
兰州市,2020-12-03,56,良,-0.433697812585861,-0.9188266761105089,0,36,60.0,40.0,14,0.96,41
兰州市,2020-12-04,74,良,1.3280520950588068,-1.5315681726233488,0,51,93.0,64.0,17,1.37,17
兰州市,2020-12-05,87,良,2.1342125827357106,-1.0790240143777257,0,64,109.0,64.0,20,1.55,17
兰州市,2020-12-06,80,良,1.9531663111899993,-0.7868184938680028,0,58,96.0,57.0,22,1.39,18
兰州市,2020-12-07,76,良,1.905361150012637,-1.0921235942115897,0,53,97.0,68.0,19,1.42,19
兰州市,2020-12-08,77,良,1.848465440609937,-1.121398074600533,0,56,93.0,66.0,19,1.48,22
兰州市,2020-12-09,51,良,-0.532497020417574,-0.06357095871508102,0,33,55.0,37.0,11,0.84,52
兰州市,2020-12-10,73,良,1.6738872400018816,-1.9275555939713036,0,46,95.0,73.0,21,1.52,20
兰州市,2020-12-11,70,良,1.9958856311284643,-1.6246930714464336,0,43,90.0,66.0,31,1.5,25
兰州市,2020-12-12,64,良,0.6739866130598693,-1.0436700373375472,0,36,78.0,51.0,21,1.27,36
兰州市,2020-12-13,56,良,-1.113846116497903,-0.16666192156085455,1,27,65.0,24.0,13,0.72,49
兰州市,2020-12-14,77,良,1.2851955659925152,-1.7384323314378942,0,43,101.0,60.0,23,1.46,18
兰州市,2020-12-15,82,良,2.1192007244725812,-1.3295367940446001,0,57,110.0,65.0,23,1.73,19
兰州市,2020-12-16,67,良,1.213222685581351,-1.216311043928929,0,40,84.0,60.0,21,1.36,23
兰州市,2020-12-17,45,优,-1.071952346087191,-0.5444644309322799,1,26,45.0,34.0,16,0.74,55
兰州市,2020-12-18,59,良,0.38665598836804677,-2.0955942178522955,0,35,69.0,61.0,18,1.38,25
兰州市,2020-12-19,62,良,0.6125470532795049,-1.7556802080467317,0,36,75.0,63.0,20,1.25,27
兰州市,2020-12-20,90,良,2.9115085622688475,-2.078742222211364,2,63,118.0,75.0,31,2.02,16
兰州市,2020-12-21,108,轻度污染,4.849185573364794,-1.8541702103291042,2,81,144.0,88.0,38,2.65,14
兰州市,2020-12-22,113,轻度污染,4.11552324207437,-0.6607785984958398,2,65,169.0,70.0,32,2.39,20
兰州市,2020-12-23,88,良,2.8159032273908746,-0.753726087784479,2,41,125.0,72.0,27,1.88,26
兰州市,2020-12-24,83,良,3.2703653558363244,-1.7421182808837743,2,46,117.0,74.0,35,2.11,17
兰州市,2020-12-25,95,良,4.5408374968268355,-2.0103765303466945,2,64,140.0,81.0,38,2.72,12
兰州市,2020-12-26,108,轻度污染,5.584732384718987,-1.7043361379546513,2,77,161.0,90.0,38,3.09,15
兰州市,2020-12-27,121,轻度污染,6.3215000439005715,-1.2502755650576105,2,90,176.0,90.5,38,3.27,14
兰州市,2020-12-28,82,良,2.687291574596361,0.09537603882978604,2,49,111.0,54.0,23,1.94,34
兰州市,2020-12-29,44,优,-1.0525373456104379,0.24459582012346714,1,20,44.0,24.0,8,0.92,56
兰州市,2020-12-30,53,良,-0.2930921484614083,-1.2803185942429982,0,26,57.0,38.0,17,1.24,41
兰州市,2020-12-31,74,良,2.109034484249092,-2.074182274717289,0,45,98.0,61.0,27,1.97,15
兰州市,2021-01-01,89,良,3.6737202221969247,-2.0410880993292966,2,60,122.0,74.0,36,2.35,13
兰州市,2021-01-02,85,良,3.3669586769811346,-1.4513703258538349,2,60,116.0,67.0,36,2.13,21
兰州市,2021-01-03,65,良,1.1802211385795989,-1.1197947080612047,0,37,81.0,56.0,25,1.36,30
兰州市,2021-01-04,64,良,0.24942225408650615,-1.0359455145123917,0,35,78.0,46.0,21,1.09,36
兰州市,2021-01-05,51,良,-0.15278219077054495,-1.1447045553434139,0,29,55.0,39.0,23,0.95,36
兰州市,2021-01-06,49,优,-1.1107229206741265,-0.8943285038357962,1,23,51.0,30.0,16,0.87,48
兰州市,2021-01-07,60,良,0.24315368464551182,-1.8687285428936737,0,29,71.0,51.0,23,1.18,25
兰州市,2021-01-08,82,良,2.494863800185226,-2.3442391837520704,2,52,112.0,73.0,30,2.05,13
兰州市,2021-01-09,75,良,2.3812741581825185,-1.7313768991574776,2,51,100.0,60.0,36,1.82,19
兰州市,2021-01-10,58,良,-0.1677983133302029,-0.7672498810094075,0,30,67.0,36.0,23,0.98,41
兰州市,2021-01-11,80,良,1.4189905253934012,-1.7680533271517276,0,44,111.0,68.0,21,1.6,22
兰州市,2021-01-12,104,轻度污染,4.808797529629398,-2.512687149532787,2,66,157.0,90.5,38,3.2,13
兰州市,2021-01-13,94,良,4.628726579572588,-1.936238823201776,2,61,136.0,89.0,38,2.78,15
兰州市,2021-01-14,115,轻度污染,3.1595373684569314,-0.5250274371717866,2,49,178.0,64.0,24,2.28,25
兰州市,2021-01-15,81,良,1.2269899323008195,0.22276309882798034,0,31,111.0,43.0,22,1.23,34
兰州市,2021-01-16,52,良,-0.5642289371844571,-0.29667784915182666,0,25,55.0,30.0,18,0.82,45
兰州市,2021-01-17,78,良,2.1231401565048347,-2.1344399446317657,0,49,107.0,69.0,25,1.96,17
兰州市,2021-01-18,100,良,4.191082260107889,-2.050519682210879,2,63,150.0,85.0,28,3.0,14
兰州市,2021-01-19,81,良,3.067614979641305,-1.4911656984035948,2,47,111.0,76.0,31,2.15,23
兰州市,2021-01-20,90,良,3.7674165652919127,-2.1760496025122302,2,57,127.0,87.0,38,2.23,17
兰州市,2021-01-21,91,良,4.005420658430739,-1.8406126538786987,2,63,128.0,83.0,38,2.33,19
兰州市,2021-01-22,85,良,4.026990147257298,-2.1074008721094253,2,55,118.0,86.0,38,2.43,16
兰州市,2021-01-23,87,良,4.300434518218588,-2.167821920939393,2,61,121.0,88.0,38,2.42,12
兰州市,2021-01-24,97,良,3.2560732049520205,-0.7760291836973362,2,64,135.0,64.0,30,1.84,22
兰州市,2021-01-25,109,轻度污染,2.1415541909173674,0.9999018826243299,3,67,167.0,55.0,11,1.25,38
兰州市,2021-01-26,104,轻度污染,2.15850959016142,0.7431691987429558,3,51,157.0,57.0,15,1.16,29
兰州市,2021-01-27,93,良,2.0364818248553123,0.3598290375485921,0,48,137.0,51.0,21,1.23,30
兰州市,2021-01-28,119,轻度污染,2.740336669049202,0.13035361977162038,2,49,188.0,63.0,25,1.34,27
兰州市,2021-01-29,82,良,2.411486958671977,-0.03667219310938616,2,46,116.0,60.0,25,1.35,25
兰州市,2021-01-30,64,良,1.5853406937902295,-1.3503030977020662,0,37,78.0,63.0,24,1.5,25
兰州市,2021-01-31,65,良,1.4648259199614992,-1.6835324090828778,0,42,79.0,64.0,26,1.54,31
兰州市,2021-02-01,65,良,1.3365803081219452,-1.6495588026486412,0,41,80.0,62.0,28,1.45,33
兰州市,2021-02-02,74,良,1.7586340538462852,-1.7283829702702231,0,45,98.0,69.0,25,1.7,28
兰州市,2021-02-03,65,良,1.2115308823992779,-1.4527339478360664,0,38,81.0,59.0,23,1.6,30
兰州市,2021-02-04,64,良,1.099180563405673,-1.835603731641213,0,35,78.0,63.0,25,1.48,27
兰州市,2021-02-05,69,良,1.11910760843914,-1.6687275320215673,0,38,88.0,63.0,24,1.53,32
兰州市,2021-02-06,63,良,1.07614830072119,-1.6034206721881974,0,38,77.0,58.0,26,1.53,33
兰州市,2021-02-07,62,良,1.2408973649847315,-1.9967062288211268,0,38,73.0,63.0,30,1.54,32
兰州市,2021-02-08,68,良,1.744702649255279,-2.0013699920026324,0,47,85.0,66.0,31,1.75,32
兰州市,2021-02-09,74,良,2.0137083537709377,-1.839088367338657,0,52,90.0,71.0,29,1.84,34
兰州市,2021-02-10,81,良,2.481539333417919,-1.6427762520868892,2,59,97.0,75.0,32,1.86,39
兰州市,2021-02-11,90,良,2.0295781517677796,-0.6542016905063064,0,60,114.0,61.0,23,1.68,40
兰州市,2021-02-12,91,良,1.4945429813334141,0.42285941515550973,0,60,120.0,38.0,28,1.05,49
兰州市,2021-02-13,52,良,-1.3417639746069314,0.7791083619348169,1,20,58.0,22.0,10,0.56,66
兰州市,2021-02-14,59,良,-0.5044239649118677,-0.7845969894578183,0,27,68.0,29.0,23,0.91,49
兰州市,2021-02-15,49,优,-1.4229642516613663,-0.31791380335122693,1,22,49.0,26.0,16,0.66,63
兰州市,2021-02-16,44,优,-0.8394478012846784,-1.3332239445632807,0,24,44.0,38.0,18,1.18,52
兰州市,2021-02-17,48,优,-0.05876758577330455,-2.1749351249224094,0,28,49.0,49.0,27,1.24,35
兰州市,2021-02-18,50,优,-0.6455648513375328,-1.6695992184955835,0,27,53.0,46.0,21,1.08,45
兰州市,2021-02-19,53,良,-0.16407346880025686,-1.9769875376486608,0,31,59.0,52.0,24,1.31,41
兰州市,2021-02-20,55,良,-0.0013003278395934486,-2.063048634660288,0,29,61.0,54.0,22,1.43,34
兰州市,2021-02-21,63,良,0.4339448769017947,-2.0788151778218666,0,31,75.0,57.0,25,1.56,34
兰州市,2021-02-22,67,良,0.7322189804788163,-1.8101408890403938,0,37,84.0,63.0,23,1.38,29
兰州市,2021-02-23,81,良,0.7078891645827917,-0.806687982059065,0,44,111.0,52.0,26,1.23,51
兰州市,2021-02-24,77,良,-1.1369933490455844,1.1990595694822184,1,39,103.0,24.0,14,0.71,93
兰州市,2021-02-25,68,良,-0.7905259244972348,0.7099721035655567,1,49,79.0,29.0,12,0.9,81
兰州市,2021-02-26,56,良,-1.0025980113113981,-0.16900566906481782,1,37,58.0,33.0,8,0.87,53
兰州市,2021-02-27,86,良,-1.015932566086601,0.5327200387668583,1,35,126.0,20.0,8,0.66,50
兰州市,2021-02-28,66,良,-1.36889243035369,0.9128212767884274,1,26,83.0,17.0,12,0.54,67
兰州市,2021-03-01,56,良,-1.2338508555845502,-0.29576529965052667,1,26,63.0,36.0,10,0.71,55
兰州市,2021-03-02,74,良,0.5806563993059991,-1.2954928095034757,0,42,98.0,57.0,21,1.1,33
兰州市,2021-03-03,71,良,0.8176513987980359,-1.1098066089873522,0,40,92.0,62.0,22,1.15,37
兰州市,2021-03-04,69,良,0.7517028141921637,-1.3907761727863819,0,36,87.0,63.0,24,1.13,34
兰州市,2021-03-05,69,良,-0.05435210699269503,-0.7149507561437749,0,35,87.0,46.0,18,1.02,44
兰州市,2021-03-06,67,良,-0.31373873120275375,-0.6442075659363831,0,33,84.0,52.0,15,0.82,48
兰州市,2021-03-07,72,良,0.21454325477731961,-0.7362267141108381,0,40,94.0,53.0,18,1.0,45
兰州市,2021-03-08,57,良,-0.15243158201431734,-0.9675950700543561,0,31,65.0,53.0,14,1.12,43
兰州市,2021-03-09,61,良,-0.44255658055870123,-0.964463780919944,0,34,72.0,51.0,15,0.94,50
兰州市,2021-03-10,52,良,-1.4544594065856644,-0.4350633028906509,1,26,57.0,42.0,8,0.78,65
兰州市,2021-03-11,62,良,-0.0754002856986245,-1.4937313321013268,0,35,75.0,61.0,15,1.18,43
兰州市,2021-03-12,69,良,0.31018390591969935,-1.2879493523665708,0,34,87.0,55.0,23,1.2,44
兰州市,2021-03-13,78,良,1.2873572743878379,-1.4387456892453585,0,44,106.0,76.0,23,1.3,38
兰州市,2021-03-14,141,轻度污染,1.7123572987790454,1.6941584873516737,3,91,214.5,49.0,10,0.83,54
兰州市,2021-03-15,141,轻度污染,3.82122664089085,1.3814362735337369,2,74,214.5,76.0,24,1.31,37
兰州市,2021-03-16,141,轻度污染,2.255489765364084,3.524950395809106,3,91,214.5,27.0,6,0.63,38
兰州市,2021-03-17,141,轻度污染,2.8779669537698322,3.277424863859357,3,91,214.5,28.0,11,0.68,26
兰州市,2021-03-18,141,轻度污染,3.9083366894132086,2.620635628521271,2,91,214.5,39.0,20,0.85,13
兰州市,2021-03-19,141,轻度污染,2.429096735508781,4.297397650453103,3,91,214.5,19.0,5,0.5,49
兰州市,2021-03-20,141,轻度污染,1.7037966526762074,4.168663370420397,3,58,214.5,20.0,7,0.44,63
兰州市,2021-03-21,122,轻度污染,1.2949966310884702,3.4530193598488665,3,41,194.0,29.0,6,0.55,60
兰州市,2021-03-22,122,轻度污染,2.470556265872224,1.8924267495762288,3,51,194.0,56.0,12,0.96,40
兰州市,2021-03-23,103,轻度污染,2.119283093814562,1.3047763767286902,3,46,155.0,59.0,15,1.09,47
兰州市,2021-03-24,141,轻度污染,2.334410709450411,1.5556228406449384,3,57,214.5,61.0,13,0.95,44
兰州市,2021-03-25,141,轻度污染,2.0661292404002016,2.8572828194732653,3,57,214.5,44.0,12,0.84,56
兰州市,2021-03-26,140,轻度污染,0.8782715412910768,3.729009274704578,3,53,214.5,28.0,7,0.57,80
兰州市,2021-03-27,115,轻度污染,1.9961911603604365,1.9163965098648115,3,48,181.0,52.0,18,0.99,54
兰州市,2021-03-28,141,轻度污染,1.960290058659083,2.07310663014565,3,59,214.5,47.0,13,0.95,50
兰州市,2021-03-29,141,轻度污染,2.894963246098364,3.0809279594858796,3,91,214.5,43.0,13,0.82,47
兰州市,2021-03-30,141,轻度污染,2.5382903239487153,3.1022697071709557,3,75,214.5,41.0,11,0.85,50
兰州市,2021-03-31,73,良,0.215712707334794,2.4230649205282786,3,40,99.0,24.0,7,0.65,62
兰州市,2021-04-01,32,优,-1.7183095245043092,0.3313889841008889,1,20,29.0,22.0,6,0.54,63
兰州市,2021-04-02,25,优,-2.1844528292636682,-0.9150131444225695,1,17,20.0,27.0,6,0.58,54
兰州市,2021-04-03,31,优,-2.2900461056802213,-0.8873957941044036,1,21,29.0,23.0,6,0.59,55
兰州市,2021-04-04,30,优,-2.13699463380084,-1.1312923466512326,1,19,30.0,31.0,5,0.73,51
兰州市,2021-04-05,56,良,-1.2204194470768188,-1.5310593099586163,1,29,64.0,48.0,8,1.01,45
兰州市,2021-04-06,101,轻度污染,-1.3250208421554708,0.9839125320518862,1,40,152.0,29.0,7,0.51,76
兰州市,2021-04-07,55,良,-1.3705054256501878,0.37187824873963443,1,25,61.0,38.0,7,0.63,61
兰州市,2021-04-08,56,良,-1.6027461238863325,-0.4759308092117524,1,32,64.0,39.0,7,0.73,61
兰州市,2021-04-09,45,优,-2.2728865485813268,-0.14072942132646007,1,26,45.0,26.0,8,0.63,76
兰州市,2021-04-10,34,优,-2.358010776872473,-0.7748342087821756,1,21,33.0,25.0,9,0.6,59
兰州市,2021-04-11,45,优,-2.5417935619547833,-0.4566237528389193,1,29,42.0,28.0,7,0.61,82
兰州市,2021-04-12,68,良,-1.8814573673372257,-0.12649159686642591,1,28,87.0,32.0,8,0.57,70
兰州市,2021-04-13,71,良,-1.46686288708979,0.3944755648341262,1,34,94.0,28.0,8,0.5,60
兰州市,2021-04-14,64,良,-1.2817134050894015,-0.039738868449921486,1,28,77.0,34.0,14,0.62,64
兰州市,2021-04-15,88,良,-1.6600609940873305,1.046087703147615,1,33,127.0,27.0,7,0.49,84
兰州市,2021-04-16,91,良,-0.5359137358671565,0.7611681133607511,0,34,132.0,41.0,10,0.6,59
兰州市,2021-04-17,80,良,-0.1383251174419283,0.10832737103714007,0,31,110.0,49.0,16,0.66,50
兰州市,2021-04-18,79,良,-0.3708455966061081,0.0862448028858754,0,32,109.0,46.0,16,0.76,61
兰州市,2021-04-19,42,优,-2.313328463302361,0.5487303340550664,1,21,44.0,20.0,7,0.54,80
兰州市,2021-04-20,63,良,-1.5278569054015052,-0.38035508132132306,1,36,76.0,41.0,9,0.83,79
兰州市,2021-04-21,64,良,-1.1798216639771895,-0.15832068206561611,1,33,77.0,42.0,10,0.77,69
兰州市,2021-04-22,50,优,-1.513836138331271,-0.5580140382743954,1,24,57.0,38.0,7,0.6,45
兰州市,2021-04-23,47,优,-1.5940544860529688,-1.0827137976151697,1,24,47.0,36.0,9,0.73,41
兰州市,2021-04-24,38,优,-2.815281708712622,-0.180563127496589,1,20,42.0,17.0,5,0.46,68
兰州市,2021-04-25,78,良,-1.459488129846045,-0.08321033262004349,1,42,107.0,28.0,8,0.48,53
兰州市,2021-04-26,141,轻度污染,1.1592885444707492,2.0315626540442175,3,91,214.5,32.0,7,0.52,41
兰州市,2021-04-27,141,轻度污染,1.9197658201343109,3.251171425755417,3,84,214.5,37.0,7,0.53,46
兰州市,2021-04-28,50,优,-0.5243028881279977,1.40995745503479,3,26,54.0,35.0,8,0.58,60
兰州市,2021-04-29,68,良,-0.2950438204392086,-0.9168782143902122,0,29,88.0,52.0,14,0.84,44
兰州市,2021-04-30,117,轻度污染,0.7924445947016766,0.9398993095311502,3,53,184.0,46.0,12,0.68,49
兰州市,2021-05-01,80,良,0.8021646183480364,0.8559532674826653,3,36,109.0,51.0,15,0.81,51
兰州市,2021-05-02,76,良,-0.4751528330377221,0.6362831765951256,0,31,101.0,41.0,10,0.65,65
兰州市,2021-05-03,106,轻度污染,-0.1977666513511414,1.5093645263164297,3,48,163.0,29.0,9,0.54,63
兰州市,2021-05-04,83,良,-1.4555283220295192,2.3611958732709173,3,35,116.0,15.0,7,0.38,94
兰州市,2021-05-05,64,良,-1.3368190896913543,0.79443122498984,1,29,79.0,29.0,12,0.54,80
兰州市,2021-05-06,130,轻度污染,0.6849056080509512,0.9273924015425118,3,54,194.0,45.0,17,0.74,63
兰州市,2021-05-07,141,轻度污染,2.363200291486807,2.8826401240832813,3,91,214.5,46.0,16,0.68,63
兰州市,2021-05-08,89,良,1.3631388820373853,1.4970453376143178,3,44,128.0,58.0,18,0.85,65
兰州市,2021-05-09,78,良,0.18600710710416202,0.388709074637476,0,32,105.0,51.0,19,0.78,70
兰州市,2021-05-10,78,良,-1.0057994053667527,1.1753259485468257,1,35,106.0,25.0,10,0.44,72
兰州市,2021-05-11,52,良,-1.6918821626775886,0.6753769752279362,1,25,55.0,28.0,8,0.45,78
兰州市,2021-05-12,58,良,-1.0887892310988811,-0.570410717166963,1,24,65.0,47.0,14,0.7,70
兰州市,2021-05-13,52,良,-1.7043868431858111,-0.12432286082106035,1,23,56.0,33.0,11,0.58,73
兰州市,2021-05-14,74,良,-1.9899384377066491,0.7644539698565495,1,37,99.0,16.0,7,0.38,74
兰州市,2021-05-15,28,优,-2.5572305224328957,0.002235246202683343,1,17,23.0,22.0,6,0.43,66
兰州市,2021-05-16,39,优,-2.5528151797470917,-1.232582235229499,1,18,36.0,33.0,9,0.53,61
兰州市,2021-05-17,47,优,-2.527539088550254,-0.7566121706552654,1,19,45.0,36.0,11,0.5,80
兰州市,2021-05-18,52,良,-1.7156573719253503,-0.930118093842125,1,25,56.0,42.0,16,0.61,69
兰州市,2021-05-19,44,优,-2.6624881653771584,-0.23379803778192662,1,21,43.0,29.0,8,0.47,82
兰州市,2021-05-20,56,良,-1.2785477973870403,-1.4282075485550865,1,24,63.0,55.0,16,0.73,59
兰州市,2021-05-21,64,良,-0.6413883797474308,-1.3926943008811061,0,30,77.0,63.0,16,0.7,45
兰州市,2021-05-22,59,良,-1.7562638999874451,-0.09169824772291009,1,29,75.0,33.0,7,0.45,55
兰州市,2021-05-23,41,优,-2.1284075085050786,-0.6199021885017776,1,20,41.0,33.0,9,0.57,60
兰州市,2021-05-24,53,良,-2.098942526304656,-0.754975841859632,1,23,59.0,39.0,12,0.48,71
兰州市,2021-05-25,62,良,-1.378461448622638,-0.78384787735976,1,24,74.0,49.0,16,0.66,71
兰州市,2021-05-26,45,优,-2.9133108474300364,0.2696143988404067,1,15,45.0,28.0,9,0.41,102
兰州市,2021-05-27,67,良,-1.2858053397971758,-0.9181612693100158,1,26,82.0,50.0,18,0.7,73
兰州市,2021-05-28,73,良,-0.8517804782463969,-0.3476403062200281,1,31,96.0,46.0,16,0.7,62
兰州市,2021-05-29,56,良,-1.967300614948299,0.0573660652399103,1,21,64.0,38.0,10,0.51,79
兰州市,2021-05-30,69,良,-1.5223856102417108,-0.38045515347829384,1,26,82.0,50.0,13,0.7,85
兰州市,2021-05-31,141,轻度污染,-0.25153547514654806,2.4886879792102374,3,73,214.5,21.0,8,0.39,82
兰州市,2021-06-01,58,良,-0.8913258842776872,1.655977094404844,3,28,68.0,36.0,10,0.49,79
兰州市,2021-06-02,61,良,-1.6547708183287464,-0.09330415522185294,1,27,73.0,38.0,8,0.45,65
兰州市,2021-06-03,53,良,-2.158833708821393,0.13590875935621072,1,23,56.0,30.0,8,0.39,76
兰州市,2021-06-04,57,良,-1.457576443225815,-0.7589907430223449,1,20,62.0,49.0,16,0.65,76
兰州市,2021-06-05,63,良,-1.203512192577227,-0.6143142591272011,1,23,74.0,54.0,15,0.68,77
兰州市,2021-06-06,101,轻度污染,0.3723399993277073,-0.008144437360143841,0,47,149.0,54.0,18,0.67,52
兰州市,2021-06-07,54,良,-1.8139389026650452,0.9580638190167153,1,24,58.0,29.0,10,0.47,86
兰州市,2021-06-08,45,优,-2.849806474814957,0.2770847180830337,1,21,49.0,20.0,8,0.39,91
兰州市,2021-06-09,40,优,-3.327958459436729,0.23452965940373838,1,20,38.0,16.0,7,0.29,97
兰州市,2021-06-10,55,良,-2.628426769324318,-0.24535782175082935,1,21,59.0,30.0,10,0.48,90
兰州市,2021-06-11,38,优,-3.0969226703647452,0.10493144268275588,1,16,34.0,24.0,7,0.46,98
兰州市,2021-06-12,52,良,-2.2659744758172984,-0.9046662980191505,1,19,51.0,38.0,12,0.65,77
兰州市,2021-06-13,58,良,-2.370815270816348,0.01237859995351421,1,27,69.0,25.0,8,0.53,77
兰州市,2021-06-14,38,优,-3.106202438952589,0.08863706120425371,1,18,36.0,18.0,6,0.4,83
兰州市,2021-06-15,61,良,-1.8869397892654052,-0.8513141653117456,1,28,75.0,33.0,9,0.57,49
兰州市,2021-06-16,34,优,-3.00975454671153,0.06905411980164677,1,17,35.0,15.0,8,0.36,77
兰州市,2021-06-17,34,优,-3.001209343526606,-0.8769632707967424,1,18,31.0,27.0,6,0.49,69
兰州市,2021-06-18,45,优,-2.1371867551069847,-1.5162757257230157,1,18,46.0,45.0,9,0.63,53
兰州市,2021-06-19,51,良,-2.404185086436986,-0.8257347917166301,1,17,52.0,42.0,8,0.51,71
兰州市,2021-06-20,49,优,-3.116048693721565,-0.1797515526298136,1,14,40.0,33.0,8,0.45,101
兰州市,2021-06-21,85,良,-1.093818682557016,-0.20988151797770047,1,36,120.0,48.0,15,0.63,77
兰州市,2021-06-22,81,良,-0.3480299312014023,-0.03414693256323419,0,33,112.0,57.0,17,0.79,70
兰州市,2021-06-23,47,优,-2.7003187129924555,0.7751314231304353,1,20,48.0,24.0,7,0.47,100
兰州市,2021-06-24,56,良,-2.641665277456562,0.15758477794323889,1,27,64.0,21.0,8,0.44,85
兰州市,2021-06-25,40,优,-2.494922629667342,-0.5162121509895766,1,18,36.0,31.0,6,0.57,67
兰州市,2021-06-26,47,优,-2.5301149230102644,-0.719109364487355,1,20,47.0,35.0,7,0.48,70
兰州市,2021-06-27,51,良,-2.59450452022364,-0.3171538058482881,1,19,48.0,32.0,10,0.53,89
兰州市,2021-06-28,42,优,-2.6742151620934886,-0.3099947895669004,1,18,41.0,25.0,13,0.49,86
兰州市,2021-06-29,44,优,-2.903632815138727,-0.40196809443688325,1,19,43.0,27.0,10,0.5,89
兰州市,2021-06-30,46,优,-2.3826337139653857,-0.8182954519459592,1,21,45.0,39.0,10,0.58,76
兰州市,2021-07-01,45,优,-2.914435115514329,-0.360244145278493,1,19,42.0,30.0,8,0.48,88
兰州市,2021-07-02,38,优,-3.666840666419286,0.022802372961641955,1,14,28.0,22.0,7,0.39,110
兰州市,2021-07-03,56,良,-1.9626580735740524,-1.2085923396995146,1,21,60.0,49.0,14,0.63,73
兰州市,2021-07-04,58,良,-2.394549107697067,-0.2648710109253284,1,21,59.0,39.0,9,0.47,84
兰州市,2021-07-05,61,良,-2.05084850997375,-0.1888166380014811,1,23,72.0,39.0,12,0.59,86
兰州市,2021-07-06,40,优,-2.90260537477724,0.017105464158963517,1,17,35.0,26.0,12,0.45,99
兰州市,2021-07-07,61,良,-2.5917287986254722,-0.664479912678014,1,18,51.0,41.0,14,0.53,98
兰州市,2021-07-08,59,良,-1.9385603872880754,-0.44168360057060074,1,21,60.0,44.0,14,0.69,88
兰州市,2021-07-09,56,良,-2.099725770109645,-0.48736094932608764,1,19,56.0,45.0,13,0.53,85
兰州市,2021-07-10,47,优,-2.648134947679993,-0.28744227075266215,1,18,48.0,36.0,7,0.44,82
兰州市,2021-07-11,53,良,-2.5740018352885627,-0.53180458924843,1,18,48.0,35.0,12,0.62,91
兰州市,2021-07-12,43,优,-2.697400057665422,-0.44542155060767363,1,17,37.0,33.0,14,0.48,93
兰州市,2021-07-13,70,良,-1.965033942645559,-0.7507806337577748,1,22,71.0,47.0,16,0.65,90
兰州市,2021-07-14,46,优,-2.3527062566367434,-0.12846794653161697,1,20,49.0,33.0,7,0.4,68
兰州市,2021-07-15,33,优,-3.283323242934592,-0.5427493772370695,1,12,28.0,26.0,5,0.4,77
兰州市,2021-07-16,43,优,-3.1317988328310986,-0.7944678851442196,1,15,40.0,32.0,7,0.46,82
兰州市,2021-07-17,53,良,-2.52142829435732,-0.5715048608293284,1,20,56.0,35.0,14,0.49,88
兰州市,2021-07-18,56,良,-2.8296459169059527,-0.2109668598194214,1,16,49.0,37.0,10,0.52,102
兰州市,2021-07-19,55,良,-2.771006609685865,-0.08800227821443724,1,18,46.0,33.0,14,0.49,107
兰州市,2021-07-20,42,优,-3.429634314474078,0.16400062108405464,1,14,38.0,21.0,7,0.44,103
兰州市,2021-07-21,39,优,-3.7491285906365968,-0.09472169022095774,1,13,32.0,17.0,6,0.42,100
兰州市,2021-07-22,44,优,-3.633587255630812,-0.13459885255838946,1,15,37.0,19.0,7,0.42,101
兰州市,2021-07-23,40,优,-3.529314747822752,-0.14786199757536134,1,14,36.0,18.0,7,0.45,95
兰州市,2021-07-24,42,优,-3.5379303640840467,-0.21940678612130424,1,15,39.0,19.0,7,0.42,94
兰州市,2021-07-25,37,优,-3.0036443109824553,-0.7854613138163377,1,16,38.0,23.0,7,0.42,61
兰州市,2021-07-26,36,优,-3.4750872277852087,-0.49959781873966946,1,16,32.0,28.0,6,0.43,94
兰州市,2021-07-27,56,良,-1.9651103114264692,-1.3202732653507185,1,22,63.0,46.0,12,0.75,65
兰州市,2021-07-28,54,良,-2.7519050614520557,-0.30197516366791327,1,17,45.0,37.0,9,0.54,94
兰州市,2021-07-29,55,良,-2.0292176184141377,-0.9070029245396086,1,18,53.0,52.0,13,0.66,83
兰州市,2021-07-30,69,良,-1.8058552143105784,-0.8005298948274469,1,20,61.0,53.0,17,0.69,91
兰州市,2021-07-31,77,良,-1.4309064069936595,-0.36331918101693966,1,24,72.0,56.0,18,0.75,99
兰州市,2021-08-01,71,良,-1.681278977716461,-0.02128859844419206,1,21,66.0,50.0,17,0.69,104
兰州市,2021-08-02,70,良,-2.0056200398859763,0.6775670206337973,1,29,89.0,34.0,9,0.53,96
兰州市,2021-08-03,45,优,-2.644428124091173,0.5522618528535822,1,26,51.0,18.0,7,0.37,83
兰州市,2021-08-04,44,优,-2.790329149860527,-0.580969103617443,1,15,38.0,34.0,9,0.58,88
兰州市,2021-08-05,62,良,-2.8181634961249165,-0.22432051434390543,1,18,50.0,37.0,11,0.54,109
兰州市,2021-08-06,56,良,-1.5868232466300534,-0.5905879477292084,1,22,63.0,46.0,16,0.67,78
兰州市,2021-08-07,57,良,-2.3407458701903012,-0.35248501625732265,1,18,51.0,40.0,13,0.59,95
兰州市,2021-08-08,72,良,-2.6645199667271147,1.2424144474730263,1,33,95.0,16.0,9,0.37,113
兰州市,2021-08-09,50,优,-2.2456836845006856,0.1145245031182571,1,19,45.0,27.0,20,0.52,100
兰州市,2021-08-10,46,优,-3.219100332607289,0.08703330684469415,1,17,40.0,24.0,9,0.43,105
兰州市,2021-08-11,46,优,-3.0730693670461733,-0.22618089779192901,1,16,42.0,30.0,8,0.44,96
兰州市,2021-08-12,51,良,-2.261055997834461,-0.5858633135092035,1,22,55.0,39.0,13,0.6,87
兰州市,2021-08-13,75,良,-1.4818703313507515,-0.6379697789267715,1,28,75.0,54.0,15,0.83,92
兰州市,2021-08-14,57,良,-2.0202173852407643,0.09929818820707349,1,21,58.0,41.0,11,0.55,90
兰州市,2021-08-15,41,优,-3.2761681353966465,0.26993272293554504,1,16,40.0,14.0,6,0.5,93
兰州市,2021-08-16,35,优,-2.981449352988384,-0.8788205262310054,1,11,35.0,21.0,7,0.56,60
兰州市,2021-08-17,34,优,-3.142931002058984,-0.8569316411906388,1,13,35.0,17.0,6,0.59,62
兰州市,2021-08-18,63,良,-2.5051259097092506,-0.20166018792850543,1,30,78.0,19.0,9,0.49,72
兰州市,2021-08-19,33,优,-2.821516337089331,-0.20453027814798555,1,17,29.0,27.0,7,0.55,82
兰州市,2021-08-20,57,良,-2.4312387388998875,-1.106979545452561,1,19,52.0,45.0,12,0.56,81
兰州市,2021-08-21,39,优,-2.3939601738755454,-0.8858721761619014,1,14,39.0,37.0,9,0.55,61
兰州市,2021-08-22,44,优,-2.7064089415813304,-1.0176244709582394,1,16,41.0,39.0,8,0.54,73
兰州市,2021-08-23,54,良,-2.2795402968215863,-0.6398845452260995,1,23,60.0,32.0,13,0.5,72
兰州市,2021-08-24,49,优,-2.363734777244751,-0.38325371852611784,1,21,50.0,30.0,14,0.5,81
兰州市,2021-08-25,53,良,-1.6084517925178146,-1.337199685355078,1,20,59.0,39.0,15,0.62,41
兰州市,2021-08-26,52,良,-1.9108460924573354,-0.9498008482559804,1,20,52.0,43.0,14,0.63,68
兰州市,2021-08-27,52,良,-2.0327070667357936,-0.8763732360756195,1,18,55.0,41.0,14,0.57,69
兰州市,2021-08-28,47,优,-2.873454700059562,-0.04682041747624313,1,20,44.0,24.0,11,0.53,97
兰州市,2021-08-29,48,优,-2.349916213007947,-0.7241948847846179,1,18,48.0,35.0,15,0.55,81
兰州市,2021-08-30,31,优,-2.9477555204857535,-0.6253916802309962,1,15,31.0,23.0,7,0.51,68
兰州市,2021-08-31,44,优,-2.3687266232068755,-1.3198809624671661,1,21,44.0,40.0,10,0.66,66
兰州市,2021-09-01,49,优,-2.325117675909007,-0.941009624585677,1,19,47.0,38.0,11,0.67,73
兰州市,2021-09-02,41,优,-2.6363028922267073,-0.8690004784247447,1,14,38.0,29.0,8,0.59,61
兰州市,2021-09-03,32,优,-2.773673122910574,-1.0453904855960001,1,15,32.0,26.0,9,0.57,60
兰州市,2021-09-04,57,良,-2.1348112938000674,-1.086694427335252,1,25,64.0,36.0,12,0.62,63
兰州市,2021-09-05,47,优,-1.9853076635520215,-0.8587392559555217,1,20,52.0,38.0,10,0.6,55
兰州市,2021-09-06,39,优,-2.3724902467088627,-1.1077585160123913,1,16,34.0,37.0,12,0.65,68
兰州市,2021-09-07,55,良,-1.6087314421680754,-1.5174808339703003,1,22,59.0,51.0,15,0.8,62
兰州市,2021-09-08,57,良,-1.462663594122021,-1.0583572294185677,1,22,61.0,48.0,18,0.77,70
兰州市,2021-09-09,53,良,-1.91669800376879,-0.6477755163414991,1,21,53.0,41.0,16,0.7,83
兰州市,2021-09-10,58,良,-0.984828531643086,-1.4366676748247824,1,22,64.0,56.0,22,0.88,66
兰州市,2021-09-11,50,优,-2.3721771334542674,-0.3665812062304253,1,20,49.0,33.0,9,0.55,75
兰州市,2021-09-12,40,优,-3.013842105182634,-0.24592407232443061,1,17,38.0,20.0,7,0.5,79
兰州市,2021-09-13,39,优,-2.9649712312398537,-0.6672908794172008,1,16,38.0,20.0,7,0.52,66
兰州市,2021-09-14,25,优,-3.0519370065343914,-1.0624307792168683,1,11,24.0,24.0,7,0.55,61
兰州市,2021-09-15,22,优,-3.515166597333555,-1.2662153444724238,1,10,16.0,24.0,5,0.5,67
兰州市,2021-09-16,30,优,-2.894181879783696,-1.758644992990978,1,14,27.0,37.0,7,0.53,53
兰州市,2021-09-17,43,优,-2.617636835868365,-1.54666130735736,1,15,41.0,38.0,8,0.6,54
兰州市,2021-09-18,30,优,-2.7811283252821233,-1.1794768717746384,1,15,30.0,32.0,8,0.5,57
兰州市,2021-09-19,34,优,-2.865351636570602,-1.4087939226448776,1,16,34.0,35.0,8,0.48,59
兰州市,2021-09-20,52,良,-1.9437899328043784,-1.6914026444235926,1,20,55.0,46.0,11,0.8,51
兰州市,2021-09-21,62,良,-0.8593292700530111,-1.52442876807609,0,28,73.0,59.0,17,0.95,54
兰州市,2021-09-22,46,优,-2.1308696628840145,-0.6650362083546223,1,20,46.0,37.0,9,0.55,60
兰州市,2021-09-23,50,优,-1.9121509326542898,-1.2159759053300285,1,20,51.0,42.0,11,0.79,59
兰州市,2021-09-24,42,优,-2.2542214015198487,-0.8315131202069125,1,20,42.0,28.0,14,0.52,61
兰州市,2021-09-25,42,优,-2.000592342570712,-1.476873938847395,1,19,42.0,40.0,9,0.63,41
兰州市,2021-09-26,54,良,-2.026749236088266,-0.9569474172377421,1,23,60.0,38.0,10,0.53,56
兰州市,2021-09-27,62,良,-0.7004186441198507,-1.5290262895900388,0,28,74.0,58.0,11,0.97,35
兰州市,2021-09-28,66,良,-0.2647664173335965,-1.365666126494593,0,32,82.0,61.0,14,1.16,43
兰州市,2021-09-29,65,良,-0.214483548775698,-1.3853743772564115,0,29,80.0,66.0,16,0.95,42
兰州市,2021-09-30,65,良,-0.4979948810409114,-1.0404052928487044,0,29,79.0,57.0,16,0.99,54
兰州市,2021-10-01,64,良,-0.38238085828559903,-1.164970938392302,0,28,77.0,60.0,18,0.95,53
兰州市,2021-10-02,58,良,-0.4975729743417737,-1.3271299833165955,0,24,67.0,52.0,20,0.9,43
兰州市,2021-10-03,59,良,-1.8485889986373376,-0.14072475624736885,1,26,71.0,26.0,8,0.53,55
兰州市,2021-10-04,44,优,-2.3272577213250716,-0.1680382739460485,1,22,45.0,20.0,8,0.52,62
兰州市,2021-10-05,46,优,-2.283526186662346,-0.5984362547301687,1,26,45.0,23.0,8,0.57,57
兰州市,2021-10-06,48,优,-1.6031414748755137,-1.0183432895584745,1,30,51.0,35.0,8,0.83,46
兰州市,2021-10-07,60,良,-0.7870218459993499,-1.2135060676582825,0,36,70.0,49.0,12,0.96,45
兰州市,2021-10-08,44,优,-2.0591521943229645,-0.44498393728673635,1,22,45.0,28.0,7,0.69,58
兰州市,2021-10-09,72,良,-2.0482801942345117,0.17689885266461192,1,32,95.0,17.0,7,0.39,57
兰州市,2021-10-10,45,优,-1.9944088122913342,-0.2547363740289655,1,19,46.0,28.0,7,0.52,51
兰州市,2021-10-11,36,优,-2.1933694959924916,-1.083706238846505,1,19,35.0,32.0,7,0.62,47
兰州市,2021-10-12,36,优,-2.40836857596142,-1.1845359851959947,1,19,37.0,24.0,6,0.55,37
兰州市,2021-10-13,82,良,-1.5192448591818348,-0.17288002338360517,1,38,113.0,33.0,9,0.45,58
兰州市,2021-10-14,65,良,-0.9564056544691504,0.08724258799000265,1,36,80.0,39.0,10,0.59,52
兰州市,2021-10-15,52,良,-1.7850880726184468,-0.22138486421903084,1,28,57.0,34.0,6,0.54,56
兰州市,2021-10-16,54,良,-1.200910887408459,-1.1448083937361164,1,33,57.0,47.0,6,0.62,30
兰州市,2021-10-17,56,良,-0.848363053146179,-1.265717199067452,0,32,63.0,52.0,8,0.76,30
兰州市,2021-10-18,59,良,-0.9859134450717758,-0.9376353638428271,1,30,68.0,46.0,10,0.67,38
兰州市,2021-10-19,60,良,-0.43124277699233826,-1.293666942740391,0,33,70.0,56.0,8,0.77,20
兰州市,2021-10-20,52,良,-1.0317091823571158,-0.7925714257040388,1,34,54.0,41.0,11,0.65,41
兰州市,2021-10-21,56,良,-1.1130974620146221,-0.8924128183897815,1,34,62.0,46.0,8,0.63,41
兰州市,2021-10-22,58,良,-0.9825513321709028,-0.6913456887876238,1,37,65.0,45.0,8,0.7,45
兰州市,2021-10-23,55,良,-1.1735933210064964,-0.6076481404085702,1,35,58.0,38.0,7,0.7,42
兰州市,2021-10-24,55,良,-0.7971427246030645,-0.981399531594621,0,36,60.0,41.0,9,0.85,32
兰州市,2021-10-25,47,优,-1.5565922598799458,-0.6454820894221235,1,28,49.0,31.0,8,0.6,42
兰州市,2021-10-26,57,良,-1.8015360334102957,-0.21998559800926554,1,31,64.0,25.0,10,0.6,64
兰州市,2021-10-27,60,良,-0.37989977920060364,-0.9062687875046768,0,42,67.0,40.0,17,0.81,37
兰州市,2021-10-28,62,良,-0.398947153009862,-0.7724918650665781,0,41,73.0,46.0,11,0.88,38
兰州市,2021-10-29,62,良,-0.3453984335376645,-0.8025530701169018,0,38,74.0,53.0,12,0.92,47
兰州市,2021-10-30,59,良,-0.40033571083700087,-0.8473616966336122,0,37,69.0,47.0,13,0.88,40
兰州市,2021-10-31,54,良,-1.1023879300599797,-0.6770100877571906,1,28,59.0,40.0,14,0.65,52
兰州市,2021-11-01,48,优,-0.9503141519070277,-1.2099988915181394,1,28,50.0,42.0,11,0.8,32
兰州市,2021-11-02,51,良,-1.2316436074931851,-1.00361200167413,1,30,53.0,40.0,10,0.7,42
兰州市,2021-11-03,58,良,-0.3328090772649534,-1.4850805136889464,0,34,65.0,53.0,15,0.98,34
兰州市,2021-11-04,66,良,0.38990676943063746,-1.4319699409250493,0,46,77.0,58.0,15,1.13,25
兰州市,2021-11-05,124,轻度污染,1.0166869635452045,0.0012137607369321773,0,60,154.0,50.0,15,1.05,37
兰州市,2021-11-06,90,良,-0.9404150276856746,2.447669383789007,3,33,130.0,12.0,6,0.26,61
兰州市,2021-11-07,64,良,-0.7373095816382383,0.2672438478456807,1,28,79.0,36.0,11,0.65,50
兰州市,2021-11-08,63,良,0.2413228453271377,-1.140319730971058,0,39,75.0,54.0,19,0.89,32
兰州市,2021-11-09,58,良,0.22617608448460466,-1.4404255466952618,0,35,64.0,61.0,19,0.9,32
兰州市,2021-11-10,58,良,-0.2617729260622107,-1.0494170588962402,0,35,66.0,48.0,18,0.78,39
兰州市,2021-11-11,51,良,-1.1810408549670195,-0.8035176982039727,1,24,55.0,41.0,13,0.6,47
兰州市,2021-11-12,68,良,0.2529923374769795,-1.658747413058932,0,39,84.0,68.0,16,0.99,31
兰州市,2021-11-13,73,良,1.358211479388489,-1.5761483489187256,0,49,94.0,71.0,25,1.16,26
兰州市,2021-11-14,71,良,0.8795877449239043,-1.130920997536248,0,43,91.0,63.0,22,0.97,30
兰州市,2021-11-15,81,良,1.6123995856148874,-1.2841057648915786,0,50,111.0,71.0,26,1.13,28
兰州市,2021-11-16,99,良,3.297610203386365,-1.3634694218605614,2,71,139.0,85.0,30,1.5,14
兰州市,2021-11-17,106,轻度污染,3.6722203896919297,-0.6951512126444276,2,71,160.0,90.0,26,1.58,20
兰州市,2021-11-18,87,良,3.0976159500763076,-0.8034151361264225,2,57,122.0,87.0,21,1.68,22
兰州市,2021-11-19,86,良,1.3852488916317929,-0.08165185975504897,0,43,122.0,54.0,20,0.98,32
兰州市,2021-11-20,96,良,0.5319479699085663,0.8279828251292317,3,39,143.0,40.0,14,0.58,41
兰州市,2021-11-21,72,良,0.21377453113172593,0.43898054917219853,0,31,95.0,37.0,18,0.58,41
兰州市,2021-11-22,77,良,1.3787657830003737,-0.9797000647425359,0,45,103.0,65.0,20,0.98,21
兰州市,2021-11-23,102,轻度污染,3.1901273607292664,-1.1020973826896097,2,69,152.0,89.0,23,1.46,16
兰州市,2021-11-24,101,轻度污染,3.836555506938124,-0.875726129123237,2,71,149.0,90.5,29,1.58,16
兰州市,2021-11-25,93,良,3.5394386539749405,-1.0592982603377017,2,64,131.0,90.5,30,1.51,19
兰州市,2021-11-26,92,良,3.8252133700216544,-1.4444133618111417,2,65,128.0,90.5,34,1.61,13
兰州市,2021-11-27,100,良,4.070139213360526,-1.1435159551148544,2,71,142.0,90.5,32,1.73,18
兰州市,2021-11-28,75,良,1.6009277838637743,-0.047690594007961995,0,43,101.0,56.0,18,1.04,26
兰州市,2021-11-29,84,良,0.21733868250897384,0.5563650194923339,0,36,118.0,39.0,12,0.69,47
兰州市,2021-11-30,85,良,2.1172143294585677,-0.662457308919249,0,52,122.0,71.0,16,1.18,13
兰州市,2021-12-01,86,良,2.595255397544991,-0.8494298610692756,2,59,121.0,71.0,24,1.3,15
兰州市,2021-12-02,85,良,3.010049034773855,-1.3145002500686676,2,57,117.0,79.0,30,1.44,14
兰州市,2021-12-03,100,良,4.084748706536002,-1.4620670581142676,2,72,141.0,90.5,35,1.74,15
兰州市,2021-12-04,92,良,3.7802788259384914,-1.1180361213373613,2,68,127.0,88.0,32,1.56,15
兰州市,2021-12-05,98,良,3.8992247161751563,-1.2238069294749323,2,70,130.0,90.5,31,1.7,18
兰州市,2021-12-06,87,良,3.902592864547887,-1.2523588800212404,2,63,119.0,88.0,35,1.58,16
兰州市,2021-12-07,81,良,3.058411667319001,-1.1871931218010585,2,52,116.0,71.0,32,1.33,7
兰州市,2021-12-08,100,良,3.153646821033801,-0.6784890432254548,2,64,148.0,76.0,22,1.44,13
兰州市,2021-12-09,86,良,2.985473660086666,-0.5613933662254201,2,57,121.0,78.0,23,1.34,18
兰州市,2021-12-10,64,良,1.5513044745968905,-1.1110115866304495,0,37,79.0,72.0,17,1.14,17
兰州市,2021-12-11,48,优,-1.1561081109271127,-0.1404730050138353,1,24,49.0,30.0,12,0.5,52
兰州市,2021-12-12,55,良,-0.294087062845139,-1.117379091714664,0,36,64.0,50.0,12,0.84,35
兰州市,2021-12-13,85,良,1.8561735958404586,-1.585206029884141,0,60,109.0,74.0,19,1.29,14
兰州市,2021-12-14,80,良,2.214243308350948,-1.0478157264820973,2,58,103.0,70.0,25,1.26,19
兰州市,2021-12-15,67,良,1.2182989514939115,-1.0704794707369123,0,45,83.0,63.0,21,1.05,23
兰州市,2021-12-16,69,良,-0.45318554907105707,-0.3829918245889537,0,30,88.0,46.0,13,0.6,42
兰州市,2021-12-17,62,良,0.558807023534204,-1.4360847262646097,0,34,75.0,66.0,18,0.88,22
兰州市,2021-12-18,77,良,2.199995420336446,-2.0252383484293413,2,51,103.0,77.0,30,1.31,12
兰州市,2021-12-19,90,良,3.427350543081166,-1.8860389334556618,2,64,121.0,86.0,35,1.6,10
兰州市,2021-12-20,103,轻度污染,4.139813201717099,-1.4512243295514438,2,76,141.0,90.5,30,2.01,11
兰州市,2021-12-21,104,轻度污染,4.804997370327643,-1.4725384859390636,2,73,150.0,90.5,32,2.6,11
兰州市,2021-12-22,81,良,3.780508136348825,-1.6840935907585222,2,48,113.0,76.0,34,2.52,15
兰州市,2021-12-23,74,良,2.8359076078314436,-1.882231701246414,2,43,98.0,74.0,29,2.12,17
兰州市,2021-12-24,70,良,1.8797674320365676,-1.4350538118880967,0,38,89.0,58.0,26,1.82,26
兰州市,2021-12-25,61,良,-0.1850595313519153,-0.11858485368929436,0,33,73.0,30.0,20,0.68,45
兰州市,2021-12-26,58,良,-0.15559422856623853,-0.6195596597978674,0,37,65.0,38.0,18,0.78,40
兰州市,2021-12-27,80,良,2.0356944785205555,-1.7361012399000983,0,58,97.0,62.0,26,1.69,18
兰州市,2021-12-28,91,良,2.9242110535856174,-1.4204480576343852,2,67,113.0,67.0,25,2.14,16
兰州市,2021-12-29,95,良,3.9084430070950433,-1.7009455003242704,2,69,121.0,78.0,28,2.61,11
兰州市,2021-12-30,110,轻度污染,4.516286379363869,-1.2505277285748289,2,83,140.0,83.0,27,2.68,17
兰州市,2021-12-31,75,良,2.556324417768593,-0.6164623915630774,2,51,95.0,72.0,26,1.28,22
兰州市,2022-01-01,107,轻度污染,4.291574092593319,-1.4958445630833468,2,79,140.0,83.0,28,2.36,13
兰州市,2022-01-02,102,轻度污染,4.634556052123907,-0.8259609113268329,2,77,133.0,82.0,27,2.38,14
兰州市,2022-01-03,87,良,3.951556516050761,-1.0024880345013183,2,63,114.0,79.0,31,1.88,15
兰州市,2022-01-04,97,良,4.317027820525841,-1.4282201905148142,2,71,124.0,87.0,26,2.37,13
兰州市,2022-01-05,107,轻度污染,4.8000680050226405,-1.0993743334467874,2,80,132.0,86.0,27,2.55,16
兰州市,2022-01-06,110,轻度污染,4.828348831323971,-0.6904440644531481,2,82,135.0,85.0,27,2.54,25
兰州市,2022-01-07,100,良,3.640073319139525,0.010597851928073498,2,75,116.0,67.0,19,1.83,18
兰州市,2022-01-08,103,轻度污染,3.206633431518818,0.20139949652138342,2,77,113.0,62.0,23,1.51,33
兰州市,2022-01-09,124,轻度污染,3.889165853913102,0.5954600320991651,2,85,154.0,63.0,23,1.79,35
兰州市,2022-01-10,75,良,1.6301147175434259,1.276152806277885,3,46,101.0,48.0,16,1.02,53
兰州市,2022-01-11,86,良,3.0941559182252196,-1.0279395919139296,2,60,117.0,74.0,24,1.68,20
兰州市,2022-01-12,61,良,0.9609027543642435,-0.4160495952966079,0,32,72.0,53.0,18,1.16,40
兰州市,2022-01-13,68,良,1.4599026794323073,-1.5437770373755357,0,38,86.0,66.0,18,1.5,21
兰州市,2022-01-14,73,良,2.2321907050847103,-1.701550247104812,2,48,94.0,71.0,23,1.88,22
兰州市,2022-01-15,69,良,2.174459902388261,-1.8216591063468541,0,46,88.0,75.0,26,1.63,19
兰州市,2022-01-16,81,良,2.8328473146616107,-2.112316581665388,2,56,107.0,85.0,28,1.9,17
兰州市,2022-01-17,81,良,2.342073675442276,-1.4936068169075793,2,47,112.0,78.0,24,1.68,21
兰州市,2022-01-18,89,良,3.877046391278347,-2.2468994615280025,2,60,125.0,90.0,29,2.77,17
兰州市,2022-01-19,87,良,3.99321778404088,-2.0065720353924923,2,62,120.0,90.5,28,2.7,17
兰州市,2022-01-20,81,良,2.3795581652215634,-0.9758870969945553,2,58,103.0,74.0,18,1.65,22
兰州市,2022-01-21,87,良,2.394017988081528,-0.8564612511595162,2,63,105.0,67.0,20,1.68,26
兰州市,2022-01-22,83,良,2.118188182687002,-0.6498384541128185,0,61,93.0,65.0,18,1.37,22
兰州市,2022-01-23,78,良,1.8707984585636772,-0.6227294527668762,0,57,88.0,57.0,20,1.53,32
兰州市,2022-01-24,83,良,1.4247427885004247,-0.05158047424462366,0,61,96.0,52.0,16,1.28,44
兰州市,2022-01-25,89,良,2.0922485780337516,-0.3629842434950003,0,66,99.0,59.0,15,1.59,30
兰州市,2022-01-26,86,良,0.8915087278297307,0.9698793036111905,3,63,99.0,35.0,13,1.07,57
兰州市,2022-01-27,62,良,-0.23215444991817707,0.8076482294171669,0,43,68.0,31.0,11,0.85,67
兰州市,2022-01-28,52,良,-0.24187583531502324,-0.6194896162952827,0,33,56.0,46.0,11,1.07,50
兰州市,2022-01-29,61,良,0.630064556086207,-1.379917281839085,0,42,66.0,55.0,17,1.47,40
兰州市,2022-01-30,58,良,-0.4481395044678923,-0.49536032909142347,0,32,66.0,40.0,14,0.96,53
兰州市,2022-01-31,73,良,-0.048134255432507767,-0.48378643000459026,0,44,77.0,39.0,18,0.99,52
兰州市,2022-02-01,106,轻度污染,1.8623698733825353,-0.05974307775177018,0,80,116.0,45.0,24,1.38,44
兰州市,2022-02-02,66,良,1.2022203939851122,-0.26935709138524316,0,45,72.0,48.0,20,1.57,43
兰州市,2022-02-03,63,良,0.11503572581161028,-0.4665476435573671,0,43,72.0,36.0,19,1.27,54
兰州市,2022-02-04,56,良,-0.19536033034328357,-0.540132885741232,0,35,63.0,33.0,23,1.21,64
兰州市,2022-02-05,53,良,-1.3974904767017293,0.04540365621316282,1,31,56.0,19.0,15,0.79,72
兰州市,2022-02-06,55,良,-0.934834018516081,-0.29464726828801574,1,39,50.0,24.0,19,0.85,67
兰州市,2022-02-07,64,良,-1.013929633797467,0.1897693779756795,1,46,55.0,26.0,17,0.92,89
兰州市,2022-02-08,80,良,0.16656188127036134,-0.18583871742980992,0,58,72.0,37.0,18,1.43,72
兰州市,2022-02-09,78,良,0.9997830293636083,-0.4839442436657685,0,57,78.0,53.0,17,1.57,53
兰州市,2022-02-10,85,良,1.0589862558180745,-0.3012914274265432,0,63,82.0,52.0,16,1.4,50
兰州市,2022-02-11,60,良,-0.17714139982310664,0.11711245745917233,0,42,58.0,40.0,12,1.01,59
兰州市,2022-02-12,58,良,-0.8667476574608103,-0.21108680812650926,1,30,66.0,36.0,10,0.96,62
兰州市,2022-02-13,64,良,-0.3736896087831798,-0.4285139374278232,0,36,77.0,41.0,13,0.94,52
兰州市,2022-02-14,56,良,-0.694524393953291,-0.3930678611579286,0,30,64.0,37.0,14,0.8,52
兰州市,2022-02-15,99,良,1.7430890216057617,-0.9341608525414982,0,71,107.0,55.0,28,1.21,36
兰州市,2022-02-16,79,良,1.458558033482981,-0.08588890310819068,0,54,93.0,46.0,23,1.38,41
兰州市,2022-02-17,57,良,-0.7948181029473186,0.2034450114417203,1,31,65.0,29.0,15,0.96,69
兰州市,2022-02-18,41,优,-2.4044120277633354,0.2248780735744855,1,20,43.0,14.0,8,0.49,73
兰州市,2022-02-19,42,优,-1.8145327777322886,-0.9080234819966938,1,21,42.0,30.0,11,0.7,55
兰州市,2022-02-20,52,良,-1.001150152014393,-1.2842965374596915,1,27,56.0,39.0,16,0.9,46
兰州市,2022-02-21,44,优,-1.545687773385817,-0.7646985887706659,1,23,45.0,32.0,13,0.81,59
兰州市,2022-02-22,54,良,-1.2085538743857254,-1.21668512156244,1,28,60.0,44.0,13,0.89,52
兰州市,2022-02-23,57,良,-0.6651567637595533,-1.2535681255370439,0,34,65.0,50.0,17,0.96,50
兰州市,2022-02-24,61,良,-0.07681509364774668,-1.527429500380633,0,37,72.0,60.0,18,1.11,42
兰州市,2022-02-25,58,良,-0.13978718667215592,-1.4045638131691025,0,35,68.0,57.0,17,1.08,40
兰州市,2022-02-26,91,良,0.6747288862018733,-0.9356971646908618,0,42,132.0,59.0,19,1.15,38
兰州市,2022-02-27,68,良,0.5999391517161317,-0.6075735660047582,0,38,87.0,55.0,21,1.05,40
兰州市,2022-02-28,91,良,-1.0770459752471528,1.036514880857555,1,35,133.0,24.0,9,0.7,74
兰州市,2022-03-01,103,轻度污染,0.7007149090331064,0.630307945007507,0,43,157.0,47.0,13,1.0,46
兰州市,2022-03-02,76,良,0.8637640943252818,-0.12224345090419161,0,38,103.0,58.0,17,1.14,43
兰州市,2022-03-03,72,良,0.18769858308467535,-0.4714207111789584,0,36,94.0,53.0,17,1.01,50
兰州市,2022-03-04,69,良,-1.009955696418892,0.2852962692995832,1,30,87.0,35.0,12,0.76,71
兰州市,2022-03-05,81,良,0.42930863746371917,-0.6413232473073373,0,38,112.0,59.0,18,0.98,46
兰州市,2022-03-06,75,良,0.2218606046101289,-0.30224820450347856,0,37,101.0,56.0,15,0.96,50
兰州市,2022-03-07,101,轻度污染,1.7968369678569913,-0.9013775175879796,0,45,152.0,77.0,21,1.37,35
兰州市,2022-03-08,84,良,1.2885483408167542,-0.15645436712613245,0,43,118.0,63.0,19,1.37,49
兰州市,2022-03-09,117,轻度污染,1.2892467796932408,0.7753794441192905,3,55,185.0,59.0,14,1.09,58
兰州市,2022-03-10,101,轻度污染,2.5577325252229555,0.08712334245713824,2,52,153.0,77.0,23,1.46,43
兰州市,2022-03-11,111,轻度污染,1.2804433611634927,1.1610262802173374,3,49,171.0,51.0,17,1.1,64
兰州市,2022-03-12,141,轻度污染,2.517458262992762,1.5710916312579404,3,66,214.5,59.0,19,1.15,54
兰州市,2022-03-13,141,轻度污染,3.152891411329783,2.2871841087522378,3,72,214.5,52.0,24,1.1,52
兰州市,2022-03-14,141,轻度污染,3.2880451165094744,2.836209885213171,3,91,214.5,55.0,15,1.05,56
兰州市,2022-03-15,101,轻度污染,1.1574413221888393,2.5033418002516368,3,44,152.0,39.0,9,0.82,62
兰州市,2022-03-16,82,良,0.8223714607807684,0.6806663397809446,0,35,114.0,47.0,16,0.9,51
兰州市,2022-03-17,141,轻度污染,1.1902723150162307,2.8248492788086783,3,79,214.5,23.0,11,0.68,74
兰州市,2022-03-18,111,轻度污染,1.0350493594623695,2.9670436152652506,3,43,173.0,29.0,11,0.63,64
兰州市,2022-03-19,78,良,-0.197189535332588,1.6289281804324929,3,28,105.0,24.0,15,0.67,71
兰州市,2022-03-20,58,良,-1.8000534727587019,1.063566195994598,1,19,66.0,14.0,10,0.71,90
兰州市,2022-03-21,50,优,-2.1452516936089467,0.23018304996105346,1,21,53.0,17.0,8,0.8,80
兰州市,2022-03-22,51,良,-2.1963757899951695,-0.0064560005463711765,1,23,57.0,21.0,8,0.61,73
兰州市,2022-03-23,73,良,-0.5331361715514443,-0.7135228547587711,0,32,95.0,43.0,16,1.0,55
兰州市,2022-03-24,141,轻度污染,0.20881424201687515,1.5681304906538218,3,53,214.5,30.0,12,0.64,58
兰州市,2022-03-25,72,良,-1.2288560579921108,2.5432623475759057,3,32,94.0,12.0,10,0.47,87
兰州市,2022-03-26,50,优,-2.138787022289362,0.45012702748239775,1,25,51.0,21.0,13,0.53,88
兰州市,2022-03-27,51,良,-2.1563952824922534,-0.2947439477487489,1,22,54.0,28.0,12,0.55,76
兰州市,2022-03-28,79,良,-0.811402575170304,-0.2986435499775662,1,36,108.0,43.0,12,0.75,59
兰州市,2022-03-29,92,良,-1.382367620745974,1.867373101146978,3,41,134.0,13.0,9,0.48,88
兰州市,2022-03-30,68,良,-0.9354603023458148,0.6193410846288125,1,28,86.0,31.0,14,0.62,66
兰州市,2022-03-31,54,良,-2.109534040419154,0.200003139798267,1,21,58.0,28.0,9,0.56,79
兰州市,2022-04-01,54,良,-2.3268968679768824,0.01861375601836298,1,22,60.0,26.0,10,0.52,82
兰州市,2022-04-02,62,良,-1.478396625862483,-0.46649537266156094,1,26,74.0,39.0,14,0.69,70
兰州市,2022-04-03,63,良,-1.1461544878161676,-0.40778425330431134,1,29,77.0,42.0,14,0.68,63
兰州市,2022-04-04,61,良,-1.6753581837812601,0.05742686868880791,1,29,71.0,28.0,12,0.69,74
兰州市,2022-04-05,90,良,-0.614641596903964,0.14851064573471023,0,39,129.0,42.0,15,0.71,67
兰州市,2022-04-06,77,良,-0.559648214926771,0.3935931569729591,0,32,104.0,43.0,15,0.73,67
兰州市,2022-04-07,73,良,-0.49896887599224393,-0.12556012046158446,0,31,97.0,45.0,18,0.78,63
兰州市,2022-04-08,73,良,-0.7516512602489167,-0.08803997100245066,0,29,96.0,43.0,15,0.7,61
兰州市,2022-04-09,82,良,-0.014570951500444058,-0.2960923017596005,0,34,115.0,51.0,19,0.82,54
兰州市,2022-04-10,77,良,0.023908230495797374,-0.29868448644612255,0,32,104.0,51.0,19,0.79,49
兰州市,2022-04-11,141,轻度污染,0.36323450328516393,2.949340653242889,3,89,214.5,15.0,7,0.45,75
兰州市,2022-04-12,122,轻度污染,0.9753533730640084,2.884664784560891,3,50,193.0,28.0,13,0.63,61
兰州市,2022-04-13,104,轻度污染,-0.2176355278533933,2.7716217889756,3,42,157.0,18.0,11,0.53,82
兰州市,2022-04-14,42,优,-1.9053827849193545,1.4576043804461527,1,24,42.0,12.0,8,0.49,85
兰州市,2022-04-15,31,优,-2.4406298865310663,-0.5150183723967041,1,16,30.0,17.0,6,0.6,57
兰州市,2022-04-16,41,优,-2.5775688357222513,-0.3492944863893257,1,20,46.0,17.0,7,0.61,73
兰州市,2022-04-17,118,轻度污染,-1.3872477745195693,1.5492790802089969,1,46,163.0,14.0,8,0.48,89
兰州市,2022-04-18,82,良,-1.0225241146784054,2.224097017940241,3,37,114.0,19.0,9,0.54,87
兰州市,2022-04-19,61,良,-1.4739876878217488,0.3972047207094813,1,26,74.0,33.0,9,0.6,69
兰州市,2022-04-20,65,良,-0.9009044506989989,-0.6417067517888255,1,29,82.0,49.0,12,0.93,61
兰州市,2022-04-21,121,轻度污染,0.3274270777993887,1.0364912502074324,3,59,187.0,36.0,14,0.71,58
兰州市,2022-04-22,141,轻度污染,1.2937334130887204,2.7691979413808094,3,68,214.5,37.0,12,0.69,68
兰州市,2022-04-23,98,良,0.224044098937024,3.0405034301147125,3,50,146.0,26.0,10,0.73,91
兰州市,2022-04-24,53,良,-1.8025349838925762,1.673610968622668,1,30,58.0,15.0,9,0.59,102
兰州市,2022-04-25,64,良,-1.1038436409810486,-0.10836561955996202,1,31,79.0,36.0,13,0.83,75
兰州市,2022-04-26,65,良,-0.7753357215916977,-0.02889117102254651,1,29,81.0,37.0,18,0.89,78
兰州市,2022-04-27,141,轻度污染,0.5145357460817311,2.8900668087834727,3,91,214.5,14.0,7,0.55,78
兰州市,2022-04-28,130,轻度污染,1.7632559260346692,3.5730381983330592,3,77,209.0,27.0,10,0.78,67
兰州市,2022-04-29,60,良,-0.7594994251031547,2.2384466802709073,3,38,74.0,17.0,7,0.54,76
兰州市,2022-04-30,54,良,-2.2725145395542103,0.8929130922329844,1,26,60.0,12.0,6,0.4,83
兰州市,2022-05-01,52,良,-1.4912348051593038,-0.13840297178661642,1,27,57.0,31.0,8,0.68,64
兰州市,2022-05-02,46,优,-2.0776398880116407,0.1477997661965875,1,24,43.0,24.0,11,0.58,88
兰州市,2022-05-03,53,良,-1.2913360983325606,-0.7689700147222415,1,23,55.0,47.0,12,0.71,68
兰州市,2022-05-04,56,良,-1.190973038935021,-1.0309537727379954,1,21,60.0,54.0,11,0.83,61
兰州市,2022-05-05,61,良,-1.2632938586425555,-0.8694072698883127,1,24,69.0,52.0,13,0.78,66
兰州市,2022-05-06,141,轻度污染,0.43457183985086906,2.2154646306374355,3,90,214.5,31.0,10,0.64,86
兰州市,2022-05-07,76,良,-0.9680911533330401,2.7047611958282287,3,34,102.0,24.0,10,0.6,107
兰州市,2022-05-08,75,良,-1.6290483572773422,1.5492921572036078,1,39,104.0,15.0,9,0.45,90
兰州市,2022-05-09,53,良,-1.3786533929945846,0.16285030518653845,1,29,57.0,32.0,9,0.68,66
兰州市,2022-05-10,88,良,-0.5900746180592154,0.39873630043364594,0,45,125.0,38.0,12,0.58,66
兰州市,2022-05-11,51,良,-2.0134972443692853,1.3128172276501773,1,26,56.0,18.0,8,0.5,96
兰州市,2022-05-12,74,良,-0.9991258592374231,0.012823065692762104,1,32,98.0,35.0,13,0.61,65
兰州市,2022-05-13,47,优,-2.12543952315214,0.5169414664852658,1,26,48.0,15.0,8,0.55,72
兰州市,2022-05-14,41,优,-2.4198498216566025,-0.21418030076906058,1,27,40.0,22.0,6,0.5,68
兰州市,2022-05-15,50,优,-1.9844448316964352,-0.5931100555904831,1,29,52.0,32.0,10,0.58,67
兰州市,2022-05-16,47,优,-2.5866370673450514,0.00018335359072561836,1,23,44.0,28.0,9,0.47,92
兰州市,2022-05-17,56,良,-1.824388164680885,-0.7383674325299792,1,22,62.0,46.0,12,0.63,76
兰州市,2022-05-18,42,优,-2.7208892526472215,0.04560785314994751,1,21,42.0,21.0,7,0.51,82
兰州市,2022-05-19,56,良,-1.774144747533462,-0.8549144112795045,1,26,63.0,41.0,12,0.74,70
兰州市,2022-05-20,62,良,-1.4735626753541335,-0.3422076287578372,1,29,75.0,39.0,17,0.65,79
兰州市,2022-05-21,50,优,-2.2033906453177288,-0.08611876548710543,1,23,53.0,31.0,9,0.57,78
兰州市,2022-05-22,56,良,-2.035192283022345,-0.4787138981655074,1,23,61.0,36.0,12,0.67,79
兰州市,2022-05-23,52,良,-2.1236670491775764,-0.3512972113535103,1,22,55.0,35.0,12,0.56,79
兰州市,2022-05-24,48,优,-3.0315873335436483,0.20424311067816717,1,19,49.0,19.0,6,0.45,90
兰州市,2022-05-25,33,优,-3.0574291051263334,-0.2569637021089334,1,17,32.0,16.0,7,0.51,77
兰州市,2022-05-26,47,优,-1.9614499151267448,-1.4240482524816105,1,21,48.0,46.0,12,0.9,71
兰州市,2022-05-27,58,良,-1.8625300640716007,-0.7412004532699823,1,25,63.0,49.0,12,0.74,85
兰州市,2022-05-28,55,良,-2.2362647219584795,-0.2704391591598962,1,21,54.0,39.0,11,0.73,94
兰州市,2022-05-29,86,良,-2.216491835542809,1.2840425599074017,1,40,120.0,17.0,6,0.43,97
兰州市,2022-05-30,50,优,-1.7961891186318604,0.1462674254801804,1,22,50.0,36.0,11,0.62,78
兰州市,2022-05-31,56,良,-2.0087820741502083,-0.39477541746318456,1,24,64.0,36.0,13,0.63,82
兰州市,2022-06-01,59,良,-1.992633676839938,-0.1584875528854471,1,22,69.0,35.0,13,0.66,87
兰州市,2022-06-02,50,优,-3.161200688375296,0.7300324122106776,1,18,54.0,16.0,7,0.48,110
兰州市,2022-06-03,45,优,-2.5079617796414873,-0.2401636468386238,1,23,50.0,25.0,8,0.49,73
兰州市,2022-06-04,41,优,-2.689444454371128,-0.4114765724103488,1,20,43.0,26.0,8,0.5,76
兰州市,2022-06-05,57,良,-2.243443965656539,-0.5967570983117094,1,24,62.0,37.0,10,0.67,81
兰州市,2022-06-06,44,优,-2.976029682705648,0.2051600436660185,1,19,42.0,24.0,9,0.54,104
兰州市,2022-06-07,56,良,-2.6753648347467274,-0.02521326925868123,1,25,62.0,28.0,9,0.53,95
兰州市,2022-06-08,64,良,-1.8250967746074829,-0.026465177637732158,1,30,78.0,36.0,13,0.65,88
兰州市,2022-06-09,46,优,-3.153020612171752,0.7988651778882213,1,20,46.0,15.0,10,0.43,115
兰州市,2022-06-10,44,优,-3.3179273133567775,0.14690687643752526,1,17,37.0,19.0,11,0.47,112
兰州市,2022-06-11,56,良,-2.3244138566800867,-0.2977293086598325,1,25,64.0,29.0,12,0.53,82
兰州市,2022-06-12,54,良,-2.2349314908588203,-0.08842779201427435,1,25,58.0,29.0,12,0.6,86
兰州市,2022-06-13,52,良,-2.3461230263651207,-0.23800199962284324,1,20,52.0,30.0,15,0.54,90
兰州市,2022-06-14,63,良,-1.8175556406502849,-0.8672337024214927,1,18,57.0,51.0,16,0.69,86
兰州市,2022-06-15,62,良,-2.133743553856621,-0.26891664651975355,1,18,56.0,46.0,14,0.65,101
兰州市,2022-06-16,56,良,-3.055934765380128,0.36931374135803335,1,17,44.0,30.0,8,0.55,116
兰州市,2022-06-17,54,良,-3.487583500859148,0.7029219231110105,1,19,44.0,17.0,7,0.45,121
兰州市,2022-06-18,44,优,-3.3835897669985107,0.37804519454731833,1,18,41.0,19.0,6,0.51,109
兰州市,2022-06-19,40,优,-3.3801920159309122,-0.14824869702416932,1,16,36.0,20.0,7,0.5,96
兰州市,2022-06-20,39,优,-3.4682225315505466,-0.14417503183927324,1,17,39.0,14.0,6,0.48,89
兰州市,2022-06-21,64,良,-2.6713342527908623,0.32497325047488035,1,34,78.0,13.0,11,0.48,92
兰州市,2022-06-22,39,优,-3.150545515444139,0.2925064088462768,1,16,33.0,20.0,9,0.5,103
兰州市,2022-06-23,48,优,-2.779612047771431,-0.8225518788366081,1,14,41.0,34.0,11,0.65,87
兰州市,2022-06-24,46,优,-3.4501939172484835,0.08149477992707106,1,14,39.0,24.0,7,0.5,110
兰州市,2022-06-25,38,优,-3.189701727152376,-0.2511971647280897,1,16,37.0,19.0,8,0.57,89
兰州市,2022-06-26,37,优,-3.702605393291586,0.029911867737061903,1,18,32.0,17.0,6,0.48,109
兰州市,2022-06-27,36,优,-3.124813783026181,-0.6338820032383129,1,17,35.0,26.0,7,0.55,83
兰州市,2022-06-28,45,优,-2.8379712602424405,-0.8629092890311296,1,17,44.0,33.0,11,0.53,82
兰州市,2022-06-29,54,良,-2.375875877234329,-0.8606110675094542,1,19,51.0,44.0,11,0.66,84
兰州市,2022-06-30,57,良,-2.1088426153546926,-0.5909287037400353,1,22,55.0,43.0,15,0.62,89
兰州市,2022-07-01,48,优,-2.6078003943285593,-0.19072518965810695,1,19,47.0,31.0,12,0.6,95
兰州市,2022-07-02,45,优,-3.416020294815161,0.0027848797281811535,1,17,31.0,25.0,7,0.5,109
兰州市,2022-07-03,61,良,-2.8075614586728452,-0.2895340177045318,1,19,48.0,35.0,13,0.58,109
兰州市,2022-07-04,45,优,-3.2484899000985377,0.47134625076762027,1,18,38.0,20.0,11,0.47,117
兰州市,2022-07-05,50,优,-2.9707494301734383,-0.3153388866249807,1,19,39.0,30.0,11,0.48,99
兰州市,2022-07-06,72,良,-1.942455670874595,-0.5954996783872684,1,24,62.0,51.0,16,0.66,100
兰州市,2022-07-07,83,良,-1.9576248226902822,1.080666533843013,1,35,102.0,33.0,9,0.51,107
兰州市,2022-07-08,88,良,-1.1481773793498065,1.3487514345537657,1,45,120.0,33.0,12,0.55,97
兰州市,2022-07-09,50,优,-2.6713159877807913,1.415453915022598,1,26,49.0,17.0,9,0.5,119
兰州市,2022-07-10,48,优,-2.682700947291182,0.14429355274963973,1,24,47.0,21.0,11,0.5,96
兰州市,2022-07-11,38,优,-3.130452987690202,0.14500248350192727,1,20,32.0,16.0,7,0.53,97
兰州市,2022-07-12,46,优,-2.3485970574838335,-0.7165553007957409,1,21,46.0,29.0,10,0.68,73
兰州市,2022-07-13,52,良,-2.4204786551616615,-0.15734056058215348,1,23,52.0,27.0,12,0.66,94
兰州市,2022-07-14,41,优,-2.9642119969697527,0.07969439554471666,1,18,37.0,17.0,10,0.57,96
兰州市,2022-07-15,29,优,-3.3289328063576304,-0.35590489123523034,1,18,23.0,11.0,6,0.55,78
兰州市,2022-07-16,29,优,-3.5490475536000416,-0.7342943613499808,1,12,21.0,15.0,10,0.47,85
兰州市,2022-07-17,35,优,-3.252736567177945,-0.8796036751228072,1,14,33.0,22.0,9,0.49,77
兰州市,2022-07-18,38,优,-2.8846179541749395,-0.8311188649633172,1,18,36.0,22.0,13,0.6,79
兰州市,2022-07-19,35,优,-3.57257659058117,-0.16033553697366684,1,17,34.0,14.0,7,0.5,96
兰州市,2022-07-20,54,良,-3.042910157162379,-0.45646876935044006,1,19,48.0,25.0,12,0.59,98
兰州市,2022-07-21,48,优,-2.9428719264485856,0.017598746758024742,1,20,52.0,15.0,8,0.45,77
兰州市,2022-07-22,35,优,-3.6785359398971393,-0.03146310714593356,1,15,20.0,13.0,7,0.55,102
兰州市,2022-07-23,46,优,-3.2044742598440563,-0.47613427502793937,1,18,35.0,22.0,13,0.59,102
兰州市,2022-07-24,48,优,-3.0446625191201138,-0.21786169992326304,1,18,38.0,21.0,14,0.56,102
兰州市,2022-07-25,40,优,-3.22136582474064,-0.24533930710110327,1,15,31.0,19.0,11,0.58,97
兰州市,2022-07-26,70,良,-2.83612724158983,0.6899667078022631,1,32,96.0,11.0,7,0.43,94
兰州市,2022-07-27,39,优,-3.6186413074862847,0.8328217349211232,1,15,29.0,10.0,6,0.44,113
兰州市,2022-07-28,59,良,-2.883711301858954,-0.3359804413111234,1,20,46.0,24.0,16,0.57,104
兰州市,2022-07-29,52,良,-3.272376235430102,0.3751788227330362,1,16,35.0,18.0,12,0.56,118
兰州市,2022-07-30,39,优,-3.37051679866495,0.09622341942821024,1,15,34.0,14.0,9,0.49,98
兰州市,2022-07-31,40,优,-3.3929895997954977,-0.12488361635712732,1,17,37.0,11.0,12,0.51,99
兰州市,2022-08-01,32,优,-3.5244081631409667,-0.1870142882114372,1,17,26.0,12.0,8,0.56,96
兰州市,2022-08-02,35,优,-3.305295263221149,-0.578911207844275,1,20,32.0,16.0,7,0.63,83
兰州市,2022-08-03,35,优,-3.6864253322688887,-0.15768305155628395,1,18,31.0,10.0,6,0.48,93
兰州市,2022-08-04,31,优,-3.2075362190378294,-0.7839568153359393,1,15,29.0,17.0,10,0.57,76
兰州市,2022-08-05,43,优,-3.0721895205551015,-0.763321715013372,1,19,35.0,23.0,11,0.65,88
兰州市,2022-08-06,44,优,-3.272116989644608,-0.28240784758225335,1,16,37.0,19.0,8,0.56,91
兰州市,2022-08-07,44,优,-3.271141619507758,-0.04301256744743962,1,19,45.0,13.0,7,0.51,87
兰州市,2022-08-08,45,优,-3.256337579381341,-0.0512352836819915,1,19,42.0,13.0,9,0.53,92
兰州市,2022-08-09,47,优,-2.921905969789909,-0.014640475072254402,1,23,48.0,18.0,14,0.63,105
兰州市,2022-08-10,39,优,-3.146286503255857,-0.025774697663465896,1,20,39.0,12.0,10,0.63,94
兰州市,2022-08-11,38,优,-3.32503336846788,-0.24278188754123653,1,19,34.0,16.0,7,0.59,92
兰州市,2022-08-12,41,优,-3.440516163369158,-0.11902102419526699,1,19,37.0,17.0,6,0.53,97
兰州市,2022-08-13,46,优,-3.384183229864908,0.03947645246111309,1,19,41.0,15.0,7,0.6,102
兰州市,2022-08-14,35,优,-3.265744647216759,-0.21450191734409313,1,17,33.0,15.0,6,0.5,81
兰州市,2022-08-15,43,优,-2.547243671373103,-0.9163669891831966,1,22,43.0,28.0,11,0.64,71
兰州市,2022-08-16,54,良,-2.502036285175655,-0.6933569862271366,1,21,50.0,39.0,7,0.65,80
兰州市,2022-08-17,48,优,-2.251955644767874,-0.6020116860085793,1,22,49.0,34.0,7,0.7,67
兰州市,2022-08-18,47,优,-3.0235651209268233,0.030870771119801882,1,22,48.0,19.0,5,0.56,87
兰州市,2022-08-19,60,良,-2.472442566842492,-0.11335663618188338,1,23,70.0,27.0,9,0.6,84
兰州市,2022-08-20,49,优,-2.397855736078254,-0.320823437010384,1,19,49.0,29.0,7,0.61,69
兰州市,2022-08-21,41,优,-2.7407929760124627,-0.24788023116144353,1,23,41.0,19.0,7,0.63,76
兰州市,2022-08-22,40,优,-3.1656394971247237,-0.22072427769020445,1,19,39.0,17.0,6,0.59,86
兰州市,2022-08-23,43,优,-2.5815256443418924,-0.7598757384573592,1,22,43.0,23.0,6,0.66,59
兰州市,2022-08-24,32,优,-3.081882391903187,-0.4592467309126574,1,17,32.0,16.0,7,0.57,74
兰州市,2022-08-25,31,优,-3.3186667483508066,-0.7644981966331896,1,15,25.0,18.0,7,0.57,77
兰州市,2022-08-26,32,优,-2.814654882682952,-1.3773339672060736,1,13,32.0,25.0,9,0.52,49
兰州市,2022-08-27,22,优,-3.36809926336502,-1.0622454410386657,1,11,21.0,14.0,6,0.53,57
兰州市,2022-08-28,45,优,-3.0711301508224604,-0.7919655635996525,1,25,46.0,16.0,8,0.47,67
兰州市,2022-08-29,48,优,-2.24509087254069,-1.0384377378785863,1,21,52.0,32.0,8,0.44,42
兰州市,2022-08-30,45,优,-2.28577221560808,-0.8599692239689181,1,24,45.0,35.0,9,0.47,58
兰州市,2022-08-31,53,良,-1.7453036587738269,-1.1991989864477937,1,26,59.0,45.0,10,0.51,46
兰州市,2022-09-01,48,优,-2.1763993419532524,-0.7233982845689942,1,21,49.0,36.0,11,0.47,63
兰州市,2022-09-02,42,优,-2.6272316053438005,-0.6236157808662662,1,19,42.0,30.0,6,0.45,63
兰州市,2022-09-03,35,优,-3.1192767374965458,-0.40203532316461826,1,18,30.0,21.0,8,0.43,82
兰州市,2022-09-04,45,优,-2.2226461182992296,-1.3391299973499446,1,19,47.0,43.0,10,0.46,55
兰州市,2022-09-05,50,优,-2.043383611189359,-1.0311610944428162,1,22,49.0,43.0,12,0.48,63
兰州市,2022-09-06,55,良,-1.7152506804323875,-1.0475366254533436,1,24,58.0,53.0,10,0.54,61
兰州市,2022-09-07,55,良,-1.6539212296568406,-0.7189984713055294,1,24,62.0,43.0,18,0.6,76
兰州市,2022-09-08,43,优,-2.6623633046004693,-0.33646268464604934,1,19,40.0,36.0,7,0.53,86
兰州市,2022-09-09,54,良,-2.0846089451559724,-0.9562490421244179,1,23,54.0,49.0,9,0.56,72
兰州市,2022-09-10,63,良,-1.6261331933643948,-0.6833588005219163,1,25,63.0,47.0,17,0.64,82
兰州市,2022-09-11,66,良,-1.7703387351161384,-0.2033029336924345,1,26,63.0,46.0,14,0.63,93
兰州市,2022-09-12,51,良,-1.9615391249425191,-0.1859815295372451,1,23,53.0,32.0,14,0.58,78
兰州市,2022-09-13,45,优,-2.7132401220904105,-0.1383400646577848,1,22,46.0,22.0,6,0.56,77
兰州市,2022-09-14,35,优,-3.5273263353717685,0.022968847683615998,1,15,29.0,14.0,5,0.54,97
兰州市,2022-09-15,41,优,-3.034923902477982,-0.5166091564608287,1,19,41.0,21.0,6,0.58,78
兰州市,2022-09-16,42,优,-2.924656380783782,-0.24546267116753445,1,24,42.0,17.0,7,0.57,80
兰州市,2022-09-17,44,优,-2.681556048537888,-0.5350923787580258,1,22,44.0,29.0,7,0.58,77
兰州市,2022-09-18,49,优,-1.94671163126204,-1.2021259830591688,1,24,49.0,37.0,7,0.61,40
兰州市,2022-09-19,41,优,-2.6456867358406044,-0.5769011272593283,1,19,42.0,27.0,6,0.48,62
兰州市,2022-09-20,41,优,-2.8438873150749724,-0.6513668195814667,1,17,40.0,27.0,10,0.45,76
兰州市,2022-09-21,55,良,-2.022457355771932,-1.051236434989159,1,22,59.0,45.0,10,0.53,62
兰州市,2022-09-22,68,良,-2.25543590085748,0.2519484513561084,1,26,87.0,30.0,7,0.44,80
兰州市,2022-09-23,60,良,-1.9413465833640657,-0.10730354255513154,1,23,70.0,34.0,7,0.43,58
兰州市,2022-09-24,52,良,-2.0955761789094547,-0.3992571373341743,1,22,56.0,36.0,9,0.49,66
兰州市,2022-09-25,59,良,-1.4565848255630476,-0.7896695409799125,1,27,69.0,40.0,18,0.59,64
兰州市,2022-09-26,51,良,-1.5381964128076422,-0.8350604354123788,1,24,55.0,41.0,15,0.62,59
兰州市,2022-09-27,60,良,-1.0023647575472994,-1.1218235797894192,1,30,72.0,47.0,15,0.76,48
兰州市,2022-09-28,57,良,-1.272544790958936,-0.8005140797129403,1,27,67.0,47.0,10,0.64,49
兰州市,2022-09-29,65,良,-0.5639603991708168,-1.1936764740110561,0,28,79.0,50.0,22,0.78,49
兰州市,2022-09-30,66,良,-0.1315435888604019,-1.2194196767490757,0,31,83.0,60.0,21,0.85,46
兰州市,2022-10-01,55,良,-1.3554833685850054,-0.5907342090438057,1,25,60.0,43.0,11,0.67,56
兰州市,2022-10-02,60,良,-2.1310610848751192,-0.014590899508270628,1,24,70.0,20.0,10,0.44,62
兰州市,2022-10-03,55,良,-2.655390352467388,0.5029980955912695,1,23,61.0,12.0,8,0.33,77
兰州市,2022-10-04,66,良,-1.8856000963129322,0.01713148569491132,1,29,82.0,26.0,8,0.42,58
兰州市,2022-10-05,43,优,-2.2907544796948254,0.13713089329786024,1,28,43.0,15.0,7,0.49,61
兰州市,2022-10-06,53,良,-2.223198582270995,-0.367782205549135,1,30,56.0,24.0,8,0.46,61
兰州市,2022-10-07,53,良,-1.9367726968442638,-0.527586020466623,1,26,57.0,33.0,8,0.43,52
兰州市,2022-10-08,63,良,-2.383586765336104,0.3670122534857805,1,27,78.0,18.0,7,0.36,72
兰州市,2022-10-09,62,良,-2.106057614962072,0.3123213726495292,1,26,75.0,20.0,8,0.37,63
兰州市,2022-10-10,64,良,-1.0077449020535165,-0.710257972457781,1,29,79.0,45.0,10,0.56,37
兰州市,2022-10-11,57,良,-1.5302966000866,-0.30606487545468564,1,30,65.0,31.0,8,0.48,43
兰州市,2022-10-12,45,优,-2.005782607865935,-0.4474869683569918,1,25,47.0,26.0,9,0.49,52
兰州市,2022-10-13,48,优,-2.486060028882248,-0.17998559226342514,1,25,50.0,27.0,12,0.43,87
兰州市,2022-10-14,92,良,-0.28425156135226426,-0.3253302081543585,0,44,134.0,46.0,17,0.64,52
兰州市,2022-10-15,70,良,-0.3049842049554757,0.08302933786100365,0,37,90.0,51.0,11,0.66,49
兰州市,2022-10-16,65,良,-0.6445151091177691,-0.40888150630121,0,32,80.0,44.0,18,0.63,55
兰州市,2022-10-17,67,良,-0.12142376179940409,-0.9265420397681078,0,34,83.0,54.0,22,0.73,48
兰州市,2022-10-18,72,良,0.24548402255098814,-0.8217686952075731,0,41,95.0,61.0,18,0.89,47
兰州市,2022-10-19,65,良,-0.625400130038674,-0.1913625655592374,0,37,80.0,50.0,8,0.8,56
兰州市,2022-10-20,62,良,-0.7173950660642716,-0.15463254304954557,0,43,69.0,38.0,11,0.78,56
兰州市,2022-10-21,67,良,-0.17366932204388733,-0.5860262495593795,0,41,82.0,45.0,18,0.85,50
兰州市,2022-10-22,63,良,-0.3937084191208263,-0.5214413929014338,0,34,77.0,47.0,18,0.75,55
兰州市,2022-10-23,67,良,-0.23178367484820084,-0.45885215883369757,0,40,84.0,48.0,18,0.8,58
兰州市,2022-10-24,65,良,-0.06521101684479784,-0.35242794536649424,0,45,78.0,47.0,19,0.89,62
兰州市,2022-10-25,52,良,-1.2929042893360791,-0.010315161119688908,1,36,53.0,29.0,9,0.7,60
兰州市,2022-10-26,44,优,-1.3841951865632793,-0.8523168406653936,1,28,43.0,31.0,8,0.71,36
兰州市,2022-10-27,42,优,-1.5060843091067333,-0.9640573949126511,1,29,38.0,24.0,14,0.78,46
兰州市,2022-10-28,30,优,-2.640321891438555,-0.501840862727982,1,19,29.0,14.0,7,0.6,61
兰州市,2022-10-29,60,良,-1.732941383727669,-0.6550090916276397,1,33,69.0,23.0,13,0.68,59
兰州市,2022-10-30,59,良,-1.342852988455641,-0.14822716598129246,1,35,68.0,26.0,10,0.78,56
兰州市,2022-10-31,57,良,-1.8058556074872703,-0.01800251997036154,1,29,65.0,25.0,9,0.69,67
兰州市,2022-11-01,58,良,-0.6233717916035547,-0.961213657396606,0,37,67.0,42.0,15,1.0,46
兰州市,2022-11-02,58,良,-1.2029506383377522,-0.43323166166587895,1,33,65.0,31.0,15,0.82,61
兰州市,2022-11-03,57,良,-1.6292090268287729,-0.2700370822833074,1,27,64.0,27.0,11,0.73,61
兰州市,2022-11-04,49,优,-1.376848931073274,-0.7178567264108628,1,28,51.0,31.0,10,0.91,49
兰州市,2022-11-05,55,良,-0.9572093220905348,-1.06775906899195,1,35,60.0,41.0,10,0.91,40
兰州市,2022-11-06,61,良,-0.473662517461576,-0.8682765685822696,0,43,68.0,42.0,15,0.96,46
兰州市,2022-11-07,57,良,-0.3385597010854792,-1.001073166525662,0,37,64.0,45.0,17,1.0,44
兰州市,2022-11-08,63,良,0.052996483982384136,-1.1728805188906877,0,44,68.0,48.0,19,1.13,42
兰州市,2022-11-09,76,良,0.5917003635004793,-0.6207999431216077,0,54,94.0,52.0,22,1.16,57
兰州市,2022-11-10,82,良,0.8695302951865082,-0.15571260924812555,0,56,101.0,46.0,22,1.23,56
兰州市,2022-11-11,55,良,-1.3846334344462272,0.6936238095503312,1,26,61.0,18.0,11,1.01,82
兰州市,2022-11-12,51,良,-1.1323252161747204,-0.5453548705528072,1,29,54.0,30.0,12,0.94,55
兰州市,2022-11-13,61,良,-0.034399797066075245,-1.0603841222640098,0,41,72.0,42.0,21,1.01,43
兰州市,2022-11-14,66,良,0.1765248628905046,-0.7631158046928752,0,44,77.0,47.0,20,1.02,49
兰州市,2022-11-15,69,良,1.1877271509620766,-1.2356056460468419,0,50,83.0,57.0,29,1.13,37
兰州市,2022-11-16,78,良,1.8024019715316004,-1.3081285849055315,0,56,98.0,66.0,30,1.33,36
兰州市,2022-11-17,66,良,1.0622011055548988,-1.0263734893451488,0,45,77.0,53.0,27,1.27,39
兰州市,2022-11-18,92,良,0.10585694031242307,0.22250796631170286,0,36,135.0,37.0,18,1.03,60
兰州市,2022-11-19,90,良,2.128500893191627,-0.5268203815480699,0,51,130.0,64.0,26,1.3,29
兰州市,2022-11-20,89,良,1.604284997853683,-0.029694069087143074,0,52,126.0,50.0,22,1.33,39
兰州市,2022-11-21,78,良,0.6664267832735531,-0.08184638654289562,0,36,106.0,49.0,16,1.05,39
兰州市,2022-11-22,79,良,1.5814601941567525,-0.8020067530741455,0,50,109.0,64.0,22,1.29,34
兰州市,2022-11-23,81,良,2.327013477595606,-1.1504890591029806,2,58,109.0,71.0,30,1.47,34
兰州市,2022-11-24,74,良,1.4083084917289983,-0.6790212071647659,0,48,98.0,58.0,25,1.25,41
兰州市,2022-11-25,73,良,0.7223867888970511,-0.6778814543852015,0,35,97.0,49.0,22,1.07,36
兰州市,2022-11-26,78,良,1.649488060239889,-1.1612253738966067,0,46,103.0,63.0,27,1.39,34
兰州市,2022-11-27,141,轻度污染,1.7201342966930968,1.0392179078119106,3,58,214.5,42.0,20,1.04,44
兰州市,2022-11-28,105,轻度污染,-0.15246561510946202,2.9755375405445608,3,34,150.0,12.0,8,0.53,65
兰州市,2022-11-29,90,良,-0.7443052228384178,1.8619720525383645,3,28,131.0,13.0,9,0.55,60
兰州市,2022-11-30,79,良,0.24255151076878703,0.11232141503180036,0,30,109.0,28.0,25,0.75,36
兰州市,2022-12-01,87,良,1.0864746994230905,-0.4576943822165491,0,44,124.0,46.0,24,1.08,29
兰州市,2022-12-02,95,良,2.1450676368827026,-0.469027820185689,0,58,139.0,58.0,26,1.32,25
兰州市,2022-12-03,129,轻度污染,1.6636061327632798,1.400259130279906,3,60,207.0,40.0,18,0.88,40
兰州市,2022-12-04,131,轻度污染,3.3565649518877936,1.197779511544912,2,66,211.0,51.0,33,1.09,25
兰州市,2022-12-05,116,轻度污染,3.1497627436551228,1.0292348783727578,2,69,178.0,62.0,20,1.28,23
兰州市,2022-12-06,111,轻度污染,3.812741846240711,0.4452535424658312,2,79,171.0,71.0,27,1.38,23
兰州市,2022-12-07,102,轻度污染,3.0787113133624477,0.7758308099943514,2,74,148.0,56.0,27,1.18,35
兰州市,2022-12-08,90,良,1.967611239861864,0.6583575129471344,3,55,129.0,56.0,19,0.91,38
兰州市,2022-12-09,96,良,2.649360202928417,0.26981126185320625,2,67,139.0,60.0,25,1.12,36
兰州市,2022-12-10,80,良,0.9076442253734924,0.7643479444220493,3,40,110.0,44.0,19,0.72,52
兰州市,2022-12-11,133,轻度污染,1.9819325361266291,1.4373462522322853,3,60,214.5,40.0,21,0.67,39
兰州市,2022-12-12,141,轻度污染,2.9214372054876563,2.424094351378581,3,72,214.5,45.0,17,0.77,31
兰州市,2022-12-13,134,轻度污染,3.4518778487086332,1.9412591210224017,2,65,214.5,53.0,24,0.95,25
兰州市,2022-12-14,94,良,2.9896410236273563,0.5122394430230656,2,53,138.0,63.0,27,1.09,20
兰州市,2022-12-15,109,轻度污染,2.4285831818951897,0.5099854351588223,2,57,167.0,52.0,27,1.08,35
兰州市,2022-12-16,58,良,-0.9907933631216949,1.6185969378543583,3,27,70.0,16.0,12,0.42,72
兰州市,2022-12-17,128,轻度污染,1.0148373030687785,0.8048238909239892,3,48,205.0,41.0,14,0.73,38
兰州市,2022-12-18,101,轻度污染,3.442630948963305,0.2707210183917199,2,66,148.0,73.0,24,1.37,18
兰州市,2022-12-19,98,良,3.1744924424295315,-0.34256686839549766,2,68,139.0,71.0,27,1.39,20
兰州市,2022-12-20,119,轻度污染,2.7775104207645454,0.3785376695542079,2,59,187.0,64.0,24,1.08,24
兰州市,2022-12-21,107,轻度污染,4.37600730482931,-0.41491295703821207,2,67,163.0,75.0,32,2.23,20
兰州市,2022-12-22,88,良,4.208532642350345,-1.3220925443837537,2,63,120.0,79.0,38,2.25,20
兰州市,2022-12-23,99,良,4.451638139365557,-1.5034934056563625,2,74,125.0,83.0,38,2.23,21
兰州市,2022-12-24,141,轻度污染,4.506028466815668,0.40295191859755436,2,76,214.5,65.0,34,1.93,32
兰州市,2022-12-25,61,良,0.2855345144339902,1.6993972708819465,3,28,72.0,31.0,14,0.68,60
兰州市,2022-12-26,71,良,1.962080108744523,-1.5543691874921803,0,45,91.0,60.0,33,1.35,26
兰州市,2022-12-27,59,良,0.7664746373908501,-0.9115650248047669,0,38,68.0,53.0,22,0.93,33
兰州市,2022-12-28,79,良,2.4102831541670335,-1.7127070812097842,2,57,98.0,62.0,35,1.55,23
兰州市,2022-12-29,77,良,2.9102730416644236,-1.7384222910432856,2,55,93.0,67.0,33,2.11,23
兰州市,2022-12-30,99,良,4.28996016585241,-2.047052675743611,2,74,121.0,76.0,37,2.78,18
兰州市,2022-12-31,122,轻度污染,5.17194278889136,-1.3854155563830337,2,91,141.0,84.0,38,2.6,15
兰州市,2023-01-01,106,轻度污染,4.3341962313000835,-0.3399977610837603,2,79,119.0,71.0,38,1.83,25
兰州市,2023-01-02,80,良,3.1599129262171117,-0.80098861148462,2,57,93.0,67.0,30,1.7,20
兰州市,2023-01-03,98,良,3.8056701126292674,-1.1843155394922822,2,73,110.0,69.0,37,1.88,24
兰州市,2023-01-04,104,轻度污染,3.5983314160436444,-0.336065428118685,2,78,112.0,71.0,25,1.64,23
兰州市,2023-01-05,141,轻度污染,4.625248167869721,0.8401759591922571,2,82,214.5,64.0,32,1.57,26
兰州市,2023-01-06,141,轻度污染,5.415345108959697,0.9512469461365011,2,75,214.5,77.0,30,1.93,17
兰州市,2023-01-07,109,轻度污染,5.777947534449436,-0.22130779966223002,2,74,165.0,88.0,33,2.6,15
兰州市,2023-01-08,94,良,4.771578444067002,-1.0238843294199862,2,66,129.0,80.0,38,2.32,20
兰州市,2023-01-09,102,轻度污染,4.964679512541414,-1.153493197703833,2,76,137.0,81.0,38,2.34,19
兰州市,2023-01-10,118,轻度污染,5.696907422507314,-0.9488668253735683,2,89,150.0,90.5,38,2.5,22
兰州市,2023-01-11,115,轻度污染,4.938208524904643,0.20024946576940772,2,81,165.0,79.0,34,1.78,26
兰州市,2023-01-12,141,轻度污染,4.896602978579875,1.2810576700068106,2,91,214.5,66.0,29,1.76,36
兰州市,2023-01-13,141,轻度污染,2.3242667499646004,4.537091639367369,3,91,214.5,14.0,11,0.55,70
兰州市,2023-01-14,78,良,0.3472326901828421,2.6544717150972477,3,29,105.0,16.0,12,0.55,63
兰州市,2023-01-15,78,良,0.7317488690015067,0.4636460240669681,0,38,107.0,35.0,15,0.87,39
兰州市,2023-01-16,96,良,1.1048956313611245,0.891362295202725,3,48,143.0,33.0,19,0.82,45
兰州市,2023-01-17,99,良,1.6784793228802748,0.8580366177988576,3,53,149.0,43.0,17,0.94,32
兰州市,2023-01-18,102,轻度污染,2.9533315455928477,0.28652906621897756,2,70,151.0,56.0,25,1.4,27
兰州市,2023-01-19,100,良,3.3891825355189207,-0.1209033521787617,2,74,139.0,61.0,30,1.68,28
兰州市,2023-01-20,87,良,2.687933367017557,-0.37227748617233813,2,62,117.0,61.0,28,1.59,32
兰州市,2023-01-21,115,轻度污染,3.8842240379002484,-0.36962098422052914,2,88,140.0,58.0,38,1.7,28
兰州市,2023-01-22,141,轻度污染,3.8676552537532825,1.5767333309268663,2,91,183.0,40.0,36,1.34,45
兰州市,2023-01-23,85,良,0.11912323118353206,3.191991654447215,3,39,120.0,10.0,10,0.48,74
兰州市,2023-01-24,80,良,0.8720235055309598,0.5138119715056904,0,40,109.0,37.0,16,1.02,44
兰州市,2023-01-25,80,良,1.194405933486719,0.1920816573470847,0,48,109.0,40.0,19,1.1,39
兰州市,2023-01-26,79,良,-0.9464500957330482,1.5774309104386586,3,32,107.0,15.0,12,0.41,76
兰州市,2023-01-27,98,良,0.5706139765568673,0.9109539546074134,3,45,146.0,34.0,13,0.87,48
兰州市,2023-01-28,93,良,2.26560188467826,-0.16261182544566946,2,54,135.0,55.0,24,1.47,27
兰州市,2023-01-29,95,良,3.1304077950533538,-0.8715574287763619,2,64,138.0,70.0,28,2.03,28
兰州市,2023-01-30,110,轻度污染,4.195837946472535,-0.9004114017498445,2,82,150.0,87.0,30,2.19,31
兰州市,2023-01-31,97,良,3.5867366149392828,-0.25093526734968685,2,69,132.0,67.0,38,1.69,40
兰州市,2023-02-01,61,良,1.0866839611571084,-0.43096779378994093,0,34,73.0,50.0,28,0.91,38
兰州市,2023-02-02,78,良,1.5170999987823852,-1.0001313851143272,0,45,107.0,56.0,29,1.13,35
兰州市,2023-02-03,79,良,1.997902242394376,-0.7661659033831002,0,49,109.0,61.0,29,1.31,37
兰州市,2023-02-04,77,良,2.256314593460221,-1.079527476482818,2,52,99.0,69.0,29,1.45,35
兰州市,2023-02-05,88,良,2.1727326514835252,-0.37729916443048894,0,64,116.0,58.0,28,1.44,48
兰州市,2023-02-06,71,良,0.9880560842214489,-0.1290434939823385,0,45,91.0,53.0,22,1.06,52
兰州市,2023-02-07,80,良,2.345401434940358,-1.4557075812840528,2,56,106.0,74.0,29,1.54,30
兰州市,2023-02-08,68,良,-0.30512777749865766,0.7531769369603671,0,48,81.0,32.0,11,0.78,66
兰州市,2023-02-09,85,良,1.394264946846294,-0.5265000076203561,0,63,98.0,57.0,11,1.58,37
兰州市,2023-02-10,100,良,2.297691491729421,-0.2316912447828946,2,74,114.0,69.0,12,1.52,31
兰州市,2023-02-11,101,轻度污染,2.25365133870455,0.3404990100191274,2,66,127.0,56.0,15,1.31,26
兰州市,2023-02-12,71,良,-0.42578806054852425,1.293190902926811,3,32,91.0,28.0,10,0.6,63
兰州市,2023-02-13,55,良,-1.37185001386215,0.6708134552126749,1,29,60.0,21.0,9,0.59,71
兰州市,2023-02-14,78,良,0.7193014167655616,-0.5974067461568864,0,57,86.0,50.0,14,1.39,50
兰州市,2023-02-15,123,轻度污染,2.7417343026963854,-0.13768168775232387,2,91,126.0,69.0,10,1.73,30
兰州市,2023-02-16,123,轻度污染,3.1070721736828126,1.0145722115561375,2,91,123.0,68.0,12,1.55,42
兰州市,2023-02-17,123,轻度污染,3.8242464186634186,0.4507618026715875,2,91,125.0,72.0,19,1.6,22
兰州市,2023-02-18,58,良,-0.3862929568609942,1.7592659243948645,3,34,63.0,29.0,8,0.63,74
兰州市,2023-02-19,74,良,1.4863771551868339,-1.0802791158091667,0,48,97.0,69.0,13,1.49,33
兰州市,2023-02-20,89,良,2.3951305167371606,-0.6161763882123888,2,66,104.0,72.0,16,1.53,33
兰州市,2023-02-21,88,良,2.0354262500861444,0.018719854398787684,0,65,96.0,64.0,13,1.21,33
兰州市,2023-02-22,64,良,0.6766192557216896,0.1345095326899405,0,44,74.0,56.0,12,0.9,51
兰州市,2023-02-23,66,良,0.24875995138024987,-0.34959526801151913,0,43,80.0,53.0,12,0.93,50
兰州市,2023-02-24,107,轻度污染,0.7969971286551979,0.4495192706212586,0,48,164.0,50.0,12,0.96,49
兰州市,2023-02-25,86,良,1.3364941757276234,0.5963936948191496,0,48,122.0,55.0,15,1.06,45
兰州市,2023-02-26,67,良,0.19959880130104796,0.3734158451623169,0,48,81.0,41.0,8,1.03,49
兰州市,2023-02-27,65,良,-0.4299411786582963,0.10506191599565493,0,44,72.0,34.0,12,0.83,57
兰州市,2023-02-28,77,良,-1.247786055488892,0.9163358918711527,1,33,104.0,23.0,10,0.63,79
兰州市,2023-03-01,63,良,-0.3312602993727514,-0.22941836333321142,0,32,77.0,44.0,12,0.9,49
兰州市,2023-03-01,63,良,-0.5243667440227623,-0.5233267280451028,0,32,77.0,44.0,12,0.9,49
兰州市,2023-03-02,66,良,0.10447658743915833,-0.7503424688627592,0,41,83.0,49.0,18,0.99,46
兰州市,2023-03-03,61,良,-0.4875965642783008,-0.4404534559518998,0,37,72.0,44.0,16,0.77,55
兰州市,2023-03-04,72,良,0.743511104339006,-1.1841474572701884,0,46,94.0,63.0,20,1.18,41
兰州市,2023-03-05,70,良,0.7548074564958278,-0.890235843273353,0,44,90.0,56.0,25,1.12,47
兰州市,2023-03-06,69,良,0.6935629582142299,-1.0653367771571145,0,39,88.0,60.0,25,1.05,45
兰州市,2023-03-07,80,良,1.967854421880893,-1.576242786650838,0,51,108.0,73.0,31,1.21,25
兰州市,2023-03-08,80,良,1.522268237868128,-0.6775712291774939,0,51,109.0,62.0,25,1.25,42
兰州市,2023-03-09,78,良,1.392670936502045,-0.7593498142175094,0,46,106.0,66.0,23,1.22,42
兰州市,2023-03-10,141,轻度污染,1.7025463369442002,1.217257389410628,3,64,214.5,50.0,16,0.92,50
兰州市,2023-03-11,81,良,-0.8770505077220084,2.995920588309133,3,30,114.0,14.0,7,0.35,85
兰州市,2023-03-12,93,良,0.308352836743833,0.7278540344525113,0,43,137.0,41.0,13,0.85,56
兰州市,2023-03-13,76,良,1.25566965837068,-0.47646202107356483,0,40,103.0,67.0,16,1.33,41
兰州市,2023-03-14,105,轻度污染,0.45926145915321087,0.7679779557371276,0,43,160.0,38.0,13,0.96,52
兰州市,2023-03-15,109,轻度污染,0.19218243010724317,1.9427933164608315,3,43,168.0,30.0,9,0.6,58
兰州市,2023-03-16,118,轻度污染,1.2387975940898408,1.6569965973277971,3,51,182.0,38.0,20,0.77,56
兰州市,2023-03-17,110,轻度污染,0.3032922460061064,2.716558897766091,3,54,170.0,22.0,14,0.59,81
兰州市,2023-03-18,105,轻度污染,0.5895639918309726,2.007641665190686,3,50,161.0,32.0,15,0.74,71
兰州市,2023-03-19,67,良,-0.06878135675344156,0.6915125202139462,0,35,83.0,43.0,12,0.85,62
兰州市,2023-03-20,91,良,-0.1014392620425377,1.366861943222142,3,48,163.0,27.0,14,0.76,76
兰州市,2023-03-21,141,轻度污染,0.7691531150951361,3.5485037598883133,3,91,214.5,16.0,9,0.46,89
兰州市,2023-03-22,141,轻度污染,2.1196877248082195,3.933357259068668,3,91,214.5,28.0,11,0.55,68
兰州市,2023-03-23,111,轻度污染,0.7196015645002508,3.389918983006105,3,50,171.0,25.0,7,0.61,76
兰州市,2023-03-24,76,良,-0.36651447479484156,1.9668950106472085,3,37,102.0,22.0,8,0.59,70
兰州市,2023-03-25,90,良,-0.25511384691050315,1.5099996469364503,3,46,130.0,28.0,11,0.53,74
兰州市,2023-03-26,75,良,-0.6106849744463319,1.6232224633751597,3,38,101.0,26.0,11,0.48,81
兰州市,2023-03-27,68,良,-0.09606753968797803,0.37061516851758464,0,38,87.0,40.0,14,0.79,63
兰州市,2023-03-28,67,良,-0.24415396029652078,-0.11624473828382662,0,36,85.0,48.0,13,0.8,59
兰州市,2023-03-29,63,良,-0.5719199930927228,-0.3219668248466649,0,32,77.0,45.0,16,0.78,62
兰州市,2023-03-30,53,良,-2.0921027787906175,0.4516006405932716,1,26,60.0,22.0,7,0.57,80
兰州市,2023-03-31,58,良,-1.3289639665821003,-0.3354724670607821,1,33,66.0,39.0,10,0.77,69
兰州市,2023-04-01,70,良,-1.1890445497463942,0.004664020495425866,1,33,90.0,37.0,11,0.7,69
兰州市,2023-04-02,125,轻度污染,-0.9805952072556391,2.2194253918105162,3,58,163.0,13.0,7,0.49,89
兰州市,2023-04-03,56,良,-1.4777499670808372,1.8963739455170527,1,31,61.0,18.0,6,0.58,85
兰州市,2023-04-04,60,良,-1.60736464199014,0.252291287881263,1,42,64.0,22.0,7,0.56,63
兰州市,2023-04-05,105,轻度污染,-0.798713079904476,1.8192017020062654,3,60,160.0,13.0,7,0.42,71
兰州市,2023-04-06,125,轻度污染,0.8244418052558538,2.4197045441493357,3,61,200.0,34.0,8,0.7,64
兰州市,2023-04-07,100,良,0.6574311414270341,2.242221000502341,3,53,149.0,40.0,9,0.62,67
兰州市,2023-04-08,93,良,0.7856828345851002,1.2387964115147445,3,52,136.0,50.0,13,0.71,63
兰州市,2023-04-09,98,良,1.1234630596947366,0.7762952680538238,3,51,145.0,54.0,16,0.8,52
兰州市,2023-04-10,141,轻度污染,2.047564098805175,2.2225447623323658,3,78,214.5,41.0,17,0.73,57
兰州市,2023-04-11,141,轻度污染,2.497209872235274,3.457665333845507,3,85,214.5,41.0,12,0.64,61
兰州市,2023-04-12,136,轻度污染,2.310079210905134,3.205589552305306,3,67,214.5,44.0,15,0.71,67
兰州市,2023-04-13,111,轻度污染,-0.023806526001085057,3.9873586234704637,3,45,173.0,13.0,7,0.4,98
兰州市,2023-04-14,39,优,-1.6915573730028224,1.772151671666048,1,21,37.0,16.0,6,0.43,89
兰州市,2023-04-15,63,良,-0.4925830525589813,-0.8568991415003903,0,31,75.0,47.0,15,0.71,51
兰州市,2023-04-16,78,良,0.4083191174405308,-0.33774023564001737,0,36,105.0,55.0,20,1.0,64
兰州市,2023-04-17,96,良,-0.07332510199178856,1.1061932474255247,3,44,142.0,41.0,10,0.59,66
兰州市,2023-04-18,93,良,0.34744505992607777,1.0161292879194719,3,45,136.0,51.0,15,0.61,68
兰州市,2023-04-19,141,轻度污染,1.5575168898810945,2.3927382205075696,3,91,214.5,41.0,10,0.55,58
兰州市,2023-04-20,141,轻度污染,1.1806180639266721,4.505865918810611,3,91,214.5,11.0,6,0.31,73
兰州市,2023-04-21,132,轻度污染,0.8309468640395038,4.266210471113446,3,70,202.0,11.0,4,0.4,72
兰州市,2023-04-22,73,良,-0.3444935020273402,2.806024544998064,3,46,93.0,13.0,6,0.44,74
兰州市,2023-04-23,41,优,-1.494014342103582,0.5053586053229399,1,28,31.0,18.0,5,0.53,57
兰州市,2023-04-24,51,良,-1.5014554528792339,-0.018306494710736126,1,36,45.0,23.0,6,0.61,62
兰州市,2023-04-25,52,良,-1.524546358862628,0.2300214781907103,1,31,54.0,32.0,6,0.49,73
兰州市,2023-04-26,75,良,-0.6395005273840314,0.1746968292175057,0,39,101.0,43.0,12,0.64,72
兰州市,2023-04-27,75,良,-1.5457901166101062,1.5449899672083998,1,39,102.0,17.0,8,0.39,87
兰州市,2023-04-28,64,良,-2.0674824839269528,1.2454585904408086,1,31,79.0,17.0,7,0.38,89
兰州市,2023-04-29,63,良,-1.139684940762704,-0.11899345770091162,1,31,77.0,40.0,13,0.67,69
兰州市,2023-04-30,68,良,-0.8247530908548069,-0.1464791207891188,1,34,86.0,43.0,16,0.74,72
兰州市,2023-05-01,61,良,-2.1018902917263227,0.9704801531499206,1,33,73.0,22.0,7,0.43,92
兰州市,2023-05-02,69,良,-1.307201800929133,0.3170575434666347,1,35,88.0,35.0,12,0.63,81
兰州市,2023-05-03,62,良,-2.169230007570028,1.1284965936572358,1,33,76.0,18.0,7,0.46,95
兰州市,2023-05-04,98,良,-1.7951316691016832,2.081226026987722,1,45,146.0,11.0,7,0.36,103
兰州市,2023-05-05,59,良,-1.6730808909217574,1.5169837261374928,1,35,69.0,20.0,8,0.47,90
兰州市,2023-05-06,56,良,-1.826165472517431,0.3636053242129879,1,34,63.0,23.0,9,0.64,80
兰州市,2023-05-07,39,优,-2.439606944541335,0.1941958193393687,1,26,37.0,20.0,8,0.6,87
兰州市,2023-05-08,33,优,-1.996787027535428,-1.261867305592974,1,21,31.0,30.0,6,0.7,37
兰州市,2023-05-09,35,优,-2.943736381733571,-0.4112175218526596,1,24,28.0,17.0,5,0.53,75
兰州市,2023-05-10,58,良,-2.6376470257169373,0.16606407424484224,1,30,65.0,23.0,7,0.48,94
兰州市,2023-05-11,60,良,-2.4280552423485418,0.6597344830093184,1,30,69.0,24.0,7,0.49,98
兰州市,2023-05-12,61,良,-1.6672749683966117,-0.06055462551102823,1,29,72.0,38.0,11,0.65,80
兰州市,2023-05-13,58,良,-1.7050907267489,-0.31640394714317793,1,25,67.0,43.0,9,0.58,70
兰州市,2023-05-14,67,良,-0.9369795386517883,-0.5212300785486926,1,33,83.0,47.0,17,0.75,70
兰州市,2023-05-15,71,良,-1.040453871875814,0.005667871165242207,1,31,89.0,43.0,18,0.71,84
兰州市,2023-05-16,72,良,-1.902788108299009,1.3874435698104057,1,39,95.0,20.0,9,0.6,107
兰州市,2023-05-17,50,优,-2.559253200265588,1.0234666042272953,1,28,54.0,15.0,7,0.49,100
兰州市,2023-05-18,62,良,-1.6810471736057304,-0.35044588595265075,1,26,75.0,39.0,9,0.71,72
兰州市,2023-05-19,77,良,-1.2899471229499777,0.23338549298705435,1,30,101.0,40.0,12,0.68,82
兰州市,2023-05-20,141,轻度污染,0.3238273047729242,3.129928809305137,3,91,214.5,11.0,12,0.47,90
兰州市,2023-05-21,97,良,-0.3930873557772822,3.344667581122032,3,48,139.0,10.0,8,0.55,88
兰州市,2023-05-22,48,优,-1.61529364102828,1.1031956001030856,1,26,50.0,19.0,8,0.77,85
兰州市,2023-05-23,52,良,-2.3875776664966644,0.3492629459633944,1,24,57.0,23.0,9,0.53,96
兰州市,2023-05-24,102,轻度污染,-1.3859389185414657,1.944095973147614,3,50,153.0,11.0,9,0.5,101
兰州市,2023-05-25,61,良,-1.7751572797577297,2.0784164189735463,1,31,75.0,13.0,9,0.48,106
兰州市,2023-05-26,49,优,-2.5279293211450202,1.0928414159194937,1,29,52.0,13.0,6,0.49,104
兰州市,2023-05-27,51,良,-2.453003110932658,0.2492488930502368,1,26,55.0,20.0,8,0.58,89
兰州市,2023-05-28,58,良,-2.5162049531844253,0.7123468087880983,1,30,65.0,18.0,14,0.51,115
兰州市,2023-05-29,77,良,-1.6510850000676938,0.8199743574051266,1,38,98.0,28.0,12,0.62,101
兰州市,2023-05-30,114,轻度污染,-0.5004513408516154,2.4512622032980427,3,64,178.0,20.0,8,0.52,93
兰州市,2023-05-31,63,良,-1.7291403451677947,2.3465460447559474,3,38,76.0,12.0,6,0.48,102
兰州市,2023-06-01,77,良,-1.2460553762397222,0.8562639663865127,1,41,104.0,24.0,10,0.57,77
兰州市,2023-06-02,42,优,-1.9742539384735016,0.43925263729298375,1,25,42.0,25.0,5,0.59,73
兰州市,2023-06-03,32,优,-2.4504463557789693,-0.5146669262302642,1,19,32.0,23.0,7,0.62,68
兰州市,2023-06-04,32,优,-3.233576295222168,-0.1419008096871558,1,18,27.0,16.0,6,0.53,95
兰州市,2023-06-05,45,优,-2.7450073780247233,-0.4215998822162569,1,22,38.0,29.0,7,0.65,93
兰州市,2023-06-06,49,优,-1.6542543201323026,-0.8930623747531219,1,28,50.0,40.0,14,0.83,73
兰州市,2023-06-07,46,优,-2.58333265069623,-0.23161277012377388,1,25,39.0,27.0,8,0.57,84
兰州市,2023-06-08,55,良,-1.992654868023787,-0.7664442302217989,1,25,52.0,45.0,12,0.67,82
兰州市,2023-06-09,50,优,-2.06813298369955,-0.5584785453974827,1,22,50.0,40.0,12,0.61,79
兰州市,2023-06-10,54,良,-1.9651565880818824,-0.6455850137481477,1,24,55.0,43.0,11,0.73,81
兰州市,2023-06-11,56,良,-1.8414362337101615,-0.3720120701873929,1,27,63.0,39.0,12,0.66,80
兰州市,2023-06-12,38,优,-2.961655622501449,0.32727284131453366,1,23,35.0,18.0,10,0.56,106
兰州市,2023-06-13,55,良,-2.6491942934811994,-0.43601929116229016,1,23,45.0,32.0,10,0.71,98
兰州市,2023-06-14,57,良,-2.480449903874389,-0.007765921928444354,1,22,51.0,36.0,11,0.66,107
兰州市,2023-06-15,45,优,-3.320870220704914,0.7435877114622066,1,22,42.0,15.0,7,0.53,119
兰州市,2023-06-16,38,优,-3.5428464007114373,0.3071018147295311,1,19,33.0,13.0,6,0.52,109
兰州市,2023-06-17,42,优,-3.199279257936543,-0.0749758372917383,1,21,45.0,15.0,6,0.54,89
兰州市,2023-06-18,70,良,-2.388371633577122,0.9151218493335977,1,48,88.0,16.0,8,0.51,106
兰州市,2023-06-19,66,良,-1.6840251191688635,0.610733743498079,1,35,77.0,33.0,13,0.69,102
兰州市,2023-06-20,55,良,-1.5894486780018704,-0.1345377012017133,1,28,57.0,42.0,15,0.71,91
兰州市,2023-06-21,53,良,-2.4449802242201484,-0.0337415720619784,1,22,49.0,36.0,7,0.56,93
兰州市,2023-06-22,48,优,-3.2095862824569648,0.47337509757500823,1,19,40.0,22.0,6,0.44,111
兰州市,2023-06-23,50,优,-2.5870755454481094,0.06614919234134232,1,24,52.0,27.0,9,0.55,96
兰州市,2023-06-24,52,良,-2.4923213109125566,0.01818516970306983,1,25,50.0,29.0,7,0.62,92
兰州市,2023-06-25,47,优,-3.1395939896611935,0.3044325919060385,1,20,38.0,23.0,8,0.5,111
兰州市,2023-06-26,120,轻度污染,-1.1729382955139194,2.09443382628831,3,63,191.0,22.0,9,0.49,112
兰州市,2023-06-27,55,良,-2.01788130434239,2.1030588529513166,1,30,63.0,15.0,6,0.54,104
兰州市,2023-06-28,59,良,-1.9438739146924229,0.23654388827661416,1,31,68.0,22.0,14,0.59,86
兰州市,2023-06-29,61,良,-2.1227356088321394,0.4814781280421972,1,30,66.0,28.0,9,0.58,96
兰州市,2023-06-30,55,良,-2.258203370306201,0.4022086284759471,1,24,57.0,28.0,12,0.53,101
兰州市,2023-07-01,60,良,-2.790177845282991,1.2814256479645385,1,31,74.0,13.0,8,0.42,119
兰州市,2023-07-02,77,良,-1.4640440365330147,0.9852261205386351,1,43,103.0,26.0,9,0.61,92
兰州市,2023-07-03,39,优,-2.997493433356381,0.8836097036476822,1,18,30.0,18.0,6,0.45,107
兰州市,2023-07-04,48,优,-2.4612632205373766,-0.6335561113418146,1,20,40.0,36.0,11,0.69,92
兰州市,2023-07-05,50,优,-1.6577565443889624,-1.057806050097797,1,21,53.0,47.0,12,0.74,65
兰州市,2023-07-06,56,良,-2.4195874880280606,-0.29161677620361726,1,18,50.0,34.0,13,0.72,100
兰州市,2023-07-07,59,良,-2.032388539924645,-0.24360079901819656,1,23,63.0,38.0,10,0.68,84
兰州市,2023-07-08,58,良,-2.202945471177845,-0.09102967460636564,1,23,57.0,38.0,10,0.67,94
兰州市,2023-07-09,58,良,-2.633001880810043,0.09304184446035678,1,21,53.0,31.0,10,0.58,101
兰州市,2023-07-10,50,优,-3.210202178282036,0.6262109147218506,1,22,47.0,17.0,7,0.47,110
兰州市,2023-07-11,54,良,-2.895057707079268,0.5453883656656662,1,29,59.0,17.0,9,0.54,108
兰州市,2023-07-12,42,优,-3.049233937450578,0.31521174370613053,1,24,43.0,14.0,6,0.4,87
兰州市,2023-07-13,27,优,-3.3072984105419234,-0.40982420333942327,1,17,22.0,20.0,4,0.43,78
兰州市,2023-07-14,39,优,-2.9731143848194126,-0.8894248816544293,1,20,37.0,32.0,5,0.54,77
兰州市,2023-07-15,53,良,-2.52393659579565,-0.7451245921244478,1,20,48.0,38.0,9,0.6,82
兰州市,2023-07-16,61,良,-2.2532345403896725,-0.41927706027991535,1,22,51.0,43.0,10,0.71,94
兰州市,2023-07-17,56,良,-1.9822815921023729,-0.38004687921712305,1,22,56.0,41.0,12,0.63,82
兰州市,2023-07-18,49,优,-3.045861002486836,0.16206510872939053,1,19,41.0,27.0,7,0.53,104
兰州市,2023-07-19,46,优,-3.4643961341040237,0.28901754624133147,1,19,37.0,23.0,6,0.45,114
兰州市,2023-07-20,46,优,-2.940119383326367,-0.16587086315142868,1,20,45.0,28.0,9,0.51,97
兰州市,2023-07-21,50,优,-2.73328637381097,-0.40133522611585926,1,18,43.0,29.0,15,0.5,96
兰州市,2023-07-22,57,良,-2.5271188218649163,-0.33375365318405786,1,20,54.0,36.0,10,0.58,91
兰州市,2023-07-23,58,良,-2.265253036097065,-0.25147933498162256,1,21,59.0,38.0,13,0.52,90
兰州市,2023-07-24,50,优,-2.8277722259977205,-0.024313919082616937,1,19,40.0,29.0,10,0.56,100
兰州市,2023-07-25,64,良,-2.8676390947012793,0.03554675860431406,1,22,49.0,34.0,9,0.59,112
兰州市,2023-07-26,60,良,-2.727990009487284,0.43270549683913806,1,25,50.0,30.0,7,0.59,108
兰州市,2023-07-27,41,优,-2.4443557952896877,-0.19418361259841946,1,26,40.0,28.0,5,0.63,73
兰州市,2023-07-28,47,优,-2.8683167078855973,-0.32249905820790475,1,24,40.0,29.0,7,0.52,90
兰州市,2023-07-29,51,良,-3.575240858339719,0.2749849432102451,1,17,30.0,21.0,6,0.53,119
兰州市,2023-07-30,35,优,-3.499007179514125,0.039124713647214135,1,13,27.0,16.0,6,0.44,95
兰州市,2023-07-31,36,优,-3.515395108481577,-0.4969963147834047,1,13,27.0,20.0,5,0.53,88
兰州市,2023-08-01,33,优,-3.2741291397987475,-0.6056651712110898,1,16,30.0,20.0,6,0.57,80
兰州市,2023-08-02,47,优,-2.8156065900882834,-0.7527648613177611,1,21,46.0,28.0,8,0.65,79
兰州市,2023-08-03,43,优,-3.110057935884973,-0.13426176157559444,1,20,45.0,19.0,5,0.53,82
兰州市,2023-08-04,50,优,-3.108863605157887,0.233069764098961,1,27,54.0,17.0,9,0.52,104
兰州市,2023-08-05,57,良,-2.2572070535040387,-0.027884201089891692,1,30,65.0,29.0,15,0.58,97
兰州市,2023-08-06,38,优,-3.118635474443734,0.2607751544907155,1,21,35.0,18.0,8,0.48,99
兰州市,2023-08-07,42,优,-3.347526909251159,-0.2239551729546079,1,20,29.0,24.0,5,0.55,100
兰州市,2023-08-08,30,优,-3.405019605275647,-0.3520527407937743,1,14,25.0,16.0,5,0.46,80
兰州市,2023-08-09,29,优,-3.18696341281429,-0.9686479755457548,1,15,27.0,20.0,5,0.49,61
兰州市,2023-08-10,48,优,-2.671878277530547,-0.7123331722181448,1,25,56.0,23.0,5,0.59,62
兰州市,2023-08-11,37,优,-3.3212953697121232,0.012416499396725332,1,20,32.0,17.0,4,0.48,89
兰州市,2023-08-12,52,良,-2.902880768223366,-0.6186022144359674,1,21,41.0,38.0,5,0.63,92
兰州市,2023-08-13,63,良,-2.324021195753408,-0.4827733350298687,1,22,50.0,45.0,9,0.78,97
兰州市,2023-08-14,42,优,-3.291728036540203,0.3560596281435448,1,16,34.0,23.0,6,0.47,106
兰州市,2023-08-15,37,优,-3.7776013154189534,0.18669402172000607,1,17,30.0,14.0,5,0.44,108
兰州市,2023-08-16,141,轻度污染,-0.48328513291417463,2.2541562067300673,3,91,214.5,13.0,6,0.43,83
兰州市,2023-08-17,77,良,-0.7402694752997752,2.463157664597565,3,40,104.0,23.0,6,0.55,79
兰州市,2023-08-18,54,良,-1.5062832090188292,0.13824057856739905,1,27,54.0,38.0,10,0.66,77
兰州市,2023-08-19,52,良,-0.9420776361532065,-1.1256820744553278,1,27,58.0,56.0,11,0.76,51
兰州市,2023-08-20,57,良,-2.0472112019234263,-0.08730817556740209,1,26,51.0,38.0,9,0.63,92
兰州市,2023-08-21,58,良,-1.799262344251677,0.10266466236750797,1,27,60.0,36.0,13,0.57,93
兰州市,2023-08-22,51,良,-2.2709457652543934,0.496744363353625,1,25,54.0,26.0,11,0.48,101
兰州市,2023-08-23,41,优,-3.0386062527810163,0.3127214054464251,1,21,40.0,23.0,8,0.42,106
兰州市,2023-08-24,55,良,-2.0812156114997933,-0.550448599660296,1,26,61.0,36.0,13,0.58,81
兰州市,2023-08-25,37,优,-3.068849180197096,0.28506592591929764,1,22,36.0,16.0,6,0.46,92
兰州市,2023-08-26,36,优,-3.7057498068700903,0.12988482570818927,1,19,27.0,17.0,5,0.43,111
兰州市,2023-08-27,39,优,-3.1272153769688096,-0.3101585146817463,1,21,35.0,23.0,8,0.58,97
兰州市,2023-08-28,46,优,-2.7185503223397127,-0.46796023989097174,1,24,41.0,32.0,8,0.7,94
兰州市,2023-08-29,39,优,-3.3074554392695052,-0.09965564708932817,1,17,31.0,25.0,5,0.56,101
兰州市,2023-08-30,48,优,-2.504968500613856,-0.8417471843799107,1,20,41.0,38.0,11,0.7,87
兰州市,2023-08-31,54,良,-2.5845411371522133,-0.12924643538345823,1,25,50.0,29.0,12,0.65,101
兰州市,2023-09-01,54,良,-2.425048952661547,0.24950526259051165,1,29,61.0,27.0,13,0.59,105
兰州市,2023-09-02,73,良,-1.3348650841030851,-0.0329333998318924,1,37,96.0,41.0,12,0.76,82
兰州市,2023-09-03,65,良,-2.134255104811809,0.6489988196779111,1,26,70.0,31.0,10,0.56,100
兰州市,2023-09-04,56,良,-2.0692150264165443,0.17585018930932597,1,26,63.0,32.0,9,0.58,84
兰州市,2023-09-05,41,优,-3.1072783323108863,0.5541551821333935,1,24,40.0,13.0,5,0.46,97
兰州市,2023-09-06,45,优,-3.108784040708788,0.26785574771530585,1,27,42.0,15.0,5,0.55,99
兰州市,2023-09-07,69,良,-2.3824872717815504,0.7461120404276461,1,41,82.0,13.0,4,0.48,84
兰州市,2023-09-08,43,优,-1.814241294602019,-0.1541809131220398,1,28,42.0,27.0,9,0.55,58
兰州市,2023-09-09,62,良,-1.7976210633854053,-0.571862259453198,1,34,55.0,43.0,7,0.76,77
兰州市,2023-09-10,55,良,-1.321359281837647,-0.4067664834950953,1,32,59.0,45.0,10,0.79,71
兰州市,2023-09-11,35,优,-2.8722517986069507,0.13346788945011046,1,21,33.0,22.0,5,0.43,86
兰州市,2023-09-12,47,优,-2.4617760834213454,-0.6260343090849623,1,23,45.0,32.0,8,0.59,78
兰州市,2023-09-13,49,优,-2.1801340451935842,-0.5365740573827746,1,23,48.0,41.0,7,0.63,79
兰州市,2023-09-14,48,优,-2.190199860442137,-0.6105841330779811,1,23,49.0,37.0,6,0.52,63
兰州市,2023-09-15,56,良,-1.8213666059167026,-0.6625161077033772,1,26,61.0,41.0,10,0.63,68
兰州市,2023-09-16,49,优,-2.2505192355362316,-0.2747539320768262,1,25,50.0,38.0,6,0.54,77
兰州市,2023-09-17,61,良,-2.3033295881610085,0.04874778101915287,1,29,73.0,29.0,6,0.48,77
兰州市,2023-09-18,47,优,-2.183373340664881,-0.18874207269164944,1,25,50.0,29.0,6,0.59,66
兰州市,2023-09-19,42,优,-2.489561096802379,-0.3058322182554172,1,29,40.0,24.0,5,0.62,71
兰州市,2023-09-20,42,优,-1.933651674389193,-1.1332896161046675,1,28,40.0,36.0,5,0.63,41
兰州市,2023-09-21,36,优,-2.0837215865921896,-1.2511429073794378,1,21,35.0,41.0,6,0.65,50
兰州市,2023-09-22,33,优,-2.229833242268391,-1.4540695192032294,1,21,30.0,32.0,5,0.57,32
兰州市,2023-09-23,70,良,-1.7189221274059363,-0.28950939678196885,1,39,98.0,26.0,5,0.56,49
兰州市,2023-09-24,40,优,-2.4388944443435006,0.16365309867096478,1,24,38.0,22.0,4,0.48,67
兰州市,2023-09-25,35,优,-2.6455142584604223,-0.7582385161771126,1,21,31.0,27.0,6,0.54,64
兰州市,2023-09-26,33,优,-2.763671799548996,-0.8488186498751911,1,23,26.0,27.0,5,0.57,66
兰州市,2023-09-27,35,优,-2.7788733542226445,-0.8765229960808821,1,23,29.0,24.0,5,0.58,62
兰州市,2023-09-28,45,优,-2.0361652326207325,-0.953379989954829,1,31,44.0,30.0,10,0.73,61
兰州市,2023-09-29,41,优,-2.608525525178365,-0.37667335807047414,1,23,42.0,24.0,6,0.53,70
兰州市,2023-09-30,39,优,-2.1485683761740293,-1.1264053208166716,1,25,38.0,34.0,6,0.58,45
兰州市,2023-10-01,32,优,-2.9397676101547483,-0.5925930963732043,1,22,29.0,17.0,5,0.44,60
兰州市,2023-10-02,42,优,-2.2163817407341626,-1.1369701799582606,1,28,41.0,28.0,7,0.61,46
兰州市,2023-10-03,47,优,-1.1709361864633385,-1.7313985539952814,1,32,45.0,41.0,7,0.85,15
兰州市,2023-10-04,40,优,-2.2873251554099876,-0.6915392530683223,1,27,32.0,26.0,7,0.54,55
兰州市,2023-10-05,27,优,-2.97136073349984,-0.8039022662845198,1,18,19.0,23.0,4,0.44,59
兰州市,2023-10-06,39,优,-2.0249136417560543,-1.667736770734527,1,27,36.0,40.0,5,0.58,33
兰州市,2023-10-07,47,优,-1.6972754806872226,-1.2745628925667554,1,30,46.0,43.0,7,0.7,46
兰州市,2023-10-08,49,优,-1.2572167937841983,-1.341115078962365,1,30,51.0,49.0,9,0.75,41
兰州市,2023-10-09,47,优,-1.517634576612769,-1.1807230336994101,1,27,49.0,44.0,7,0.66,39
兰州市,2023-10-10,41,优,-1.820049952821292,-1.1450467246283207,1,25,42.0,35.0,6,0.68,37
兰州市,2023-10-11,34,优,-2.6346334383200385,-0.8591798177661117,1,23,25.0,23.0,4,0.5,49
兰州市,2023-10-12,33,优,-2.865056354242668,-0.8603220688889188,1,21,21.0,25.0,6,0.57,69
兰州市,2023-10-13,36,优,-2.5247682604906396,-1.03636451076172,1,24,31.0,33.0,6,0.56,62
兰州市,2023-10-14,48,优,-1.6185262010116555,-1.456606284796308,1,30,48.0,47.0,6,0.76,43
兰州市,2023-10-15,56,良,-0.5716585982525251,-1.6549611862914189,0,34,63.0,56.0,12,1.13,38
兰州市,2023-10-16,54,良,-0.7413977751520123,-1.3391968318237477,0,33,60.0,50.0,10,0.96,33
兰州市,2023-10-17,43,优,-2.0967836006615204,-0.5113197021439269,1,28,39.0,31.0,6,0.56,58
兰州市,2023-10-18,50,优,-1.4120481022165088,-1.2462650548509777,1,34,47.0,43.0,6,0.68,35
兰州市,2023-10-19,39,优,-2.325720081454672,-0.4353819797779234,1,26,35.0,31.0,5,0.54,67
兰州市,2023-10-20,55,良,-0.5815189424949149,-1.8195696811783928,0,34,61.0,58.0,11,1.02,33
兰州市,2023-11-01,71,良,0.8527490412225794,-1.8071415184034492,0,45,92.0,75.0,16,1.29,27
兰州市,2023-11-02,82,良,-0.1042775843880312,-0.18454742509158323,0,39,115.0,47.0,9,0.94,40
兰州市,2023-11-03,63,良,-0.44860499354808586,-0.517230741800643,0,28,77.0,52.0,10,0.69,35
兰州市,2023-11-04,60,良,-0.6433852254022107,-0.8439736202258012,0,30,70.0,46.0,16,0.64,41
兰州市,2023-11-05,55,良,-1.793506560368615,-0.1545204496379886,1,26,62.0,27.0,7,0.45,50
兰州市,2023-11-06,71,良,0.5825286835260147,-1.5173271287077266,0,46,89.0,60.0,13,1.26,19
兰州市,2023-11-07,68,良,0.6856248067817399,-1.0537263492257205,0,47,85.0,58.0,16,1.1,26
兰州市,2023-11-08,68,良,0.01121119496931649,-0.7272252289878847,0,39,87.0,52.0,14,0.86,36
兰州市,2023-11-09,79,良,1.061034038004728,-1.144144482670188,0,45,108.0,59.0,22,1.08,23
兰州市,2023-11-10,78,良,1.2201812418451659,-0.5694163038670732,0,54,106.0,58.0,21,1.08,35
兰州市,2023-11-11,63,良,-0.6760184573941214,0.3206724493840644,0,36,77.0,27.0,17,0.54,55
兰州市,2023-11-12,64,良,0.03960583848421063,-0.8103666616259801,0,38,78.0,45.0,16,0.8,29
兰州市,2023-11-13,95,良,1.8040851085274991,-0.8259553567265517,0,71,116.0,64.0,13,1.46,22
兰州市,2023-11-14,106,轻度污染,2.4324060515174066,0.11286562803037829,2,75,134.0,67.0,16,1.4,34
兰州市,2023-11-15,76,良,-0.4084431443449595,1.5974349879041994,3,38,103.0,26.0,7,0.51,58
兰州市,2023-11-16,65,良,0.5396725322413148,-0.6897637325538184,0,39,79.0,57.0,10,1.1,29
兰州市,2023-11-17,88,良,2.6283860593447788,-1.6016430705979308,2,65,112.0,79.0,21,1.73,16
兰州市,2023-11-18,97,良,3.2457650166096106,-0.9903965096524706,2,72,120.0,84.0,20,1.8,20
兰州市,2023-11-19,99,良,3.6816718915905287,-0.8625746871855907,2,74,123.0,90.0,19,1.93,20
兰州市,2023-11-20,79,良,2.8050291003746746,-0.860406899003939,2,56,103.0,80.0,20,1.65,22
兰州市,2023-11-21,80,良,1.8693809162826265,-0.6952583062676762,0,51,108.0,61.0,23,1.23,27
兰州市,2023-11-22,132,轻度污染,2.071888471264562,1.2303581776673842,3,62,214.0,48.0,17,0.9,39
兰州市,2023-11-23,91,良,1.4941821421824024,1.4944493859397634,3,44,133.0,49.0,11,0.84,38
兰州市,2023-11-24,105,轻度污染,3.0582971380522417,-0.2211323056655273,2,64,159.0,75.0,20,1.43,21
兰州市,2023-11-25,91,良,1.1294152622157534,0.821716058163155,3,42,131.0,46.0,16,0.7,35
兰州市,2023-11-26,92,良,2.6349407053724723,-0.6015503251075145,2,58,135.0,70.0,19,1.56,16
兰州市,2023-11-27,81,良,2.267091101076299,-0.8931022378011709,2,47,111.0,67.0,25,1.39,19
兰州市,2023-11-28,71,良,1.6202563208805518,-1.1322298160042925,0,42,92.0,64.0,22,1.28,20
兰州市,2023-11-29,46,优,-1.4392470236183572,0.0623152238081018,1,23,47.0,26.0,11,0.51,57
兰州市,2023-11-30,65,良,0.06979993019836621,-1.3767403798344304,0,34,80.0,48.0,20,0.84,27
兰州市,2023-12-01,76,良,1.5073126267561505,-1.535522561512884,0,51,96.0,66.0,19,1.43,16
兰州市,2023-12-02,95,良,3.1916020892758135,-1.6187543976139072,2,70,120.0,77.0,27,2.02,15
兰州市,2023-12-03,94,良,3.6323903891662863,-1.4430809683046755,2,70,116.0,80.0,31,1.98,13
兰州市,2023-12-04,98,良,3.951670660681377,-1.4905365495042804,2,73,121.0,85.0,30,2.13,13
兰州市,2023-12-05,141,轻度污染,3.117458191840889,0.9014388279156959,2,70,214.5,57.0,20,1.43,28
兰州市,2023-12-06,141,轻度污染,4.740880002815233,1.5060185541184474,2,90,214.5,71.0,21,1.54,16
兰州市,2023-12-07,84,良,3.774608104638662,-0.18842428011957196,2,48,118.0,75.0,20,2.23,15
兰州市,2023-12-08,74,良,2.976082923802527,-1.5134650729391232,2,47,97.0,74.0,26,1.84,11
兰州市,2023-12-09,80,良,3.0045489742647797,-1.493453153403742,2,55,107.0,72.0,30,1.63,13
兰州市,2023-12-10,74,良,1.8794016045892201,-0.8849942706832427,0,47,98.0,67.0,19,1.14,16
兰州市,2023-12-11,69,良,1.2252477748695318,-0.9152814823397649,0,41,88.0,58.0,17,1.15,20
兰州市,2023-12-12,77,良,2.0687131181692053,-1.4238692812674272,0,51,100.0,69.0,23,1.47,18
兰州市,2023-12-13,85,良,1.9617976419197487,-0.8403700935251105,0,59,111.0,62.0,19,1.49,22
兰州市,2023-12-14,84,良,-0.7661069979845451,1.3135840580057558,3,34,117.0,16.0,9,0.43,51
兰州市,2023-12-15,63,良,-1.6079995917440593,0.9680632458742706,1,22,75.0,15.0,7,0.45,61
兰州市,2023-12-16,70,良,0.5478766974093668,-1.0636401315209163,0,41,88.0,47.0,19,1.07,23
兰州市,2023-12-17,80,良,1.3881164204340488,-0.8353834874677791,0,58,103.0,51.0,20,1.35,24
兰州市,2023-12-18,63,良,0.22485502619377418,-0.519029121636161,0,38,76.0,48.0,15,0.86,32
兰州市,2023-12-19,99,良,0.481480983721186,0.08149072242673173,0,46,148.0,41.0,14,0.85,34
兰州市,2023-12-20,92,良,0.7951977563570176,0.5820996970807033,0,45,134.0,40.0,16,0.89,35
兰州市,2023-12-21,73,良,0.5224251402091882,-0.2626507777741377,0,36,95.0,47.0,15,1.06,31
兰州市,2023-12-22,85,良,2.1968796967851842,-1.304278917503315,2,55,118.0,66.0,24,1.57,16
兰州市,2023-12-23,72,良,1.5805315733134153,-0.8870794555228985,0,48,95.0,58.0,24,1.17,21
兰州市,2023-12-24,89,良,2.3295520563226058,-1.3224362924091024,2,63,113.0,71.0,19,1.65,13
兰州市,2023-12-25,106,轻度污染,3.8679365885549446,-1.1556511166917212,2,79,136.0,79.0,24,2.2,11
兰州市,2023-12-26,113,轻度污染,4.868741350242779,-1.1167671247323026,2,85,137.0,87.0,32,2.37,13
兰州市,2023-12-27,124,轻度污染,5.515587256432665,-0.8976782569453422,2,91,151.0,90.5,30,2.68,12
兰州市,2023-12-28,116,轻度污染,5.437295994640965,-0.48873112067557234,2,88,139.0,85.0,32,2.4,14
兰州市,2023-12-29,111,轻度污染,5.131276067466804,-0.5146049228583806,2,83,139.0,88.0,28,2.24,14
兰州市,2023-12-30,96,良,4.50405509069718,-0.4996946597292491,2,72,126.0,82.0,26,2.01,14
兰州市,2023-12-31,80,良,2.9902270139784695,-0.3176287953665051,2,57,103.0,63.0,24,1.54,24
兰州市,2024-01-01,81,良,2.781446474455817,-0.7970466707930663,2,54,108.0,67.0,22,1.53,17
兰州市,2024-01-02,79,良,3.094716121169835,-1.0762666113516857,2,56,107.0,69.0,29,1.64,19
兰州市,2024-01-03,88,良,3.5771763759521025,-1.4503879735496885,2,64,110.0,77.0,29,1.99,16
兰州市,2024-01-04,91,良,3.719689338122407,-1.252106656453361,2,67,115.0,79.0,28,2.08,19
兰州市,2024-01-05,80,良,3.170371135789054,-1.2788569776228311,2,58,100.0,74.0,28,1.85,17
兰州市,2024-01-06,90,良,3.3535714534122287,-1.4220231210694048,2,66,109.0,76.0,30,1.85,18
兰州市,2024-01-07,106,轻度污染,4.313706651781289,-1.3149189045911582,2,79,124.0,86.0,30,2.16,16
兰州市,2024-01-08,106,轻度污染,4.098641250913436,-0.5350879232259462,2,75,133.0,80.0,26,1.95,19
兰州市,2024-01-09,86,良,3.435996751291692,-0.6744369864569211,2,55,120.0,73.0,28,1.74,18
兰州市,2024-01-10,91,良,3.95486663633061,-1.3645578294435257,2,66,123.0,80.0,31,2.04,14
兰州市,2024-01-11,107,轻度污染,4.545120667322824,-1.1564805834904661,2,80,136.0,90.5,26,2.28,16
兰州市,2024-01-12,100,良,4.745450408105554,-0.9864056814030262,2,75,131.0,90.5,27,2.35,15
兰州市,2024-01-13,91,良,3.4108340294041155,-0.5292495880665405,2,58,126.0,71.0,24,1.93,23
兰州市,2024-01-14,79,良,2.2026896357427868,-0.6011254549212265,2,44,109.0,68.0,20,1.35,23
兰州市,2024-01-15,89,良,3.2141402566571737,-1.1831002956316334,2,61,126.0,81.0,26,1.68,20
兰州市,2024-01-16,102,轻度污染,4.362178614618158,-1.1933547675446623,2,76,134.0,84.0,35,1.94,18
兰州市,2024-01-17,107,轻度污染,5.076437759615972,-1.1942402891824715,2,80,138.0,88.0,37,2.28,15
兰州市,2024-01-18,100,良,4.5996076116067925,-0.9725393250576928,2,75,125.0,83.0,38,1.9,17
兰州市,2024-01-19,100,良,2.1267234759778435,0.8558599683310557,3,63,139.0,49.0,17,1.22,40
兰州市,2024-01-20,109,轻度污染,0.2310143063029746,2.2500673397173068,3,40,160.0,24.0,10,0.53,66
兰州市,2024-01-21,49,优,-1.1077364654030242,1.5565620804907019,3,25,52.0,15.0,8,0.42,66
兰州市,2024-01-22,51,良,-0.8067084369342923,-0.5618352798429089,0,31,54.0,32.0,10,0.78,42
兰州市,2024-01-23,53,良,-0.8570667993169662,-0.4785781178235034,1,35,55.0,28.0,14,0.65,44
兰州市,2024-01-24,63,良,0.02193393374518232,-1.0018068939421234,0,45,68.0,45.0,13,1.04,32
兰州市,2024-01-25,69,良,0.25429142379180864,-0.6416346589500427,0,47,79.0,38.0,25,0.9,45
兰州市,2024-01-26,71,良,0.07791115523932717,-0.2969898775344841,0,47,91.0,41.0,16,0.93,44
兰州市,2024-01-27,74,良,1.238088884601307,-1.1830020626352045,0,51,93.0,63.0,19,1.35,28
兰州市,2024-01-28,90,良,2.596441615483885,-1.3489385765181099,2,66,111.0,69.0,27,1.8,25
兰州市,2024-01-29,100,良,3.571874799669705,-1.1409110938511815,2,75,122.0,78.0,28,2.03,22
兰州市,2024-01-30,95,良,3.0800508893172545,-0.6327507548784856,2,71,106.0,74.0,22,1.76,25
兰州市,2024-01-31,85,良,2.524490293004829,-0.6475990034903726,2,62,92.0,67.0,22,1.55,26
兰州市,2024-02-01,84,良,1.0898970301086266,0.33369955262352563,0,62,83.0,45.0,13,1.1,45
兰州市,2024-02-02,93,良,0.4295699458438134,1.1843861604428034,3,69,76.0,26.0,9,0.94,60
兰州市,2024-02-03,83,良,0.6204677780596144,0.8643638990530208,3,61,62.0,32.0,10,1.09,55
兰州市,2024-02-04,97,良,1.4589208473645026,0.4328248820932147,0,72,80.0,49.0,13,1.42,60
兰州市,2024-02-05,93,良,1.0553966921631759,1.2292218536644521,3,69,79.0,36.0,17,1.17,78
兰州市,2024-02-06,58,良,-0.22132907119784348,0.8832738803403908,3,41,54.0,31.0,14,0.76,72
兰州市,2024-02-07,65,良,-0.40637697983480664,0.22729446480816937,0,47,61.0,28.0,15,0.84,68
兰州市,2024-02-08,91,良,0.8892130420173181,0.21882354698301903,0,68,86.0,39.0,15,1.28,59
兰州市,2024-02-09,79,良,0.9601675941810021,0.5168353060667085,0,56,86.0,41.0,18,1.07,56
兰州市,2024-02-10,130,轻度污染,2.4234207215708397,1.3332975768618849,3,86,187.0,41.0,21,0.99,45
兰州市,2024-02-11,77,良,1.9032457057294545,0.7791169162832733,3,51,96.0,47.0,20,1.2,37
兰州市,2024-02-12,72,良,1.468054845021464,-0.7090812884571792,0,52,79.0,53.0,21,1.45,37
兰州市,2024-02-13,70,良,0.9712274418750609,-0.43804916012698586,0,47,79.0,41.0,23,1.25,44
兰州市,2024-02-14,54,良,-1.8541118635924467,1.1207118892888606,1,26,58.0,11.0,9,0.39,82
兰州市,2024-02-15,53,良,-0.8400012678582436,-0.5333763178933011,1,29,56.0,32.0,14,0.85,52
兰州市,2024-02-16,58,良,0.11269709362205801,-1.2937779602045478,0,36,65.0,50.0,16,1.13,34
兰州市,2024-02-17,98,良,1.1831250237809237,-0.26844696969663456,0,56,157.0,52.0,16,1.24,37
兰州市,2024-02-18,141,轻度污染,0.6748499238005649,3.665361760996026,3,91,214.5,8.0,10,0.36,80
兰州市,2024-02-19,114,轻度污染,0.8692779140398672,2.7043349715156118,3,45,178.0,27.0,10,0.63,51
兰州市,2024-02-20,141,轻度污染,1.9359202816434475,2.9955412383122,3,91,214.5,21.0,11,0.63,41
兰州市,2024-02-21,141,轻度污染,1.466729409436979,3.7616035940216217,3,65,214.5,13.0,11,0.52,54
兰州市,2024-02-22,110,轻度污染,1.4302994689335604,2.932613412339437,3,56,169.0,19.0,13,0.6,44
兰州市,2024-02-23,104,轻度污染,1.4448421429172493,2.279786207698656,3,73,145.0,22.0,11,0.79,46
兰州市,2024-02-24,141,轻度污染,2.5582950615505813,2.862402736636917,3,91,214.5,28.0,14,0.83,49
兰州市,2024-02-25,141,轻度污染,3.549314789867417,2.8924346687204996,3,91,214.5,43.0,11,1.02,26
兰州市,2024-02-26,93,良,1.6492556433050265,2.7458816139707523,3,68,121.0,26.0,8,0.78,47
兰州市,2024-02-27,98,良,1.590167596039788,1.3719351435051712,3,73,122.0,35.0,8,0.95,35
兰州市,2024-02-28,89,良,0.7225702535239761,2.0495207467611753,3,64,114.0,21.0,8,0.71,56
兰州市,2024-02-29,61,良,-0.6579789299223945,1.6405703391182351,3,39,68.0,15.0,10,0.49,74
兰州市,2024-03-01,78,良,0.12957854917678974,0.6078331296382787,0,57,80.0,35.0,10,0.8,63
兰州市,2024-03-02,76,良,1.3187776904281798,-0.18331788454785194,0,55,90.0,61.0,12,1.19,42
兰州市,2024-03-03,72,良,0.5156706664830267,0.08160682959221333,0,52,79.0,48.0,11,0.93,47
兰州市,2024-03-04,64,良,-0.7483506720940281,0.7051033366689551,1,39,76.0,24.0,11,0.67,65
兰州市,2024-03-05,72,良,-1.6124210578718996,1.1782065383031703,1,31,94.0,18.0,10,0.39,86
兰州市,2024-03-06,68,良,-1.1256766000647926,0.7449856699572462,1,36,86.0,28.0,8,0.6,70
兰州市,2024-03-07,141,轻度污染,0.15713520382267068,2.5428457147056998,3,68,214.5,23.0,8,0.49,81
兰州市,2024-03-08,105,轻度污染,1.5177208293104913,2.082532981886296,3,53,161.0,47.0,14,0.79,54
兰州市,2024-03-09,88,良,0.8882564567755495,0.9845024031232571,3,51,125.0,48.0,16,0.82,57
兰州市,2024-03-10,74,良,-1.3570742746138371,1.758425839064714,1,37,98.0,24.0,7,0.41,93
兰州市,2024-03-11,71,良,0.14451177490495062,-0.047756722521820665,0,44,92.0,51.0,14,0.85,56
兰州市,2024-03-12,75,良,0.1829816483813368,-0.08849533511149855,0,41,99.0,50.0,16,0.79,54
兰州市,2024-03-13,65,良,-0.5245701095521904,0.31128001971019426,0,36,81.0,41.0,13,0.7,68
兰州市,2024-03-14,74,良,0.001440883630212119,-0.20454715159911505,0,41,97.0,46.0,19,0.78,58
兰州市,2024-03-15,141,轻度污染,1.1347780072275238,2.2778810157913143,3,87,214.5,31.0,10,0.59,62
兰州市,2024-03-16,141,轻度污染,0.636091693164219,4.330044291279406,3,65,214.5,16.0,9,0.37,93
兰州市,2024-03-17,89,良,0.04726877425533781,2.9245654892340505,3,46,127.0,23.0,8,0.47,76
兰州市,2024-03-18,91,良,-0.966345350475042,2.3490037040438234,3,42,133.0,16.0,8,0.35,90
兰州市,2024-03-19,87,良,0.4117661732110847,0.9369236069258969,3,43,125.0,41.0,15,0.7,58
兰州市,2024-03-20,72,良,0.779158999837693,-0.19040290256348302,0,38,94.0,57.0,19,0.85,45
兰州市,2024-03-21,77,良,0.5359636329183837,-0.06988136345590802,0,41,105.0,51.0,20,0.89,58
兰州市,2024-03-22,75,良,-0.4388605422825817,0.4132029558467802,0,35,99.0,43.0,12,0.68,65
兰州市,2024-03-23,88,良,-0.7421019297261257,1.1975388500911237,3,43,125.0,30.0,9,0.57,74
兰州市,2024-03-24,37,优,-1.9390770592531987,0.574252107108398,1,24,32.0,24.0,6,0.52,72
兰州市,2024-03-25,53,良,-1.2891641281424369,-0.9687548426599053,1,35,55.0,40.0,9,0.89,56
兰州市,2024-03-26,46,优,-1.4588141382535955,-0.6867637616817717,1,29,49.0,38.0,9,0.69,54
兰州市,2024-03-27,42,优,-2.3310148994001647,-0.2880186521754314,1,26,40.0,25.0,7,0.57,72
兰州市,2024-03-28,55,良,-1.056665930607323,-1.146929627844558,1,34,63.0,46.0,11,0.8,47
兰州市,2024-03-29,100,良,-0.17935015561118706,-0.11697804991627904,0,47,123.0,41.0,16,0.77,53
兰州市,2024-03-30,141,轻度污染,1.834840358434046,2.234670428874475,3,91,214.5,44.0,14,0.6,55
兰州市,2024-03-31,94,良,1.2332247247506514,2.028325448953871,3,55,139.0,45.0,15,0.79,63
兰州市,2024-04-01,76,良,-0.9251266891999824,1.5019822542361787,3,35,103.0,26.0,9,0.39,73
兰州市,2024-04-02,89,良,-1.0003821167002644,1.9799449853071986,3,49,128.0,15.0,8,0.34,82
兰州市,2024-04-03,69,良,-1.1897016683819766,1.5482348390341305,1,35,87.0,18.0,10,0.36,78
兰州市,2024-04-04,59,良,-1.3403636230502514,0.7927794237637219,1,34,68.0,23.0,13,0.42,80
兰州市,2024-04-05,58,良,-1.201220853700343,0.14059668773888115,1,36,63.0,31.0,9,0.46,59
兰州市,2024-04-06,58,良,-1.2147247193883672,-0.07716219973531055,1,41,57.0,28.0,9,0.59,53
兰州市,2024-04-07,56,良,-1.1822669249032776,-0.22687393140416137,1,40,57.0,36.0,8,0.66,57
兰州市,2024-04-08,58,良,-1.1597181817587046,-0.35352820943031094,1,34,65.0,40.0,11,0.53,57
兰州市,2024-04-09,48,优,-1.7608507485492289,-0.1675183367930977,1,31,49.0,30.0,7,0.48,58
兰州市,2024-04-10,49,优,-2.206136103268693,0.004144582521259263,1,29,51.0,30.0,8,0.49,84
兰州市,2024-04-11,57,良,-1.1414075785282676,-0.7213306463487084,1,34,64.0,47.0,12,0.57,58
兰州市,2024-04-12,58,良,-0.8122299574777643,-0.709412221412774,0,33,67.0,48.0,18,0.61,61
兰州市,2024-04-13,60,良,-0.9140134119483894,-0.5861076874973303,1,34,69.0,45.0,16,0.57,58
兰州市,2024-04-14,141,轻度污染,1.0054778699984008,1.8851779808468994,3,91,214.5,31.0,15,0.48,63
兰州市,2024-04-15,141,轻度污染,1.360972714477559,3.58945242702477,3,71,214.5,28.0,13,0.36,68
兰州市,2024-04-16,95,良,0.6525086812132483,2.4023465972286075,3,46,140.0,39.0,12,0.47,66
兰州市,2024-04-17,62,良,-1.0413295798162037,1.2244437107632506,1,32,75.0,34.0,8,0.42,79
兰州市,2024-04-18,43,优,-1.9347642109789822,0.39180962344266745,1,26,43.0,25.0,8,0.44,79
兰州市,2024-04-19,51,良,-1.9446985858019468,0.12594758079498738,1,31,53.0,25.0,9,0.42,78
兰州市,2024-04-20,43,优,-2.3995342729066294,0.5050154395610758,1,26,44.0,16.0,8,0.33,85
兰州市,2024-04-21,43,优,-2.131449257933134,-0.3475652487759915,1,28,41.0,29.0,10,0.44,73
兰州市,2024-04-22,59,良,-1.8880871414998326,-0.24280738783289404,1,32,68.0,31.0,11,0.42,70
兰州市,2024-04-23,141,轻度污染,0.1970423879032709,2.0812890964565036,3,79,214.5,30.0,9,0.4,74
兰州市,2024-04-24,61,良,-0.43267803319531756,1.467167286154544,3,30,71.0,39.0,13,0.45,68
兰州市,2024-04-25,52,良,-1.8022343414448865,0.09655388310653634,1,27,55.0,34.0,13,0.44,84
兰州市,2024-04-26,74,良,-1.1338910892095988,0.1556827493869248,1,38,99.0,40.0,12,0.41,71
兰州市,2024-04-27,64,良,-1.7964680628392622,1.2830599793097526,1,38,79.0,26.0,8,0.35,98
兰州市,2024-04-28,141,轻度污染,0.30955324441278564,2.962195348183843,3,91,214.5,12.0,10,0.3,81
兰州市,2024-04-29,45,优,-1.3967234954100058,2.3870134109858845,3,28,46.0,15.0,7,0.31,86
兰州市,2024-04-30,46,优,-2.212324269640537,0.030126505247781606,1,31,44.0,25.0,7,0.42,77
兰州市,2024-05-01,47,优,-1.9112010721322312,-0.3090755538247265,1,28,48.0,36.0,8,0.41,70
兰州市,2024-05-02,31,优,-2.3024988367288963,-0.46580710537360764,1,20,30.0,24.0,7,0.45,59
兰州市,2024-05-03,32,优,-2.4795848776847826,-0.8761272136126282,1,21,28.0,23.0,7,0.48,55
兰州市,2024-05-04,51,良,-2.158555870109881,-0.574113751596602,1,28,53.0,37.0,8,0.44,74
兰州市,2024-05-05,61,良,-1.4929442222276894,-0.41087164168242224,1,34,72.0,45.0,13,0.5,74
兰州市,2024-05-06,68,良,-1.356534946086499,0.09501446041692888,1,37,86.0,43.0,11,0.45,75
兰州市,2024-05-07,61,良,-1.5287907843888016,0.1944384271840999,1,34,73.0,41.0,10,0.44,77
兰州市,2024-05-08,51,良,-2.269632184074233,0.18733621122296665,1,28,50.0,31.0,8,0.42,85
兰州市,2024-05-09,45,优,-2.9082994259345565,0.41280498540442145,1,25,44.0,19.0,8,0.34,98
兰州市,2024-05-10,67,良,-2.280004581203798,0.861448465629774,1,40,90.0,19.0,8,0.26,93
兰州市,2024-05-11,50,优,-2.087068479742247,0.30966681465915863,1,26,56.0,29.0,8,0.36,76
兰州市,2024-05-12,55,良,-2.006184709671623,-0.26658603584492846,1,28,55.0,40.0,10,0.38,79
兰州市,2024-05-13,53,良,-2.1118784538311695,-0.09585330382393065,1,25,53.0,37.0,14,0.38,91
兰州市,2024-05-14,54,良,-2.899161722549013,0.807380542962089,1,28,58.0,21.0,9,0.35,116
兰州市,2024-05-15,111,轻度污染,-1.4788201063088913,2.0447427179118125,3,52,171.0,25.0,8,0.33,113
兰州市,2024-05-16,75,良,-1.0424372131575599,1.9835946029365668,3,42,100.0,35.0,10,0.38,102
兰州市,2024-05-17,75,良,-0.9402208979039597,0.7839904282584624,1,41,101.0,45.0,14,0.46,93
兰州市,2024-05-18,60,良,-1.8870552532338378,0.9192139730494163,1,32,69.0,35.0,8,0.35,98
兰州市,2024-05-19,78,良,-1.6400589874794604,1.4058500748241103,1,46,107.0,26.0,10,0.35,106
兰州市,2024-05-20,78,良,-1.2532680323712482,1.605372485399393,1,47,104.0,32.0,8,0.34,99
兰州市,2024-05-21,55,良,-2.255162725237687,1.3658813349476564,1,29,58.0,26.0,7,0.31,111
兰州市,2024-05-22,55,良,-2.7543855073022194,0.8675848344615614,1,27,50.0,25.0,7,0.36,117
兰州市,2024-05-23,60,良,-2.1243218458906163,0.7162140646894442,1,34,70.0,33.0,9,0.41,108
兰州市,2024-05-24,141,轻度污染,0.35329223191830544,2.60494619008745,3,91,214.5,27.0,8,0.36,85
兰州市,2024-05-25,67,良,-0.7379085007342996,2.8331373161376945,3,48,78.0,21.0,8,0.38,96
兰州市,2024-05-26,56,良,-1.4379913447136043,0.5029493294249974,1,36,62.0,34.0,8,0.38,75
兰州市,2024-05-27,52,良,-2.0190086963974605,0.3792501707355754,1,31,49.0,31.0,9,0.41,92
兰州市,2024-05-28,36,优,-2.770535658765879,0.3691771234110794,1,21,31.0,13.0,7,0.38,86
兰州市,2024-05-29,33,优,-3.1714798477780146,0.1320113575939121,1,20,25.0,14.0,7,0.32,95
兰州市,2024-05-30,38,优,-2.9388118773991043,-0.16663926389768138,1,20,33.0,24.0,7,0.35,91
兰州市,2024-05-31,58,良,-2.1565545183533112,-0.4417453777028276,1,27,67.0,35.0,8,0.4,69
兰州市,2024-06-01,49,优,-2.4028936192069255,0.1487683894473698,1,27,55.0,27.0,8,0.32,78
兰州市,2024-06-02,41,优,-3.097103515194784,0.20404109282272828,1,24,37.0,20.0,8,0.35,98
兰州市,2024-06-03,43,优,-2.931295393393887,-0.20026560117378747,1,25,38.0,26.0,9,0.4,93
兰州市,2024-06-04,48,优,-3.275807106328856,0.3183529372857123,1,27,33.0,18.0,10,0.42,116
兰州市,2024-06-05,49,优,-2.6033254587418813,-0.10103833817454251,1,25,45.0,29.0,12,0.42,95
兰州市,2024-06-06,31,优,-3.409597975125154,0.12083565976183519,1,18,23.0,13.0,7,0.37,94
兰州市,2024-06-07,37,优,-3.2122074172048207,-0.4696575582288221,1,20,33.0,21.0,9,0.32,85
兰州市,2024-06-08,36,优,-3.01135705129945,-0.42996943689240036,1,23,34.0,23.0,8,0.35,80
兰州市,2024-06-09,46,优,-2.798156409732518,-0.6304654730941943,1,22,38.0,31.0,10,0.38,82
兰州市,2024-06-10,46,优,-2.6578737460899484,-0.3560984756567528,1,23,42.0,33.0,11,0.36,88
兰州市,2024-06-11,49,优,-2.9028064076096634,-0.20647683018543794,1,21,42.0,35.0,9,0.34,98
兰州市,2024-06-12,55,良,-2.6610895375820114,-0.07939323415387095,1,24,50.0,35.0,12,0.4,103
兰州市,2024-06-13,44,优,-2.5987673999495815,-0.11492414327343832,1,23,44.0,30.0,11,0.35,87
兰州市,2024-06-14,51,良,-2.8886146372565196,-0.11265423641256911,1,24,42.0,27.0,10,0.41,97
兰州市,2024-06-15,51,良,-2.37136952071201,-0.23979246651473574,1,24,49.0,32.0,16,0.41,93
兰州市,2024-06-16,40,优,-3.487951371879249,0.3352158639670018,1,19,26.0,18.0,8,0.44,115
兰州市,2024-06-17,46,优,-3.3313252601209427,-0.09812567799998109,1,20,31.0,24.0,9,0.39,106
兰州市,2024-06-18,50,优,-3.1029518064689143,0.4897629363094184,1,25,56.0,18.0,11,0.38,113
兰州市,2024-06-19,62,良,-1.9961005250648234,0.08220053998225808,1,32,75.0,29.0,18,0.43,94
兰州市,2024-06-20,37,优,-2.9525601317371786,0.2646633713937921,1,20,35.0,19.0,9,0.33,90
兰州市,2024-06-21,37,优,-3.232748199791127,-0.32477766227691357,1,18,35.0,24.0,8,0.38,92
兰州市,2024-06-22,54,良,-2.7022114569735827,-0.42087227900475127,1,23,51.0,32.0,12,0.38,91
兰州市,2024-06-23,44,优,-2.4882895671334873,-0.23448728877469663,1,22,44.0,29.0,14,0.33,84
兰州市,2024-06-24,57,良,-2.566531088816714,-0.24699803805593684,1,21,59.0,32.0,13,0.34,90
兰州市,2024-06-25,56,良,-2.4421394673959362,-0.021839617191857078,1,22,54.0,35.0,13,0.38,96
兰州市,2024-06-26,47,优,-3.3735537095838857,0.5603532186179254,1,20,40.0,20.0,9,0.31,116
兰州市,2024-06-27,40,优,-3.4145460561516123,0.1260571105036765,1,18,35.0,19.0,8,0.34,102
兰州市,2024-06-28,38,优,-3.6263107320410817,-0.0194212669886071,1,17,27.0,22.0,8,0.35,111
兰州市,2024-06-29,41,优,-3.1098223082978333,-0.3709563822540588,1,20,38.0,27.0,10,0.4,95
兰州市,2024-06-30,39,优,-3.4325271036834915,-0.08251223500183016,1,19,33.0,18.0,9,0.31,97
兰州市,2024-07-01,36,优,-3.4361850912978626,-0.23321373827006936,1,18,28.0,21.0,10,0.39,102
兰州市,2024-07-02,47,优,-2.951051095367456,-0.6015259930872805,1,21,38.0,32.0,11,0.42,92
兰州市,2024-07-03,45,优,-3.10624805519435,-0.08922072284806386,1,21,37.0,27.0,10,0.42,103
兰州市,2024-07-04,53,良,-2.967398476607553,0.10087494981842868,1,25,54.0,26.0,8,0.4,99
兰州市,2024-07-05,53,良,-3.5403919819032286,0.6429648652737668,1,20,38.0,23.0,8,0.45,133
兰州市,2024-07-06,55,良,-2.0325541538003513,-0.4007859210082652,1,27,61.0,39.0,11,0.52,77
兰州市,2024-07-07,49,优,-3.3189182274738234,0.9685152029124975,1,27,50.0,12.0,9,0.41,124
兰州市,2024-07-08,35,优,-3.060043526604268,0.05429182733895458,1,21,33.0,17.0,11,0.54,101
兰州市,2024-07-09,60,良,-2.1454799265056748,-0.16429299380476767,1,37,72.0,30.0,11,0.57,88
兰州市,2024-07-10,67,良,-1.722618686684784,0.4205058967502966,1,37,85.0,35.0,9,0.51,86
兰州市,2024-07-11,66,良,-1.652318242805071,0.5095604105968059,1,35,78.0,32.0,13,0.48,89
兰州市,2024-07-12,67,良,-1.53952081928704,0.5468135014370514,1,36,84.0,27.0,12,0.5,79
兰州市,2024-07-13,46,优,-2.0012005373776227,0.14895658141899346,1,29,46.0,28.0,7,0.55,73
兰州市,2024-07-14,34,优,-3.0183038059109726,-0.10201391461484195,1,17,30.0,19.0,7,0.45,86
兰州市,2024-07-15,29,优,-3.2172062885155635,-0.5229365204870926,1,14,23.0,16.0,7,0.48,78
兰州市,2024-07-16,34,优,-2.949936703494578,-0.898919138997802,1,16,32.0,24.0,7,0.48,67
兰州市,2024-07-17,39,优,-3.444072715071318,-0.10861763597936881,1,19,35.0,19.0,6,0.48,101
兰州市,2024-07-18,51,良,-2.856654659670197,-0.3935746820711105,1,21,45.0,29.0,9,0.55,92
兰州市,2024-07-19,40,优,-3.435279536207704,0.11923187739338739,1,16,32.0,17.0,8,0.45,102
兰州市,2024-07-20,112,轻度污染,-1.7976582826246632,1.6928299145730141,1,58,168.0,13.0,6,0.38,96
兰州市,2024-07-21,141,轻度污染,0.5350240170473665,3.6983605744266277,3,91,214.5,18.0,8,0.46,90
兰州市,2024-07-22,84,良,0.24743681382633567,2.3718891534401596,3,56,119.0,29.0,6,0.54,56
兰州市,2024-07-23,56,良,-1.6989867523513906,1.1985586947064477,1,32,66.0,21.0,7,0.51,86
兰州市,2024-07-24,108,轻度污染,-0.7670652702697647,2.30144785208317,3,67,166.0,16.0,5,0.42,92
兰州市,2024-07-25,72,良,-0.2526996626943135,1.6759820780988928,3,42,94.0,27.0,7,1.17,85
兰州市,2024-07-26,56,良,-1.7454447545047487,1.1085518956595013,1,29,61.0,24.0,6,0.41,89
兰州市,2024-07-27,49,优,-2.36426373921383,0.7005466548386963,1,23,47.0,23.0,7,0.43,100
兰州市,2024-07-28,46,优,-2.1874736233477288,-0.0629703487744298,1,23,47.0,32.0,9,0.53,87
兰州市,2024-07-29,36,优,-2.883782798169251,0.06190204650961153,1,19,33.0,20.0,10,0.45,97
兰州市,2024-07-30,43,优,-2.724399497055738,-0.30303783170174126,1,20,42.0,26.0,10,0.55,93
兰州市,2024-07-31,49,优,-2.6564802407599726,-0.3709308354172885,1,20,43.0,33.0,11,0.58,97
兰州市,2024-08-01,55,良,-2.273539422826867,-0.41504646599450173,1,23,50.0,36.0,16,0.56,95
兰州市,2024-08-02,32,优,-3.219595349048359,0.04481839383883211,1,18,28.0,18.0,7,0.44,91
兰州市,2024-08-03,41,优,-2.988896152267649,-0.6086347947516161,1,23,36.0,24.0,8,0.6,85
兰州市,2024-08-04,49,优,-2.748724456798359,-0.35323057841102584,1,23,39.0,24.0,17,0.58,103
兰州市,2024-08-05,49,优,-2.418500585959121,-0.44719773127398593,1,23,45.0,33.0,13,0.54,87
兰州市,2024-08-06,36,优,-3.079552384888017,-0.15563185244996655,1,18,36.0,17.0,8,0.43,81
兰州市,2024-08-07,43,优,-3.3727430719531966,-0.1938273363625502,1,20,32.0,23.0,8,0.51,106
兰州市,2024-08-08,36,优,-2.813602551535876,-0.4475528362759746,1,22,37.0,17.0,11,0.49,74
兰州市,2024-08-09,73,良,-2.5141923880769586,0.6095624702291005,1,39,97.0,15.0,7,0.42,90
兰州市,2024-08-10,45,优,-2.86331259606594,0.5180381228905604,1,18,37.0,20.0,10,0.37,97
兰州市,2024-08-11,49,优,-2.402470608061804,-0.6186683151957463,1,21,41.0,35.0,15,0.56,90
兰州市,2024-08-12,57,良,-2.3744486097717625,-0.3184201626612302,1,23,46.0,33.0,17,0.57,101
兰州市,2024-08-13,44,优,-3.134738033462998,0.4020680825240295,1,19,40.0,20.0,9,0.45,108
兰州市,2024-08-14,34,优,-3.250084220555422,-0.08193302443319743,1,20,29.0,19.0,7,0.5,96
兰州市,2024-08-15,45,优,-2.7934892774876467,-0.5598313669992412,1,22,44.0,25.0,8,0.66,83
兰州市,2024-08-16,39,优,-3.0584822055872394,-0.23303637581625414,1,20,34.0,23.0,10,0.5,95
兰州市,2024-08-17,37,优,-3.3907147902126935,-0.16655455438316702,1,19,32.0,21.0,8,0.4,99
兰州市,2024-08-18,46,优,-2.8348608195850082,-0.5975550501049454,1,21,38.0,30.0,12,0.52,92
兰州市,2024-08-19,50,优,-2.3592734521230168,-0.6712122657880076,1,21,43.0,35.0,17,0.56,90
兰州市,2024-08-20,45,优,-2.355848812017082,-0.6270162089539499,1,20,41.0,32.0,17,0.51,84
兰州市,2024-08-21,55,良,-2.522590026544357,-0.504398134124206,1,21,46.0,36.0,14,0.56,96
兰州市,2024-08-22,50,优,-2.448622059815824,-0.05856278549919194,1,26,50.0,29.0,12,0.55,93
兰州市,2024-08-23,45,优,-3.1242080539293444,0.24247792486675684,1,23,41.0,18.0,8,0.53,103
兰州市,2024-08-24,42,优,-2.740125888369842,-0.2445570785909835,1,25,41.0,20.0,9,0.6,83
兰州市,2024-08-25,32,优,-3.041894310440817,-0.4494663420120077,1,19,31.0,17.0,7,0.5,73
兰州市,2024-08-26,55,良,-3.1395642097074146,0.2199180079672283,1,29,61.0,11.0,7,0.4,92
兰州市,2024-08-27,39,优,-2.880707138201513,-0.057822962762220646,1,18,36.0,22.0,9,0.54,90
兰州市,2024-08-28,38,优,-2.94404258103951,-0.5685402492014935,1,18,35.0,23.0,8,0.54,78
兰州市,2024-08-29,38,优,-3.2910716617930738,-0.1976284024681847,1,20,35.0,14.0,7,0.49,87
兰州市,2024-08-30,35,优,-3.3165512769575334,-0.3418195273416052,1,18,33.0,12.0,6,0.44,75
兰州市,2024-08-31,57,良,-2.7906809457140374,0.0541353719491909,1,29,73.0,12.0,7,0.47,76
兰州市,2024-09-01,44,优,-2.8130668689426095,0.32882781028648317,1,28,45.0,15.0,6,0.5,85
兰州市,2024-09-02,49,优,-2.417992272095415,-0.32860912513329793,1,30,50.0,22.0,8,0.63,72
兰州市,2024-09-03,39,优,-3.0343389298649828,0.18793964272806096,1,25,36.0,16.0,8,0.57,99
兰州市,2024-09-04,36,优,-3.365230455220608,-0.04655353821142198,1,21,32.0,9.0,6,0.37,82
兰州市,2024-09-05,25,优,-3.4042370224460745,-0.5421292296005532,1,14,20.0,13.0,7,0.42,75
兰州市,2024-09-06,24,优,-3.596949326727351,-0.7815945155948273,1,14,18.0,13.0,5,0.4,71
兰州市,2024-09-07,40,优,-2.8433766294972473,-1.0713056827608538,1,22,35.0,33.0,7,0.57,75
兰州市,2024-09-08,45,优,-2.196020895958696,-0.8546208263143278,1,28,46.0,30.0,10,0.63,62
兰州市,2024-09-09,32,优,-3.516421883291172,0.06590340452507036,1,20,27.0,13.0,6,0.38,94
兰州市,2024-09-10,32,优,-3.0872541674444554,-0.7549304933253258,1,22,30.0,19.0,6,0.46,66
兰州市,2024-09-11,36,优,-2.7074988060740384,-1.0169086018347433,1,23,37.0,26.0,6,0.53,56
兰州市,2024-09-12,40,优,-2.3886973464730215,-1.0107605497894472,1,26,38.0,24.0,9,0.56,51
兰州市,2024-09-13,28,优,-3.2356994250541153,-0.44351736737405417,1,17,24.0,15.0,9,0.39,78
兰州市,2024-09-14,43,优,-2.3120732707580327,-1.3138507935190264,1,25,44.0,33.0,7,0.48,44
兰州市,2024-09-15,46,优,-1.7845131886023002,-1.2342244976713448,1,30,44.0,31.0,7,0.65,30
兰州市,2024-09-16,37,优,-2.6867509764560253,-0.4072459089511366,1,24,36.0,17.0,8,0.47,64
兰州市,2024-09-17,49,优,-1.7995560210203647,-1.0575413493960024,1,34,46.0,27.0,10,0.75,46
兰州市,2024-09-18,52,良,-1.4766207179725481,-0.8634040697370058,1,35,52.0,35.0,8,0.78,46
兰州市,2024-09-19,47,优,-1.7434724802923056,-0.8019505142035043,1,27,50.0,29.0,8,0.61,39
兰州市,2024-09-20,39,优,-2.7591703279605375,-0.12112400659063167,1,24,39.0,17.0,6,0.35,68
兰州市,2024-09-21,38,优,-2.242413029259702,-1.0313217425919243,1,21,38.0,29.0,9,0.5,49
兰州市,2024-09-22,45,优,-2.140977237916882,-0.9741238202805743,1,24,46.0,32.0,9,0.5,52
兰州市,2024-09-23,44,优,-2.1756634515519755,-0.6383744928593992,1,24,44.0,34.0,12,0.58,76
兰州市,2024-09-24,58,良,-1.5991139810403252,-0.7346612016133395,1,30,66.0,34.0,15,0.6,61
兰州市,2024-09-25,47,优,-2.528658575670008,0.19703668742529212,1,28,48.0,19.0,8,0.4,77
兰州市,2024-09-26,41,优,-1.8882026934016705,-1.002005364523344,1,24,43.0,39.0,12,0.63,61
兰州市,2024-09-27,55,良,-1.4773737319388691,-1.023498992247721,1,33,60.0,44.0,12,0.66,58
兰州市,2024-09-28,54,良,-2.0591671719884266,0.05170981051868068,1,38,48.0,22.0,7,0.63,72
兰州市,2024-09-29,34,优,-2.9579716747412457,0.12086730494137135,1,22,30.0,11.0,7,0.29,73
兰州市,2024-09-30,30,优,-2.9545757731875453,-0.5554912298854529,1,20,30.0,14.0,10,0.33,67
兰州市,2024-10-01,39,优,-2.223926337541357,-1.1845750769809045,1,24,40.0,32.0,11,0.55,57
兰州市,2024-10-02,49,优,-1.476701903915623,-1.4468406789885906,1,27,50.0,44.0,11,0.75,44
兰州市,2024-10-03,39,优,-2.2314459463056866,-0.7130470648511882,1,23,39.0,25.0,8,0.47,48
兰州市,2024-10-04,43,优,-2.1738948136175797,-0.9614168046618914,1,25,44.0,29.0,9,0.52,50
兰州市,2024-10-05,46,优,-1.4281134019729473,-1.4384138935762047,1,29,47.0,34.0,14,0.68,32
兰州市,2024-10-06,53,良,-1.739410682373447,-0.8633194487593983,1,29,56.0,34.0,11,0.54,49
兰州市,2024-10-07,58,良,-1.4448662274280648,-0.513655491098612,1,36,65.0,38.0,9,0.61,55
兰州市,2024-10-08,56,良,-0.8450724661870964,-1.0204345463021254,0,38,57.0,42.0,10,0.69,28
兰州市,2024-10-09,55,良,-1.2140474998227233,-0.8102882875589565,1,32,60.0,41.0,9,0.59,39
兰州市,2024-10-10,57,良,-0.9764072093361795,-1.0238650385464043,1,30,64.0,46.0,10,0.71,37
兰州市,2024-10-11,53,良,-0.849523185824507,-1.161637257628558,0,31,57.0,42.0,11,0.68,24
兰州市,2024-10-12,48,优,-1.2883351629170166,-1.0444407680990895,1,29,50.0,38.0,8,0.61,29
兰州市,2024-10-13,55,良,-0.7279552359945136,-1.1788296062663122,0,38,60.0,52.0,12,0.82,46
兰州市,2024-10-14,56,良,-0.5629875964874831,-1.0692486562108285,0,37,62.0,46.0,16,0.8,42
兰州市,2024-10-15,50,优,-1.0937030254802595,-0.9809009980414523,1,29,54.0,40.0,13,0.64,39
兰州市,2024-10-16,39,优,-1.4959952557795662,-1.245317938329851,1,25,39.0,37.0,9,0.58,29
兰州市,2024-10-17,49,优,-1.2445382554276518,-1.351593331203347,1,32,52.0,45.0,10,0.74,41
兰州市,2024-10-18,50,优,-1.1334664681503552,-1.0590394550041067,1,34,53.0,44.0,10,0.72,43
兰州市,2024-10-19,53,良,-0.7203941112601588,-1.379942491084161,0,36,54.0,48.0,10,0.78,26
兰州市,2024-10-20,49,优,-1.5246898053286708,-0.8010103159232597,1,29,49.0,38.0,8,0.57,44
兰州市,2024-10-21,48,优,-2.258619538258129,-0.2508394996176154,1,26,51.0,23.0,8,0.38,60
兰州市,2024-10-22,50,优,-1.2817752624704746,-1.1255380284813241,1,28,57.0,46.0,11,0.64,45
兰州市,2024-10-23,65,良,0.010900339952700101,-1.5271894233153813,0,40,80.0,61.0,15,0.95,31
兰州市,2024-10-24,55,良,-0.8577429321461193,-0.6946372882437971,1,35,61.0,41.0,9,0.72,35
兰州市,2024-10-25,51,良,-1.3654709481586211,-0.7847910044530768,1,29,53.0,34.0,11,0.6,41
兰州市,2024-10-26,51,良,-1.0903112081337034,-1.213079054727776,1,30,54.0,44.0,10,0.7,33
兰州市,2024-10-27,64,良,-0.2025082613515225,-1.3128606688909505,0,46,70.0,54.0,8,0.98,24
兰州市,2024-10-28,70,良,0.6391308943137008,-1.1714891227365667,0,50,83.0,62.0,16,1.1,32
兰州市,2024-10-29,62,良,0.153049786682916,-0.8364384575526591,0,44,71.0,52.0,14,0.85,30
兰州市,2024-10-30,44,优,-1.5175426160597816,-0.3498302844700646,1,28,45.0,30.0,9,0.64,53
兰州市,2024-10-31,49,优,-1.8806477019432004,-0.33392417750064723,1,33,47.0,32.0,8,0.61,72
兰州市,2024-11-01,61,良,-0.42661534833511444,-1.03983549918429,0,43,63.0,47.0,13,0.82,39
兰州市,2024-11-02,59,良,0.13287047160239737,-1.2191678058939492,0,41,64.0,57.0,15,0.92,32
兰州市,2024-11-03,66,良,-1.279936977399482,0.0685134804022,1,32,80.0,33.0,11,0.46,61
兰州市,2024-11-04,69,良,-0.05142717816714987,-0.7258059952903582,0,38,89.0,54.0,14,0.73,36
兰州市,2024-11-05,67,良,0.4906550744777151,-1.0834869609969608,0,42,85.0,62.0,17,0.97,33
兰州市,2024-11-06,71,良,0.6560845560580566,-0.9681304053005425,0,49,89.0,60.0,14,1.04,28
兰州市,2024-11-07,70,良,0.6372888017444763,-0.8249440254761609,0,50,84.0,57.0,12,1.01,24
兰州市,2024-11-08,68,良,0.5827556973076669,-0.9008261341735384,0,47,83.0,59.0,11,1.03,24
兰州市,2024-11-09,66,良,-0.2922163136501734,-0.2963550132492552,0,40,79.0,44.0,13,0.68,44
兰州市,2024-11-10,72,良,0.5927600943200608,-0.8181880316206589,0,46,93.0,62.0,13,0.88,30
兰州市,2024-11-11,61,良,-0.2812756647455563,-0.44711654343980284,0,33,72.0,46.0,15,0.65,42
兰州市,2024-11-12,62,良,-0.14623652065485648,-0.9020123705058768,0,35,74.0,50.0,14,0.75,32
兰州市,2024-11-13,65,良,0.03196528727501592,-0.7761035695169884,0,41,78.0,47.0,17,0.82,37
兰州市,2024-11-14,81,良,1.0069673186922874,-0.8602919039602186,0,59,96.0,60.0,13,1.12,25
兰州市,2024-11-15,81,良,-0.5051827858262922,0.8450413539912307,0,41,107.0,26.0,13,0.58,57
兰州市,2024-11-16,55,良,-1.398432256303919,0.4278515189750001,1,23,61.0,20.0,17,0.38,63
兰州市,2024-11-17,55,良,-1.1742795706304017,-0.6432642947221804,1,30,60.0,34.0,11,0.55,39
兰州市,2024-11-18,43,优,-1.5976501769483742,-0.5296930877347155,1,29,43.0,30.0,9,0.57,49
兰州市,2024-11-19,56,良,-1.030157450578417,-0.8761082100284189,1,38,58.0,32.0,15,0.63,42
兰州市,2024-11-20,74,良,0.6766266464765127,-1.0835734038478355,0,53,86.0,47.0,27,0.88,34
兰州市,2024-11-21,80,良,1.2595482769299302,-1.0009491016901602,0,59,92.0,66.0,17,1.14,26
兰州市,2024-11-22,97,良,2.3721160773701895,-1.0002513628767349,2,72,110.0,73.0,22,1.45,24
兰州市,2024-11-23,78,良,1.2868558405447703,-0.01579493822752463,0,57,90.0,50.0,18,1.07,33
兰州市,2024-11-24,45,优,-1.6149132686395746,0.6681887289833781,1,27,45.0,19.0,11,0.44,72
兰州市,2024-11-25,50,优,-1.8171157833052403,-0.11390429228676624,1,25,54.0,23.0,10,0.49,65
兰州市,2024-11-26,67,良,0.22312390184956823,-1.0279977016499242,0,45,78.0,51.0,13,1.0,32
兰州市,2024-11-27,77,良,1.5742053682478392,-1.239458542814459,0,55,93.0,66.0,19,1.33,23
兰州市,2024-11-28,74,良,1.4927968815152595,-1.0423039801808078,0,48,96.0,62.0,20,1.34,24
兰州市,2024-11-29,82,良,2.3122798730786673,-1.5709358821068142,2,60,98.0,70.0,25,1.59,14
兰州市,2024-11-30,80,良,1.885886630191722,-1.1198053191188782,0,58,92.0,70.0,18,1.55,24
兰州市,2024-12-01,80,良,2.256963671345105,-1.3105193833050108,2,59,95.0,78.0,19,1.6,22
兰州市,2024-12-02,64,良,1.5370857796648032,-1.2484188704545949,0,43,76.0,68.0,23,1.21,26
兰州市,2024-12-03,68,良,1.2791390278348944,-1.1492677415136416,0,48,81.0,55.0,26,1.19,33
兰州市,2024-12-04,58,良,0.07486368864076537,-0.6798532845826916,0,34,66.0,46.0,21,0.71,42
兰州市,2024-12-05,64,良,0.3021795559185889,-0.9504604938042168,0,40,78.0,53.0,17,0.87,35
兰州市,2024-12-06,63,良,0.5000752313789621,-0.9938538459645238,0,43,76.0,54.0,17,0.98,31
兰州市,2024-12-07,48,优,-0.8585414126540812,-0.7028952296723778,1,29,49.0,41.0,13,0.65,44
兰州市,2024-12-08,55,良,-0.3086650300350476,-1.4656946181293133,0,36,60.0,49.0,15,0.83,26
兰州市,2024-12-09,64,良,0.14593437099337728,-1.1577001314938233,0,45,73.0,45.0,19,0.83,25
兰州市,2024-12-10,66,良,-0.9167723854439701,-0.02897435668776732,1,47,58.0,25.0,11,0.65,47
兰州市,2024-12-11,73,良,-0.5043500008291627,-0.022522906025107193,0,53,63.0,34.0,11,0.72,50
兰州市,2024-12-12,57,良,-1.3080349629961694,0.5184942449981956,1,40,51.0,22.0,14,0.5,73
兰州市,2024-12-13,62,良,-0.08778842133736237,-0.9059485546011397,0,42,70.0,46.0,15,0.97,39
兰州市,2024-12-14,85,良,1.7587405158070086,-1.3530789250387079,0,63,94.0,64.0,21,1.43,22
兰州市,2024-12-15,121,轻度污染,3.7222629804833174,-0.9880569742037177,2,91,124.0,85.0,21,1.94,19
兰州市,2024-12-16,132,轻度污染,4.5524251736737025,-0.26333591551264546,2,91,138.0,90.5,18,2.22,18
兰州市,2024-12-17,103,轻度污染,4.002981107659948,-0.0752190669487207,2,77,111.0,81.0,19,1.96,18
兰州市,2024-12-18,74,良,2.437557690278393,-0.5524944028891753,2,54,82.0,66.0,23,1.28,20
兰州市,2024-12-19,76,良,1.9777858224329399,-0.8700585998451723,0,54,89.0,68.0,17,1.3,23
兰州市,2024-12-20,81,良,1.9604123273930087,-0.48960832418375055,0,59,89.0,58.0,19,1.28,29
兰州市,2024-12-21,77,良,2.00595928373111,-0.6092933425383632,0,56,87.0,66.0,17,1.21,24
兰州市,2024-12-22,115,轻度污染,3.505217401729255,-0.6987498976158616,2,87,120.0,77.0,23,1.56,21
兰州市,2024-12-23,108,轻度污染,3.1170411581207027,0.4425733529990459,2,81,110.0,61.0,21,1.29,24
兰州市,2024-12-24,90,良,2.616761730114139,0.05785400193569353,2,67,98.0,63.0,21,1.23,26
兰州市,2024-12-25,116,轻度污染,3.929127243028939,-0.5223846708765875,2,87,122.0,72.0,29,1.65,20
兰州市,2024-12-26,80,良,1.974612853012881,0.8190038340071026,3,56,97.0,48.0,19,1.12,41
兰州市,2024-12-27,56,良,-0.22867422108829127,0.30534764606579556,0,30,62.0,33.0,12,0.61,45
兰州市,2024-12-28,83,良,2.33521642910575,-1.3908255192348165,2,60,101.0,71.0,18,1.62,18
兰州市,2024-12-29,87,良,2.827722560850585,-0.9901081525865568,2,64,101.0,75.0,25,1.42,21
兰州市,2024-12-30,82,良,2.731550518015231,-1.0794310402039633,2,60,97.0,77.0,24,1.46,20
兰州市,2024-12-31,112,轻度污染,4.138070426701595,-1.2403254679107607,2,84,130.0,90.5,24,2.13,19
兰州市,2025-01-01,82,良,2.629401722650055,-0.3839746032822132,2,57,92.0,66.0,27,1.33,26
兰州市,2025-01-02,86,良,2.1892446004073136,-1.2813938638235556,2,49,84.0,69.0,27,1.37,22
兰州市,2025-01-03,92,良,3.2434381634417595,-1.3926344651584215,2,60,100.0,74.0,32,1.67,15
兰州市,2025-01-04,81,良,2.717285481582515,-1.0050713162447678,2,59,85.0,65.0,28,1.52,18
兰州市,2025-01-05,119,轻度污染,3.285123990929939,-0.5544971441625802,2,90,114.0,70.0,15,1.74,12
兰州市,2025-01-06,122,轻度污染,4.1931206625158355,0.17780091389355307,2,91,125.0,75.0,20,1.9,21
兰州市,2025-01-07,66,良,1.561521552088882,0.25661779821631214,0,40,70.0,53.0,23,0.91,36
兰州市,2025-01-08,75,良,1.3339093167732594,-1.140825569039207,0,45,74.0,60.0,19,1.22,25
兰州市,2025-01-09,68,良,1.3810737939751345,-0.6281901751611599,0,49,79.0,52.0,23,1.12,34
兰州市,2025-01-10,68,良,-0.583737135802325,0.4572698818551187,0,32,85.0,31.0,12,0.57,58
兰州市,2025-01-11,63,良,-0.048960129819078047,-0.0447856200966093,0,42,76.0,41.0,12,0.75,46
兰州市,2025-01-12,80,良,1.945853780051769,-1.379894348138279,0,58,96.0,64.0,27,1.38,26
兰州市,2025-01-13,85,良,2.5058723454828207,-1.3154477190599907,2,62,101.0,68.0,30,1.58,24
兰州市,2025-01-14,67,良,-0.6670542334047527,0.5671535737641865,0,31,84.0,29.0,12,0.63,55
兰州市,2025-01-15,66,良,0.4668137841038815,-0.8163259313195955,0,43,81.0,52.0,17,0.98,34
兰州市,2025-01-16,90,良,2.224567546414538,-1.3494220306411147,2,67,104.0,71.0,22,1.56,23
兰州市,2025-01-17,85,良,2.2660708687010023,-0.560911388073255,2,63,102.0,59.0,25,1.51,31
兰州市,2025-01-18,74,良,1.2473564134712645,-0.846459921104064,0,42,77.0,59.0,20,1.19,28
兰州市,2025-01-19,92,良,2.609499323157745,-1.3069842082358336,2,65,103.0,74.0,25,1.68,26
兰州市,2025-01-20,98,良,3.0103921408104726,-1.102798906992895,2,67,101.0,78.0,24,1.85,25
兰州市,2025-01-21,90,良,2.893794291525517,-0.7503962018274147,2,64,98.0,72.0,26,1.63,28
兰州市,2025-01-22,85,良,2.491734267334946,-0.5158638904514632,2,63,97.0,66.0,25,1.54,39
兰州市,2025-01-23,115,轻度污染,3.8004893274526506,-0.7656399612734687,2,87,123.0,79.0,24,1.94,25
兰州市,2025-01-24,90,良,2.3607269350595574,0.8013584815194256,2,67,114.0,49.0,18,1.32,35
兰州市,2025-01-25,75,良,-0.5354707077475359,1.6591242500116,3,34,100.0,16.0,11,0.58,71
兰州市,2025-01-26,89,良,0.07148015951392342,0.9731914229956464,3,37,128.0,30.0,12,0.84,60
兰州市,2025-01-27,82,良,1.2799700510548047,0.48266854168116624,0,55,114.0,44.0,15,1.3,48
兰州市,2025-01-28,121,轻度污染,2.469801529968106,0.7001350626470219,2,91,135.0,53.0,17,1.57,56
兰州市,2025-01-29,141,轻度污染,3.7672383061736165,1.9290847920706138,2,91,204.0,57.0,21,1.7,59
兰州市,2025-01-30,128,轻度污染,3.253615138577897,1.7863124252211953,2,91,121.0,50.0,23,1.62,64
兰州市,2025-01-31,82,良,1.5316050906538117,1.3188362084818512,3,61,78.0,42.0,15,1.19,57
兰州市,2025-02-01,61,良,0.6699503730568307,0.09564949020487452,0,44,64.0,38.0,20,0.9,48
兰州市,2025-02-02,63,良,-1.302525338200527,1.1243075793911819,1,30,76.0,11.0,12,0.38,76
兰州市,2025-02-03,50,优,-0.805673015359078,0.08309050025744129,1,29,50.0,28.0,13,0.71,61
兰州市,2025-02-04,52,良,-0.8468324067667489,-0.3844976095509171,1,32,53.0,29.0,17,0.77,61
兰州市,2025-02-05,43,优,-2.0173269531192566,-0.010239452291778087,1,22,43.0,19.0,13,0.47,73
兰州市,2025-02-06,50,优,-1.8235803997252271,-0.47260502925673764,1,27,51.0,20.0,19,0.49,67
兰州市,2025-02-07,60,良,-1.9361985849174372,-0.19105637415129095,1,26,69.0,22.0,11,0.53,61
兰州市,2025-02-08,62,良,-0.7147149853251448,-0.69403420845537,0,36,75.0,38.0,18,0.78,49
兰州市,2025-02-09,66,良,0.2327106828640041,-0.9556079281449771,0,47,83.0,48.0,23,1.06,47
兰州市,2025-02-10,63,良,-0.02918456758732442,-0.7209177862820253,0,44,76.0,45.0,20,1.03,51
兰州市,2025-02-11,91,良,-0.8867685017783176,0.814610012751248,1,39,132.0,20.0,16,0.55,67
兰州市,2025-02-12,90,良,-0.2870675080200181,1.4575435687946388,3,50,130.0,25.0,13,0.54,65
兰州市,2025-02-13,92,良,1.5043935781432112,0.3586344425091681,0,65,133.0,50.0,19,1.07,41
兰州市,2025-02-14,65,良,0.1758588241967256,0.19136534913149697,0,41,80.0,44.0,14,0.84,48
兰州市,2025-02-15,58,良,-0.42362656439591906,-0.3866592993742362,0,35,67.0,40.0,16,0.8,53
兰州市,2025-02-16,82,良,0.19148183301394664,-0.14387700430733896,0,46,115.0,47.0,15,0.86,52
兰州市,2025-02-17,80,良,0.8277237521334175,0.15185503825616722,0,52,110.0,54.0,18,0.97,57
兰州市,2025-02-18,70,良,0.45044924631213035,-0.028193319750378656,0,45,91.0,45.0,18,0.91,49
兰州市,2025-02-19,73,良,-0.6724062998819269,0.8745186968859894,1,45,96.0,25.0,14,0.66,75
兰州市,2025-02-20,66,良,-0.8381011334070455,0.7554949202728598,1,48,75.0,30.0,11,0.68,78
兰州市,2025-02-21,65,良,-0.6865316336591913,0.22715171522792574,0,47,69.0,33.0,9,0.8,61
兰州市,2025-02-22,70,良,-1.0608257869601743,1.1873184880717664,1,51,89.0,17.0,11,0.57,82
兰州市,2025-02-23,54,良,-1.2610514600126168,0.4232400975666183,1,35,58.0,24.0,10,0.56,64
兰州市,2025-02-24,62,良,-0.32127382891231254,-0.6305354432993378,0,45,65.0,43.0,14,0.83,48
兰州市,2025-02-25,66,良,0.11192497138385656,-0.6952247119129537,0,45,74.0,53.0,12,1.06,46
兰州市,2025-02-26,76,良,0.5883031732010858,-0.9131894757623727,0,45,78.0,61.0,18,1.1,47
兰州市,2025-02-27,78,良,0.7916918669400164,-0.7530576525475209,0,46,81.0,62.0,18,1.1,44
兰州市,2025-02-28,88,良,1.3002604743131883,-0.9011232028995875,0,50,90.0,70.0,21,1.14,41
兰州市,2025-03-01,82,良,0.6239080429416282,0.36085463190532974,0,49,114.0,48.0,13,0.95,47
兰州市,2025-03-02,54,良,-1.511502613245099,0.9215206073558371,1,34,57.0,24.0,7,0.44,74
兰州市,2025-03-03,59,良,-1.235277762470312,-0.03364440946170363,1,42,53.0,31.0,9,0.68,66
兰州市,2025-03-04,76,良,-0.4614377216456868,0.2172471004887951,0,56,76.0,32.0,12,0.72,60
兰州市,2025-03-05,55,良,-1.268666230704797,0.7593100986177144,1,39,59.0,21.0,11,0.55,73
兰州市,2025-03-06,56,良,-1.4048221319678387,0.1665840784369777,1,40,58.0,26.0,7,0.68,66
兰州市,2025-03-07,69,良,-0.6324921792593359,0.1103405173149728,0,50,83.0,37.0,9,0.7,59
兰州市,2025-03-08,75,良,0.565639625161142,-0.2574974256808393,0,52,100.0,55.0,17,0.93,53
兰州市,2025-03-09,82,良,-0.07232492525824205,0.6208732057130452,0,47,114.0,38.0,9,0.78,54
兰州市,2025-03-10,74,良,0.43905577929958045,0.011255715815602396,0,44,99.0,55.0,12,0.92,49
兰州市,2025-03-11,141,轻度污染,0.9918391725790127,2.443267867567825,3,85,214.5,29.0,8,0.55,64
兰州市,2025-03-12,104,轻度污染,1.7239030919923524,1.9565276463984727,3,52,157.0,49.0,15,0.76,48
兰州市,2025-03-13,108,轻度污染,1.083674963490966,1.8006330819844434,3,55,165.0,37.0,14,0.76,58
兰州市,2025-03-14,60,良,-1.1022231884662754,1.8778511473217625,3,36,70.0,16.0,6,0.42,74
兰州市,2025-03-15,52,良,-2.249242203546796,0.967018008134454,1,26,55.0,8.0,9,0.38,87
兰州市,2025-03-16,60,良,-1.3633737363553822,0.14137994139685697,1,31,70.0,27.0,13,0.58,73
兰州市,2025-03-17,53,良,-1.1523966535743626,-0.12652518012199038,1,31,56.0,31.0,14,0.65,65
兰州市,2025-03-18,48,优,-1.7311903641756312,-0.42765844159310445,1,26,45.0,33.0,11,0.66,69
兰州市,2025-03-19,54,良,-1.236721365114136,-0.7487123665789576,1,33,58.0,42.0,13,0.77,64
兰州市,2025-03-20,64,良,-0.8778433568091815,-0.4976263125329101,1,38,78.0,42.0,16,0.77,65
兰州市,2025-03-21,65,良,-0.7414388132422268,-0.2349674485148756,0,40,80.0,44.0,15,0.73,66
兰州市,2025-03-22,66,良,-0.28595879872781893,-0.516774278045571,0,39,83.0,47.0,20,0.83,60
兰州市,2025-03-23,68,良,-1.4745847751488983,0.2984516458359526,1,29,86.0,34.0,8,0.56,69
兰州市,2025-03-24,79,良,0.05199625705487874,-0.4669536722070167,0,37,108.0,50.0,17,0.93,48
兰州市,2025-03-25,120,轻度污染,1.5100390933954284,0.4531837299068077,0,55,189.0,61.0,20,1.03,54
兰州市,2025-03-26,141,轻度污染,0.6008287526039204,4.382295962396898,3,91,214.5,7.0,7,0.4,94
兰州市,2025-03-27,80,良,-0.7653499819398798,2.967780742488124,3,34,109.0,7.0,9,0.45,81
兰州市,2025-03-28,92,良,-0.8937267256225245,1.7677903267359556,3,37,135.0,10.0,14,0.47,77
兰州市,2025-03-29,68,良,-0.5332248717752865,0.7149281718856013,0,33,86.0,30.0,12,0.6,54
兰州市,2025-03-30,94,良,0.17805481209175328,0.5463171598388066,0,45,137.0,38.0,12,0.86,53
兰州市,2025-03-31,80,良,-0.4447330669482891,1.3598486578193671,3,38,110.0,30.0,12,0.56,72
兰州市,2025-04-01,123,轻度污染,0.45311373031892904,2.076846334291316,3,60,196.0,31.0,11,0.55,70
兰州市,2025-04-02,118,轻度污染,1.552191220584751,2.0915904018188756,3,62,186.0,41.0,17,0.76,56
兰州市,2025-04-03,98,良,0.34167434699715366,2.2922199517695896,3,51,146.0,29.0,14,0.61,77
兰州市,2025-04-04,136,轻度污染,0.5438697293310563,3.044974253603427,3,64,214.5,23.0,10,0.43,78
兰州市,2025-04-05,81,良,0.3094267319660689,2.076460382075166,3,38,112.0,34.0,14,0.59,71
兰州市,2025-04-06,70,良,-0.3280559240344415,0.4456853644505574,0,32,89.0,36.0,18,0.63,65
兰州市,2025-04-07,72,良,-0.8896461592485376,0.8210645253884604,1,36,93.0,35.0,11,0.68,86
兰州市,2025-04-08,91,良,-0.9779932369338575,1.6264034785564432,3,40,132.0,23.0,10,0.57,91
兰州市,2025-04-09,141,轻度污染,0.814701500597831,2.592323226843141,3,69,214.5,29.0,11,0.58,72
兰州市,2025-04-10,78,良,-0.255339358288136,2.3321445542808377,3,33,107.0,29.0,12,0.54,81
兰州市,2025-04-11,141,轻度污染,0.07666347882000114,2.6945320341974166,3,65,214.5,21.0,8,0.41,78
兰州市,2025-04-12,141,轻度污染,1.5578618191123528,4.211927540925299,3,91,214.5,19.0,9,0.46,74
兰州市,2025-04-13,110,轻度污染,1.1855486368575674,2.6770402460239415,3,47,170.0,32.0,14,0.73,63
兰州市,2025-04-14,72,良,-0.0917450272534738,1.3235197916655066,3,35,93.0,37.0,10,0.63,64
兰州市,2025-04-15,75,良,-0.35001514335322065,0.5363656566594995,0,34,100.0,36.0,15,0.61,65
兰州市,2025-04-16,141,轻度污染,1.9392335670222351,1.9963405543027608,3,91,214.5,41.0,17,0.61,59
兰州市,2025-04-17,92,良,1.6946576106012305,1.7270218130150337,3,47,133.0,53.0,19,0.74,57
兰州市,2025-04-18,141,轻度污染,1.0805052094622063,3.5850482616150985,3,91,214.5,18.0,9,0.46,85
兰州市,2025-04-19,141,轻度污染,2.3606946776893407,3.4142222977521577,3,80,214.5,39.0,14,0.67,65
兰州市,2025-04-20,141,轻度污染,1.821673532329118,3.7711358618046145,3,68,214.5,30.0,15,0.59,80
兰州市,2025-04-21,94,良,-0.024078813539317945,3.768320635866816,3,47,138.0,10.0,8,0.36,90
兰州市,2025-04-22,82,良,0.21865462883312467,1.4753933166199453,3,39,113.0,28.0,14,0.65,65
兰州市,2025-04-23,62,良,-0.5512929841555155,0.6388371318604695,0,30,73.0,34.0,13,0.68,70
兰州市,2025-04-24,59,良,-1.0755636106055217,0.2220608363518049,1,27,68.0,40.0,10,0.58,75
兰州市,2025-04-25,62,良,-1.0831723038209509,0.009217910553256596,1,28,74.0,37.0,15,0.6,74
兰州市,2025-04-26,53,良,-2.0587796583241778,0.438273027290378,1,27,56.0,21.0,9,0.49,80
兰州市,2025-04-27,68,良,-1.9448818218054074,0.6428559936148709,1,37,87.0,19.0,7,0.44,76
兰州市,2025-04-28,52,良,-1.892855369115799,0.22202036072589124,1,27,55.0,25.0,13,0.53,79
兰州市,2025-04-29,58,良,-1.5857771661857805,-0.47529306711996977,1,28,67.0,40.0,12,0.61,69
兰州市,2025-04-30,101,轻度污染,-0.46146857850493894,0.47798108674869483,0,44,152.0,41.0,12,0.59,62
兰州市,2025-05-01,60,良,-0.7751743466351929,0.2711205917318749,1,26,70.0,44.0,13,0.68,63
兰州市,2025-05-02,128,轻度污染,0.5647141210738439,1.4535202265158806,3,69,207.0,32.0,17,0.6,66
兰州市,2025-05-03,118,轻度污染,0.1595199652084801,3.7000672054634682,3,66,185.0,14.0,10,0.4,92
兰州市,2025-05-04,126,轻度污染,0.25614301235238385,3.080720839168151,3,51,201.0,21.0,8,0.44,71
兰州市,2025-05-05,106,轻度污染,0.0229993910759057,3.130441985534798,3,52,162.0,16.0,8,0.49,78
兰州市,2025-05-06,141,轻度污染,1.4451383356945682,3.1231781347314564,3,82,214.5,29.0,12,0.51,71
兰州市,2025-05-07,114,轻度污染,0.82737777043904,3.7547661734494047,3,63,177.0,18.0,10,0.44,79
兰州市,2025-05-08,55,良,-1.2958314268846824,1.8670842980412516,3,24,53.0,17.0,8,0.43,84
兰州市,2025-05-09,57,良,-1.7202392762064256,0.4130052030923761,1,25,64.0,24.0,8,0.45,73
兰州市,2025-05-10,52,良,-1.7098179829903968,-0.013008904739930926,1,23,51.0,32.0,10,0.5,73
兰州市,2025-05-11,72,良,-1.4470666140604374,-0.4484457636920525,1,24,53.0,47.0,13,0.66,83
兰州市,2025-05-12,60,良,-0.9332979252310021,-0.17262904654421585,1,28,69.0,48.0,12,0.61,65
兰州市,2025-05-13,83,良,-1.0723363025899848,0.5843479282429694,1,40,116.0,31.0,14,0.54,77
兰州市,2025-05-14,70,良,-2.808837217710218,1.0241005473308906,1,21,41.0,20.0,7,0.38,105
兰州市,2025-05-15,65,良,-1.9616249017389604,-0.040011983060606986,1,23,53.0,40.0,10,0.47,80
兰州市,2025-05-16,60,良,-1.4991117781600884,-0.38816250009815545,1,26,64.0,47.0,12,0.55,71
兰州市,2025-05-17,141,轻度污染,0.07318691851313039,2.6688112183611308,3,91,214.5,18.0,10,0.39,88
兰州市,2025-05-18,68,良,-1.0458432654298082,2.0744412599652757,3,30,64.0,28.0,11,0.46,92
兰州市,2025-05-19,64,良,-1.0278741233589335,-0.0888490970096423,1,28,72.0,42.0,17,0.63,76
兰州市,2025-05-20,68,良,-1.2732517915709458,-0.05579389418760014,1,29,68.0,41.0,16,0.6,82
兰州市,2025-05-21,64,良,-1.1147008909315579,0.1778147734088266,1,34,79.0,39.0,10,0.57,67
兰州市,2025-05-22,59,良,-2.112933205460038,0.825458005781574,1,30,67.0,19.0,8,0.39,86
兰州市,2025-05-23,59,良,-2.3772720749385257,0.5091347214372939,1,24,49.0,19.0,11,0.37,91
兰州市,2025-05-24,68,良,-2.5367591758450088,0.08987575110363433,1,21,43.0,26.0,10,0.44,88
兰州市,2025-05-25,64,良,-2.6170250057529616,0.27751146804256954,1,22,35.0,24.0,8,0.42,87
兰州市,2025-05-26,58,良,-1.231796964868773,-0.6902888479590128,1,28,57.0,46.0,16,0.58,62
兰州市,2025-05-27,51,良,-2.238571036896743,-0.1800807270987388,1,25,49.0,33.0,7,0.48,73
兰州市,2025-05-28,64,良,-3.2483201471950998,0.2761812839741435,1,20,37.0,14.0,6,0.4,93
兰州市,2025-05-29,61,良,-3.108040426815967,0.6701013683846766,1,22,44.0,10.0,6,0.39,92
兰州市,2025-05-30,116,轻度污染,-1.190631809161527,2.2203806342764065,3,59,182.0,14.0,10,0.33,97
兰州市,2025-05-31,76,良,-0.8474182784608091,1.8170624271630176,3,41,103.0,25.0,11,0.48,79
兰州市,2025-06-01,66,良,-2.5913054019424346,0.8699587540028038,1,25,41.0,16.0,8,0.33,92
兰州市,2025-06-02,58,良,-2.130405517524612,0.15494425879739643,1,24,48.0,28.0,11,0.42,80
兰州市,2025-06-03,67,良,-2.6126955004936714,0.2631450309364331,1,22,44.0,23.0,9,0.4,90
兰州市,2025-06-04,59,良,-2.7382369258491166,0.3401364770122203,1,17,37.0,23.0,7,0.34,86
兰州市,2025-06-05,68,良,-2.30579009505925,-0.020708056577813213,1,22,44.0,32.0,11,0.45,88
兰州市,2025-06-06,67,良,-2.126161366027662,0.10289795158214135,1,25,49.0,36.0,13,0.46,93
兰州市,2025-06-07,78,良,-2.584517938549727,0.5572173022714423,1,25,56.0,28.0,10,0.39,103
兰州市,2025-06-08,64,良,-2.226553082133192,0.76806796719958,1,28,63.0,24.0,12,0.4,95
兰州市,2025-06-09,60,良,-2.965250183122706,0.5153383529159832,1,25,37.0,15.0,7,0.38,92
兰州市,2025-06-10,52,良,-2.014567059936574,-0.37556847642075586,1,25,50.0,33.0,10,0.58,68
兰州市,2025-06-11,73,良,-2.269988153321538,-0.37192835754991826,1,22,50.0,36.0,11,0.58,85
兰州市,2025-06-12,80,良,-1.9883949935693508,0.3202372870529297,1,27,60.0,38.0,10,0.51,92
兰州市,2025-06-13,82,良,-1.7454924166691796,1.0198278898941406,1,34,84.0,27.0,13,0.51,99
兰州市,2025-06-14,67,良,-2.7620417860249478,1.1145565605666201,1,24,45.0,11.0,8,0.39,98
兰州市,2025-06-15,95,良,-3.0589717818797504,1.0648210656219455,1,24,48.0,17.0,10,0.38,123
兰州市,2025-06-16,77,良,-1.8045367997507586,0.5532874107548417,1,22,46.0,32.0,16,0.57,95
兰州市,2025-06-17,74,良,-1.5895486823470453,0.0614254104363691,1,27,57.0,42.0,14,0.63,88
兰州市,2025-06-18,68,良,-1.7670177655389143,0.2969847326430313,1,28,62.0,33.0,14,0.55,88
兰州市,2025-06-19,72,良,-2.9768069908572232,0.8363211761246829,1,23,42.0,14.0,9,0.39,106
兰州市,2025-06-20,59,良,-2.020416604394032,-0.005477388438612094,1,25,44.0,30.0,11,0.64,79
兰州市,2025-06-21,68,良,-2.393539374222127,-0.050615622324475744,1,23,44.0,29.0,12,0.58,92
兰州市,2025-06-22,72,良,-3.395028563826332,0.5878054327274104,1,16,19.0,13.0,8,0.45,109
兰州市,2025-06-23,68,良,-2.6996164841511465,0.26605757239915295,1,20,30.0,20.0,10,0.52,90
兰州市,2025-06-24,57,良,-2.644821894761531,0.1496581383101552,1,25,28.0,21.0,8,0.53,84
兰州市,2025-06-25,62,良,-2.73264287396178,-0.2932904759463951,1,20,28.0,24.0,9,0.55,80
兰州市,2025-06-26,64,良,-2.31447743770038,-0.2413837653605999,1,23,41.0,30.0,11,0.58,80
兰州市,2025-06-27,68,良,-2.7814579161006376,-0.05535049926700446,1,19,31.0,28.0,8,0.47,87
兰州市,2025-06-28,79,良,-2.5763504907229122,0.06867691403295582,1,20,38.0,31.0,12,0.49,97
兰州市,2025-06-29,55,良,-2.0925296655025,0.5017916736406032,1,29,60.0,25.0,8,0.45,75
兰州市,2025-06-30,71,良,-3.042432291726285,0.13182635889338912,1,22,31.0,22.0,8,0.48,99
兰州市,2025-07-01,54,良,-1.3664553205885963,-0.6749866585029684,1,28,48.0,43.0,13,0.62,55
兰州市,2025-07-02,59,良,-2.049056760119864,-0.32884907237970756,1,31,49.0,37.0,9,0.58,78
兰州市,2025-07-03,72,良,-2.3442243380554566,0.125169251060125,1,26,51.0,28.0,13,0.48,94
兰州市,2025-07-04,63,良,-2.9518635654366796,0.7348446074332715,1,23,35.0,16.0,7,0.32,96
兰州市,2025-07-05,62,良,-2.7625070647457313,0.010881066241744975,1,18,29.0,22.0,9,0.46,84
兰州市,2025-07-06,65,良,-3.123570118186688,0.21720831341012142,1,17,27.0,18.0,8,0.35,91
兰州市,2025-07-07,71,良,-2.8307599264927483,0.2252184666536435,1,20,33.0,19.0,10,0.43,90
兰州市,2025-07-08,48,优,-2.964891863893026,0.22366860426868276,1,18,25.0,14.0,7,0.37,76
兰州市,2025-07-09,62,良,-2.7539843892620652,-0.2847405565953995,1,23,39.0,21.0,10,0.58,83
兰州市,2025-07-10,63,良,-2.74310089881775,-0.11293051918211014,1,19,38.0,21.0,8,0.45,73
兰州市,2025-07-11,48,优,-3.109544062227803,0.05642412556366302,1,17,31.0,14.0,6,0.36,73
兰州市,2025-07-12,46,优,-3.3253109135285155,-0.24539734379996767,1,17,28.0,11.0,6,0.35,70
兰州市,2025-07-13,53,良,-3.402518371275479,-0.07310494570472104,1,19,30.0,12.0,7,0.36,84
兰州市,2025-07-14,61,良,-3.0968013920424724,0.06517832590241422,1,21,39.0,15.0,7,0.5,86
兰州市,2025-07-15,61,良,-2.4573821367931776,0.026086567548887798,1,25,52.0,25.0,9,0.52,80
兰州市,2025-07-16,68,良,-2.41592886253181,0.22050061269092922,1,27,59.0,24.0,11,0.47,87
兰州市,2025-07-17,68,良,-2.6924143917006234,0.5187840967520246,1,25,51.0,18.0,7,0.48,88
兰州市,2025-07-18,66,良,-2.6648141732119903,0.7825817443999377,1,25,63.0,14.0,9,0.48,95
兰州市,2025-07-19,78,良,-2.033670180140964,1.3058885205520285,1,40,106.0,14.0,8,0.39,89
兰州市,2025-07-20,51,良,-2.741335682470448,0.4181145326615285,1,17,30.0,20.0,7,0.4,83
兰州市,2025-07-21,65,良,-2.805082168503835,-0.14294349163853268,1,19,37.0,23.0,9,0.49,86
兰州市,2025-07-22,69,良,-3.1319628506968593,0.42584575325825796,1,17,31.0,14.0,8,0.37,93
兰州市,2025-07-23,51,良,-2.6811356515068003,0.20243786848069203,1,20,37.0,16.0,8,0.46,75
兰州市,2025-07-24,56,良,-3.1735039680141393,0.22767032076286567,1,22,37.0,13.0,8,0.37,91
兰州市,2025-07-25,58,良,-2.7379433229654544,-0.2724191112265716,1,19,33.0,26.0,8,0.55,81
兰州市,2025-07-26,73,良,-2.5829932519356467,-0.26501258563034774,1,21,37.0,27.0,11,0.67,88
兰州市,2025-07-27,83,良,-2.686009647036705,0.33164416100721017,1,21,38.0,25.0,10,0.52,97
兰州市,2025-07-28,82,良,-2.578266683050379,0.5229318371378597,1,21,38.0,22.0,10,0.47,91
兰州市,2025-07-29,64,良,-2.3783190408334,0.35200232003038107,1,23,39.0,23.0,8,0.57,80
兰州市,2025-07-30,82,良,-3.056677401297647,0.26123001144950053,1,17,34.0,21.0,9,0.46,99
兰州市,2025-07-31,65,良,-2.2075275666251764,1.1733195210366127,1,32,80.0,12.0,9,0.41,84
兰州市,2025-08-01,69,良,-2.669591190739432,0.6719055921152642,1,28,53.0,15.0,10,0.51,99
兰州市,2025-08-02,73,良,-2.62408523676974,0.3007264206002666,1,22,40.0,19.0,9,0.5,85
兰州市,2025-08-03,53,良,-2.5566034446345767,0.30563412461599004,1,20,42.0,19.0,9,0.48,80
兰州市,2025-08-04,48,优,-3.1625418147846487,-0.23477292239953942,1,15,22.0,16.0,8,0.38,77
兰州市,2025-08-05,36,优,-2.597817264003023,-0.6657557490769764,1,21,35.0,24.0,7,0.42,55
兰州市,2025-08-06,46,优,-2.602156951809596,-0.6764438838746101,1,24,46.0,24.0,8,0.49,64
兰州市,2025-08-07,47,优,-2.6820544312959,-0.46693011206855867,1,22,40.0,18.0,9,0.5,65
兰州市,2025-08-08,46,优,-3.4624356912207785,-0.3373955528089948,1,13,20.0,16.0,6,0.37,79
兰州市,2025-08-09,48,优,-2.923460800164709,-0.6094593987157745,1,17,35.0,24.0,7,0.41,66
兰州市,2025-08-10,49,优,-2.198047494498658,-0.8906457362927138,1,22,49.0,34.0,9,0.57,56
兰州市,2025-08-11,76,良,-2.884771216291248,-0.0716146648284204,1,21,44.0,23.0,12,0.51,98
兰州市,2025-08-12,79,良,-3.2574426236800136,0.8181246386599761,1,19,33.0,15.0,7,0.3,103
兰州市,2025-08-13,74,良,-2.3418579379839177,0.3393824624987205,1,22,48.0,26.0,13,0.41,87
兰州市,2025-08-14,72,良,-2.5017228622783034,0.08217217921457484,1,18,42.0,26.0,12,0.42,82
兰州市,2025-08-15,73,良,-2.392415752463904,0.07091658166402505,1,20,44.0,32.0,13,0.45,91
兰州市,2025-08-16,72,良,-2.2397314671545794,0.11005405106559916,1,23,48.0,28.0,12,0.5,82
兰州市,2025-08-17,55,良,-2.954599933311358,0.29590692938769775,1,17,34.0,16.0,7,0.37,79
兰州市,2025-08-18,51,良,-3.2370257074103543,-0.06736717147924669,1,15,31.0,15.0,7,0.42,81
兰州市,2025-08-19,68,良,-3.086118882096106,-0.27967884426817174,1,17,32.0,22.0,7,0.48,82
兰州市,2025-08-20,114,轻度污染,-1.3017461086756648,1.8997707429130057,3,50,178.0,11.0,7,0.28,70
兰州市,2025-08-21,46,优,-2.5883264381368893,0.9907915680031597,1,14,21.0,15.0,7,0.33,76
兰州市,2025-08-22,35,优,-2.2487366103994018,-1.1989293223637365,1,18,31.0,28.0,11,0.57,45
兰州市,2025-08-23,65,良,-3.342597528519633,-0.4726034231541665,1,17,28.0,22.0,8,0.4,89
兰州市,2025-08-24,62,良,-2.311951059541776,-0.16030258091372598,1,23,41.0,28.0,11,0.5,76
兰州市,2025-08-25,48,优,-2.511149260772218,-0.37924157713427264,1,17,35.0,22.0,9,0.48,61
兰州市,2025-08-26,36,优,-3.074007845232469,-0.5834579778121826,1,15,20.0,13.0,7,0.41,58
兰州市,2025-08-27,52,良,-3.4286964325291494,-0.4201462443276827,1,20,27.0,19.0,7,0.4,87
兰州市,2025-08-28,40,优,-2.8819006632873014,-0.6237615362125196,1,19,24.0,26.0,6,0.41,64
兰州市,2025-08-29,50,优,-2.8444283096543312,-0.7638064561471883,1,21,33.0,28.0,7,0.52,71
兰州市,2025-08-30,59,良,-2.235891601827792,-0.6740628617964513,1,25,45.0,32.0,11,0.55,67
兰州市,2025-08-31,69,良,-2.088502906752953,-0.4904874573861924,1,24,47.0,38.0,12,0.63,79
兰州市,2025-09-01,48,优,-1.9860060087110774,-0.4100719907977763,1,22,45.0,27.0,12,0.53,56
兰州市,2025-09-02,63,良,-2.446321876735916,0.27182552660349946,1,32,76.0,17.0,7,0.37,72
兰州市,2025-09-03,60,良,-1.870138648701362,0.01784450201905867,1,28,71.0,25.0,10,0.54,63
兰州市,2025-09-04,66,良,-1.9773973910440599,0.3357467693070779,1,30,81.0,18.0,10,0.5,68
兰州市,2025-09-05,62,良,-2.3348083351261053,0.7137871035479563,1,28,74.0,16.0,7,0.37,77
兰州市,2025-09-06,92,良,-0.806369003171788,0.5427261407951277,1,42,135.0,34.0,10,0.62,62
兰州市,2025-09-07,78,良,-0.5174637504497338,0.6028761760724237,0,38,106.0,37.0,10,0.55,48
兰州市,2025-09-08,67,良,-0.980939266949838,0.25254754333471857,1,32,84.0,38.0,13,0.59,66
兰州市,2025-09-09,57,良,-1.1188660672748445,-0.3298372439744717,1,29,64.0,36.0,17,0.6,61
兰州市,2025-09-10,56,良,-1.8187131958335858,-0.24023287874530336,1,26,57.0,30.0,9,0.58,63
兰州市,2025-09-11,57,良,-1.9630398564350073,-0.2174543046107302,1,23,51.0,23.0,16,0.53,73
兰州市,2025-09-12,59,良,-2.3816903047640228,-0.0827133276751504,1,21,45.0,26.0,9,0.38,73
兰州市,2025-09-13,65,良,-1.3638491287811165,-0.16947707894197328,1,31,80.0,32.0,16,0.48,63
兰州市,2025-09-14,74,良,-1.4807815479189226,0.5239189081197905,1,34,99.0,30.0,13,0.5,80
兰州市,2025-09-15,128,轻度污染,-0.016830549142417415,2.089982282412422,3,66,206.0,21.0,9,0.42,61
兰州市,2025-09-16,82,良,-0.8678402460315582,2.513305794655401,3,42,113.0,15.0,9,0.38,79
兰州市,2025-09-17,40,优,-2.356051722157535,0.5853500867303834,1,21,34.0,14.0,6,0.36,66
兰州市,2025-09-18,26,优,-2.448982939623988,-1.0372263840672737,1,16,23.0,21.0,7,0.47,40
兰州市,2025-09-19,38,优,-2.2644970463713,-1.1385994352044335,1,23,38.0,24.0,8,0.62,48
兰州市,2025-09-20,38,优,-2.0712271998925207,-1.208726027493681,1,20,38.0,27.0,6,0.54,30
兰州市,2025-09-21,46,优,-1.5894524751731827,-1.329014587808427,1,28,46.0,28.0,8,0.69,23
兰州市,2025-09-22,56,良,-1.412057359334103,-0.8433868189089769,1,36,62.0,31.0,9,0.79,42
兰州市,2025-09-23,56,良,-2.8146697008094654,-0.07983107838660723,1,18,39.0,23.0,9,0.42,83
兰州市,2025-09-24,54,良,-1.6549003307942396,-0.7403806097842797,1,25,57.0,35.0,13,0.65,56
兰州市,2025-09-25,46,优,-2.476960677880862,-0.34044362995494803,1,20,46.0,20.0,7,0.53,59
兰州市,2025-09-26,44,优,-2.3518793844302373,-0.7014539462000817,1,22,44.0,23.0,8,0.54,52
兰州市,2025-09-27,45,优,-2.6962307082912504,-0.2252557994224842,1,24,45.0,19.0,9,0.52,78
兰州市,2025-09-28,46,优,-2.2791296438797795,-0.6419072306469528,1,26,46.0,31.0,6,0.63,63
兰州市,2025-09-29,50,优,-2.1254971086749714,-0.6819134106345666,1,28,51.0,34.0,6,0.63,60
兰州市,2025-09-30,52,良,-1.8508278793307666,-0.7197805874279629,1,28,54.0,35.0,7,0.73,56
兰州市,2025-10-01,48,优,-2.9020525640247445,-0.18752161167897355,1,21,30.0,20.0,5,0.52,76
兰州市,2025-10-02,39,优,-1.9727280452564766,-1.1552483286729547,1,22,38.0,31.0,7,0.7,38
兰州市,2025-10-03,54,良,-1.8037384265599268,-0.9459312005914764,1,32,57.0,28.0,7,0.64,38
兰州市,2025-10-04,64,良,-1.5045546022449996,-0.4581141320076624,1,30,79.0,34.0,8,0.52,44
兰州市,2025-10-05,62,良,-2.0724025078108577,0.30973296090013247,1,28,73.0,20.0,6,0.43,60
兰州市,2025-10-06,47,优,-1.893471687232862,-0.2285857735195333,1,31,47.0,23.0,6,0.71,54
兰州市,2025-10-07,37,优,-2.4761452962799795,-0.5245504850488372,1,24,37.0,19.0,5,0.57,53
兰州市,2025-10-08,33,优,-2.6420211125344024,-0.814773288477554,1,23,29.0,16.0,5,0.6,49
兰州市,2025-10-09,40,优,-2.5843950376733176,-0.7497067467560952,1,28,33.0,16.0,6,0.49,50
兰州市,2025-10-10,33,优,-2.612593967736979,-0.7715628872226139,1,23,30.0,18.0,6,0.44,47
兰州市,2025-10-11,36,优,-2.182377618965159,-1.2877796273921616,1,25,36.0,25.0,8,0.58,36
兰州市,2025-10-12,34,优,-2.631161343987745,-1.0522522869813025,1,20,29.0,26.0,6,0.48,50
兰州市,2025-10-13,52,良,-1.630395950189361,-1.4658953403895882,1,29,54.0,41.0,8,0.71,37
兰州市,2025-10-14,52,良,-1.3402937346120123,-1.1872074615057175,1,29,55.0,40.0,8,0.68,29
兰州市,2025-10-15,54,良,-1.253296123034633,-1.019161477451983,1,33,58.0,42.0,8,0.75,39
兰州市,2025-10-16,60,良,-1.320370987392304,-0.5944201931916893,1,36,70.0,33.0,7,0.59,35
兰州市,2025-10-17,36,优,-2.067792047140402,-0.4862773405223494,1,25,36.0,26.0,5,0.65,50
兰州市,2025-10-18,52,良,-1.6154731688969388,-1.1839778011866735,1,32,54.0,35.0,6,0.7,35
兰州市,2025-10-19,56,良,-1.5697417049868847,-0.5721080693992794,1,31,61.0,34.0,6,0.64,46
兰州市,2025-10-20,54,良,-1.3995165700236805,-0.6125127102959855,1,32,58.0,28.0,7,0.73,36
兰州市,2025-10-21,42,优,-2.05678660351851,-0.4506917175882797,1,26,42.0,18.0,6,0.63,44
兰州市,2025-10-22,42,优,-2.1687588568825893,-0.7393143708352162,1,26,42.0,18.0,6,0.68,43
兰州市,2025-10-23,32,优,-2.546301174226681,-0.8530511436945192,1,20,29.0,21.0,5,0.58,48
兰州市,2025-10-24,41,优,-1.8964424226691199,-1.4543907384988806,1,27,41.0,33.0,5,0.72,31
兰州市,2025-10-25,49,优,-2.263404182270658,-0.46586156376260607,1,34,45.0,25.0,4,0.56,58
兰州市,2025-10-26,44,优,-2.4966915415216278,-0.29815281443888236,1,27,40.0,25.0,4,0.45,63
兰州市,2025-10-27,57,良,-1.0854233535894993,-1.1038000574047964,1,39,64.0,42.0,7,0.84,36
兰州市,2025-10-28,64,良,-0.8595073814992719,-0.3708877859742528,1,46,74.0,47.0,9,0.79,62
兰州市,2025-10-29,66,良,-0.05661878571232388,-0.6972663958440477,0,48,81.0,50.0,11,0.97,38
兰州市,2025-10-30,67,良,-0.4235042027321667,-0.38981980181150067,0,39,84.0,47.0,11,0.76,46
兰州市,2025-10-31,66,良,-0.49289071040968674,-0.4839439804881766,0,35,81.0,49.0,8,0.74,39
兰州市,2025-11-01,68,良,-0.08427589864933835,-0.5757339076053997,0,43,84.0,54.0,9,0.84,38
兰州市,2025-11-02,71,良,0.05854981850831606,-0.5143184208346098,0,44,84.0,57.0,10,0.86,43
兰州市,2025-11-03,58,良,-0.36336727501826843,-0.5230779904138467,0,38,66.0,45.0,8,0.77,31
兰州市,2025-11-04,64,良,0.08955658149950285,-1.023331528573214,0,46,71.0,46.0,11,0.96,20
兰州市,2025-11-05,31,优,-1.863287112274909,-0.4819981359773757,1,21,31.0,22.0,4,0.54,32
兰州市,2025-11-06,26,优,-2.4464509425220116,-1.2752557704051155,1,17,23.0,21.0,4,0.54,31
兰州市,2025-11-07,84,良,-1.6118521222787168,0.36714942469572226,1,48,118.0,18.0,5,0.51,62
兰州市,2025-11-08,84,良,-0.35193201228050686,0.9719939076962479,3,50,119.0,25.0,8,0.56,42
兰州市,2025-11-09,88,良,-0.13047357196584902,0.5960398555945307,0,43,125.0,34.0,7,0.7,34
兰州市,2025-11-10,62,良,-0.9032477844306227,0.4884933598420484,1,36,74.0,30.0,7,0.61,48
兰州市,2025-11-11,62,良,-0.060601285264285897,-0.9320917009869433,0,45,74.0,46.0,9,0.95,20
兰州市,2025-11-12,66,良,-0.7245783994670902,-0.2895599160067723,0,37,81.0,38.0,9,0.6,38
兰州市,2025-11-13,68,良,0.05301039724025037,-0.5443338316356822,0,42,86.0,47.0,13,0.77,32
兰州市,2025-11-14,69,良,0.6320469402276974,-1.0452249980093908,0,43,80.0,55.0,22,0.86,30
兰州市,2025-11-15,71,良,0.1567858056937048,-0.19535548057332805,0,50,92.0,45.0,13,0.87,43
兰州市,2025-11-16,64,良,-1.4400560251512564,0.5221364536171333,1,29,79.0,21.0,9,0.4,55
兰州市,2025-11-17,46,优,-2.3960443028333214,0.36815561777637723,1,20,46.0,9.0,6,0.35,58
兰州市,2025-11-18,54,良,-1.2565554389716578,-0.9141534179965818,1,30,59.0,36.0,10,0.65,39
兰州市,2025-11-19,68,良,0.036261751670247894,-1.1698376409620528,0,45,77.0,54.0,14,0.85,29
兰州市,2025-11-20,79,良,0.7105596035050604,-0.8279546100035373,0,54,92.0,63.0,15,0.91,33
兰州市,2025-11-21,82,良,1.3846693296687707,-0.8208626022516206,0,58,97.0,66.0,20,1.03,29
兰州市,2025-11-22,82,良,1.7828057141861238,-0.9386261479941115,0,60,99.0,66.0,24,1.09,23
兰州市,2025-11-23,140,轻度污染,2.5600821812454453,0.8963813834948822,2,78,214.5,60.0,17,1.1,36
兰州市,2025-11-24,66,良,-0.2130424550032095,2.0044457896644516,3,35,83.0,31.0,5,0.48,57
兰州市,2025-11-25,75,良,1.2328879967957143,-0.8620143259301901,0,53,94.0,60.0,12,1.18,19
兰州市,2025-11-26,110,轻度污染,0.96720179506092,0.8584371870984772,3,51,170.0,41.0,8,0.87,32
兰州市,2025-11-27,134,轻度污染,2.8882901710242,1.0663157315942633,2,60,214.5,63.0,13,1.26,20
兰州市,2025-11-28,82,良,2.211530849611919,0.018969797380811004,2,46,88.0,66.0,17,1.33,20
兰州市,2025-11-29,84,良,1.8475596842752995,-0.9915619399100231,0,52,92.0,67.0,18,1.39,20
兰州市,2025-11-30,82,良,0.8912572403356595,-0.004394562721891644,0,47,114.0,50.0,13,0.91,28
兰州市,2025-12-01,88,良,1.0940654509718515,0.20801407871455768,0,50,127.0,46.0,18,0.91,36
兰州市,2025-12-02,66,良,-0.28144066473239215,0.327227171663852,0,32,83.0,37.0,12,0.59,43
兰州市,2025-12-03,68,良,0.3373670807548963,-0.7816947343706232,0,39,86.0,54.0,14,0.87,30
兰州市,2025-12-04,85,良,1.5725543638288484,-1.1961817988051717,0,56,99.0,68.0,19,1.23,22
兰州市,2025-12-05,94,良,2.582432329684385,-1.0155047424261179,2,67,108.0,75.0,25,1.38,22
兰州市,2025-12-06,100,良,3.129218377900551,-0.772559044433326,2,75,116.0,77.0,26,1.5,22
兰州市,2025-12-07,75,良,1.7667856938485795,-0.3851683342574951,0,52,87.0,60.0,22,1.2,31
兰州市,2025-12-08,81,良,1.5806930175368052,-0.987366486888227,0,50,91.0,65.0,22,1.16,28
兰州市,2025-12-09,94,良,2.6084391868577765,-0.797718405007576,2,68,111.0,75.0,20,1.47,25
兰州市,2025-12-10,84,良,2.1346734221744748,-0.09138492571849956,0,57,117.0,60.0,16,1.39,26
兰州市,2025-12-11,104,轻度污染,1.8668026059447613,0.5064910027517248,0,54,159.0,49.0,20,1.06,36
兰州市,2025-12-12,86,良,-0.8033577936781687,2.3618532162635724,3,36,121.0,8.0,5,0.4,65
兰州市,2025-12-13,73,良,0.005530717017350684,0.32517020855539813,0,34,96.0,36.0,10,0.89,40
兰州市,2025-12-14,81,良,1.6580742673816067,-0.7919114723094843,0,57,110.0,65.0,13,1.41,22
兰州市,2025-12-15,100,良,2.93864721095427,-0.8087505309913601,2,75,129.0,80.0,15,1.79,21
兰州市,2025-12-16,90,良,2.675180914170284,-0.38863166061791127,2,67,113.0,69.0,21,1.5,25
兰州市,2025-12-17,96,良,2.7731724165584026,-0.7668934599579742,2,66,116.0,77.0,20,1.53,21
兰州市,2025-12-18,120,轻度污染,4.136516315877929,-0.5875704508430447,2,91,142.0,90.5,20,1.83,17
兰州市,2025-12-19,64,良,0.7602358915504914,0.8509502162288152,3,38,79.0,40.0,12,0.8,35
兰州市,2025-12-20,48,优,-1.3253907025488252,0.39327166432838906,1,30,48.0,21.0,5,0.41,49
兰州市,2025-12-21,88,良,1.0224500267989718,-0.7671221099016935,0,65,87.0,49.0,9,0.99,12
兰州市,2025-12-22,82,良,1.3144474013356113,0.49198454640413625,0,61,114.0,40.0,11,1.0,23
兰州市,2025-12-23,54,良,-0.7350132768414946,0.17309147898352548,1,26,57.0,32.0,9,0.59,43
兰州市,2025-12-24,56,良,-0.6610261308263643,-0.6525376003545053,0,33,61.0,34.0,10,0.78,33
兰州市,2025-12-25,60,良,-0.22171109333179745,-1.1188025721595733,0,37,66.0,48.0,11,0.96,28
兰州市,2025-12-26,68,良,0.5323373157392273,-1.1258198141665823,0,48,79.0,54.0,13,1.17,25
兰州市,2025-12-27,89,良,1.9166378679326477,-1.1172336257075357,0,66,97.0,61.0,21,1.5,23
兰州市,2025-12-28,108,轻度污染,2.819232129958046,-0.5089421066703356,2,81,117.0,66.0,21,1.65,24
兰州市,2025-12-29,95,良,2.710319981971755,-0.18837844880266758,2,71,108.0,64.0,22,1.58,28
兰州市,2025-12-30,108,轻度污染,3.242303438215718,-0.3834051075570903,2,81,115.0,66.0,25,1.66,25
兰州市,2025-12-31,70,良,0.49065134170405544,1.122567464357835,3,51,75.0,28.0,10,0.77,40
兰州市,2026-01-01,92,良,0.6039813848886314,0.6821255070976542,0,69,86.0,29.0,6,0.93,37
兰州市,2026-01-02,80,良,0.7170194675079179,0.8613676950419712,3,59,75.0,32.0,9,0.88,40
兰州市,2026-01-03,81,良,-0.03598788941300027,1.1727827413296292,3,60,70.0,21.0,6,0.76,54
兰州市,2026-01-04,72,良,0.18505730086983443,0.6270490742934887,0,53,69.0,31.0,8,0.94,49
兰州市,2026-01-05,50,优,-1.1228754770201503,0.6557154787295848,1,35,51.0,20.0,8,0.58,62
兰州市,2026-01-06,72,良,0.6739920653549782,-1.0280233282485234,0,53,77.0,50.0,11,1.32,28
兰州市,2026-01-07,85,良,1.8784661966217953,-0.8637223369071321,0,63,90.0,57.0,20,1.49,26
兰州市,2026-01-08,78,良,1.7412253884950142,-0.6367418022857798,0,57,86.0,56.0,20,1.41,28
兰州市,2026-01-09,64,良,1.0740158729500846,-0.7400669817603028,0,45,79.0,51.0,19,1.28,31
兰州市,2026-01-10,68,良,-0.07603399683294863,-0.40996439426660136,0,37,85.0,43.0,12,0.81,36
兰州市,2026-01-11,76,良,1.4862248911690195,-0.9896745998208295,0,54,101.0,59.0,19,1.3,23
兰州市,2026-01-12,95,良,2.860457421186752,-1.2893896165454357,2,66,116.0,76.0,22,1.84,19
兰州市,2026-01-13,85,良,2.7483908204949077,-1.2520387940242819,2,52,95.0,68.0,30,1.71,18
兰州市,2026-01-14,104,轻度污染,1.9415664926425487,-0.1178642828334067,0,48,157.0,61.0,18,1.33,29
兰州市,2026-01-15,84,良,1.4321670944697762,0.06584629492868964,0,42,119.0,57.0,15,1.23,31
兰州市,2026-01-16,100,良,1.8053188770732551,-0.14871155076671033,0,49,150.0,57.0,20,1.17,26
兰州市,2026-01-17,98,良,2.948876400766083,-0.2751705819614414,2,60,147.0,65.0,28,1.47,24
兰州市,2026-01-18,80,良,-0.8724037782506718,1.803838528129244,3,32,111.0,11.0,10,0.43,64
兰州市,2026-01-19,58,良,-1.585256841542159,0.7256730717447609,1,24,66.0,14.0,7,0.53,56
兰州市,2026-01-20,59,良,-0.7995290966523034,-0.4889382322136754,0,33,68.0,28.0,13,0.83,40
兰州市,2026-01-21,64,良,-0.4225106816627219,-0.3659350952326235,0,43,79.0,33.0,14,0.87,44
兰州市,2026-01-22,71,良,0.529934464679936,-0.7305555965979916,0,50,92.0,50.0,15,1.09,33
兰州市,2026-01-23,95,良,2.1591598205851095,-0.9318161308713381,0,71,116.0,69.0,22,1.41,29
兰州市,2026-01-24,112,轻度污染,2.768752191220563,0.35519623849032855,2,75,174.0,65.0,22,1.38,37
兰州市,2026-01-25,141,轻度污染,1.6933609275174335,3.225315028122874,3,91,214.5,21.0,8,0.59,50
兰州市,2026-01-26,141,轻度污染,3.5638479348418772,2.589205831233929,3,91,214.5,46.0,12,1.13,23
兰州市,2026-01-27,141,轻度污染,3.5355362118313765,2.934437839107918,3,89,214.5,45.0,16,0.98,40
兰州市,2026-01-28,141,轻度污染,4.232335271650331,2.3289392960840254,2,83,214.5,58.0,21,1.25,35
兰州市,2026-01-29,121,轻度污染,3.038514351065963,2.6728332620990662,3,68,192.0,44.0,12,0.96,34
兰州市,2026-01-30,106,轻度污染,1.8469129299584308,2.4829326340116364,3,60,163.0,31.0,9,0.82,43
兰州市,2026-01-31,104,轻度污染,2.3011854465270463,1.6810284999420015,3,68,159.0,41.0,9,1.07,30
兰州市,2026-02-01,92,良,1.9195138664682274,1.3540618612879742,3,63,134.0,43.0,11,1.08,39
兰州市,2026-02-02,84,良,1.7396352897057459,0.6389671350389948,0,59,117.0,48.0,14,1.13,38
兰州市,2026-02-03,86,良,1.5964772812879562,0.6098933235051487,0,62,122.0,45.0,16,1.1,43
兰州市,2026-02-04,81,良,1.761025336479833,0.09397368827147169,0,59,112.0,56.0,15,1.25,36
兰州市,2026-02-05,69,良,1.2672015585291847,-0.2746664896231159,0,49,88.0,52.0,20,1.14,41
兰州市,2026-02-06,75,良,-1.1466921012989162,1.2256955871236404,1,32,100.0,17.0,8,0.5,71
兰州市,2026-02-07,68,良,-1.1610314327369156,1.020192194029475,1,33,85.0,20.0,8,0.54,68
兰州市,2026-02-08,71,良,0.3136402493971504,-0.19405290550938348,0,47,92.0,42.0,16,0.87,42
兰州市,2026-02-09,91,良,0.41050657481226804,0.6644134406931181,0,54,132.0,31.0,15,0.88,50
兰州市,2026-02-10,108,轻度污染,0.056237992029986666,1.782344424338851,3,46,165.0,27.0,10,0.62,62
兰州市,2026-02-11,81,良,0.9934803998391828,0.4993496509216759,0,47,112.0,49.0,15,1.04,42
兰州市,2026-02-12,79,良,1.2916501304901724,-0.5077988040993008,0,50,108.0,52.0,23,1.15,33
兰州市,2026-02-13,84,良,1.881168914169317,-0.6204162709405383,0,62,108.0,61.0,21,1.54,38
兰州市,2026-02-14,77,良,0.10507300957243554,0.4729953784287989,0,38,104.0,33.0,14,0.94,50
兰州市,2026-02-15,96,良,-1.0336719733799735,1.9708496797205142,3,39,141.0,10.0,9,0.42,77
兰州市,2026-02-16,64,良,-1.1300681138543895,1.304500561423764,1,31,79.0,14.0,11,0.56,68
兰州市,2026-02-17,71,良,-0.6774698305589623,0.6940595311308614,1,48,92.0,16.0,17,0.71,68
兰州市,2026-02-18,55,良,-1.7022210269584417,0.608552567115303,1,27,60.0,15.0,11,0.6,73
兰州市,2026-02-19,51,良,-2.053274399690455,0.10922987953191662,1,24,51.0,19.0,12,0.56,77
兰州市,2026-02-20,58,良,-1.0300049659280002,-0.6775029514876365,1,32,66.0,31.0,17,0.92,58
兰州市,2026-02-21,141,轻度污染,0.7739316705112844,1.701294380542916,3,80,214.5,23.0,13,0.71,55
兰州市,2026-02-22,141,轻度污染,1.9329168130822647,3.696006379136818,3,91,214.5,20.0,13,0.63,59
兰州市,2026-02-23,118,轻度污染,1.1644300836944383,3.1738387858262795,3,59,186.0,21.0,12,0.6,58
兰州市,2026-02-24,76,良,0.5857812669104429,1.2332573005732448,3,43,103.0,39.0,14,0.88,58
兰州市,2026-02-25,108,轻度污染,0.1394639183400128,1.6911884797315053,3,51,166.0,25.0,8,0.66,59
兰州市,2026-02-26,90,良,0.5169866514688882,1.6845882010720448,3,43,129.0,25.0,16,0.76,60
兰州市,2026-02-27,89,良,0.6743950302974371,1.1373649509569896,3,48,128.0,35.0,14,0.83,55
兰州市,2026-02-28,91,良,0.516872944082338,1.2797409424816075,3,51,132.0,30.0,14,0.8,57
兰州市,2026-03-01,92,良,-0.26048211512117514,1.7376262971724963,3,45,133.0,20.0,13,0.6,71
兰州市,2026-03-02,92,良,-0.3625335656154315,2.063439564643655,3,51,133.0,18.0,12,0.72,87
兰州市,2026-03-03,133,轻度污染,1.10607657468987,2.6859359762812667,3,74,214.5,24.0,13,0.63,68
兰州市,2026-03-04,124,轻度污染,1.7956697972831634,2.7071335966434598,3,61,197.0,27.0,20,0.76,56
兰州市,2026-03-05,76,良,-0.6224533961899378,2.4035502725767426,3,34,102.0,15.0,10,0.55,81
兰州市,2026-03-06,68,良,-0.8261813789629541,0.726961182060437,1,32,86.0,25.0,13,0.65,68
兰州市,2026-03-07,62,良,-0.605997695523815,0.10911595106491175,0,35,75.0,31.0,16,0.74,61
兰州市,2026-03-08,51,良,-1.460931430378432,0.1327100140646572,1,31,52.0,21.0,9,0.67,60
兰州市,2026-03-09,59,良,-0.9547653954630969,-0.25540258636945,1,42,64.0,33.0,8,0.88,57
兰州市,2026-03-10,57,良,-0.6310049691289312,-0.631361766039064,0,37,64.0,39.0,13,0.96,50
兰州市,2026-03-11,56,良,-1.0979442606410734,-0.6201800053042675,1,30,61.0,35.0,14,0.85,56
兰州市,2026-03-12,141,轻度污染,0.5898842795421699,2.039753215704032,3,88,214.5,23.0,7,0.56,57
兰州市,2026-03-13,141,轻度污染,1.1433734085332299,4.5439117297282685,3,91,214.5,6.0,6,0.42,73
兰州市,2026-03-14,82,良,-0.2440902575499267,3.00078227017376,3,45,115.0,12.0,6,0.5,71
兰州市,2026-03-15,97,良,0.20495280695277746,1.6938402819967198,3,57,144.0,23.0,8,0.7,58
兰州市,2026-03-16,89,良,0.475384892999388,1.7340869808609696,3,58,128.0,24.0,9,0.71,52
兰州市,2026-03-17,72,良,-1.3331601673889977,2.101784261650885,3,35,94.0,8.0,6,0.42,84
兰州市,2026-03-18,86,良,-1.0809351293726939,1.8754797522737392,3,38,121.0,11.0,7,0.39,77
兰州市,2026-03-19,92,良,-0.3360688320287493,1.6988632619409836,3,44,134.0,22.0,9,0.5,64
兰州市,2026-03-20,80,良,-0.27101288778132904,1.220844917770589,3,43,109.0,28.0,14,0.64,68
兰州市,2026-03-21,105,轻度污染,0.20575032611234495,1.4757662608523097,3,53,160.0,29.0,12,0.6,59
兰州市,2026-03-22,115,轻度污染,0.41619398995814977,2.7048500635214374,3,65,180.0,23.0,8,0.41,65
兰州市,2026-03-23,94,良,0.3906839607899202,1.9973992500161655,3,52,139.0,29.0,12,0.53,59
兰州市,2026-03-24,74,良,-0.32972417980511887,1.1237425766004747,3,41,97.0,34.0,11,0.66,69
兰州市,2026-03-25,68,良,-0.5174254367213231,0.42865310624690156,0,39,86.0,38.0,10,0.7,62
兰州市,2026-03-26,51,良,-1.8413205003524298,0.4891232284755122,1,25,49.0,24.0,8,0.55,79
兰州市,2026-03-27,48,优,-2.2927770645546133,0.20870283387158958,1,25,43.0,19.0,7,0.47,77
兰州市,2026-03-28,50,优,-2.719390494883256,0.41343477184072164,1,22,48.0,15.0,8,0.35,89
兰州市,2026-03-29,51,良,-1.8419219088914824,-0.5148931635000926,1,27,52.0,34.0,7,0.53,56
兰州市,2026-03-30,42,优,-2.4018120326613137,-0.16742936700806743,1,27,42.0,23.0,6,0.52,69
兰州市,2026-03-31,52,良,-2.2621316951534842,-0.3883635936048851,1,29,53.0,25.0,8,0.55,67
兰州市,2026-04-01,57,良,-1.5391152995997643,-0.6368145625364388,1,29,64.0,37.0,13,0.67,62
兰州市,2026-04-02,66,良,-1.3722789180104074,-0.2802742826668984,1,31,82.0,40.0,12,0.63,67
兰州市,2026-04-03,110,轻度污染,-1.5205458456021859,2.446444658021647,3,53,171.0,10.0,7,0.35,103
兰州市,2026-04-04,92,良,-0.6796156445072515,2.012069267221954,3,40,134.0,24.0,10,0.47,76
兰州市,2026-04-05,92,良,-0.7219748959351641,1.7842086846397296,3,46,135.0,26.0,9,0.47,78
兰州市,2026-04-06,67,良,-1.1887020583079082,0.9879906670348487,1,31,84.0,26.0,10,0.48,68
兰州市,2026-04-07,58,良,-1.855894648683776,0.418721229905011,1,26,67.0,25.0,7,0.49,70
兰州市,2026-04-08,53,良,-1.9564419255600116,-0.05073873932026309,1,23,56.0,25.0,8,0.55,64
兰州市,2026-04-09,69,良,-1.6161148577809128,0.3257637611013517,1,32,88.0,27.0,10,0.65,79
兰州市,2026-04-10,60,良,-1.7409955349571962,0.18255992370463714,1,23,71.0,29.0,9,0.58,68
兰州市,2026-04-11,70,良,-2.2285652210800997,0.5282150248875598,1,27,73.0,26.0,9,0.43,90
兰州市,2026-04-12,64,良,-1.8509609220021728,0.5054311428495758,1,30,78.0,28.0,9,0.46,77
兰州市,2026-04-13,59,良,-2.4136123630410338,0.5779033026100205,1,26,61.0,16.0,13,0.4,91
兰州市,2026-04-14,66,良,-3.263128940941467,0.574247948438461,1,18,38.0,14.0,7,0.36,102
兰州市,2026-04-15,57,良,-1.7175128230671735,0.032380522556257944,1,31,64.0,29.0,11,0.53,67
兰州市,2026-04-16,61,良,-3.085844311576649,0.34738115742298975,1,18,44.0,16.0,6,0.38,89
兰州市,2026-04-17,70,良,-2.017551091735934,-0.3111380567132364,1,24,52.0,38.0,9,0.57,74
兰州市,2026-04-18,85,良,-1.6637763484664803,0.21776555850961393,1,30,72.0,41.0,12,0.61,91
兰州市,2026-04-19,141,轻度污染,-0.22221545612412424,3.6416379443408777,3,91,214.5,6.0,6,0.33,96
兰州市,2026-04-20,74,良,-0.8775397578479374,2.607808349956032,3,39,98.0,16.0,7,0.43,78
兰州市,2026-04-21,88,良,-0.8553491157568691,1.712440336968789,3,57,125.0,17.0,8,0.45,76
兰州市,2026-04-22,74,良,-0.8693796219403594,1.473126998463296,3,45,99.0,25.0,10,0.47,79
兰州市,2026-04-23,84,良,-0.4880225958409433,1.5099645441647445,3,57,117.0,31.0,9,0.53,84
兰州市,2026-04-24,82,良,-0.39337240413522484,1.7383223866758402,3,54,114.0,29.0,10,0.43,82
兰州市,2026-04-25,85,良,-1.0009901560322623,1.1481869978858679,1,31,80.0,34.0,13,0.56,97
兰州市,2026-04-26,87,良,-1.5811282735888275,1.197502084355955,1,25,75.0,27.0,12,0.43,96
兰州市,2026-04-27,61,良,-2.557896808539195,1.5116381187681542,1,20,48.0,11.0,7,0.28,100
兰州市,2026-04-28,52,良,-2.546747833486798,0.6620490416475511,1,22,53.0,14.0,9,0.38,89
兰州市,2026-04-29,91,良,-2.4710951813801594,0.8854644777146027,1,32,69.0,18.0,10,0.5,111
兰州市,2026-04-30,58,良,-2.3210910962041975,1.0897840995305057,1,22,56.0,14.0,6,0.41,79
兰州市,2026-05-01,48,优,-2.9161283140802094,0.36734455819518447,1,22,46.0,13.0,7,0.38,83
兰州市,2026-05-02,68,良,-3.289913323920159,0.7586321172591054,1,24,60.0,9.0,7,0.37,106
兰州市,2026-05-03,74,良,-2.6520637506326223,0.2786700354350765,1,21,43.0,25.0,7,0.49,88
兰州市,2026-05-04,65,良,-2.046129586097226,-0.19329698939074605,1,19,47.0,38.0,9,0.51,71
兰州市,2026-05-05,78,良,-2.242223135893479,0.009843404029433437,1,21,51.0,32.0,14,0.6,95
兰州市,2026-05-06,83,良,-2.252859572160698,1.9816079241232563,1,39,116.0,8.0,7,0.33,102
兰州市,2026-05-07,58,良,-2.0054234651952036,0.6922601036050289,1,27,67.0,23.0,8,0.49,76
兰州市,2026-05-08,61,良,-2.417254454024768,-0.09559109710938345,1,21,52.0,32.0,8,0.48,81
兰州市,2026-05-09,57,良,-2.2144417042493685,0.031274580904010786,1,24,61.0,32.0,9,0.45,79
兰州市,2026-05-10,66,良,-2.121510124757515,0.42277967660153726,1,33,77.0,29.0,8,0.46,87
兰州市,2026-05-11,68,良,-1.500938928705112,0.41395654064254755,1,36,85.0,36.0,11,0.55,84
兰州市,2026-05-12,64,良,-2.1161223878588404,0.7169545641834298,1,27,79.0,26.0,7,0.45,86
兰州市,2026-05-13,62,良,-2.7765117443364913,0.5007464145756031,1,20,48.0,16.0,8,0.47,91
兰州市,2026-05-14,140,轻度污染,-0.15636673071156493,2.7111354241212253,3,84,214.5,13.0,9,0.44,87
兰州市,2026-05-15,63,良,-0.9523300674748544,2.3599015273419073,3,39,76.0,16.0,7,0.47,76
兰州市,2026-05-16,53,良,-1.9437297124923352,0.5293713538047661,1,32,56.0,18.0,8,0.58,78
兰州市,2026-05-17,72,良,-2.8896441445162617,0.8502670184599799,1,23,51.0,11.0,8,0.45,107
兰州市,2026-05-18,62,良,-1.758449023141495,0.7955329864571654,1,31,70.0,21.0,12,0.49,86
兰州市,2026-05-19,61,良,-2.2797083930854436,0.10520179714309418,1,18,45.0,27.0,8,0.57,82
兰州市,2026-05-20,61,良,-2.6219630620774645,0.565957133877125,1,19,50.0,14.0,8,0.51,90
兰州市,2026-05-21,141,轻度污染,-0.034181959602399774,2.8198107179559977,3,91,214.5,12.0,9,0.46,89
兰州市,2026-05-22,112,轻度污染,0.45806714938814214,3.911631647878008,3,74,175.0,15.0,13,0.51,101
兰州市,2026-05-23,74,良,-0.7368239517522592,2.211307489269511,3,48,97.0,21.0,11,0.54,94
兰州市,2026-05-24,48,优,-1.9889377435599052,0.468196847303941,1,20,41.0,15.0,9,0.58,71
兰州市,2026-05-25,56,良,-2.110553220917811,0.36569655646342797,1,28,62.0,18.0,8,0.58,82
兰州市,2026-05-26,88,良,-1.2771469373819786,1.4379554533912693,1,43,127.0,17.0,10,0.48,89
兰州市,2026-05-27,92,良,-0.6922294174168093,2.1243130360220848,3,46,133.0,18.0,9,0.45,83
兰州市,2026-05-28,49,优,-1.901616837026411,1.0873803888765459,1,24,49.0,16.0,8,0.5,80
兰州市,2026-05-29,61,良,-2.3049484910399665,-0.11224709787753077,1,22,52.0,29.0,9,0.54,83
兰州市,2026-05-30,82,良,-2.310948709024232,0.4542897438518383,1,26,57.0,29.0,12,0.53,106
兰州市,2026-05-31,89,良,-1.6738860837456027,2.4461334288861654,3,49,128.0,11.0,9,0.39,114
兰州市,2026-06-01,76,良,-1.9357796962422398,1.124794607591347,1,27,61.0,26.0,10,0.46,98
兰州市,2026-06-02,89,良,-2.012763645894959,0.6276564934678084,1,24,56.0,29.0,15,0.55,105
兰州市,2026-06-03,76,良,-2.3480722252135995,1.6506641594858928,1,28,74.0,14.0,11,0.38,111
兰州市,2026-06-04,76,良,-2.0685333098531924,0.8118887995431793,1,31,61.0,25.0,10,0.46,94
兰州市,2026-06-05,78,良,-1.703330594256552,0.7338613931856759,1,32,69.0,30.0,15,0.5,99
兰州市,2026-06-06,141,轻度污染,0.42337859290013335,3.0226792913706064,3,91,214.5,17.0,10,0.44,85
兰州市,2026-06-07,72,良,-0.44622208523423235,2.5547957611938963,3,47,94.0,16.0,10,0.54,77
